Composition,Reference,Tg_[K],Tx_[K],Tl_[K],Zmax_[mm],Dmax_[mm],Tx_Flag,Ag,Al,Co,Cu,Zr,Fe,P,Pd,Si,Gd,Mg,Ni,La,Ca,Er,Y,Tb,Hf,Ti,Au,Zn,Be,In,Nb,B,Mo,Ce,Bi,C,Mn,Pr,Cr,Sc,Ga,V,Ta,Nd,Ge,Sn,W,Dy,Ho,Tm,Pt,S
Ag1Al19.8Co19.8Cu4.95Zr54.45,10.1016/j.jallcom.2011.01.078,739.0,813.0,1275.0,,10.0,,0.01,0.198,0.198,0.0495,0.5445,0.0,0.0,0.0,0.0,0.0,0.0,0.0,0.0,0.0,0.0,0.0,0.0,0.0,0.0,0.0,0.0,0.0,0.0,0.0,0.0,0.0,0.0,0.0,0.0,0.0,0.0,0.0,0.0,0.0,0.0,0.0,0.0,0.0,0.0,0.0,0.0,0.0,0.0,0.0,0.0
Ag1Al9.9Cu22.77Fe4.95Zr61.38,10.1016/j.jallcom.2009.08.030,656.0,753.0,1175.0,,4.0,,0.01,0.099,0.0,0.22769999999999999,0.6138,0.0495,0.0,0.0,0.0,0.0,0.0,0.0,0.0,0.0,0.0,0.0,0.0,0.0,0.0,0.0,0.0,0.0,0.0,0.0,0.0,0.0,0.0,0.0,0.0,0.0,0.0,0.0,0.0,0.0,0.0,0.0,0.0,0.0,0.0,0.0,0.0,0.0,0.0,0.0,0.0
Ag1Cu5P5Pd79Si10,10.1016/j.jnoncrysol.2006.09.025,614.0,684.0,1001.0,,4.0,,0.01,0.0,0.0,0.05,0.0,0.0,0.05,0.79,0.1,0.0,0.0,0.0,0.0,0.0,0.0,0.0,0.0,0.0,0.0,0.0,0.0,0.0,0.0,0.0,0.0,0.0,0.0,0.0,0.0,0.0,0.0,0.0,0.0,0.0,0.0,0.0,0.0,0.0,0.0,0.0,0.0,0.0,0.0,0.0,0.0
Ag1Gd10Mg74Ni15,10.1016/j.intermet.2010.11.029,442.0,483.0,791.0,,3.0,,0.01,0.0,0.0,0.0,0.0,0.0,0.0,0.0,0.0,0.1,0.74,0.15,0.0,0.0,0.0,0.0,0.0,0.0,0.0,0.0,0.0,0.0,0.0,0.0,0.0,0.0,0.0,0.0,0.0,0.0,0.0,0.0,0.0,0.0,0.0,0.0,0.0,0.0,0.0,0.0,0.0,0.0,0.0,0.0,0.0
Ag1.8Al14Co5Cu9.2La65Ni5,10.1038/ncomms10313,419.0,,687.0,,30.0,,0.018000000000000002,0.14,0.05,0.092,0.0,0.0,0.0,0.0,0.0,0.0,0.0,0.05,0.65,0.0,0.0,0.0,0.0,0.0,0.0,0.0,0.0,0.0,0.0,0.0,0.0,0.0,0.0,0.0,0.0,0.0,0.0,0.0,0.0,0.0,0.0,0.0,0.0,0.0,0.0,0.0,0.0,0.0,0.0,0.0,0.0
Ag10Al10Cu40Zr40,10.1016/j.mseb.2007.09.064,710.0,765.0,1273.0,,3.0,,0.1,0.1,0.0,0.4,0.4,0.0,0.0,0.0,0.0,0.0,0.0,0.0,0.0,0.0,0.0,0.0,0.0,0.0,0.0,0.0,0.0,0.0,0.0,0.0,0.0,0.0,0.0,0.0,0.0,0.0,0.0,0.0,0.0,0.0,0.0,0.0,0.0,0.0,0.0,0.0,0.0,0.0,0.0,0.0,0.0
Ag10Al15Cu20La55,10.2320/matertrans.48.68,416.0,483.0,893.0,,2.0,,0.1,0.15,0.0,0.2,0.0,0.0,0.0,0.0,0.0,0.0,0.0,0.0,0.55,0.0,0.0,0.0,0.0,0.0,0.0,0.0,0.0,0.0,0.0,0.0,0.0,0.0,0.0,0.0,0.0,0.0,0.0,0.0,0.0,0.0,0.0,0.0,0.0,0.0,0.0,0.0,0.0,0.0,0.0,0.0,0.0
Ag10Al30Ca60,10.1063/1.1637940,483.0,531.0,868.0,,2.0,,0.1,0.3,0.0,0.0,0.0,0.0,0.0,0.0,0.0,0.0,0.0,0.0,0.0,0.6,0.0,0.0,0.0,0.0,0.0,0.0,0.0,0.0,0.0,0.0,0.0,0.0,0.0,0.0,0.0,0.0,0.0,0.0,0.0,0.0,0.0,0.0,0.0,0.0,0.0,0.0,0.0,0.0,0.0,0.0,0.0
Ag10Al7Cu40Zr43,10.1016/j.msea.2006.07.141,,,,,20.0,,0.1,0.07,0.0,0.4,0.43,0.0,0.0,0.0,0.0,0.0,0.0,0.0,0.0,0.0,0.0,0.0,0.0,0.0,0.0,0.0,0.0,0.0,0.0,0.0,0.0,0.0,0.0,0.0,0.0,0.0,0.0,0.0,0.0,0.0,0.0,0.0,0.0,0.0,0.0,0.0,0.0,0.0,0.0,0.0,0.0
Ag10Ca60Cu10Mg20,10.2320/matertrans.43.2578,398.0,428.0,,,7.0,,0.1,0.0,0.0,0.1,0.0,0.0,0.0,0.0,0.0,0.0,0.2,0.0,0.0,0.6,0.0,0.0,0.0,0.0,0.0,0.0,0.0,0.0,0.0,0.0,0.0,0.0,0.0,0.0,0.0,0.0,0.0,0.0,0.0,0.0,0.0,0.0,0.0,0.0,0.0,0.0,0.0,0.0,0.0,0.0,0.0
Ag10Cu15Er10Mg65,10.1016/j.jallcom.2005.01.043,427.0,465.0,733.0,,6.0,,0.1,0.0,0.0,0.15,0.0,0.0,0.0,0.0,0.0,0.0,0.65,0.0,0.0,0.0,0.1,0.0,0.0,0.0,0.0,0.0,0.0,0.0,0.0,0.0,0.0,0.0,0.0,0.0,0.0,0.0,0.0,0.0,0.0,0.0,0.0,0.0,0.0,0.0,0.0,0.0,0.0,0.0,0.0,0.0,0.0
Ag10Cu15Gd10Mg65,10.1557/jmr.2005.0314,416.0,459.0,686.0,,7.5,,0.1,0.0,0.0,0.15,0.0,0.0,0.0,0.0,0.0,0.1,0.65,0.0,0.0,0.0,0.0,0.0,0.0,0.0,0.0,0.0,0.0,0.0,0.0,0.0,0.0,0.0,0.0,0.0,0.0,0.0,0.0,0.0,0.0,0.0,0.0,0.0,0.0,0.0,0.0,0.0,0.0,0.0,0.0,0.0,0.0
Ag10Cu15Gd6Mg65Y4,10.1016/j.msea.2007.01.033,424.0,467.0,682.0,,8.0,,0.1,0.0,0.0,0.15,0.0,0.0,0.0,0.0,0.0,0.06,0.65,0.0,0.0,0.0,0.0,0.04,0.0,0.0,0.0,0.0,0.0,0.0,0.0,0.0,0.0,0.0,0.0,0.0,0.0,0.0,0.0,0.0,0.0,0.0,0.0,0.0,0.0,0.0,0.0,0.0,0.0,0.0,0.0,0.0,0.0
Ag10Cu15Gd8Mg65Y2,10.1016/j.msea.2007.01.033,420.0,464.0,683.0,,9.0,,0.1,0.0,0.0,0.15,0.0,0.0,0.0,0.0,0.0,0.08,0.65,0.0,0.0,0.0,0.0,0.02,0.0,0.0,0.0,0.0,0.0,0.0,0.0,0.0,0.0,0.0,0.0,0.0,0.0,0.0,0.0,0.0,0.0,0.0,0.0,0.0,0.0,0.0,0.0,0.0,0.0,0.0,0.0,0.0,0.0
Ag10Cu15Mg65Tb10,10.1016/j.intermet.2008.08.011,,468.0,697.0,,6.0,,0.1,0.0,0.0,0.15,0.0,0.0,0.0,0.0,0.0,0.0,0.65,0.0,0.0,0.0,0.0,0.0,0.1,0.0,0.0,0.0,0.0,0.0,0.0,0.0,0.0,0.0,0.0,0.0,0.0,0.0,0.0,0.0,0.0,0.0,0.0,0.0,0.0,0.0,0.0,0.0,0.0,0.0,0.0,0.0,0.0
Ag10Cu40Zr50,10.1016/j.scriptamat.2007.10.001,667.0,733.0,1177.0,,5.0,,0.1,0.0,0.0,0.4,0.5,0.0,0.0,0.0,0.0,0.0,0.0,0.0,0.0,0.0,0.0,0.0,0.0,0.0,0.0,0.0,0.0,0.0,0.0,0.0,0.0,0.0,0.0,0.0,0.0,0.0,0.0,0.0,0.0,0.0,0.0,0.0,0.0,0.0,0.0,0.0,0.0,0.0,0.0,0.0,0.0
Ag10Cu45Hf10Zr35,10.1016/j.msea.2007.02.001,690.0,769.0,1171.0,,4.0,,0.1,0.0,0.0,0.45,0.35,0.0,0.0,0.0,0.0,0.0,0.0,0.0,0.0,0.0,0.0,0.0,0.0,0.1,0.0,0.0,0.0,0.0,0.0,0.0,0.0,0.0,0.0,0.0,0.0,0.0,0.0,0.0,0.0,0.0,0.0,0.0,0.0,0.0,0.0,0.0,0.0,0.0,0.0,0.0,0.0
Ag10Cu45Hf20Zr25,10.1016/j.msea.2007.02.001,698.0,783.0,1218.0,,3.0,,0.1,0.0,0.0,0.45,0.25,0.0,0.0,0.0,0.0,0.0,0.0,0.0,0.0,0.0,0.0,0.0,0.0,0.2,0.0,0.0,0.0,0.0,0.0,0.0,0.0,0.0,0.0,0.0,0.0,0.0,0.0,0.0,0.0,0.0,0.0,0.0,0.0,0.0,0.0,0.0,0.0,0.0,0.0,0.0,0.0
Ag10Cu45Hf30Zr15,10.1016/j.msea.2007.02.001,712.0,799.0,1275.0,,2.0,,0.1,0.0,0.0,0.45,0.15,0.0,0.0,0.0,0.0,0.0,0.0,0.0,0.0,0.0,0.0,0.0,0.0,0.3,0.0,0.0,0.0,0.0,0.0,0.0,0.0,0.0,0.0,0.0,0.0,0.0,0.0,0.0,0.0,0.0,0.0,0.0,0.0,0.0,0.0,0.0,0.0,0.0,0.0,0.0,0.0
Ag10Cu45Ni5Ti10Zr30,10.1016/j.scriptamat.2006.01.023,710.0,738.0,1160.0,,5.0,,0.1,0.0,0.0,0.45,0.3,0.0,0.0,0.0,0.0,0.0,0.0,0.05,0.0,0.0,0.0,0.0,0.0,0.0,0.1,0.0,0.0,0.0,0.0,0.0,0.0,0.0,0.0,0.0,0.0,0.0,0.0,0.0,0.0,0.0,0.0,0.0,0.0,0.0,0.0,0.0,0.0,0.0,0.0,0.0,0.0
Ag10Cu45Zr45,10.1016/j.mseb.2007.09.064,683.0,756.0,1159.0,,6.0,,0.1,0.0,0.0,0.45,0.45,0.0,0.0,0.0,0.0,0.0,0.0,0.0,0.0,0.0,0.0,0.0,0.0,0.0,0.0,0.0,0.0,0.0,0.0,0.0,0.0,0.0,0.0,0.0,0.0,0.0,0.0,0.0,0.0,0.0,0.0,0.0,0.0,0.0,0.0,0.0,0.0,0.0,0.0,0.0,0.0
Ag10Cu49Ti5Zr36,10.1016/j.scriptamat.2007.10.001,691.0,737.0,1130.0,,8.0,,0.1,0.0,0.0,0.49,0.36,0.0,0.0,0.0,0.0,0.0,0.0,0.0,0.0,0.0,0.0,0.0,0.0,0.0,0.05,0.0,0.0,0.0,0.0,0.0,0.0,0.0,0.0,0.0,0.0,0.0,0.0,0.0,0.0,0.0,0.0,0.0,0.0,0.0,0.0,0.0,0.0,0.0,0.0,0.0,0.0
Ag10Cu50Ti10Zr30,10.1016/j.scriptamat.2006.01.023,694.0,726.0,1130.0,,4.0,,0.1,0.0,0.0,0.5,0.3,0.0,0.0,0.0,0.0,0.0,0.0,0.0,0.0,0.0,0.0,0.0,0.0,0.0,0.1,0.0,0.0,0.0,0.0,0.0,0.0,0.0,0.0,0.0,0.0,0.0,0.0,0.0,0.0,0.0,0.0,0.0,0.0,0.0,0.0,0.0,0.0,0.0,0.0,0.0,0.0
Ag10Cu54Zr36,10.1016/j.scriptamat.2007.10.001,719.0,759.0,1146.0,,6.0,,0.1,0.0,0.0,0.54,0.36,0.0,0.0,0.0,0.0,0.0,0.0,0.0,0.0,0.0,0.0,0.0,0.0,0.0,0.0,0.0,0.0,0.0,0.0,0.0,0.0,0.0,0.0,0.0,0.0,0.0,0.0,0.0,0.0,0.0,0.0,0.0,0.0,0.0,0.0,0.0,0.0,0.0,0.0,0.0,0.0
Ag10.5Cu24.5Mg54Y11,10.1557/jmr.2006.0294,432.0,493.0,714.0,,12.0,,0.105,0.0,0.0,0.245,0.0,0.0,0.0,0.0,0.0,0.0,0.54,0.0,0.0,0.0,0.0,0.11,0.0,0.0,0.0,0.0,0.0,0.0,0.0,0.0,0.0,0.0,0.0,0.0,0.0,0.0,0.0,0.0,0.0,0.0,0.0,0.0,0.0,0.0,0.0,0.0,0.0,0.0,0.0,0.0,0.0
Ag11.6Cu46.4Ti7Zr35,10.1016/j.scriptamat.2005.11.077,689.0,732.0,1119.0,,6.0,,0.11599999999999999,0.0,0.0,0.46399999999999997,0.35,0.0,0.0,0.0,0.0,0.0,0.0,0.0,0.0,0.0,0.0,0.0,0.0,0.0,0.07,0.0,0.0,0.0,0.0,0.0,0.0,0.0,0.0,0.0,0.0,0.0,0.0,0.0,0.0,0.0,0.0,0.0,0.0,0.0,0.0,0.0,0.0,0.0,0.0,0.0,0.0
Ag12Cu38Zr50,10.1016/j.scriptamat.2007.10.001,663.0,734.0,1187.0,,4.0,,0.12,0.0,0.0,0.38,0.5,0.0,0.0,0.0,0.0,0.0,0.0,0.0,0.0,0.0,0.0,0.0,0.0,0.0,0.0,0.0,0.0,0.0,0.0,0.0,0.0,0.0,0.0,0.0,0.0,0.0,0.0,0.0,0.0,0.0,0.0,0.0,0.0,0.0,0.0,0.0,0.0,0.0,0.0,0.0,0.0
Ag12Cu44Zr44,10.1016/j.msea.2007.02.001,684.0,764.0,1156.0,,4.0,,0.12,0.0,0.0,0.44,0.44,0.0,0.0,0.0,0.0,0.0,0.0,0.0,0.0,0.0,0.0,0.0,0.0,0.0,0.0,0.0,0.0,0.0,0.0,0.0,0.0,0.0,0.0,0.0,0.0,0.0,0.0,0.0,0.0,0.0,0.0,0.0,0.0,0.0,0.0,0.0,0.0,0.0,0.0,0.0,0.0
Ag13Al3Cu36Zr48,10.1016/j.jallcom.2007.05.037,690.0,753.0,1169.0,,4.5,,0.13,0.03,0.0,0.36,0.48,0.0,0.0,0.0,0.0,0.0,0.0,0.0,0.0,0.0,0.0,0.0,0.0,0.0,0.0,0.0,0.0,0.0,0.0,0.0,0.0,0.0,0.0,0.0,0.0,0.0,0.0,0.0,0.0,0.0,0.0,0.0,0.0,0.0,0.0,0.0,0.0,0.0,0.0,0.0,0.0
Ag15Cu10Gd10Mg65,10.1557/jmr.2005.0314,461.0,461.0,701.0,,3.0,,0.15,0.0,0.0,0.1,0.0,0.0,0.0,0.0,0.0,0.1,0.65,0.0,0.0,0.0,0.0,0.0,0.0,0.0,0.0,0.0,0.0,0.0,0.0,0.0,0.0,0.0,0.0,0.0,0.0,0.0,0.0,0.0,0.0,0.0,0.0,0.0,0.0,0.0,0.0,0.0,0.0,0.0,0.0,0.0,0.0
Ag15Cu45Ti10Zr30,10.1016/j.scriptamat.2006.01.023,687.0,717.0,1121.0,,5.0,,0.15,0.0,0.0,0.45,0.3,0.0,0.0,0.0,0.0,0.0,0.0,0.0,0.0,0.0,0.0,0.0,0.0,0.0,0.1,0.0,0.0,0.0,0.0,0.0,0.0,0.0,0.0,0.0,0.0,0.0,0.0,0.0,0.0,0.0,0.0,0.0,0.0,0.0,0.0,0.0,0.0,0.0,0.0,0.0,0.0
Ag16Cu42Zr42,10.1016/j.msea.2007.02.001,685.0,757.0,1232.0,,2.0,,0.16,0.0,0.0,0.42,0.42,0.0,0.0,0.0,0.0,0.0,0.0,0.0,0.0,0.0,0.0,0.0,0.0,0.0,0.0,0.0,0.0,0.0,0.0,0.0,0.0,0.0,0.0,0.0,0.0,0.0,0.0,0.0,0.0,0.0,0.0,0.0,0.0,0.0,0.0,0.0,0.0,0.0,0.0,0.0,0.0
Ag2Al14Co6Cu10La62Ni6,10.1016/j.jallcom.2006.07.109,429.0,471.0,698.0,,16.0,,0.02,0.14,0.06,0.1,0.0,0.0,0.0,0.0,0.0,0.0,0.0,0.06,0.62,0.0,0.0,0.0,0.0,0.0,0.0,0.0,0.0,0.0,0.0,0.0,0.0,0.0,0.0,0.0,0.0,0.0,0.0,0.0,0.0,0.0,0.0,0.0,0.0,0.0,0.0,0.0,0.0,0.0,0.0,0.0,0.0
Ag2Al14Cu22La62,10.1016/j.jallcom.2006.07.109,401.0,455.0,722.0,,5.0,,0.02,0.14,0.0,0.22,0.0,0.0,0.0,0.0,0.0,0.0,0.0,0.0,0.62,0.0,0.0,0.0,0.0,0.0,0.0,0.0,0.0,0.0,0.0,0.0,0.0,0.0,0.0,0.0,0.0,0.0,0.0,0.0,0.0,0.0,0.0,0.0,0.0,0.0,0.0,0.0,0.0,0.0,0.0,0.0,0.0
Ag2Al6Cu48Zr44,10.1557/jmr.2009.0344,704.0,788.0,1168.0,,12.0,,0.02,0.06,0.0,0.48,0.44,0.0,0.0,0.0,0.0,0.0,0.0,0.0,0.0,0.0,0.0,0.0,0.0,0.0,0.0,0.0,0.0,0.0,0.0,0.0,0.0,0.0,0.0,0.0,0.0,0.0,0.0,0.0,0.0,0.0,0.0,0.0,0.0,0.0,0.0,0.0,0.0,0.0,0.0,0.0,0.0
Ag2Al7Cu43Zr48,10.1016/j.jallcom.2006.06.088,700.0,761.0,1152.0,,12.0,,0.02,0.07,0.0,0.43,0.48,0.0,0.0,0.0,0.0,0.0,0.0,0.0,0.0,0.0,0.0,0.0,0.0,0.0,0.0,0.0,0.0,0.0,0.0,0.0,0.0,0.0,0.0,0.0,0.0,0.0,0.0,0.0,0.0,0.0,0.0,0.0,0.0,0.0,0.0,0.0,0.0,0.0,0.0,0.0,0.0
Ag2Cu4P5Pd79Si10,10.1016/j.jnoncrysol.2006.09.025,613.0,684.0,1005.0,,5.0,,0.02,0.0,0.0,0.04,0.0,0.0,0.05,0.79,0.1,0.0,0.0,0.0,0.0,0.0,0.0,0.0,0.0,0.0,0.0,0.0,0.0,0.0,0.0,0.0,0.0,0.0,0.0,0.0,0.0,0.0,0.0,0.0,0.0,0.0,0.0,0.0,0.0,0.0,0.0,0.0,0.0,0.0,0.0,0.0,0.0
Ag2Cu48Zr50,10.1016/j.scriptamat.2007.10.001,668.0,719.0,1192.0,,2.0,,0.02,0.0,0.0,0.48,0.5,0.0,0.0,0.0,0.0,0.0,0.0,0.0,0.0,0.0,0.0,0.0,0.0,0.0,0.0,0.0,0.0,0.0,0.0,0.0,0.0,0.0,0.0,0.0,0.0,0.0,0.0,0.0,0.0,0.0,0.0,0.0,0.0,0.0,0.0,0.0,0.0,0.0,0.0,0.0,0.0
Ag2Gd10Mg73Ni15,10.1016/j.intermet.2010.11.029,442.0,489.0,780.0,,3.5,,0.02,0.0,0.0,0.0,0.0,0.0,0.0,0.0,0.0,0.1,0.73,0.15,0.0,0.0,0.0,0.0,0.0,0.0,0.0,0.0,0.0,0.0,0.0,0.0,0.0,0.0,0.0,0.0,0.0,0.0,0.0,0.0,0.0,0.0,0.0,0.0,0.0,0.0,0.0,0.0,0.0,0.0,0.0,0.0,0.0
Ag2.3Al14Co5Cu11.7La62Ni5,10.1016/j.jallcom.2008.07.087,418.0,491.0,703.0,,20.0,,0.023,0.14,0.05,0.11699999999999999,0.0,0.0,0.0,0.0,0.0,0.0,0.0,0.05,0.62,0.0,0.0,0.0,0.0,0.0,0.0,0.0,0.0,0.0,0.0,0.0,0.0,0.0,0.0,0.0,0.0,0.0,0.0,0.0,0.0,0.0,0.0,0.0,0.0,0.0,0.0,0.0,0.0,0.0,0.0,0.0,0.0
Ag2.33Al14Co5Cu11.67La62Ni5,10.1016/j.jallcom.2006.07.109,418.0,491.0,703.0,,20.0,,0.0233,0.14,0.05,0.1167,0.0,0.0,0.0,0.0,0.0,0.0,0.0,0.05,0.62,0.0,0.0,0.0,0.0,0.0,0.0,0.0,0.0,0.0,0.0,0.0,0.0,0.0,0.0,0.0,0.0,0.0,0.0,0.0,0.0,0.0,0.0,0.0,0.0,0.0,0.0,0.0,0.0,0.0,0.0,0.0,0.0
Ag2.5Cu22.5Mg65Tb10,10.1016/j.intermet.2008.08.011,428.0,496.0,729.0,,7.0,,0.025,0.0,0.0,0.225,0.0,0.0,0.0,0.0,0.0,0.0,0.65,0.0,0.0,0.0,0.0,0.0,0.1,0.0,0.0,0.0,0.0,0.0,0.0,0.0,0.0,0.0,0.0,0.0,0.0,0.0,0.0,0.0,0.0,0.0,0.0,0.0,0.0,0.0,0.0,0.0,0.0,0.0,0.0,0.0,0.0
Ag2.67Al14Co4Cu13.33La62Ni4,10.1016/j.jallcom.2006.07.109,415.0,477.0,708.0,,16.0,,0.026699999999999998,0.14,0.04,0.1333,0.0,0.0,0.0,0.0,0.0,0.0,0.0,0.04,0.62,0.0,0.0,0.0,0.0,0.0,0.0,0.0,0.0,0.0,0.0,0.0,0.0,0.0,0.0,0.0,0.0,0.0,0.0,0.0,0.0,0.0,0.0,0.0,0.0,0.0,0.0,0.0,0.0,0.0,0.0,0.0,0.0
Ag2.7Al14Co4Cu13.3La62Ni4,10.1016/j.jallcom.2008.07.087,415.0,477.0,708.0,,16.0,,0.027000000000000003,0.14,0.04,0.133,0.0,0.0,0.0,0.0,0.0,0.0,0.0,0.04,0.62,0.0,0.0,0.0,0.0,0.0,0.0,0.0,0.0,0.0,0.0,0.0,0.0,0.0,0.0,0.0,0.0,0.0,0.0,0.0,0.0,0.0,0.0,0.0,0.0,0.0,0.0,0.0,0.0,0.0,0.0,0.0,0.0
Ag20Ca60Mg20,10.2320/matertrans.43.2578,401.0,435.0,,,4.0,,0.2,0.0,0.0,0.0,0.0,0.0,0.0,0.0,0.0,0.0,0.2,0.0,0.0,0.6,0.0,0.0,0.0,0.0,0.0,0.0,0.0,0.0,0.0,0.0,0.0,0.0,0.0,0.0,0.0,0.0,0.0,0.0,0.0,0.0,0.0,0.0,0.0,0.0,0.0,0.0,0.0,0.0,0.0,0.0,0.0
Ag20Cu40Ti10Zr30,10.1016/j.scriptamat.2006.01.023,677.0,708.0,1125.0,,3.0,,0.2,0.0,0.0,0.4,0.3,0.0,0.0,0.0,0.0,0.0,0.0,0.0,0.0,0.0,0.0,0.0,0.0,0.0,0.1,0.0,0.0,0.0,0.0,0.0,0.0,0.0,0.0,0.0,0.0,0.0,0.0,0.0,0.0,0.0,0.0,0.0,0.0,0.0,0.0,0.0,0.0,0.0,0.0,0.0,0.0
Ag20Cu5Gd10Mg65,10.1557/jmr.2005.0314,467.5,467.5,709.0,,0.5,,0.2,0.0,0.0,0.05,0.0,0.0,0.0,0.0,0.0,0.1,0.65,0.0,0.0,0.0,0.0,0.0,0.0,0.0,0.0,0.0,0.0,0.0,0.0,0.0,0.0,0.0,0.0,0.0,0.0,0.0,0.0,0.0,0.0,0.0,0.0,0.0,0.0,0.0,0.0,0.0,0.0,0.0,0.0,0.0,0.0
Ag25Cu35Ti10Zr30,10.1016/j.scriptamat.2006.01.023,,706.0,1138.0,,2.0,,0.25,0.0,0.0,0.35,0.3,0.0,0.0,0.0,0.0,0.0,0.0,0.0,0.0,0.0,0.0,0.0,0.0,0.0,0.1,0.0,0.0,0.0,0.0,0.0,0.0,0.0,0.0,0.0,0.0,0.0,0.0,0.0,0.0,0.0,0.0,0.0,0.0,0.0,0.0,0.0,0.0,0.0,0.0,0.0,0.0
Ag3Al19.4Co19.4Cu4.85Zr53.35,10.1016/j.jallcom.2011.01.078,740.0,805.0,1246.0,,16.0,,0.03,0.19399999999999998,0.19399999999999998,0.048499999999999995,0.5335,0.0,0.0,0.0,0.0,0.0,0.0,0.0,0.0,0.0,0.0,0.0,0.0,0.0,0.0,0.0,0.0,0.0,0.0,0.0,0.0,0.0,0.0,0.0,0.0,0.0,0.0,0.0,0.0,0.0,0.0,0.0,0.0,0.0,0.0,0.0,0.0,0.0,0.0,0.0,0.0
Ag3Al5Cu47Zr45,10.1557/jmr.2009.0344,702.0,785.0,1160.0,,15.0,,0.03,0.05,0.0,0.47,0.45,0.0,0.0,0.0,0.0,0.0,0.0,0.0,0.0,0.0,0.0,0.0,0.0,0.0,0.0,0.0,0.0,0.0,0.0,0.0,0.0,0.0,0.0,0.0,0.0,0.0,0.0,0.0,0.0,0.0,0.0,0.0,0.0,0.0,0.0,0.0,0.0,0.0,0.0,0.0,0.0
Ag3Al7Cu42Zr48,10.1016/j.jallcom.2006.06.088,700.0,763.0,1135.0,,10.0,,0.03,0.07,0.0,0.42,0.48,0.0,0.0,0.0,0.0,0.0,0.0,0.0,0.0,0.0,0.0,0.0,0.0,0.0,0.0,0.0,0.0,0.0,0.0,0.0,0.0,0.0,0.0,0.0,0.0,0.0,0.0,0.0,0.0,0.0,0.0,0.0,0.0,0.0,0.0,0.0,0.0,0.0,0.0,0.0,0.0
Ag3Al7Cu45Zr45,10.1016/j.mseb.2007.09.064,708.0,786.0,1177.0,,8.0,,0.03,0.07,0.0,0.45,0.45,0.0,0.0,0.0,0.0,0.0,0.0,0.0,0.0,0.0,0.0,0.0,0.0,0.0,0.0,0.0,0.0,0.0,0.0,0.0,0.0,0.0,0.0,0.0,0.0,0.0,0.0,0.0,0.0,0.0,0.0,0.0,0.0,0.0,0.0,0.0,0.0,0.0,0.0,0.0,0.0
Ag3Al7Cu47Zr43,10.1016/j.msea.2006.07.141,,,,,5.0,,0.03,0.07,0.0,0.47,0.43,0.0,0.0,0.0,0.0,0.0,0.0,0.0,0.0,0.0,0.0,0.0,0.0,0.0,0.0,0.0,0.0,0.0,0.0,0.0,0.0,0.0,0.0,0.0,0.0,0.0,0.0,0.0,0.0,0.0,0.0,0.0,0.0,0.0,0.0,0.0,0.0,0.0,0.0,0.0,0.0
Ag3Al9.7Cu22.31Fe4.85Zr60.14,10.1016/j.jallcom.2009.08.030,658.0,743.0,1181.0,,10.0,,0.03,0.09699999999999999,0.0,0.2231,0.6014,0.048499999999999995,0.0,0.0,0.0,0.0,0.0,0.0,0.0,0.0,0.0,0.0,0.0,0.0,0.0,0.0,0.0,0.0,0.0,0.0,0.0,0.0,0.0,0.0,0.0,0.0,0.0,0.0,0.0,0.0,0.0,0.0,0.0,0.0,0.0,0.0,0.0,0.0,0.0,0.0,0.0
Ag3Cu3P5Pd79Si10,10.1016/j.jnoncrysol.2006.09.025,610.0,683.0,1005.0,,5.0,,0.03,0.0,0.0,0.03,0.0,0.0,0.05,0.79,0.1,0.0,0.0,0.0,0.0,0.0,0.0,0.0,0.0,0.0,0.0,0.0,0.0,0.0,0.0,0.0,0.0,0.0,0.0,0.0,0.0,0.0,0.0,0.0,0.0,0.0,0.0,0.0,0.0,0.0,0.0,0.0,0.0,0.0,0.0,0.0,0.0
Ag3.3Al14Co2Cu16.7La62Ni2,10.1016/j.jallcom.2008.07.087,412.0,472.0,713.0,,16.0,,0.033,0.14,0.02,0.16699999999999998,0.0,0.0,0.0,0.0,0.0,0.0,0.0,0.02,0.62,0.0,0.0,0.0,0.0,0.0,0.0,0.0,0.0,0.0,0.0,0.0,0.0,0.0,0.0,0.0,0.0,0.0,0.0,0.0,0.0,0.0,0.0,0.0,0.0,0.0,0.0,0.0,0.0,0.0,0.0,0.0,0.0
Ag3.3Cu29.7Mg56Y11,10.1557/jmr.2006.0294,426.0,509.0,725.0,,14.0,,0.033,0.0,0.0,0.297,0.0,0.0,0.0,0.0,0.0,0.0,0.56,0.0,0.0,0.0,0.0,0.11,0.0,0.0,0.0,0.0,0.0,0.0,0.0,0.0,0.0,0.0,0.0,0.0,0.0,0.0,0.0,0.0,0.0,0.0,0.0,0.0,0.0,0.0,0.0,0.0,0.0,0.0,0.0,0.0,0.0
Ag3.33Al14Co2Cu16.67La62Ni2,10.1016/j.jallcom.2006.07.109,412.0,472.0,713.0,,16.0,,0.0333,0.14,0.02,0.16670000000000001,0.0,0.0,0.0,0.0,0.0,0.0,0.0,0.02,0.62,0.0,0.0,0.0,0.0,0.0,0.0,0.0,0.0,0.0,0.0,0.0,0.0,0.0,0.0,0.0,0.0,0.0,0.0,0.0,0.0,0.0,0.0,0.0,0.0,0.0,0.0,0.0,0.0,0.0,0.0,0.0,0.0
Ag30.77Ca30.77Cu15.38Mg23.08,10.1016/j.jallcom.2011.10.097,413.0,432.0,803.0,2.5,3.0,,0.3077,0.0,0.0,0.15380000000000002,0.0,0.0,0.0,0.0,0.0,0.0,0.23079999999999998,0.0,0.0,0.3077,0.0,0.0,0.0,0.0,0.0,0.0,0.0,0.0,0.0,0.0,0.0,0.0,0.0,0.0,0.0,0.0,0.0,0.0,0.0,0.0,0.0,0.0,0.0,0.0,0.0,0.0,0.0,0.0,0.0,0.0,0.0
Ag30.77Ca30.77Cu7.69Mg30.77,10.1016/j.jallcom.2011.10.097,407.0,427.0,809.0,2.0,3.0,,0.3077,0.0,0.0,0.07690000000000001,0.0,0.0,0.0,0.0,0.0,0.0,0.3077,0.0,0.0,0.3077,0.0,0.0,0.0,0.0,0.0,0.0,0.0,0.0,0.0,0.0,0.0,0.0,0.0,0.0,0.0,0.0,0.0,0.0,0.0,0.0,0.0,0.0,0.0,0.0,0.0,0.0,0.0,0.0,0.0,0.0,0.0
Ag38.4Ca23.2Mg38.4,10.1016/j.jallcom.2011.10.097,391.0,425.0,796.0,1.1,1.5,,0.384,0.0,0.0,0.0,0.0,0.0,0.0,0.0,0.0,0.0,0.384,0.0,0.0,0.23199999999999998,0.0,0.0,0.0,0.0,0.0,0.0,0.0,0.0,0.0,0.0,0.0,0.0,0.0,0.0,0.0,0.0,0.0,0.0,0.0,0.0,0.0,0.0,0.0,0.0,0.0,0.0,0.0,0.0,0.0,0.0,0.0
Ag38.46Ca23.08Cu7.69Mg30.77,10.1016/j.jallcom.2011.10.097,387.0,420.0,833.0,3.0,4.0,,0.3846,0.0,0.0,0.07690000000000001,0.0,0.0,0.0,0.0,0.0,0.0,0.3077,0.0,0.0,0.23079999999999998,0.0,0.0,0.0,0.0,0.0,0.0,0.0,0.0,0.0,0.0,0.0,0.0,0.0,0.0,0.0,0.0,0.0,0.0,0.0,0.0,0.0,0.0,0.0,0.0,0.0,0.0,0.0,0.0,0.0,0.0,0.0
Ag38.5Ca30.8Cu7.7Mg23,10.1016/j.jallcom.2011.10.097,384.0,416.0,854.0,2.0,3.0,,0.385,0.0,0.0,0.077,0.0,0.0,0.0,0.0,0.0,0.0,0.23,0.0,0.0,0.308,0.0,0.0,0.0,0.0,0.0,0.0,0.0,0.0,0.0,0.0,0.0,0.0,0.0,0.0,0.0,0.0,0.0,0.0,0.0,0.0,0.0,0.0,0.0,0.0,0.0,0.0,0.0,0.0,0.0,0.0,0.0
Ag4Al14Cu20La62,10.1016/j.jallcom.2006.07.109,404.0,456.0,729.0,,8.0,,0.04,0.14,0.0,0.2,0.0,0.0,0.0,0.0,0.0,0.0,0.0,0.0,0.62,0.0,0.0,0.0,0.0,0.0,0.0,0.0,0.0,0.0,0.0,0.0,0.0,0.0,0.0,0.0,0.0,0.0,0.0,0.0,0.0,0.0,0.0,0.0,0.0,0.0,0.0,0.0,0.0,0.0,0.0,0.0,0.0
Ag4Al4Cu47Zr45,10.1557/jmr.2009.0344,688.0,770.0,1159.0,,10.0,,0.04,0.04,0.0,0.47,0.45,0.0,0.0,0.0,0.0,0.0,0.0,0.0,0.0,0.0,0.0,0.0,0.0,0.0,0.0,0.0,0.0,0.0,0.0,0.0,0.0,0.0,0.0,0.0,0.0,0.0,0.0,0.0,0.0,0.0,0.0,0.0,0.0,0.0,0.0,0.0,0.0,0.0,0.0,0.0,0.0
Ag4Al4Cu48Zr44,10.1557/jmr.2009.0344,692.0,779.0,1156.0,,10.0,,0.04,0.04,0.0,0.48,0.44,0.0,0.0,0.0,0.0,0.0,0.0,0.0,0.0,0.0,0.0,0.0,0.0,0.0,0.0,0.0,0.0,0.0,0.0,0.0,0.0,0.0,0.0,0.0,0.0,0.0,0.0,0.0,0.0,0.0,0.0,0.0,0.0,0.0,0.0,0.0,0.0,0.0,0.0,0.0,0.0
Ag4Al4Cu49Zr43,10.1557/jmr.2009.0344,,,1158.0,,10.0,,0.04,0.04,0.0,0.49,0.43,0.0,0.0,0.0,0.0,0.0,0.0,0.0,0.0,0.0,0.0,0.0,0.0,0.0,0.0,0.0,0.0,0.0,0.0,0.0,0.0,0.0,0.0,0.0,0.0,0.0,0.0,0.0,0.0,0.0,0.0,0.0,0.0,0.0,0.0,0.0,0.0,0.0,0.0,0.0,0.0
Ag4Al6Cu48Zr42,10.1557/jmr.2009.0344,711.0,800.0,1186.0,,12.0,,0.04,0.06,0.0,0.48,0.42,0.0,0.0,0.0,0.0,0.0,0.0,0.0,0.0,0.0,0.0,0.0,0.0,0.0,0.0,0.0,0.0,0.0,0.0,0.0,0.0,0.0,0.0,0.0,0.0,0.0,0.0,0.0,0.0,0.0,0.0,0.0,0.0,0.0,0.0,0.0,0.0,0.0,0.0,0.0,0.0
Ag4Cu2P5Pd79Si10,10.1016/j.jnoncrysol.2006.09.025,611.0,676.0,1006.0,,7.0,,0.04,0.0,0.0,0.02,0.0,0.0,0.05,0.79,0.1,0.0,0.0,0.0,0.0,0.0,0.0,0.0,0.0,0.0,0.0,0.0,0.0,0.0,0.0,0.0,0.0,0.0,0.0,0.0,0.0,0.0,0.0,0.0,0.0,0.0,0.0,0.0,0.0,0.0,0.0,0.0,0.0,0.0,0.0,0.0,0.0
Ag4Cu48Zr48,10.1016/j.msea.2007.02.001,681.0,743.0,1199.0,,3.0,,0.04,0.0,0.0,0.48,0.48,0.0,0.0,0.0,0.0,0.0,0.0,0.0,0.0,0.0,0.0,0.0,0.0,0.0,0.0,0.0,0.0,0.0,0.0,0.0,0.0,0.0,0.0,0.0,0.0,0.0,0.0,0.0,0.0,0.0,0.0,0.0,0.0,0.0,0.0,0.0,0.0,0.0,0.0,0.0,0.0
Ag4Gd10Mg71Ni15,10.1016/j.intermet.2010.11.029,440.0,485.0,774.0,,4.0,,0.04,0.0,0.0,0.0,0.0,0.0,0.0,0.0,0.0,0.1,0.71,0.15,0.0,0.0,0.0,0.0,0.0,0.0,0.0,0.0,0.0,0.0,0.0,0.0,0.0,0.0,0.0,0.0,0.0,0.0,0.0,0.0,0.0,0.0,0.0,0.0,0.0,0.0,0.0,0.0,0.0,0.0,0.0,0.0,0.0
Ag4.6Al7Cu41.4Zr47,10.1016/j.actamat.2007.12.030,,,,,20.0,,0.046,0.07,0.0,0.414,0.47,0.0,0.0,0.0,0.0,0.0,0.0,0.0,0.0,0.0,0.0,0.0,0.0,0.0,0.0,0.0,0.0,0.0,0.0,0.0,0.0,0.0,0.0,0.0,0.0,0.0,0.0,0.0,0.0,0.0,0.0,0.0,0.0,0.0,0.0,0.0,0.0,0.0,0.0,0.0,0.0
Ag46.15Ca22.98Cu7.69Mg23.18,10.1016/j.jallcom.2011.10.097,398.0,430.0,825.0,2.0,3.0,,0.46149999999999997,0.0,0.0,0.07690000000000001,0.0,0.0,0.0,0.0,0.0,0.0,0.2318,0.0,0.0,0.2298,0.0,0.0,0.0,0.0,0.0,0.0,0.0,0.0,0.0,0.0,0.0,0.0,0.0,0.0,0.0,0.0,0.0,0.0,0.0,0.0,0.0,0.0,0.0,0.0,0.0,0.0,0.0,0.0,0.0,0.0,0.0
Ag46.2Ca30.7Mg23.1,10.1016/j.jallcom.2011.10.097,399.0,426.0,765.0,0.7,1.0,,0.462,0.0,0.0,0.0,0.0,0.0,0.0,0.0,0.0,0.0,0.231,0.0,0.0,0.307,0.0,0.0,0.0,0.0,0.0,0.0,0.0,0.0,0.0,0.0,0.0,0.0,0.0,0.0,0.0,0.0,0.0,0.0,0.0,0.0,0.0,0.0,0.0,0.0,0.0,0.0,0.0,0.0,0.0,0.0,0.0
Ag46.29Ca30.56Cu7.72Mg15.43,10.1016/j.jallcom.2011.10.097,414.0,445.0,805.0,0.8,1.0,,0.4629,0.0,0.0,0.07719999999999999,0.0,0.0,0.0,0.0,0.0,0.0,0.1543,0.0,0.0,0.3056,0.0,0.0,0.0,0.0,0.0,0.0,0.0,0.0,0.0,0.0,0.0,0.0,0.0,0.0,0.0,0.0,0.0,0.0,0.0,0.0,0.0,0.0,0.0,0.0,0.0,0.0,0.0,0.0,0.0,0.0,0.0
Ag46.43Ca28.6Cu7.15Mg17.83,10.1016/j.jallcom.2011.10.097,426.0,466.0,797.0,1.2,1.5,,0.4642535746425357,0.0,0.0,0.0714928507149285,0.0,0.0,0.0,0.0,0.0,0.0,0.17828217178282169,0.0,0.0,0.285971402859714,0.0,0.0,0.0,0.0,0.0,0.0,0.0,0.0,0.0,0.0,0.0,0.0,0.0,0.0,0.0,0.0,0.0,0.0,0.0,0.0,0.0,0.0,0.0,0.0,0.0,0.0,0.0,0.0,0.0,0.0,0.0
Ag5Al10Cu20La65,10.1016/j.mseb.2007.09.002,380.0,458.0,716.0,,5.0,,0.05,0.1,0.0,0.2,0.0,0.0,0.0,0.0,0.0,0.0,0.0,0.0,0.65,0.0,0.0,0.0,0.0,0.0,0.0,0.0,0.0,0.0,0.0,0.0,0.0,0.0,0.0,0.0,0.0,0.0,0.0,0.0,0.0,0.0,0.0,0.0,0.0,0.0,0.0,0.0,0.0,0.0,0.0,0.0,0.0
Ag5Al12.5Co2.5Cu17.5La62.5,10.1016/j.mseb.2007.09.002,393.0,473.0,712.0,,8.0,,0.05,0.125,0.025,0.175,0.0,0.0,0.0,0.0,0.0,0.0,0.0,0.0,0.625,0.0,0.0,0.0,0.0,0.0,0.0,0.0,0.0,0.0,0.0,0.0,0.0,0.0,0.0,0.0,0.0,0.0,0.0,0.0,0.0,0.0,0.0,0.0,0.0,0.0,0.0,0.0,0.0,0.0,0.0,0.0,0.0
Ag5Al12.5Co5Cu10La62.5Ni5,10.1038/ncomms10313,404.0,,691.0,,12.0,,0.05,0.125,0.05,0.1,0.0,0.0,0.0,0.0,0.0,0.0,0.0,0.05,0.625,0.0,0.0,0.0,0.0,0.0,0.0,0.0,0.0,0.0,0.0,0.0,0.0,0.0,0.0,0.0,0.0,0.0,0.0,0.0,0.0,0.0,0.0,0.0,0.0,0.0,0.0,0.0,0.0,0.0,0.0,0.0,0.0
Ag5Al12.5Co5Cu15La62.5,10.1016/j.mseb.2007.09.002,397.0,474.0,700.0,,9.0,,0.05,0.125,0.05,0.15,0.0,0.0,0.0,0.0,0.0,0.0,0.0,0.0,0.625,0.0,0.0,0.0,0.0,0.0,0.0,0.0,0.0,0.0,0.0,0.0,0.0,0.0,0.0,0.0,0.0,0.0,0.0,0.0,0.0,0.0,0.0,0.0,0.0,0.0,0.0,0.0,0.0,0.0,0.0,0.0,0.0
Ag5Al12.5Cu15Fe5La62.5,10.1016/j.mseb.2007.09.002,390.0,445.0,713.0,,6.0,,0.05,0.125,0.0,0.15,0.0,0.05,0.0,0.0,0.0,0.0,0.0,0.0,0.625,0.0,0.0,0.0,0.0,0.0,0.0,0.0,0.0,0.0,0.0,0.0,0.0,0.0,0.0,0.0,0.0,0.0,0.0,0.0,0.0,0.0,0.0,0.0,0.0,0.0,0.0,0.0,0.0,0.0,0.0,0.0,0.0
Ag5Al12.5Cu15La62.5Ni5,10.1038/ncomms10313,391.0,,717.0,,8.0,,0.05,0.125,0.0,0.15,0.0,0.0,0.0,0.0,0.0,0.0,0.0,0.05,0.625,0.0,0.0,0.0,0.0,0.0,0.0,0.0,0.0,0.0,0.0,0.0,0.0,0.0,0.0,0.0,0.0,0.0,0.0,0.0,0.0,0.0,0.0,0.0,0.0,0.0,0.0,0.0,0.0,0.0,0.0,0.0,0.0
Ag5Al12.5Cu17.5Fe2.5La62.5,10.1016/j.mseb.2007.09.002,391.0,464.0,711.0,,7.0,,0.05,0.125,0.0,0.175,0.0,0.025,0.0,0.0,0.0,0.0,0.0,0.0,0.625,0.0,0.0,0.0,0.0,0.0,0.0,0.0,0.0,0.0,0.0,0.0,0.0,0.0,0.0,0.0,0.0,0.0,0.0,0.0,0.0,0.0,0.0,0.0,0.0,0.0,0.0,0.0,0.0,0.0,0.0,0.0,0.0
Ag5Al12.5Cu20La62.5,10.2320/matertrans.48.68,389.0,472.0,721.0,,6.0,,0.05,0.125,0.0,0.2,0.0,0.0,0.0,0.0,0.0,0.0,0.0,0.0,0.625,0.0,0.0,0.0,0.0,0.0,0.0,0.0,0.0,0.0,0.0,0.0,0.0,0.0,0.0,0.0,0.0,0.0,0.0,0.0,0.0,0.0,0.0,0.0,0.0,0.0,0.0,0.0,0.0,0.0,0.0,0.0,0.0
Ag5Al14Cu19La62,10.1016/j.jallcom.2006.07.109,405.0,456.0,730.0,,5.0,,0.05,0.14,0.0,0.19,0.0,0.0,0.0,0.0,0.0,0.0,0.0,0.0,0.62,0.0,0.0,0.0,0.0,0.0,0.0,0.0,0.0,0.0,0.0,0.0,0.0,0.0,0.0,0.0,0.0,0.0,0.0,0.0,0.0,0.0,0.0,0.0,0.0,0.0,0.0,0.0,0.0,0.0,0.0,0.0,0.0
Ag5Al15Cu20La60,10.2320/matertrans.48.68,410.0,481.0,759.0,,5.0,,0.05,0.15,0.0,0.2,0.0,0.0,0.0,0.0,0.0,0.0,0.0,0.0,0.6,0.0,0.0,0.0,0.0,0.0,0.0,0.0,0.0,0.0,0.0,0.0,0.0,0.0,0.0,0.0,0.0,0.0,0.0,0.0,0.0,0.0,0.0,0.0,0.0,0.0,0.0,0.0,0.0,0.0,0.0,0.0,0.0
Ag5Al19Co19Cu4.75Zr52.25,10.1016/j.jallcom.2011.01.078,747.0,806.0,1220.0,,16.0,,0.05,0.19,0.19,0.0475,0.5225,0.0,0.0,0.0,0.0,0.0,0.0,0.0,0.0,0.0,0.0,0.0,0.0,0.0,0.0,0.0,0.0,0.0,0.0,0.0,0.0,0.0,0.0,0.0,0.0,0.0,0.0,0.0,0.0,0.0,0.0,0.0,0.0,0.0,0.0,0.0,0.0,0.0,0.0,0.0,0.0
Ag5Al20Cu20La55,10.2320/matertrans.48.68,429.0,503.0,823.0,,4.0,,0.05,0.2,0.0,0.2,0.0,0.0,0.0,0.0,0.0,0.0,0.0,0.0,0.55,0.0,0.0,0.0,0.0,0.0,0.0,0.0,0.0,0.0,0.0,0.0,0.0,0.0,0.0,0.0,0.0,0.0,0.0,0.0,0.0,0.0,0.0,0.0,0.0,0.0,0.0,0.0,0.0,0.0,0.0,0.0,0.0
Ag5Al25Cu15La55,10.1016/j.mseb.2007.09.002,452.0,503.0,860.0,,3.0,,0.05,0.25,0.0,0.15,0.0,0.0,0.0,0.0,0.0,0.0,0.0,0.0,0.55,0.0,0.0,0.0,0.0,0.0,0.0,0.0,0.0,0.0,0.0,0.0,0.0,0.0,0.0,0.0,0.0,0.0,0.0,0.0,0.0,0.0,0.0,0.0,0.0,0.0,0.0,0.0,0.0,0.0,0.0,0.0,0.0
Ag5Al27.5Ca57.5Mg10,10.1063/1.1637940,493.15,528.15,,,2.0,,0.05,0.275,0.0,0.0,0.0,0.0,0.0,0.0,0.0,0.0,0.1,0.0,0.0,0.575,0.0,0.0,0.0,0.0,0.0,0.0,0.0,0.0,0.0,0.0,0.0,0.0,0.0,0.0,0.0,0.0,0.0,0.0,0.0,0.0,0.0,0.0,0.0,0.0,0.0,0.0,0.0,0.0,0.0,0.0,0.0
Ag5Al28.5Ca56.5Mg10,10.1063/1.1637940,488.15,515.15,,,3.0,,0.05,0.285,0.0,0.0,0.0,0.0,0.0,0.0,0.0,0.0,0.1,0.0,0.0,0.565,0.0,0.0,0.0,0.0,0.0,0.0,0.0,0.0,0.0,0.0,0.0,0.0,0.0,0.0,0.0,0.0,0.0,0.0,0.0,0.0,0.0,0.0,0.0,0.0,0.0,0.0,0.0,0.0,0.0,0.0,0.0
Ag5Al29.5Ca55.5Mg10,10.1063/1.1637940,489.15,521.15,,,2.0,,0.05,0.295,0.0,0.0,0.0,0.0,0.0,0.0,0.0,0.0,0.1,0.0,0.0,0.555,0.0,0.0,0.0,0.0,0.0,0.0,0.0,0.0,0.0,0.0,0.0,0.0,0.0,0.0,0.0,0.0,0.0,0.0,0.0,0.0,0.0,0.0,0.0,0.0,0.0,0.0,0.0,0.0,0.0,0.0,0.0
Ag5Al32Ca63,10.1063/1.1637940,503.15,527.15,,,1.5,,0.05,0.32,0.0,0.0,0.0,0.0,0.0,0.0,0.0,0.0,0.0,0.0,0.0,0.63,0.0,0.0,0.0,0.0,0.0,0.0,0.0,0.0,0.0,0.0,0.0,0.0,0.0,0.0,0.0,0.0,0.0,0.0,0.0,0.0,0.0,0.0,0.0,0.0,0.0,0.0,0.0,0.0,0.0,0.0,0.0
Ag5Al5Cu45Zr45,10.1016/j.mseb.2007.09.064,697.0,783.0,1147.0,,9.0,,0.05,0.05,0.0,0.45,0.45,0.0,0.0,0.0,0.0,0.0,0.0,0.0,0.0,0.0,0.0,0.0,0.0,0.0,0.0,0.0,0.0,0.0,0.0,0.0,0.0,0.0,0.0,0.0,0.0,0.0,0.0,0.0,0.0,0.0,0.0,0.0,0.0,0.0,0.0,0.0,0.0,0.0,0.0,0.0,0.0
Ag5Al7Cu40Zr48,10.1016/j.jallcom.2006.06.088,699.0,769.0,1121.0,,10.0,,0.05,0.07,0.0,0.4,0.48,0.0,0.0,0.0,0.0,0.0,0.0,0.0,0.0,0.0,0.0,0.0,0.0,0.0,0.0,0.0,0.0,0.0,0.0,0.0,0.0,0.0,0.0,0.0,0.0,0.0,0.0,0.0,0.0,0.0,0.0,0.0,0.0,0.0,0.0,0.0,0.0,0.0,0.0,0.0,0.0
Ag5Al9.5Cu21.85Fe4.75Zr58.9,10.1016/j.jallcom.2009.08.030,663.0,747.0,1189.0,,5.0,,0.05,0.095,0.0,0.21850000000000003,0.589,0.0475,0.0,0.0,0.0,0.0,0.0,0.0,0.0,0.0,0.0,0.0,0.0,0.0,0.0,0.0,0.0,0.0,0.0,0.0,0.0,0.0,0.0,0.0,0.0,0.0,0.0,0.0,0.0,0.0,0.0,0.0,0.0,0.0,0.0,0.0,0.0,0.0,0.0,0.0,0.0
Ag5Au46Cu29Si20,10.1016/j.stam.2003.09.003,395.0,420.0,664.0,,1.0,,0.05,0.0,0.0,0.29,0.0,0.0,0.0,0.0,0.2,0.0,0.0,0.0,0.0,0.0,0.0,0.0,0.0,0.0,0.0,0.46,0.0,0.0,0.0,0.0,0.0,0.0,0.0,0.0,0.0,0.0,0.0,0.0,0.0,0.0,0.0,0.0,0.0,0.0,0.0,0.0,0.0,0.0,0.0,0.0,0.0
Ag5Cu15Gd10Mg65Pd5,10.1016/j.jallcom.2008.07.087,,,,,10.0,,0.05,0.0,0.0,0.15,0.0,0.0,0.0,0.05,0.0,0.1,0.65,0.0,0.0,0.0,0.0,0.0,0.0,0.0,0.0,0.0,0.0,0.0,0.0,0.0,0.0,0.0,0.0,0.0,0.0,0.0,0.0,0.0,0.0,0.0,0.0,0.0,0.0,0.0,0.0,0.0,0.0,0.0,0.0,0.0,0.0
Ag5Cu20Gd10Mg65,10.1557/jmr.2005.0314,427.0,465.0,695.0,,11.0,,0.05,0.0,0.0,0.2,0.0,0.0,0.0,0.0,0.0,0.1,0.65,0.0,0.0,0.0,0.0,0.0,0.0,0.0,0.0,0.0,0.0,0.0,0.0,0.0,0.0,0.0,0.0,0.0,0.0,0.0,0.0,0.0,0.0,0.0,0.0,0.0,0.0,0.0,0.0,0.0,0.0,0.0,0.0,0.0,0.0
Ag5Cu20Mg65Tb10,10.1016/j.intermet.2008.08.011,429.0,471.0,710.0,,10.0,,0.05,0.0,0.0,0.2,0.0,0.0,0.0,0.0,0.0,0.0,0.65,0.0,0.0,0.0,0.0,0.0,0.1,0.0,0.0,0.0,0.0,0.0,0.0,0.0,0.0,0.0,0.0,0.0,0.0,0.0,0.0,0.0,0.0,0.0,0.0,0.0,0.0,0.0,0.0,0.0,0.0,0.0,0.0,0.0,0.0
Ag5Cu45Zr50,10.1016/j.scriptamat.2007.10.001,669.0,728.0,1188.0,,4.0,,0.05,0.0,0.0,0.45,0.5,0.0,0.0,0.0,0.0,0.0,0.0,0.0,0.0,0.0,0.0,0.0,0.0,0.0,0.0,0.0,0.0,0.0,0.0,0.0,0.0,0.0,0.0,0.0,0.0,0.0,0.0,0.0,0.0,0.0,0.0,0.0,0.0,0.0,0.0,0.0,0.0,0.0,0.0,0.0,0.0
Ag5Cu55Ti10Zr30,10.1016/j.scriptamat.2006.01.023,,733.0,1149.0,,3.0,,0.05,0.0,0.0,0.55,0.3,0.0,0.0,0.0,0.0,0.0,0.0,0.0,0.0,0.0,0.0,0.0,0.0,0.0,0.1,0.0,0.0,0.0,0.0,0.0,0.0,0.0,0.0,0.0,0.0,0.0,0.0,0.0,0.0,0.0,0.0,0.0,0.0,0.0,0.0,0.0,0.0,0.0,0.0,0.0,0.0
Ag5Cu7.5Gd10Mg65Ni7.5Zn5,10.1016/j.msea.2006.03.142,440.0,477.0,726.0,,11.0,,0.05,0.0,0.0,0.075,0.0,0.0,0.0,0.0,0.0,0.1,0.65,0.075,0.0,0.0,0.0,0.0,0.0,0.0,0.0,0.0,0.05,0.0,0.0,0.0,0.0,0.0,0.0,0.0,0.0,0.0,0.0,0.0,0.0,0.0,0.0,0.0,0.0,0.0,0.0,0.0,0.0,0.0,0.0,0.0,0.0
Ag5Cu7.5Gd2.5Mg65Ni7.5Y7.5Zn5,10.1016/j.msea.2006.03.142,433.0,473.0,735.0,,9.5,,0.05,0.0,0.0,0.075,0.0,0.0,0.0,0.0,0.0,0.025,0.65,0.075,0.0,0.0,0.0,0.075,0.0,0.0,0.0,0.0,0.05,0.0,0.0,0.0,0.0,0.0,0.0,0.0,0.0,0.0,0.0,0.0,0.0,0.0,0.0,0.0,0.0,0.0,0.0,0.0,0.0,0.0,0.0,0.0,0.0
Ag5Cu7.5Gd5Mg65Ni7.5Y5Zn5,10.1016/j.msea.2006.03.142,434.0,472.0,718.0,,14.0,,0.05,0.0,0.0,0.075,0.0,0.0,0.0,0.0,0.0,0.05,0.65,0.075,0.0,0.0,0.0,0.05,0.0,0.0,0.0,0.0,0.05,0.0,0.0,0.0,0.0,0.0,0.0,0.0,0.0,0.0,0.0,0.0,0.0,0.0,0.0,0.0,0.0,0.0,0.0,0.0,0.0,0.0,0.0,0.0,0.0
Ag5Cu7.5Gd7.5Mg65Ni7.5Y2.5Zn5,10.1016/j.msea.2006.03.142,438.0,474.0,719.0,,13.0,,0.05,0.0,0.0,0.075,0.0,0.0,0.0,0.0,0.0,0.075,0.65,0.075,0.0,0.0,0.0,0.025,0.0,0.0,0.0,0.0,0.05,0.0,0.0,0.0,0.0,0.0,0.0,0.0,0.0,0.0,0.0,0.0,0.0,0.0,0.0,0.0,0.0,0.0,0.0,0.0,0.0,0.0,0.0,0.0,0.0
Ag5Cu7.5Mg65Ni7.5Y10Zn5,10.1016/j.msea.2006.03.142,430.0,459.0,728.0,,9.0,,0.05,0.0,0.0,0.075,0.0,0.0,0.0,0.0,0.0,0.0,0.65,0.075,0.0,0.0,0.0,0.1,0.0,0.0,0.0,0.0,0.05,0.0,0.0,0.0,0.0,0.0,0.0,0.0,0.0,0.0,0.0,0.0,0.0,0.0,0.0,0.0,0.0,0.0,0.0,0.0,0.0,0.0,0.0,0.0,0.0
Ag5Gd10Mg70Ni15,10.1016/j.intermet.2010.11.029,450.0,479.0,764.0,,5.0,,0.05,0.0,0.0,0.0,0.0,0.0,0.0,0.0,0.0,0.1,0.7,0.15,0.0,0.0,0.0,0.0,0.0,0.0,0.0,0.0,0.0,0.0,0.0,0.0,0.0,0.0,0.0,0.0,0.0,0.0,0.0,0.0,0.0,0.0,0.0,0.0,0.0,0.0,0.0,0.0,0.0,0.0,0.0,0.0,0.0
Ag5.5Au49Cu26.9Pd2.3Si16.3,10.1016/j.jallcom.2008.07.087,,,,,5.0,,0.055,0.0,0.0,0.26899999999999996,0.0,0.0,0.0,0.023,0.163,0.0,0.0,0.0,0.0,0.0,0.0,0.0,0.0,0.0,0.0,0.49,0.0,0.0,0.0,0.0,0.0,0.0,0.0,0.0,0.0,0.0,0.0,0.0,0.0,0.0,0.0,0.0,0.0,0.0,0.0,0.0,0.0,0.0,0.0,0.0,0.0
Ag50Ca30.8Cu7.7Mg11.5,10.1016/j.jallcom.2011.10.097,452.0,487.0,809.0,1.0,1.5,,0.5,0.0,0.0,0.077,0.0,0.0,0.0,0.0,0.0,0.0,0.115,0.0,0.0,0.308,0.0,0.0,0.0,0.0,0.0,0.0,0.0,0.0,0.0,0.0,0.0,0.0,0.0,0.0,0.0,0.0,0.0,0.0,0.0,0.0,0.0,0.0,0.0,0.0,0.0,0.0,0.0,0.0,0.0,0.0,0.0
Ag53.8Ca23.1Mg23.1,10.1016/j.jallcom.2011.10.097,451.0,488.0,887.0,0.7,1.0,,0.5379999999999999,0.0,0.0,0.0,0.0,0.0,0.0,0.0,0.0,0.0,0.231,0.0,0.0,0.231,0.0,0.0,0.0,0.0,0.0,0.0,0.0,0.0,0.0,0.0,0.0,0.0,0.0,0.0,0.0,0.0,0.0,0.0,0.0,0.0,0.0,0.0,0.0,0.0,0.0,0.0,0.0,0.0,0.0,0.0,0.0
Ag53.8Ca30.8Mg15.4,10.1016/j.jallcom.2011.10.097,444.0,498.0,812.0,0.8,1.0,,0.5379999999999999,0.0,0.0,0.0,0.0,0.0,0.0,0.0,0.0,0.0,0.154,0.0,0.0,0.308,0.0,0.0,0.0,0.0,0.0,0.0,0.0,0.0,0.0,0.0,0.0,0.0,0.0,0.0,0.0,0.0,0.0,0.0,0.0,0.0,0.0,0.0,0.0,0.0,0.0,0.0,0.0,0.0,0.0,0.0,0.0
Ag6Al14Cu18La62,10.1016/j.jallcom.2006.07.109,406.0,457.0,736.0,,5.0,,0.06,0.14,0.0,0.18,0.0,0.0,0.0,0.0,0.0,0.0,0.0,0.0,0.62,0.0,0.0,0.0,0.0,0.0,0.0,0.0,0.0,0.0,0.0,0.0,0.0,0.0,0.0,0.0,0.0,0.0,0.0,0.0,0.0,0.0,0.0,0.0,0.0,0.0,0.0,0.0,0.0,0.0,0.0,0.0,0.0
Ag6Al6Cu44Zr44,10.1016/j.mseb.2007.09.064,698.0,790.0,1144.0,,10.0,,0.06,0.06,0.0,0.44,0.44,0.0,0.0,0.0,0.0,0.0,0.0,0.0,0.0,0.0,0.0,0.0,0.0,0.0,0.0,0.0,0.0,0.0,0.0,0.0,0.0,0.0,0.0,0.0,0.0,0.0,0.0,0.0,0.0,0.0,0.0,0.0,0.0,0.0,0.0,0.0,0.0,0.0,0.0,0.0,0.0
Ag6Be23Cu9Ni10Ti24Zr28,10.1016/j.jallcom.2018.11.299,633.0,682.0,1074.0,,14.0,,0.06,0.0,0.0,0.09,0.28,0.0,0.0,0.0,0.0,0.0,0.0,0.1,0.0,0.0,0.0,0.0,0.0,0.0,0.24,0.0,0.0,0.23,0.0,0.0,0.0,0.0,0.0,0.0,0.0,0.0,0.0,0.0,0.0,0.0,0.0,0.0,0.0,0.0,0.0,0.0,0.0,0.0,0.0,0.0,0.0
Ag6Be26Cu10Ti27Zr31,10.1016/j.jallcom.2018.11.299,620.0,675.0,1057.0,,14.0,,0.06,0.0,0.0,0.1,0.31,0.0,0.0,0.0,0.0,0.0,0.0,0.0,0.0,0.0,0.0,0.0,0.0,0.0,0.27,0.0,0.0,0.26,0.0,0.0,0.0,0.0,0.0,0.0,0.0,0.0,0.0,0.0,0.0,0.0,0.0,0.0,0.0,0.0,0.0,0.0,0.0,0.0,0.0,0.0,0.0
Ag6Cu54Ti7Zr33,10.1016/j.scriptamat.2005.11.077,709.0,738.0,1135.0,,6.0,,0.06,0.0,0.0,0.54,0.33,0.0,0.0,0.0,0.0,0.0,0.0,0.0,0.0,0.0,0.0,0.0,0.0,0.0,0.07,0.0,0.0,0.0,0.0,0.0,0.0,0.0,0.0,0.0,0.0,0.0,0.0,0.0,0.0,0.0,0.0,0.0,0.0,0.0,0.0,0.0,0.0,0.0,0.0,0.0,0.0
Ag6Gd10Mg69Ni15,10.1016/j.intermet.2010.11.029,439.0,475.0,757.0,,7.0,,0.06,0.0,0.0,0.0,0.0,0.0,0.0,0.0,0.0,0.1,0.69,0.15,0.0,0.0,0.0,0.0,0.0,0.0,0.0,0.0,0.0,0.0,0.0,0.0,0.0,0.0,0.0,0.0,0.0,0.0,0.0,0.0,0.0,0.0,0.0,0.0,0.0,0.0,0.0,0.0,0.0,0.0,0.0,0.0,0.0
Ag6.6Cu23Gd11Mg59.4,10.1038/ncomms10313,425.0,,700.0,,34.0,,0.066,0.0,0.0,0.23,0.0,0.0,0.0,0.0,0.0,0.11,0.594,0.0,0.0,0.0,0.0,0.0,0.0,0.0,0.0,0.0,0.0,0.0,0.0,0.0,0.0,0.0,0.0,0.0,0.0,0.0,0.0,0.0,0.0,0.0,0.0,0.0,0.0,0.0,0.0,0.0,0.0,0.0,0.0,0.0,0.0
Ag61.5Ca23.1Mg15.4,10.1016/j.jallcom.2011.10.097,486.0,526.0,920.0,0.7,1.0,,0.615,0.0,0.0,0.0,0.0,0.0,0.0,0.0,0.0,0.0,0.154,0.0,0.0,0.231,0.0,0.0,0.0,0.0,0.0,0.0,0.0,0.0,0.0,0.0,0.0,0.0,0.0,0.0,0.0,0.0,0.0,0.0,0.0,0.0,0.0,0.0,0.0,0.0,0.0,0.0,0.0,0.0,0.0,0.0,0.0
Ag7Al14Cu17La62,10.1016/j.jallcom.2006.07.109,406.0,458.0,739.0,,5.0,,0.07,0.14,0.0,0.17,0.0,0.0,0.0,0.0,0.0,0.0,0.0,0.0,0.62,0.0,0.0,0.0,0.0,0.0,0.0,0.0,0.0,0.0,0.0,0.0,0.0,0.0,0.0,0.0,0.0,0.0,0.0,0.0,0.0,0.0,0.0,0.0,0.0,0.0,0.0,0.0,0.0,0.0,0.0,0.0,0.0
Ag7Al18.6Co18.6Cu4.65Zr51.15,10.1016/j.jallcom.2011.01.078,753.0,806.0,1222.0,,14.0,,0.07,0.18600000000000003,0.18600000000000003,0.04650000000000001,0.5115,0.0,0.0,0.0,0.0,0.0,0.0,0.0,0.0,0.0,0.0,0.0,0.0,0.0,0.0,0.0,0.0,0.0,0.0,0.0,0.0,0.0,0.0,0.0,0.0,0.0,0.0,0.0,0.0,0.0,0.0,0.0,0.0,0.0,0.0,0.0,0.0,0.0,0.0,0.0,0.0
Ag7Al3Cu45Zr45,10.1016/j.mseb.2007.09.064,688.0,768.0,1151.0,,7.0,,0.07,0.03,0.0,0.45,0.45,0.0,0.0,0.0,0.0,0.0,0.0,0.0,0.0,0.0,0.0,0.0,0.0,0.0,0.0,0.0,0.0,0.0,0.0,0.0,0.0,0.0,0.0,0.0,0.0,0.0,0.0,0.0,0.0,0.0,0.0,0.0,0.0,0.0,0.0,0.0,0.0,0.0,0.0,0.0,0.0
Ag7Al7Cu43Zr43,10.1016/j.msea.2006.07.141,710.0,797.0,,,8.0,,0.07,0.07,0.0,0.43,0.43,0.0,0.0,0.0,0.0,0.0,0.0,0.0,0.0,0.0,0.0,0.0,0.0,0.0,0.0,0.0,0.0,0.0,0.0,0.0,0.0,0.0,0.0,0.0,0.0,0.0,0.0,0.0,0.0,0.0,0.0,0.0,0.0,0.0,0.0,0.0,0.0,0.0,0.0,0.0,0.0
Ag7Al9.3Cu21.39Fe4.65Zr57.66,10.1016/j.jallcom.2009.08.030,664.0,751.0,1191.0,,4.0,,0.07,0.09300000000000001,0.0,0.2139,0.5766,0.04650000000000001,0.0,0.0,0.0,0.0,0.0,0.0,0.0,0.0,0.0,0.0,0.0,0.0,0.0,0.0,0.0,0.0,0.0,0.0,0.0,0.0,0.0,0.0,0.0,0.0,0.0,0.0,0.0,0.0,0.0,0.0,0.0,0.0,0.0,0.0,0.0,0.0,0.0,0.0,0.0
Ag7Cu28Mg54Y11,10.1557/jmr.2006.0294,433.0,501.0,724.0,,16.0,,0.07,0.0,0.0,0.28,0.0,0.0,0.0,0.0,0.0,0.0,0.54,0.0,0.0,0.0,0.0,0.11,0.0,0.0,0.0,0.0,0.0,0.0,0.0,0.0,0.0,0.0,0.0,0.0,0.0,0.0,0.0,0.0,0.0,0.0,0.0,0.0,0.0,0.0,0.0,0.0,0.0,0.0,0.0,0.0,0.0
Ag7Cu43In7Zr43,10.1016/j.scriptamat.2007.10.001,704.0,748.0,1135.0,,5.0,,0.07,0.0,0.0,0.43,0.43,0.0,0.0,0.0,0.0,0.0,0.0,0.0,0.0,0.0,0.0,0.0,0.0,0.0,0.0,0.0,0.0,0.0,0.07,0.0,0.0,0.0,0.0,0.0,0.0,0.0,0.0,0.0,0.0,0.0,0.0,0.0,0.0,0.0,0.0,0.0,0.0,0.0,0.0,0.0,0.0
Ag7Cu43Ti10Zr40,10.1016/j.scriptamat.2007.10.001,656.0,707.0,1095.0,,7.0,,0.07,0.0,0.0,0.43,0.4,0.0,0.0,0.0,0.0,0.0,0.0,0.0,0.0,0.0,0.0,0.0,0.0,0.0,0.1,0.0,0.0,0.0,0.0,0.0,0.0,0.0,0.0,0.0,0.0,0.0,0.0,0.0,0.0,0.0,0.0,0.0,0.0,0.0,0.0,0.0,0.0,0.0,0.0,0.0,0.0
Ag7Cu43Ti7Zr43,10.1016/j.scriptamat.2007.10.001,670.0,714.0,1118.0,,5.0,,0.07,0.0,0.0,0.43,0.43,0.0,0.0,0.0,0.0,0.0,0.0,0.0,0.0,0.0,0.0,0.0,0.0,0.0,0.07,0.0,0.0,0.0,0.0,0.0,0.0,0.0,0.0,0.0,0.0,0.0,0.0,0.0,0.0,0.0,0.0,0.0,0.0,0.0,0.0,0.0,0.0,0.0,0.0,0.0,0.0
Ag7Cu43Zr50,10.1016/j.scriptamat.2007.10.001,669.0,727.0,1171.0,,4.0,,0.07,0.0,0.0,0.43,0.5,0.0,0.0,0.0,0.0,0.0,0.0,0.0,0.0,0.0,0.0,0.0,0.0,0.0,0.0,0.0,0.0,0.0,0.0,0.0,0.0,0.0,0.0,0.0,0.0,0.0,0.0,0.0,0.0,0.0,0.0,0.0,0.0,0.0,0.0,0.0,0.0,0.0,0.0,0.0,0.0
Ag7Cu57Zr36,10.1016/j.scriptamat.2007.10.001,712.0,755.0,1156.0,,4.0,,0.07,0.0,0.0,0.57,0.36,0.0,0.0,0.0,0.0,0.0,0.0,0.0,0.0,0.0,0.0,0.0,0.0,0.0,0.0,0.0,0.0,0.0,0.0,0.0,0.0,0.0,0.0,0.0,0.0,0.0,0.0,0.0,0.0,0.0,0.0,0.0,0.0,0.0,0.0,0.0,0.0,0.0,0.0,0.0,0.0
Ag7Gd10Mg68Ni15,10.1016/j.intermet.2010.11.029,437.0,473.0,747.0,,4.0,,0.07,0.0,0.0,0.0,0.0,0.0,0.0,0.0,0.0,0.1,0.68,0.15,0.0,0.0,0.0,0.0,0.0,0.0,0.0,0.0,0.0,0.0,0.0,0.0,0.0,0.0,0.0,0.0,0.0,0.0,0.0,0.0,0.0,0.0,0.0,0.0,0.0,0.0,0.0,0.0,0.0,0.0,0.0,0.0,0.0
Ag7.5Al17.5Cu20La55,10.2320/matertrans.48.68,425.0,498.0,852.0,,3.0,,0.075,0.175,0.0,0.2,0.0,0.0,0.0,0.0,0.0,0.0,0.0,0.0,0.55,0.0,0.0,0.0,0.0,0.0,0.0,0.0,0.0,0.0,0.0,0.0,0.0,0.0,0.0,0.0,0.0,0.0,0.0,0.0,0.0,0.0,0.0,0.0,0.0,0.0,0.0,0.0,0.0,0.0,0.0,0.0,0.0
Ag7.5Cu17.5Mg65Tb10,10.1016/j.intermet.2008.08.011,431.0,469.0,695.0,,8.0,,0.075,0.0,0.0,0.175,0.0,0.0,0.0,0.0,0.0,0.0,0.65,0.0,0.0,0.0,0.0,0.0,0.1,0.0,0.0,0.0,0.0,0.0,0.0,0.0,0.0,0.0,0.0,0.0,0.0,0.0,0.0,0.0,0.0,0.0,0.0,0.0,0.0,0.0,0.0,0.0,0.0,0.0,0.0,0.0,0.0
Ag7.6Al9Cu30.4Zr53,10.1016/j.actamat.2007.12.030,,,,,20.0,,0.076,0.09,0.0,0.304,0.53,0.0,0.0,0.0,0.0,0.0,0.0,0.0,0.0,0.0,0.0,0.0,0.0,0.0,0.0,0.0,0.0,0.0,0.0,0.0,0.0,0.0,0.0,0.0,0.0,0.0,0.0,0.0,0.0,0.0,0.0,0.0,0.0,0.0,0.0,0.0,0.0,0.0,0.0,0.0,0.0
Ag8Al14Cu16La62,10.1016/j.jallcom.2006.07.109,407.0,458.0,744.0,,5.0,,0.08,0.14,0.0,0.16,0.0,0.0,0.0,0.0,0.0,0.0,0.0,0.0,0.62,0.0,0.0,0.0,0.0,0.0,0.0,0.0,0.0,0.0,0.0,0.0,0.0,0.0,0.0,0.0,0.0,0.0,0.0,0.0,0.0,0.0,0.0,0.0,0.0,0.0,0.0,0.0,0.0,0.0,0.0,0.0,0.0
Ag8Al7Cu37Zr48,10.1016/j.jallcom.2006.06.088,698.0,765.0,1125.0,,10.0,,0.08,0.07,0.0,0.37,0.48,0.0,0.0,0.0,0.0,0.0,0.0,0.0,0.0,0.0,0.0,0.0,0.0,0.0,0.0,0.0,0.0,0.0,0.0,0.0,0.0,0.0,0.0,0.0,0.0,0.0,0.0,0.0,0.0,0.0,0.0,0.0,0.0,0.0,0.0,0.0,0.0,0.0,0.0,0.0,0.0
Ag8Al8Au2Cu36Zr46,10.1016/j.jallcom.2010.02.052,705.0,799.0,1153.0,,20.0,,0.08,0.08,0.0,0.36,0.46,0.0,0.0,0.0,0.0,0.0,0.0,0.0,0.0,0.0,0.0,0.0,0.0,0.0,0.0,0.02,0.0,0.0,0.0,0.0,0.0,0.0,0.0,0.0,0.0,0.0,0.0,0.0,0.0,0.0,0.0,0.0,0.0,0.0,0.0,0.0,0.0,0.0,0.0,0.0,0.0
Ag8Al8Au4Cu36Zr44,10.1016/j.jallcom.2010.02.052,713.0,806.0,1153.0,,20.0,,0.08,0.08,0.0,0.36,0.44,0.0,0.0,0.0,0.0,0.0,0.0,0.0,0.0,0.0,0.0,0.0,0.0,0.0,0.0,0.04,0.0,0.0,0.0,0.0,0.0,0.0,0.0,0.0,0.0,0.0,0.0,0.0,0.0,0.0,0.0,0.0,0.0,0.0,0.0,0.0,0.0,0.0,0.0,0.0,0.0
Ag8Al8Au6Cu36Zr42,10.1016/j.jallcom.2010.02.052,723.0,813.0,1159.0,,15.0,,0.08,0.08,0.0,0.36,0.42,0.0,0.0,0.0,0.0,0.0,0.0,0.0,0.0,0.0,0.0,0.0,0.0,0.0,0.0,0.06,0.0,0.0,0.0,0.0,0.0,0.0,0.0,0.0,0.0,0.0,0.0,0.0,0.0,0.0,0.0,0.0,0.0,0.0,0.0,0.0,0.0,0.0,0.0,0.0,0.0
Ag8Al8Cu34Pd2Zr48,10.2320/matertrans.MF200620,699.0,794.0,1140.0,,30.0,,0.08,0.08,0.0,0.34,0.48,0.0,0.0,0.02,0.0,0.0,0.0,0.0,0.0,0.0,0.0,0.0,0.0,0.0,0.0,0.0,0.0,0.0,0.0,0.0,0.0,0.0,0.0,0.0,0.0,0.0,0.0,0.0,0.0,0.0,0.0,0.0,0.0,0.0,0.0,0.0,0.0,0.0,0.0,0.0,0.0
Ag8Al8Cu34Zr50,10.1016/j.mseb.2007.09.064,,,1148.0,,15.0,,0.08,0.08,0.0,0.34,0.5,0.0,0.0,0.0,0.0,0.0,0.0,0.0,0.0,0.0,0.0,0.0,0.0,0.0,0.0,0.0,0.0,0.0,0.0,0.0,0.0,0.0,0.0,0.0,0.0,0.0,0.0,0.0,0.0,0.0,0.0,0.0,0.0,0.0,0.0,0.0,0.0,0.0,0.0,0.0,0.0
Ag8Al8Cu36Fe2Zr46,10.1016/j.jallcom.2010.02.052,705.0,806.0,1169.0,,10.0,,0.08,0.08,0.0,0.36,0.46,0.02,0.0,0.0,0.0,0.0,0.0,0.0,0.0,0.0,0.0,0.0,0.0,0.0,0.0,0.0,0.0,0.0,0.0,0.0,0.0,0.0,0.0,0.0,0.0,0.0,0.0,0.0,0.0,0.0,0.0,0.0,0.0,0.0,0.0,0.0,0.0,0.0,0.0,0.0,0.0
Ag8Al8Cu36Fe4Zr44,10.1016/j.jallcom.2010.02.052,706.0,799.0,1213.0,,9.0,,0.08,0.08,0.0,0.36,0.44,0.04,0.0,0.0,0.0,0.0,0.0,0.0,0.0,0.0,0.0,0.0,0.0,0.0,0.0,0.0,0.0,0.0,0.0,0.0,0.0,0.0,0.0,0.0,0.0,0.0,0.0,0.0,0.0,0.0,0.0,0.0,0.0,0.0,0.0,0.0,0.0,0.0,0.0,0.0,0.0
Ag8Al8Cu36Fe6Zr42,10.1016/j.jallcom.2010.02.052,708.0,797.0,1238.0,,4.0,,0.08,0.08,0.0,0.36,0.42,0.06,0.0,0.0,0.0,0.0,0.0,0.0,0.0,0.0,0.0,0.0,0.0,0.0,0.0,0.0,0.0,0.0,0.0,0.0,0.0,0.0,0.0,0.0,0.0,0.0,0.0,0.0,0.0,0.0,0.0,0.0,0.0,0.0,0.0,0.0,0.0,0.0,0.0,0.0,0.0
Ag8Al8Cu36Hf2Zr46,10.1016/j.jallcom.2010.02.052,692.0,794.0,1147.0,,20.0,,0.08,0.08,0.0,0.36,0.46,0.0,0.0,0.0,0.0,0.0,0.0,0.0,0.0,0.0,0.0,0.0,0.0,0.02,0.0,0.0,0.0,0.0,0.0,0.0,0.0,0.0,0.0,0.0,0.0,0.0,0.0,0.0,0.0,0.0,0.0,0.0,0.0,0.0,0.0,0.0,0.0,0.0,0.0,0.0,0.0
Ag8Al8Cu36Hf4Zr44,10.1016/j.jallcom.2010.02.052,694.0,795.0,1155.0,,20.0,,0.08,0.08,0.0,0.36,0.44,0.0,0.0,0.0,0.0,0.0,0.0,0.0,0.0,0.0,0.0,0.0,0.0,0.04,0.0,0.0,0.0,0.0,0.0,0.0,0.0,0.0,0.0,0.0,0.0,0.0,0.0,0.0,0.0,0.0,0.0,0.0,0.0,0.0,0.0,0.0,0.0,0.0,0.0,0.0,0.0
Ag8Al8Cu36Nb2Zr46,10.1016/j.jallcom.2010.02.052,707.0,765.0,1150.0,,10.0,,0.08,0.08,0.0,0.36,0.46,0.0,0.0,0.0,0.0,0.0,0.0,0.0,0.0,0.0,0.0,0.0,0.0,0.0,0.0,0.0,0.0,0.0,0.0,0.02,0.0,0.0,0.0,0.0,0.0,0.0,0.0,0.0,0.0,0.0,0.0,0.0,0.0,0.0,0.0,0.0,0.0,0.0,0.0,0.0,0.0
Ag8Al8Cu36Nb4Zr44,10.1016/j.jallcom.2010.02.052,709.0,759.0,1209.0,,9.0,,0.08,0.08,0.0,0.36,0.44,0.0,0.0,0.0,0.0,0.0,0.0,0.0,0.0,0.0,0.0,0.0,0.0,0.0,0.0,0.0,0.0,0.0,0.0,0.04,0.0,0.0,0.0,0.0,0.0,0.0,0.0,0.0,0.0,0.0,0.0,0.0,0.0,0.0,0.0,0.0,0.0,0.0,0.0,0.0,0.0
Ag8Al8Cu36Ni2Zr46,10.1016/j.jallcom.2010.02.052,687.0,797.0,1131.0,,25.0,,0.08,0.08,0.0,0.36,0.46,0.0,0.0,0.0,0.0,0.0,0.0,0.02,0.0,0.0,0.0,0.0,0.0,0.0,0.0,0.0,0.0,0.0,0.0,0.0,0.0,0.0,0.0,0.0,0.0,0.0,0.0,0.0,0.0,0.0,0.0,0.0,0.0,0.0,0.0,0.0,0.0,0.0,0.0,0.0,0.0
Ag8Al8Cu36Ni4Zr44,10.1016/j.jallcom.2010.02.052,693.0,788.0,1129.0,,30.0,,0.08,0.08,0.0,0.36,0.44,0.0,0.0,0.0,0.0,0.0,0.0,0.04,0.0,0.0,0.0,0.0,0.0,0.0,0.0,0.0,0.0,0.0,0.0,0.0,0.0,0.0,0.0,0.0,0.0,0.0,0.0,0.0,0.0,0.0,0.0,0.0,0.0,0.0,0.0,0.0,0.0,0.0,0.0,0.0,0.0
Ag8Al8Cu36Ni6Zr42,10.1016/j.jallcom.2010.02.052,695.0,779.0,1131.0,,25.0,,0.08,0.08,0.0,0.36,0.42,0.0,0.0,0.0,0.0,0.0,0.0,0.06,0.0,0.0,0.0,0.0,0.0,0.0,0.0,0.0,0.0,0.0,0.0,0.0,0.0,0.0,0.0,0.0,0.0,0.0,0.0,0.0,0.0,0.0,0.0,0.0,0.0,0.0,0.0,0.0,0.0,0.0,0.0,0.0,0.0
Ag8Al8Cu36Pd2Zr46,10.1016/j.jallcom.2010.02.052,699.0,794.0,1140.0,,30.0,,0.08,0.08,0.0,0.36,0.46,0.0,0.0,0.02,0.0,0.0,0.0,0.0,0.0,0.0,0.0,0.0,0.0,0.0,0.0,0.0,0.0,0.0,0.0,0.0,0.0,0.0,0.0,0.0,0.0,0.0,0.0,0.0,0.0,0.0,0.0,0.0,0.0,0.0,0.0,0.0,0.0,0.0,0.0,0.0,0.0
Ag8Al8Cu36Pd4Zr44,10.1016/j.jallcom.2010.02.052,705.0,795.0,1153.0,,25.0,,0.08,0.08,0.0,0.36,0.44,0.0,0.0,0.04,0.0,0.0,0.0,0.0,0.0,0.0,0.0,0.0,0.0,0.0,0.0,0.0,0.0,0.0,0.0,0.0,0.0,0.0,0.0,0.0,0.0,0.0,0.0,0.0,0.0,0.0,0.0,0.0,0.0,0.0,0.0,0.0,0.0,0.0,0.0,0.0,0.0
Ag8Al8Cu36Pd6Zr42,10.1016/j.jallcom.2010.02.052,709.0,796.0,1155.0,,20.0,,0.08,0.08,0.0,0.36,0.42,0.0,0.0,0.06,0.0,0.0,0.0,0.0,0.0,0.0,0.0,0.0,0.0,0.0,0.0,0.0,0.0,0.0,0.0,0.0,0.0,0.0,0.0,0.0,0.0,0.0,0.0,0.0,0.0,0.0,0.0,0.0,0.0,0.0,0.0,0.0,0.0,0.0,0.0,0.0,0.0
Ag8Al8Cu36Ti2Zr46,10.1016/j.jallcom.2010.02.052,696.0,750.0,1145.0,,10.0,,0.08,0.08,0.0,0.36,0.46,0.0,0.0,0.0,0.0,0.0,0.0,0.0,0.0,0.0,0.0,0.0,0.0,0.0,0.02,0.0,0.0,0.0,0.0,0.0,0.0,0.0,0.0,0.0,0.0,0.0,0.0,0.0,0.0,0.0,0.0,0.0,0.0,0.0,0.0,0.0,0.0,0.0,0.0,0.0,0.0
Ag8Al8Cu36Ti4Zr44,10.1016/j.jallcom.2010.02.052,700.0,738.0,1181.0,,9.0,,0.08,0.08,0.0,0.36,0.44,0.0,0.0,0.0,0.0,0.0,0.0,0.0,0.0,0.0,0.0,0.0,0.0,0.0,0.04,0.0,0.0,0.0,0.0,0.0,0.0,0.0,0.0,0.0,0.0,0.0,0.0,0.0,0.0,0.0,0.0,0.0,0.0,0.0,0.0,0.0,0.0,0.0,0.0,0.0,0.0
Ag8Al8Cu36Ti6Zr42,10.1016/j.jallcom.2010.02.052,704.0,731.0,1212.0,,4.0,,0.08,0.08,0.0,0.36,0.42,0.0,0.0,0.0,0.0,0.0,0.0,0.0,0.0,0.0,0.0,0.0,0.0,0.0,0.06,0.0,0.0,0.0,0.0,0.0,0.0,0.0,0.0,0.0,0.0,0.0,0.0,0.0,0.0,0.0,0.0,0.0,0.0,0.0,0.0,0.0,0.0,0.0,0.0,0.0,0.0
Ag8Al8Cu36Zr48,10.1002/adem.200800130,683.0,791.0,,,25.0,,0.08,0.08,0.0,0.36,0.48,0.0,0.0,0.0,0.0,0.0,0.0,0.0,0.0,0.0,0.0,0.0,0.0,0.0,0.0,0.0,0.0,0.0,0.0,0.0,0.0,0.0,0.0,0.0,0.0,0.0,0.0,0.0,0.0,0.0,0.0,0.0,0.0,0.0,0.0,0.0,0.0,0.0,0.0,0.0,0.0
Ag8Al8Cu38Zr46,10.1002/adem.200800130,692.0,795.0,1145.0,,20.0,,0.08,0.08,0.0,0.38,0.46,0.0,0.0,0.0,0.0,0.0,0.0,0.0,0.0,0.0,0.0,0.0,0.0,0.0,0.0,0.0,0.0,0.0,0.0,0.0,0.0,0.0,0.0,0.0,0.0,0.0,0.0,0.0,0.0,0.0,0.0,0.0,0.0,0.0,0.0,0.0,0.0,0.0,0.0,0.0,0.0
Ag8Al8Cu40Zr44,10.1016/j.mseb.2007.09.064,693.0,791.0,1176.0,,15.0,,0.08,0.08,0.0,0.4,0.44,0.0,0.0,0.0,0.0,0.0,0.0,0.0,0.0,0.0,0.0,0.0,0.0,0.0,0.0,0.0,0.0,0.0,0.0,0.0,0.0,0.0,0.0,0.0,0.0,0.0,0.0,0.0,0.0,0.0,0.0,0.0,0.0,0.0,0.0,0.0,0.0,0.0,0.0,0.0,0.0
Ag8Al8Cu42Zr42,10.1557/JMR.2008.0183,705.0,780.0,1213.0,,12.0,,0.08,0.08,0.0,0.42,0.42,0.0,0.0,0.0,0.0,0.0,0.0,0.0,0.0,0.0,0.0,0.0,0.0,0.0,0.0,0.0,0.0,0.0,0.0,0.0,0.0,0.0,0.0,0.0,0.0,0.0,0.0,0.0,0.0,0.0,0.0,0.0,0.0,0.0,0.0,0.0,0.0,0.0,0.0,0.0,0.0
Ag8Al9Cu32Zr51,10.1016/j.actamat.2007.12.030,,,,,20.0,,0.08,0.09,0.0,0.32,0.51,0.0,0.0,0.0,0.0,0.0,0.0,0.0,0.0,0.0,0.0,0.0,0.0,0.0,0.0,0.0,0.0,0.0,0.0,0.0,0.0,0.0,0.0,0.0,0.0,0.0,0.0,0.0,0.0,0.0,0.0,0.0,0.0,0.0,0.0,0.0,0.0,0.0,0.0,0.0,0.0
Ag8Cu46Zr46,10.1016/j.msea.2007.02.001,677.0,745.0,1167.0,,4.0,,0.08,0.0,0.0,0.46,0.46,0.0,0.0,0.0,0.0,0.0,0.0,0.0,0.0,0.0,0.0,0.0,0.0,0.0,0.0,0.0,0.0,0.0,0.0,0.0,0.0,0.0,0.0,0.0,0.0,0.0,0.0,0.0,0.0,0.0,0.0,0.0,0.0,0.0,0.0,0.0,0.0,0.0,0.0,0.0,0.0
Ag8.36Al8Be10Cu27.64Zr46,10.1016/j.jallcom.2011.02.107 ,697.0,813.0,1129.0,,35.0,,0.0836,0.08,0.0,0.2764,0.46,0.0,0.0,0.0,0.0,0.0,0.0,0.0,0.0,0.0,0.0,0.0,0.0,0.0,0.0,0.0,0.0,0.1,0.0,0.0,0.0,0.0,0.0,0.0,0.0,0.0,0.0,0.0,0.0,0.0,0.0,0.0,0.0,0.0,0.0,0.0,0.0,0.0,0.0,0.0,0.0
Ag8.4Al8Cu33.6Zr50,10.1016/j.actamat.2007.12.030,,,,,20.0,,0.084,0.08,0.0,0.336,0.5,0.0,0.0,0.0,0.0,0.0,0.0,0.0,0.0,0.0,0.0,0.0,0.0,0.0,0.0,0.0,0.0,0.0,0.0,0.0,0.0,0.0,0.0,0.0,0.0,0.0,0.0,0.0,0.0,0.0,0.0,0.0,0.0,0.0,0.0,0.0,0.0,0.0,0.0,0.0,0.0
Ag8.7Al8.7Cu41.3Zr41.3,10.1007/s10973-018-7050-0,690.0,784.0,1148.0,,20.0,,0.087,0.087,0.0,0.413,0.413,0.0,0.0,0.0,0.0,0.0,0.0,0.0,0.0,0.0,0.0,0.0,0.0,0.0,0.0,0.0,0.0,0.0,0.0,0.0,0.0,0.0,0.0,0.0,0.0,0.0,0.0,0.0,0.0,0.0,0.0,0.0,0.0,0.0,0.0,0.0,0.0,0.0,0.0,0.0,0.0
Ag8.7Cu20.3Er10Mg61,10.1016/j.msea.2008.10.008,,,,,10.0,,0.087,0.0,0.0,0.203,0.0,0.0,0.0,0.0,0.0,0.0,0.61,0.0,0.0,0.0,0.1,0.0,0.0,0.0,0.0,0.0,0.0,0.0,0.0,0.0,0.0,0.0,0.0,0.0,0.0,0.0,0.0,0.0,0.0,0.0,0.0,0.0,0.0,0.0,0.0,0.0,0.0,0.0,0.0,0.0,0.0
Ag8.8Al8Cu35.2Zr48,10.1016/j.actamat.2007.12.030,,,,,20.0,,0.08800000000000001,0.08,0.0,0.35200000000000004,0.48,0.0,0.0,0.0,0.0,0.0,0.0,0.0,0.0,0.0,0.0,0.0,0.0,0.0,0.0,0.0,0.0,0.0,0.0,0.0,0.0,0.0,0.0,0.0,0.0,0.0,0.0,0.0,0.0,0.0,0.0,0.0,0.0,0.0,0.0,0.0,0.0,0.0,0.0,0.0,0.0
Ag9.6Al7Cu38.4Zr45,10.1016/j.actamat.2007.12.030,,,,,20.0,,0.096,0.07,0.0,0.384,0.45,0.0,0.0,0.0,0.0,0.0,0.0,0.0,0.0,0.0,0.0,0.0,0.0,0.0,0.0,0.0,0.0,0.0,0.0,0.0,0.0,0.0,0.0,0.0,0.0,0.0,0.0,0.0,0.0,0.0,0.0,0.0,0.0,0.0,0.0,0.0,0.0,0.0,0.0,0.0,0.0
Ag9.83Cu19.67Er10Mg60.5,10.1016/j.msea.2008.10.008,426.5,475.3,766.7,,11.0,,0.0983,0.0,0.0,0.1967,0.0,0.0,0.0,0.0,0.0,0.0,0.605,0.0,0.0,0.0,0.1,0.0,0.0,0.0,0.0,0.0,0.0,0.0,0.0,0.0,0.0,0.0,0.0,0.0,0.0,0.0,0.0,0.0,0.0,0.0,0.0,0.0,0.0,0.0,0.0,0.0,0.0,0.0,0.0,0.0,0.0
Al1B15Co6Fe61Mo7Y2Zr8,10.1016/j.jallcom.2008.07.087,,,1495.0,,5.0,,0.0,0.01,0.06,0.0,0.08,0.61,0.0,0.0,0.0,0.0,0.0,0.0,0.0,0.0,0.0,0.02,0.0,0.0,0.0,0.0,0.0,0.0,0.0,0.0,0.15,0.07,0.0,0.0,0.0,0.0,0.0,0.0,0.0,0.0,0.0,0.0,0.0,0.0,0.0,0.0,0.0,0.0,0.0,0.0,0.0
Al1Cu54Hf25Ti20,10.1002/adem0.200700048,730.0,761.0,1168.0,,4.0,,0.0,0.01,0.0,0.54,0.0,0.0,0.0,0.0,0.0,0.0,0.0,0.0,0.0,0.0,0.0,0.0,0.0,0.25,0.2,0.0,0.0,0.0,0.0,0.0,0.0,0.0,0.0,0.0,0.0,0.0,0.0,0.0,0.0,0.0,0.0,0.0,0.0,0.0,0.0,0.0,0.0,0.0,0.0,0.0,0.0
Al10B2Ce68Cu20,10.1016/j.actamat.2006.02.044,346.0,393.0,731.0,,2.0,,0.0,0.1,0.0,0.2,0.0,0.0,0.0,0.0,0.0,0.0,0.0,0.0,0.0,0.0,0.0,0.0,0.0,0.0,0.0,0.0,0.0,0.0,0.0,0.0,0.02,0.0,0.68,0.0,0.0,0.0,0.0,0.0,0.0,0.0,0.0,0.0,0.0,0.0,0.0,0.0,0.0,0.0,0.0,0.0,0.0
Al10Bi2Ce70Cu18,10.1016/j.actamat.2006.02.044,348.0,408.0,708.0,,1.0,,0.0,0.1,0.0,0.18,0.0,0.0,0.0,0.0,0.0,0.0,0.0,0.0,0.0,0.0,0.0,0.0,0.0,0.0,0.0,0.0,0.0,0.0,0.0,0.0,0.0,0.0,0.7,0.02,0.0,0.0,0.0,0.0,0.0,0.0,0.0,0.0,0.0,0.0,0.0,0.0,0.0,0.0,0.0,0.0,0.0
Al10C2Ce68Cu20,10.1016/j.actamat.2006.02.044,352.0,406.0,723.0,,2.0,,0.0,0.1,0.0,0.2,0.0,0.0,0.0,0.0,0.0,0.0,0.0,0.0,0.0,0.0,0.0,0.0,0.0,0.0,0.0,0.0,0.0,0.0,0.0,0.0,0.0,0.0,0.68,0.0,0.02,0.0,0.0,0.0,0.0,0.0,0.0,0.0,0.0,0.0,0.0,0.0,0.0,0.0,0.0,0.0,0.0
Al10Ca50Cu20Mg20,10.1007/s11661-007-9255-x,411.0,441.0,731.0,,1.0,,0.0,0.1,0.0,0.2,0.0,0.0,0.0,0.0,0.0,0.0,0.2,0.0,0.0,0.5,0.0,0.0,0.0,0.0,0.0,0.0,0.0,0.0,0.0,0.0,0.0,0.0,0.0,0.0,0.0,0.0,0.0,0.0,0.0,0.0,0.0,0.0,0.0,0.0,0.0,0.0,0.0,0.0,0.0,0.0,0.0
Al10Ca55Mg20Zn15,10.1007/s11661-007-9255-x,403.0,469.0,773.0,,3.5,,0.0,0.1,0.0,0.0,0.0,0.0,0.0,0.0,0.0,0.0,0.2,0.0,0.0,0.55,0.0,0.0,0.0,0.0,0.0,0.0,0.15,0.0,0.0,0.0,0.0,0.0,0.0,0.0,0.0,0.0,0.0,0.0,0.0,0.0,0.0,0.0,0.0,0.0,0.0,0.0,0.0,0.0,0.0,0.0,0.0
Al10Ca60Cu10Mg20,10.1007/s11661-007-9255-x,408.0,442.0,817.0,,2.0,,0.0,0.1,0.0,0.1,0.0,0.0,0.0,0.0,0.0,0.0,0.2,0.0,0.0,0.6,0.0,0.0,0.0,0.0,0.0,0.0,0.0,0.0,0.0,0.0,0.0,0.0,0.0,0.0,0.0,0.0,0.0,0.0,0.0,0.0,0.0,0.0,0.0,0.0,0.0,0.0,0.0,0.0,0.0,0.0,0.0
Al10Ca60Mg20Zn10,10.1007/s11661-007-9255-x,403.0,449.0,,,6.0,,0.0,0.1,0.0,0.0,0.0,0.0,0.0,0.0,0.0,0.0,0.2,0.0,0.0,0.6,0.0,0.0,0.0,0.0,0.0,0.0,0.1,0.0,0.0,0.0,0.0,0.0,0.0,0.0,0.0,0.0,0.0,0.0,0.0,0.0,0.0,0.0,0.0,0.0,0.0,0.0,0.0,0.0,0.0,0.0,0.0
Al10Ca75Mg15,10.2320/matertrans.MJ200731,403.0,425.0,744.0,,0.5,,0.0,0.1,0.0,0.0,0.0,0.0,0.0,0.0,0.0,0.0,0.15,0.0,0.0,0.75,0.0,0.0,0.0,0.0,0.0,0.0,0.0,0.0,0.0,0.0,0.0,0.0,0.0,0.0,0.0,0.0,0.0,0.0,0.0,0.0,0.0,0.0,0.0,0.0,0.0,0.0,0.0,0.0,0.0,0.0,0.0
Al10Ce13Co25La52,10.1007/s10973-018-7050-0,439.0,476.0,869.0,,12.0,,0.0,0.1,0.25,0.0,0.0,0.0,0.0,0.0,0.0,0.0,0.0,0.0,0.52,0.0,0.0,0.0,0.0,0.0,0.0,0.0,0.0,0.0,0.0,0.0,0.0,0.0,0.13,0.0,0.0,0.0,0.0,0.0,0.0,0.0,0.0,0.0,0.0,0.0,0.0,0.0,0.0,0.0,0.0,0.0,0.0
Al10Ce19.5Co25La45.5,10.1007/s10973-018-7050-0,437.0,472.0,850.0,,25.0,,0.0,0.1,0.25,0.0,0.0,0.0,0.0,0.0,0.0,0.0,0.0,0.0,0.455,0.0,0.0,0.0,0.0,0.0,0.0,0.0,0.0,0.0,0.0,0.0,0.0,0.0,0.195,0.0,0.0,0.0,0.0,0.0,0.0,0.0,0.0,0.0,0.0,0.0,0.0,0.0,0.0,0.0,0.0,0.0,0.0
Al10Ce26Co25La39,10.1007/s10973-018-7050-0,437.0,467.0,835.0,,20.0,,0.0,0.1,0.25,0.0,0.0,0.0,0.0,0.0,0.0,0.0,0.0,0.0,0.39,0.0,0.0,0.0,0.0,0.0,0.0,0.0,0.0,0.0,0.0,0.0,0.0,0.0,0.26,0.0,0.0,0.0,0.0,0.0,0.0,0.0,0.0,0.0,0.0,0.0,0.0,0.0,0.0,0.0,0.0,0.0,0.0
Al10Ce27.5Co35La27.5,10.1016/j.actamat.2007.02.026,461.0,514.0,1021.0,,3.0,,0.0,0.1,0.35,0.0,0.0,0.0,0.0,0.0,0.0,0.0,0.0,0.0,0.275,0.0,0.0,0.0,0.0,0.0,0.0,0.0,0.0,0.0,0.0,0.0,0.0,0.0,0.275,0.0,0.0,0.0,0.0,0.0,0.0,0.0,0.0,0.0,0.0,0.0,0.0,0.0,0.0,0.0,0.0,0.0,0.0
Al10Ce27.5Cu35La27.5,10.1142/S0217979209060749,395.0,433.0,807.0,,2.0,,0.0,0.1,0.0,0.35,0.0,0.0,0.0,0.0,0.0,0.0,0.0,0.0,0.275,0.0,0.0,0.0,0.0,0.0,0.0,0.0,0.0,0.0,0.0,0.0,0.0,0.0,0.275,0.0,0.0,0.0,0.0,0.0,0.0,0.0,0.0,0.0,0.0,0.0,0.0,0.0,0.0,0.0,0.0,0.0,0.0
Al10Ce30Co30La30,10.1016/j.actamat.2007.02.026,448.0,478.0,902.0,,9.0,,0.0,0.1,0.3,0.0,0.0,0.0,0.0,0.0,0.0,0.0,0.0,0.0,0.3,0.0,0.0,0.0,0.0,0.0,0.0,0.0,0.0,0.0,0.0,0.0,0.0,0.0,0.3,0.0,0.0,0.0,0.0,0.0,0.0,0.0,0.0,0.0,0.0,0.0,0.0,0.0,0.0,0.0,0.0,0.0,0.0
Al10Ce30Cu30La30,10.1142/S0217979209060749,381.0,432.0,760.0,,5.0,,0.0,0.1,0.0,0.3,0.0,0.0,0.0,0.0,0.0,0.0,0.0,0.0,0.3,0.0,0.0,0.0,0.0,0.0,0.0,0.0,0.0,0.0,0.0,0.0,0.0,0.0,0.3,0.0,0.0,0.0,0.0,0.0,0.0,0.0,0.0,0.0,0.0,0.0,0.0,0.0,0.0,0.0,0.0,0.0,0.0
Al10Ce32.5Co25La32.5,10.1007/s10973-018-7050-0,427.0,453.0,776.0,,15.0,,0.0,0.1,0.25,0.0,0.0,0.0,0.0,0.0,0.0,0.0,0.0,0.0,0.325,0.0,0.0,0.0,0.0,0.0,0.0,0.0,0.0,0.0,0.0,0.0,0.0,0.0,0.325,0.0,0.0,0.0,0.0,0.0,0.0,0.0,0.0,0.0,0.0,0.0,0.0,0.0,0.0,0.0,0.0,0.0,0.0
Al10Ce32.5Co25La32.5,10.1016/j.actamat.2007.02.026,,,,,12.0,,0.0,0.1,0.25,0.0,0.0,0.0,0.0,0.0,0.0,0.0,0.0,0.0,0.325,0.0,0.0,0.0,0.0,0.0,0.0,0.0,0.0,0.0,0.0,0.0,0.0,0.0,0.325,0.0,0.0,0.0,0.0,0.0,0.0,0.0,0.0,0.0,0.0,0.0,0.0,0.0,0.0,0.0,0.0,0.0,0.0
Al10Ce32.5Cu25La32.5,10.1142/S0217979209060749,360.0,440.0,701.0,,8.0,,0.0,0.1,0.0,0.25,0.0,0.0,0.0,0.0,0.0,0.0,0.0,0.0,0.325,0.0,0.0,0.0,0.0,0.0,0.0,0.0,0.0,0.0,0.0,0.0,0.0,0.0,0.325,0.0,0.0,0.0,0.0,0.0,0.0,0.0,0.0,0.0,0.0,0.0,0.0,0.0,0.0,0.0,0.0,0.0,0.0
Al10Ce35Co20La35,10.1142/S0217979209060749,414.0,434.0,744.0,,4.0,,0.0,0.1,0.2,0.0,0.0,0.0,0.0,0.0,0.0,0.0,0.0,0.0,0.35,0.0,0.0,0.0,0.0,0.0,0.0,0.0,0.0,0.0,0.0,0.0,0.0,0.0,0.35,0.0,0.0,0.0,0.0,0.0,0.0,0.0,0.0,0.0,0.0,0.0,0.0,0.0,0.0,0.0,0.0,0.0,0.0
Al10Ce35Cu20La35,10.1016/j.actamat.2007.02.026,366.0,406.0,697.0,,5.0,,0.0,0.1,0.0,0.2,0.0,0.0,0.0,0.0,0.0,0.0,0.0,0.0,0.35,0.0,0.0,0.0,0.0,0.0,0.0,0.0,0.0,0.0,0.0,0.0,0.0,0.0,0.35,0.0,0.0,0.0,0.0,0.0,0.0,0.0,0.0,0.0,0.0,0.0,0.0,0.0,0.0,0.0,0.0,0.0,0.0
Al10Ce37.5Cu15La37.5,10.1142/S0217979209060749,432.0,463.0,862.0,,2.0,,0.0,0.1,0.0,0.15,0.0,0.0,0.0,0.0,0.0,0.0,0.0,0.0,0.375,0.0,0.0,0.0,0.0,0.0,0.0,0.0,0.0,0.0,0.0,0.0,0.0,0.0,0.375,0.0,0.0,0.0,0.0,0.0,0.0,0.0,0.0,0.0,0.0,0.0,0.0,0.0,0.0,0.0,0.0,0.0,0.0
Al10Ce39Co25La26,10.1007/s10973-018-7050-0,425.0,448.0,789.0,,12.0,,0.0,0.1,0.25,0.0,0.0,0.0,0.0,0.0,0.0,0.0,0.0,0.0,0.26,0.0,0.0,0.0,0.0,0.0,0.0,0.0,0.0,0.0,0.0,0.0,0.0,0.0,0.39,0.0,0.0,0.0,0.0,0.0,0.0,0.0,0.0,0.0,0.0,0.0,0.0,0.0,0.0,0.0,0.0,0.0,0.0
Al10Ce45.5Co25La19.5,10.1007/s10973-018-7050-0,416.0,436.0,778.0,,9.0,,0.0,0.1,0.25,0.0,0.0,0.0,0.0,0.0,0.0,0.0,0.0,0.0,0.195,0.0,0.0,0.0,0.0,0.0,0.0,0.0,0.0,0.0,0.0,0.0,0.0,0.0,0.455,0.0,0.0,0.0,0.0,0.0,0.0,0.0,0.0,0.0,0.0,0.0,0.0,0.0,0.0,0.0,0.0,0.0,0.0
Al10Ce52Co25La13,10.1016/j.actamat.2007.02.026,414.0,432.0,770.0,,6.0,,0.0,0.1,0.25,0.0,0.0,0.0,0.0,0.0,0.0,0.0,0.0,0.0,0.13,0.0,0.0,0.0,0.0,0.0,0.0,0.0,0.0,0.0,0.0,0.0,0.0,0.0,0.52,0.0,0.0,0.0,0.0,0.0,0.0,0.0,0.0,0.0,0.0,0.0,0.0,0.0,0.0,0.0,0.0,0.0,0.0
Al10Ce57.6Cu22.4Fe10,10.2320/matertrans.46.2541,377.0,465.0,649.0,,10.0,,0.0,0.1,0.0,0.22399999999999998,0.0,0.1,0.0,0.0,0.0,0.0,0.0,0.0,0.0,0.0,0.0,0.0,0.0,0.0,0.0,0.0,0.0,0.0,0.0,0.0,0.0,0.0,0.5760000000000001,0.0,0.0,0.0,0.0,0.0,0.0,0.0,0.0,0.0,0.0,0.0,0.0,0.0,0.0,0.0,0.0,0.0,0.0
Al10Ce57.6Cu22.4Zn10,10.2320/matertrans.47.2599,402.0,463.0,,,4.0,,0.0,0.1,0.0,0.22399999999999998,0.0,0.0,0.0,0.0,0.0,0.0,0.0,0.0,0.0,0.0,0.0,0.0,0.0,0.0,0.0,0.0,0.1,0.0,0.0,0.0,0.0,0.0,0.5760000000000001,0.0,0.0,0.0,0.0,0.0,0.0,0.0,0.0,0.0,0.0,0.0,0.0,0.0,0.0,0.0,0.0,0.0,0.0
Al10Ce58.5Co25La6.5,10.1016/j.actamat.2007.02.026,408.0,426.0,764.0,,4.0,,0.0,0.1,0.25,0.0,0.0,0.0,0.0,0.0,0.0,0.0,0.0,0.0,0.065,0.0,0.0,0.0,0.0,0.0,0.0,0.0,0.0,0.0,0.0,0.0,0.0,0.0,0.585,0.0,0.0,0.0,0.0,0.0,0.0,0.0,0.0,0.0,0.0,0.0,0.0,0.0,0.0,0.0,0.0,0.0,0.0
Al10Ce59.4Cu23.1Fe7.5,10.2320/matertrans.46.2541,369.0,452.0,650.0,,8.0,,0.0,0.1,0.0,0.231,0.0,0.075,0.0,0.0,0.0,0.0,0.0,0.0,0.0,0.0,0.0,0.0,0.0,0.0,0.0,0.0,0.0,0.0,0.0,0.0,0.0,0.0,0.594,0.0,0.0,0.0,0.0,0.0,0.0,0.0,0.0,0.0,0.0,0.0,0.0,0.0,0.0,0.0,0.0,0.0,0.0
Al10Ce59.4Cu23.1Zn7.5,10.2320/matertrans.47.2599,394.0,467.0,697.0,,6.0,,0.0,0.1,0.0,0.231,0.0,0.0,0.0,0.0,0.0,0.0,0.0,0.0,0.0,0.0,0.0,0.0,0.0,0.0,0.0,0.0,0.075,0.0,0.0,0.0,0.0,0.0,0.594,0.0,0.0,0.0,0.0,0.0,0.0,0.0,0.0,0.0,0.0,0.0,0.0,0.0,0.0,0.0,0.0,0.0,0.0
Al10Ce6.5Co25La58.5,10.1016/j.actamat.2007.02.026,,474.0,937.0,,6.0,,0.0,0.1,0.25,0.0,0.0,0.0,0.0,0.0,0.0,0.0,0.0,0.0,0.585,0.0,0.0,0.0,0.0,0.0,0.0,0.0,0.0,0.0,0.0,0.0,0.0,0.0,0.065,0.0,0.0,0.0,0.0,0.0,0.0,0.0,0.0,0.0,0.0,0.0,0.0,0.0,0.0,0.0,0.0,0.0,0.0
Al10Ce60Cu20Ni10,10.1016/j.actamat.2006.02.044,374.0,441.0,672.0,,1.0,,0.0,0.1,0.0,0.2,0.0,0.0,0.0,0.0,0.0,0.0,0.0,0.1,0.0,0.0,0.0,0.0,0.0,0.0,0.0,0.0,0.0,0.0,0.0,0.0,0.0,0.0,0.6,0.0,0.0,0.0,0.0,0.0,0.0,0.0,0.0,0.0,0.0,0.0,0.0,0.0,0.0,0.0,0.0,0.0,0.0
Al10Ce61.2Cu23.8Fe5,10.2320/matertrans.46.2541,361.0,437.0,652.0,,6.0,,0.0,0.1,0.0,0.23800000000000002,0.0,0.05,0.0,0.0,0.0,0.0,0.0,0.0,0.0,0.0,0.0,0.0,0.0,0.0,0.0,0.0,0.0,0.0,0.0,0.0,0.0,0.0,0.612,0.0,0.0,0.0,0.0,0.0,0.0,0.0,0.0,0.0,0.0,0.0,0.0,0.0,0.0,0.0,0.0,0.0,0.0
Al10Ce61.2Cu23.8Zn5,10.2320/matertrans.47.2599,383.0,454.0,685.0,,6.0,,0.0,0.1,0.0,0.23800000000000002,0.0,0.0,0.0,0.0,0.0,0.0,0.0,0.0,0.0,0.0,0.0,0.0,0.0,0.0,0.0,0.0,0.05,0.0,0.0,0.0,0.0,0.0,0.612,0.0,0.0,0.0,0.0,0.0,0.0,0.0,0.0,0.0,0.0,0.0,0.0,0.0,0.0,0.0,0.0,0.0,0.0
Al10Ce63Cu24.5Zn2.5,10.2320/matertrans.47.2599,368.0,437.0,680.0,,5.0,,0.0,0.1,0.0,0.245,0.0,0.0,0.0,0.0,0.0,0.0,0.0,0.0,0.0,0.0,0.0,0.0,0.0,0.0,0.0,0.0,0.025,0.0,0.0,0.0,0.0,0.0,0.63,0.0,0.0,0.0,0.0,0.0,0.0,0.0,0.0,0.0,0.0,0.0,0.0,0.0,0.0,0.0,0.0,0.0,0.0
Al10Ce64.8Cu25.2,10.2320/matertrans.46.1857,348.0,411.0,663.0,,5.0,,0.0,0.1,0.0,0.252,0.0,0.0,0.0,0.0,0.0,0.0,0.0,0.0,0.0,0.0,0.0,0.0,0.0,0.0,0.0,0.0,0.0,0.0,0.0,0.0,0.0,0.0,0.648,0.0,0.0,0.0,0.0,0.0,0.0,0.0,0.0,0.0,0.0,0.0,0.0,0.0,0.0,0.0,0.0,0.0,0.0
Al10Ce65Co25,10.1016/j.jallcom.2008.07.224,396.0,410.0,758.0,,2.0,,0.0,0.1,0.25,0.0,0.0,0.0,0.0,0.0,0.0,0.0,0.0,0.0,0.0,0.0,0.0,0.0,0.0,0.0,0.0,0.0,0.0,0.0,0.0,0.0,0.0,0.0,0.65,0.0,0.0,0.0,0.0,0.0,0.0,0.0,0.0,0.0,0.0,0.0,0.0,0.0,0.0,0.0,0.0,0.0,0.0
Al10Ce65Co5Cu20,10.1016/j.actamat.2006.02.044,363.0,414.0,695.0,,8.0,,0.0,0.1,0.05,0.2,0.0,0.0,0.0,0.0,0.0,0.0,0.0,0.0,0.0,0.0,0.0,0.0,0.0,0.0,0.0,0.0,0.0,0.0,0.0,0.0,0.0,0.0,0.65,0.0,0.0,0.0,0.0,0.0,0.0,0.0,0.0,0.0,0.0,0.0,0.0,0.0,0.0,0.0,0.0,0.0,0.0
Al10Ce67Cu20Nb3,10.1016/j.actamat.2006.02.044,355.0,404.0,723.0,,5.0,,0.0,0.1,0.0,0.2,0.0,0.0,0.0,0.0,0.0,0.0,0.0,0.0,0.0,0.0,0.0,0.0,0.0,0.0,0.0,0.0,0.0,0.0,0.0,0.03,0.0,0.0,0.67,0.0,0.0,0.0,0.0,0.0,0.0,0.0,0.0,0.0,0.0,0.0,0.0,0.0,0.0,0.0,0.0,0.0,0.0
Al10Ce68Co2Cu20,10.1016/j.actamat.2006.02.044,352.0,419.0,716.0,,10.0,,0.0,0.1,0.02,0.2,0.0,0.0,0.0,0.0,0.0,0.0,0.0,0.0,0.0,0.0,0.0,0.0,0.0,0.0,0.0,0.0,0.0,0.0,0.0,0.0,0.0,0.0,0.68,0.0,0.0,0.0,0.0,0.0,0.0,0.0,0.0,0.0,0.0,0.0,0.0,0.0,0.0,0.0,0.0,0.0,0.0
Al10Ce68Cu20Fe2,10.1016/j.actamat.2006.02.044,,,,,5.0,,0.0,0.1,0.0,0.2,0.0,0.02,0.0,0.0,0.0,0.0,0.0,0.0,0.0,0.0,0.0,0.0,0.0,0.0,0.0,0.0,0.0,0.0,0.0,0.0,0.0,0.0,0.68,0.0,0.0,0.0,0.0,0.0,0.0,0.0,0.0,0.0,0.0,0.0,0.0,0.0,0.0,0.0,0.0,0.0,0.0
Al10Ce68Cu20Nb2,10.1016/j.actamat.2006.02.044,345.0,421.0,721.0,,8.0,,0.0,0.1,0.0,0.2,0.0,0.0,0.0,0.0,0.0,0.0,0.0,0.0,0.0,0.0,0.0,0.0,0.0,0.0,0.0,0.0,0.0,0.0,0.0,0.02,0.0,0.0,0.68,0.0,0.0,0.0,0.0,0.0,0.0,0.0,0.0,0.0,0.0,0.0,0.0,0.0,0.0,0.0,0.0,0.0,0.0
Al10Ce68Cu20Ni2,10.1016/j.actamat.2006.02.044,352.0,421.0,710.0,,5.0,,0.0,0.1,0.0,0.2,0.0,0.0,0.0,0.0,0.0,0.0,0.0,0.02,0.0,0.0,0.0,0.0,0.0,0.0,0.0,0.0,0.0,0.0,0.0,0.0,0.0,0.0,0.68,0.0,0.0,0.0,0.0,0.0,0.0,0.0,0.0,0.0,0.0,0.0,0.0,0.0,0.0,0.0,0.0,0.0,0.0
Al10Ce68Cu20Si2,10.1016/j.actamat.2006.02.044,352.0,413.0,721.0,,3.0,,0.0,0.1,0.0,0.2,0.0,0.0,0.0,0.0,0.02,0.0,0.0,0.0,0.0,0.0,0.0,0.0,0.0,0.0,0.0,0.0,0.0,0.0,0.0,0.0,0.0,0.0,0.68,0.0,0.0,0.0,0.0,0.0,0.0,0.0,0.0,0.0,0.0,0.0,0.0,0.0,0.0,0.0,0.0,0.0,0.0
Al10Ce69Co1Cu20,10.1016/j.actamat.2006.02.044,340.0,421.0,713.0,,10.0,,0.0,0.1,0.01,0.2,0.0,0.0,0.0,0.0,0.0,0.0,0.0,0.0,0.0,0.0,0.0,0.0,0.0,0.0,0.0,0.0,0.0,0.0,0.0,0.0,0.0,0.0,0.69,0.0,0.0,0.0,0.0,0.0,0.0,0.0,0.0,0.0,0.0,0.0,0.0,0.0,0.0,0.0,0.0,0.0,0.0
Al10Ce69Cu20Nb1,10.1016/j.actamat.2006.02.044,352.0,412.0,728.0,,10.0,,0.0,0.1,0.0,0.2,0.0,0.0,0.0,0.0,0.0,0.0,0.0,0.0,0.0,0.0,0.0,0.0,0.0,0.0,0.0,0.0,0.0,0.0,0.0,0.01,0.0,0.0,0.69,0.0,0.0,0.0,0.0,0.0,0.0,0.0,0.0,0.0,0.0,0.0,0.0,0.0,0.0,0.0,0.0,0.0,0.0
Al10Ce69.5Co0.5Cu20,10.1016/j.actamat.2006.02.044,337.0,419.0,716.0,,10.0,,0.0,0.1,0.005,0.2,0.0,0.0,0.0,0.0,0.0,0.0,0.0,0.0,0.0,0.0,0.0,0.0,0.0,0.0,0.0,0.0,0.0,0.0,0.0,0.0,0.0,0.0,0.695,0.0,0.0,0.0,0.0,0.0,0.0,0.0,0.0,0.0,0.0,0.0,0.0,0.0,0.0,0.0,0.0,0.0,0.0
Al10Ce69.8Co0.2Cu20,10.1016/j.actamat.2006.02.044,339.0,414.0,721.0,,8.0,,0.0,0.1,0.002,0.2,0.0,0.0,0.0,0.0,0.0,0.0,0.0,0.0,0.0,0.0,0.0,0.0,0.0,0.0,0.0,0.0,0.0,0.0,0.0,0.0,0.0,0.0,0.698,0.0,0.0,0.0,0.0,0.0,0.0,0.0,0.0,0.0,0.0,0.0,0.0,0.0,0.0,0.0,0.0,0.0,0.0
Al10Ce70Cu17Zn3,10.1016/j.actamat.2006.02.044,341.0,412.0,733.0,,3.0,,0.0,0.1,0.0,0.17,0.0,0.0,0.0,0.0,0.0,0.0,0.0,0.0,0.0,0.0,0.0,0.0,0.0,0.0,0.0,0.0,0.03,0.0,0.0,0.0,0.0,0.0,0.7,0.0,0.0,0.0,0.0,0.0,0.0,0.0,0.0,0.0,0.0,0.0,0.0,0.0,0.0,0.0,0.0,0.0,0.0
Al10Ce70Cu18Zn2,10.1016/j.actamat.2006.02.044,345.0,399.0,730.0,,2.0,,0.0,0.1,0.0,0.18,0.0,0.0,0.0,0.0,0.0,0.0,0.0,0.0,0.0,0.0,0.0,0.0,0.0,0.0,0.0,0.0,0.02,0.0,0.0,0.0,0.0,0.0,0.7,0.0,0.0,0.0,0.0,0.0,0.0,0.0,0.0,0.0,0.0,0.0,0.0,0.0,0.0,0.0,0.0,0.0,0.0
Al10Ce70Cu19Zn1,10.1016/j.actamat.2006.02.044,343.0,391.0,743.0,,1.0,,0.0,0.1,0.0,0.19,0.0,0.0,0.0,0.0,0.0,0.0,0.0,0.0,0.0,0.0,0.0,0.0,0.0,0.0,0.0,0.0,0.01,0.0,0.0,0.0,0.0,0.0,0.7,0.0,0.0,0.0,0.0,0.0,0.0,0.0,0.0,0.0,0.0,0.0,0.0,0.0,0.0,0.0,0.0,0.0,0.0
Al10Ce70Cu20,10.1016/j.actamat.2006.02.044,,408.0,722.0,,2.0,,0.0,0.1,0.0,0.2,0.0,0.0,0.0,0.0,0.0,0.0,0.0,0.0,0.0,0.0,0.0,0.0,0.0,0.0,0.0,0.0,0.0,0.0,0.0,0.0,0.0,0.0,0.7,0.0,0.0,0.0,0.0,0.0,0.0,0.0,0.0,0.0,0.0,0.0,0.0,0.0,0.0,0.0,0.0,0.0,0.0
Al10Ce70Ni20,10.1016/j.actamat.2006.02.044,373.0,399.0,775.0,,1.0,,0.0,0.1,0.0,0.0,0.0,0.0,0.0,0.0,0.0,0.0,0.0,0.2,0.0,0.0,0.0,0.0,0.0,0.0,0.0,0.0,0.0,0.0,0.0,0.0,0.0,0.0,0.7,0.0,0.0,0.0,0.0,0.0,0.0,0.0,0.0,0.0,0.0,0.0,0.0,0.0,0.0,0.0,0.0,0.0,0.0
Al10Co30Gd60,10.1016/j.jallcom.2007.02.114,565.0,605.0,,,2.0,,0.0,0.1,0.3,0.0,0.0,0.0,0.0,0.0,0.0,0.6,0.0,0.0,0.0,0.0,0.0,0.0,0.0,0.0,0.0,0.0,0.0,0.0,0.0,0.0,0.0,0.0,0.0,0.0,0.0,0.0,0.0,0.0,0.0,0.0,0.0,0.0,0.0,0.0,0.0,0.0,0.0,0.0,0.0,0.0,0.0
Al10Cu15.4Nb5Ni12.6Zr57,10.1038/ncomms10313,674.0,,1115.0,,20.0,,0.0,0.1,0.0,0.154,0.57,0.0,0.0,0.0,0.0,0.0,0.0,0.126,0.0,0.0,0.0,0.0,0.0,0.0,0.0,0.0,0.0,0.0,0.0,0.05,0.0,0.0,0.0,0.0,0.0,0.0,0.0,0.0,0.0,0.0,0.0,0.0,0.0,0.0,0.0,0.0,0.0,0.0,0.0,0.0,0.0
Al10Cu17.9Ni14.6Ti5Zr52.5,10.1038/ncomms10313,661.0,,1091.0,,18.0,,0.0,0.1,0.0,0.179,0.525,0.0,0.0,0.0,0.0,0.0,0.0,0.146,0.0,0.0,0.0,0.0,0.0,0.0,0.05,0.0,0.0,0.0,0.0,0.0,0.0,0.0,0.0,0.0,0.0,0.0,0.0,0.0,0.0,0.0,0.0,0.0,0.0,0.0,0.0,0.0,0.0,0.0,0.0,0.0,0.0
Al10Cu20Fe10Zr60,10.1016/j.scriptamat.2009.03.056,670.0,756.0,1199.0,,10.0,,0.0,0.1,0.0,0.2,0.6,0.1,0.0,0.0,0.0,0.0,0.0,0.0,0.0,0.0,0.0,0.0,0.0,0.0,0.0,0.0,0.0,0.0,0.0,0.0,0.0,0.0,0.0,0.0,0.0,0.0,0.0,0.0,0.0,0.0,0.0,0.0,0.0,0.0,0.0,0.0,0.0,0.0,0.0,0.0,0.0
Al10Cu20Ni8Ti5Zr57,10.1016/j.jallcom.2008.07.087,,,1145.0,,10.0,,0.0,0.1,0.0,0.2,0.57,0.0,0.0,0.0,0.0,0.0,0.0,0.08,0.0,0.0,0.0,0.0,0.0,0.0,0.05,0.0,0.0,0.0,0.0,0.0,0.0,0.0,0.0,0.0,0.0,0.0,0.0,0.0,0.0,0.0,0.0,0.0,0.0,0.0,0.0,0.0,0.0,0.0,0.0,0.0,0.0
Al10Cu22.5Fe7.5Zr60,10.1016/j.scriptamat.2009.03.056,657.0,760.0,1185.0,,15.0,,0.0,0.1,0.0,0.225,0.6,0.075,0.0,0.0,0.0,0.0,0.0,0.0,0.0,0.0,0.0,0.0,0.0,0.0,0.0,0.0,0.0,0.0,0.0,0.0,0.0,0.0,0.0,0.0,0.0,0.0,0.0,0.0,0.0,0.0,0.0,0.0,0.0,0.0,0.0,0.0,0.0,0.0,0.0,0.0,0.0
Al10Cu23Fe5Zr62,10.1016/j.jallcom.2009.08.030,651.0,751.0,1186.0,,3.0,,0.0,0.1,0.0,0.23,0.62,0.05,0.0,0.0,0.0,0.0,0.0,0.0,0.0,0.0,0.0,0.0,0.0,0.0,0.0,0.0,0.0,0.0,0.0,0.0,0.0,0.0,0.0,0.0,0.0,0.0,0.0,0.0,0.0,0.0,0.0,0.0,0.0,0.0,0.0,0.0,0.0,0.0,0.0,0.0,0.0
Al10Cu25Fe5Zr60,10.1016/j.scriptamat.2009.03.056,655.0,767.0,1175.0,,20.0,,0.0,0.1,0.0,0.25,0.6,0.05,0.0,0.0,0.0,0.0,0.0,0.0,0.0,0.0,0.0,0.0,0.0,0.0,0.0,0.0,0.0,0.0,0.0,0.0,0.0,0.0,0.0,0.0,0.0,0.0,0.0,0.0,0.0,0.0,0.0,0.0,0.0,0.0,0.0,0.0,0.0,0.0,0.0,0.0,0.0
Al10Cu27.5Fe2.5Zr60,10.1016/j.scriptamat.2009.03.056,658.0,757.0,1193.0,,10.0,,0.0,0.1,0.0,0.275,0.6,0.025,0.0,0.0,0.0,0.0,0.0,0.0,0.0,0.0,0.0,0.0,0.0,0.0,0.0,0.0,0.0,0.0,0.0,0.0,0.0,0.0,0.0,0.0,0.0,0.0,0.0,0.0,0.0,0.0,0.0,0.0,0.0,0.0,0.0,0.0,0.0,0.0,0.0,0.0,0.0
Al10Cu30Ni5Zr55,10.1016/j.commatsci.2016.02.037,690.0,757.0,1158.0,,5.2,,0.0,0.1,0.0,0.3,0.55,0.0,0.0,0.0,0.0,0.0,0.0,0.05,0.0,0.0,0.0,0.0,0.0,0.0,0.0,0.0,0.0,0.0,0.0,0.0,0.0,0.0,0.0,0.0,0.0,0.0,0.0,0.0,0.0,0.0,0.0,0.0,0.0,0.0,0.0,0.0,0.0,0.0,0.0,0.0,0.0
Al10Cu30Zr60,10.1016/j.scriptamat.2009.03.056,663.0,755.0,1207.0,,8.0,,0.0,0.1,0.0,0.3,0.6,0.0,0.0,0.0,0.0,0.0,0.0,0.0,0.0,0.0,0.0,0.0,0.0,0.0,0.0,0.0,0.0,0.0,0.0,0.0,0.0,0.0,0.0,0.0,0.0,0.0,0.0,0.0,0.0,0.0,0.0,0.0,0.0,0.0,0.0,0.0,0.0,0.0,0.0,0.0,0.0
Al10Cu38Ti2Zr50,10.1016/j.jallcom.2008.07.087,687.0,746.0,1154.0,,5.0,,0.0,0.1,0.0,0.38,0.5,0.0,0.0,0.0,0.0,0.0,0.0,0.0,0.0,0.0,0.0,0.0,0.0,0.0,0.02,0.0,0.0,0.0,0.0,0.0,0.0,0.0,0.0,0.0,0.0,0.0,0.0,0.0,0.0,0.0,0.0,0.0,0.0,0.0,0.0,0.0,0.0,0.0,0.0,0.0,0.0
Al10Cu40Zr50,10.1038/ncomms10313,706.0,,1123.0,,22.0,,0.0,0.1,0.0,0.4,0.5,0.0,0.0,0.0,0.0,0.0,0.0,0.0,0.0,0.0,0.0,0.0,0.0,0.0,0.0,0.0,0.0,0.0,0.0,0.0,0.0,0.0,0.0,0.0,0.0,0.0,0.0,0.0,0.0,0.0,0.0,0.0,0.0,0.0,0.0,0.0,0.0,0.0,0.0,0.0,0.0
Al10Cu45Zr45,10.1016/j.jnoncrysol.2005.03.012,706.0,776.0,1159.0,,3.0,,0.0,0.1,0.0,0.45,0.45,0.0,0.0,0.0,0.0,0.0,0.0,0.0,0.0,0.0,0.0,0.0,0.0,0.0,0.0,0.0,0.0,0.0,0.0,0.0,0.0,0.0,0.0,0.0,0.0,0.0,0.0,0.0,0.0,0.0,0.0,0.0,0.0,0.0,0.0,0.0,0.0,0.0,0.0,0.0,0.0
Al10Fe25Mn5Pr60,10.1016/j.jallcom.2005.12.081,800.6,,867.6,,3.0,,0.0,0.1,0.0,0.0,0.0,0.25,0.0,0.0,0.0,0.0,0.0,0.0,0.0,0.0,0.0,0.0,0.0,0.0,0.0,0.0,0.0,0.0,0.0,0.0,0.0,0.0,0.0,0.0,0.0,0.05,0.6,0.0,0.0,0.0,0.0,0.0,0.0,0.0,0.0,0.0,0.0,0.0,0.0,0.0,0.0
Al10Fe30Pr60,10.1016/j.jallcom.2005.12.081,,747.9,878.6,,3.0,,0.0,0.1,0.0,0.0,0.0,0.3,0.0,0.0,0.0,0.0,0.0,0.0,0.0,0.0,0.0,0.0,0.0,0.0,0.0,0.0,0.0,0.0,0.0,0.0,0.0,0.0,0.0,0.0,0.0,0.0,0.6,0.0,0.0,0.0,0.0,0.0,0.0,0.0,0.0,0.0,0.0,0.0,0.0,0.0,0.0
Al10Fe30Y60,10.1016/j.jallcom.2008.07.087,672.0,723.0,1231.0,,4.0,,0.0,0.1,0.0,0.0,0.0,0.3,0.0,0.0,0.0,0.0,0.0,0.0,0.0,0.0,0.0,0.6,0.0,0.0,0.0,0.0,0.0,0.0,0.0,0.0,0.0,0.0,0.0,0.0,0.0,0.0,0.0,0.0,0.0,0.0,0.0,0.0,0.0,0.0,0.0,0.0,0.0,0.0,0.0,0.0,0.0
Al10Ni45Ti20Zr25,10.1016/j.matlet.2006.08.017,773.0,818.0,,,2.0,,0.0,0.1,0.0,0.0,0.25,0.0,0.0,0.0,0.0,0.0,0.0,0.45,0.0,0.0,0.0,0.0,0.0,0.0,0.2,0.0,0.0,0.0,0.0,0.0,0.0,0.0,0.0,0.0,0.0,0.0,0.0,0.0,0.0,0.0,0.0,0.0,0.0,0.0,0.0,0.0,0.0,0.0,0.0,0.0,0.0
Al10.1Cu11.7Ni14.2Zr64,10.1016/j.jallcom.2008.01.016,657.9,717.3,,,5.0,,0.0,0.10099999999999999,0.0,0.11699999999999999,0.64,0.0,0.0,0.0,0.0,0.0,0.0,0.142,0.0,0.0,0.0,0.0,0.0,0.0,0.0,0.0,0.0,0.0,0.0,0.0,0.0,0.0,0.0,0.0,0.0,0.0,0.0,0.0,0.0,0.0,0.0,0.0,0.0,0.0,0.0,0.0,0.0,0.0,0.0,0.0,0.0
Al10.3Cu15.6Nb2.8Ni12.8Zr58.5,10.1038/ncomms10313,666.0,,1101.0,,32.0,,0.0,0.10300000000000001,0.0,0.156,0.585,0.0,0.0,0.0,0.0,0.0,0.0,0.128,0.0,0.0,0.0,0.0,0.0,0.0,0.0,0.0,0.0,0.0,0.0,0.027999999999999997,0.0,0.0,0.0,0.0,0.0,0.0,0.0,0.0,0.0,0.0,0.0,0.0,0.0,0.0,0.0,0.0,0.0,0.0,0.0,0.0,0.0
Al10.5Cu24La62Mg3.5,10.1016/j.jallcom.2010.03.102,386.0,431.0,712.0,,10.0,,0.0,0.105,0.0,0.24,0.0,0.0,0.0,0.0,0.0,0.0,0.035,0.0,0.62,0.0,0.0,0.0,0.0,0.0,0.0,0.0,0.0,0.0,0.0,0.0,0.0,0.0,0.0,0.0,0.0,0.0,0.0,0.0,0.0,0.0,0.0,0.0,0.0,0.0,0.0,0.0,0.0,0.0,0.0,0.0,0.0
Al10.7Cu10.7Ni15.1Zr63.5,10.1063/1.2899633,653.3,724.5,1157.3,,6.0,,0.0,0.107,0.0,0.107,0.635,0.0,0.0,0.0,0.0,0.0,0.0,0.151,0.0,0.0,0.0,0.0,0.0,0.0,0.0,0.0,0.0,0.0,0.0,0.0,0.0,0.0,0.0,0.0,0.0,0.0,0.0,0.0,0.0,0.0,0.0,0.0,0.0,0.0,0.0,0.0,0.0,0.0,0.0,0.0,0.0
Al10.7Cu13.65Ni14.15Zr61.5,10.1016/j.commatsci.2016.02.037,670.0,738.0,1155.0,,5.5,,0.0,0.107,0.0,0.1365,0.615,0.0,0.0,0.0,0.0,0.0,0.0,0.14150000000000001,0.0,0.0,0.0,0.0,0.0,0.0,0.0,0.0,0.0,0.0,0.0,0.0,0.0,0.0,0.0,0.0,0.0,0.0,0.0,0.0,0.0,0.0,0.0,0.0,0.0,0.0,0.0,0.0,0.0,0.0,0.0,0.0,0.0
Al10.8Cu24La62Mg3.2,10.1016/j.jallcom.2010.03.102,387.0,421.0,710.0,,10.0,,0.0,0.10800000000000001,0.0,0.24,0.0,0.0,0.0,0.0,0.0,0.0,0.032,0.0,0.62,0.0,0.0,0.0,0.0,0.0,0.0,0.0,0.0,0.0,0.0,0.0,0.0,0.0,0.0,0.0,0.0,0.0,0.0,0.0,0.0,0.0,0.0,0.0,0.0,0.0,0.0,0.0,0.0,0.0,0.0,0.0,0.0
Al11Ca60Cu20Mg9,10.1007/s11661-007-9255-x,401.0,450.0,755.0,,2.0,,0.0,0.11,0.0,0.2,0.0,0.0,0.0,0.0,0.0,0.0,0.09,0.0,0.0,0.6,0.0,0.0,0.0,0.0,0.0,0.0,0.0,0.0,0.0,0.0,0.0,0.0,0.0,0.0,0.0,0.0,0.0,0.0,0.0,0.0,0.0,0.0,0.0,0.0,0.0,0.0,0.0,0.0,0.0,0.0,0.0
Al11Cu43Y4.6Zr41.4,10.1179/174328408X287691,673.0,735.0,1202.0,,12.0,,0.0,0.11,0.0,0.43,0.414,0.0,0.0,0.0,0.0,0.0,0.0,0.0,0.0,0.0,0.0,0.046,0.0,0.0,0.0,0.0,0.0,0.0,0.0,0.0,0.0,0.0,0.0,0.0,0.0,0.0,0.0,0.0,0.0,0.0,0.0,0.0,0.0,0.0,0.0,0.0,0.0,0.0,0.0,0.0,0.0
Al11.4Cu9.3Ni16.3Zr63,10.1063/1.2899633,663.3,732.2,1164.3,,6.5,,0.0,0.114,0.0,0.09300000000000001,0.63,0.0,0.0,0.0,0.0,0.0,0.0,0.163,0.0,0.0,0.0,0.0,0.0,0.0,0.0,0.0,0.0,0.0,0.0,0.0,0.0,0.0,0.0,0.0,0.0,0.0,0.0,0.0,0.0,0.0,0.0,0.0,0.0,0.0,0.0,0.0,0.0,0.0,0.0,0.0,0.0
Al12Cu27.75Hf51Ni9.25,10.1016/j.intermet.2007.12.016,777.0,872.0,1344.0,,8.0,,0.0,0.12,0.0,0.2775,0.0,0.0,0.0,0.0,0.0,0.0,0.0,0.0925,0.0,0.0,0.0,0.0,0.0,0.51,0.0,0.0,0.0,0.0,0.0,0.0,0.0,0.0,0.0,0.0,0.0,0.0,0.0,0.0,0.0,0.0,0.0,0.0,0.0,0.0,0.0,0.0,0.0,0.0,0.0,0.0,0.0
Al12.1Cu7.95Ni17.45Zr62.5,10.1016/j.jallcom.2008.01.016,668.9,738.2,,,7.5,,0.0,0.121,0.0,0.0795,0.625,0.0,0.0,0.0,0.0,0.0,0.0,0.1745,0.0,0.0,0.0,0.0,0.0,0.0,0.0,0.0,0.0,0.0,0.0,0.0,0.0,0.0,0.0,0.0,0.0,0.0,0.0,0.0,0.0,0.0,0.0,0.0,0.0,0.0,0.0,0.0,0.0,0.0,0.0,0.0,0.0
Al12.3Cu28Ni9Zr50.7,10.1016/j.commatsci.2016.02.037,,780.0,1158.0,,7.0,,0.0,0.12300000000000001,0.0,0.28,0.507,0.0,0.0,0.0,0.0,0.0,0.0,0.09,0.0,0.0,0.0,0.0,0.0,0.0,0.0,0.0,0.0,0.0,0.0,0.0,0.0,0.0,0.0,0.0,0.0,0.0,0.0,0.0,0.0,0.0,0.0,0.0,0.0,0.0,0.0,0.0,0.0,0.0,0.0,0.0,0.0
Al12.4Cu8.8La70Ni8.8,10.1016/j.intermet.2007.12.002,397.0,418.0,759.0,,0.5,,0.0,0.124,0.0,0.08800000000000001,0.0,0.0,0.0,0.0,0.0,0.0,0.0,0.08800000000000001,0.7,0.0,0.0,0.0,0.0,0.0,0.0,0.0,0.0,0.0,0.0,0.0,0.0,0.0,0.0,0.0,0.0,0.0,0.0,0.0,0.0,0.0,0.0,0.0,0.0,0.0,0.0,0.0,0.0,0.0,0.0,0.0,0.0
Al13Cu29.25Hf48Ni9.75,10.1016/j.intermet.2007.12.016,785.0,874.0,1280.0,,10.0,,0.0,0.13,0.0,0.2925,0.0,0.0,0.0,0.0,0.0,0.0,0.0,0.0975,0.0,0.0,0.0,0.0,0.0,0.48,0.0,0.0,0.0,0.0,0.0,0.0,0.0,0.0,0.0,0.0,0.0,0.0,0.0,0.0,0.0,0.0,0.0,0.0,0.0,0.0,0.0,0.0,0.0,0.0,0.0,0.0,0.0
Al13.2Cu9.4La68Ni9.4,10.1016/j.intermet.2007.12.002,400.0,426.0,743.0,,1.0,,0.0,0.132,0.0,0.094,0.0,0.0,0.0,0.0,0.0,0.0,0.0,0.094,0.68,0.0,0.0,0.0,0.0,0.0,0.0,0.0,0.0,0.0,0.0,0.0,0.0,0.0,0.0,0.0,0.0,0.0,0.0,0.0,0.0,0.0,0.0,0.0,0.0,0.0,0.0,0.0,0.0,0.0,0.0,0.0,0.0
Al14Cu10La66Ni10,10.1016/j.intermet.2007.12.002,404.0,435.0,703.0,,1.5,,0.0,0.14,0.0,0.1,0.0,0.0,0.0,0.0,0.0,0.0,0.0,0.1,0.66,0.0,0.0,0.0,0.0,0.0,0.0,0.0,0.0,0.0,0.0,0.0,0.0,0.0,0.0,0.0,0.0,0.0,0.0,0.0,0.0,0.0,0.0,0.0,0.0,0.0,0.0,0.0,0.0,0.0,0.0,0.0,0.0
Al14Cu12La62Ni12,10.1016/j.jallcom.2006.07.007,423.0,452.0,744.0,,12.0,,0.0,0.14,0.0,0.12,0.0,0.0,0.0,0.0,0.0,0.0,0.0,0.12,0.62,0.0,0.0,0.0,0.0,0.0,0.0,0.0,0.0,0.0,0.0,0.0,0.0,0.0,0.0,0.0,0.0,0.0,0.0,0.0,0.0,0.0,0.0,0.0,0.0,0.0,0.0,0.0,0.0,0.0,0.0,0.0,0.0
Al14Cu19Ni10Y4Zr53,10.1016/S0022-3093(02)01876-8,668.0,766.0,1069.0,,5.0,,0.0,0.14,0.0,0.19,0.53,0.0,0.0,0.0,0.0,0.0,0.0,0.1,0.0,0.0,0.0,0.04,0.0,0.0,0.0,0.0,0.0,0.0,0.0,0.0,0.0,0.0,0.0,0.0,0.0,0.0,0.0,0.0,0.0,0.0,0.0,0.0,0.0,0.0,0.0,0.0,0.0,0.0,0.0,0.0,0.0
Al14Cu20La66,10.1016/j.msea.2006.06.053,,,,,2.0,,0.0,0.14,0.0,0.2,0.0,0.0,0.0,0.0,0.0,0.0,0.0,0.0,0.66,0.0,0.0,0.0,0.0,0.0,0.0,0.0,0.0,0.0,0.0,0.0,0.0,0.0,0.0,0.0,0.0,0.0,0.0,0.0,0.0,0.0,0.0,0.0,0.0,0.0,0.0,0.0,0.0,0.0,0.0,0.0,0.0
Al14Cu24La62,10.1016/j.jallcom.2006.07.109,401.0,449.0,734.0,,5.0,,0.0,0.14,0.0,0.24,0.0,0.0,0.0,0.0,0.0,0.0,0.0,0.0,0.62,0.0,0.0,0.0,0.0,0.0,0.0,0.0,0.0,0.0,0.0,0.0,0.0,0.0,0.0,0.0,0.0,0.0,0.0,0.0,0.0,0.0,0.0,0.0,0.0,0.0,0.0,0.0,0.0,0.0,0.0,0.0,0.0
Al14Cu29.25Hf47Ni9.75,10.1016/j.intermet.2007.12.016,790.0,875.0,1278.0,,10.0,,0.0,0.14,0.0,0.2925,0.0,0.0,0.0,0.0,0.0,0.0,0.0,0.0975,0.0,0.0,0.0,0.0,0.0,0.47,0.0,0.0,0.0,0.0,0.0,0.0,0.0,0.0,0.0,0.0,0.0,0.0,0.0,0.0,0.0,0.0,0.0,0.0,0.0,0.0,0.0,0.0,0.0,0.0,0.0,0.0,0.0
Al14.3Cu23.3Ni10.5Zr51.9,10.1016/j.actamat.2008.11.007,710.0,804.0,1129.0,,10.0,,0.0,0.14300000000000002,0.0,0.233,0.519,0.0,0.0,0.0,0.0,0.0,0.0,0.105,0.0,0.0,0.0,0.0,0.0,0.0,0.0,0.0,0.0,0.0,0.0,0.0,0.0,0.0,0.0,0.0,0.0,0.0,0.0,0.0,0.0,0.0,0.0,0.0,0.0,0.0,0.0,0.0,0.0,0.0,0.0,0.0,0.0
Al14.6Cu10.4La64.6Ni10.4,10.1016/j.intermet.2007.12.002,406.0,442.0,706.0,,5.0,,0.0,0.146,0.0,0.10400000000000001,0.0,0.0,0.0,0.0,0.0,0.0,0.0,0.10400000000000001,0.6459999999999999,0.0,0.0,0.0,0.0,0.0,0.0,0.0,0.0,0.0,0.0,0.0,0.0,0.0,0.0,0.0,0.0,0.0,0.0,0.0,0.0,0.0,0.0,0.0,0.0,0.0,0.0,0.0,0.0,0.0,0.0,0.0,0.0
Al15Ca55Mg20Zn10,10.1007/s11661-007-9255-x,421.0,477.0,806.0,,2.0,,0.0,0.15,0.0,0.0,0.0,0.0,0.0,0.0,0.0,0.0,0.2,0.0,0.0,0.55,0.0,0.0,0.0,0.0,0.0,0.0,0.1,0.0,0.0,0.0,0.0,0.0,0.0,0.0,0.0,0.0,0.0,0.0,0.0,0.0,0.0,0.0,0.0,0.0,0.0,0.0,0.0,0.0,0.0,0.0,0.0
Al15Ca60Mg18Zn7,10.1007/s11661-007-9255-x,431.0,485.0,748.0,,2.5,,0.0,0.15,0.0,0.0,0.0,0.0,0.0,0.0,0.0,0.0,0.18,0.0,0.0,0.6,0.0,0.0,0.0,0.0,0.0,0.0,0.07,0.0,0.0,0.0,0.0,0.0,0.0,0.0,0.0,0.0,0.0,0.0,0.0,0.0,0.0,0.0,0.0,0.0,0.0,0.0,0.0,0.0,0.0,0.0,0.0
Al15Ca70Mg15,10.2320/matertrans.MJ200731,,460.0,771.0,,1.5,,0.0,0.15,0.0,0.0,0.0,0.0,0.0,0.0,0.0,0.0,0.15,0.0,0.0,0.7,0.0,0.0,0.0,0.0,0.0,0.0,0.0,0.0,0.0,0.0,0.0,0.0,0.0,0.0,0.0,0.0,0.0,0.0,0.0,0.0,0.0,0.0,0.0,0.0,0.0,0.0,0.0,0.0,0.0,0.0,0.0
Al15Ce25Co35La25,10.1016/j.actamat.2007.02.026,492.0,562.0,1005.0,,2.0,,0.0,0.15,0.35,0.0,0.0,0.0,0.0,0.0,0.0,0.0,0.0,0.0,0.25,0.0,0.0,0.0,0.0,0.0,0.0,0.0,0.0,0.0,0.0,0.0,0.0,0.0,0.25,0.0,0.0,0.0,0.0,0.0,0.0,0.0,0.0,0.0,0.0,0.0,0.0,0.0,0.0,0.0,0.0,0.0,0.0
Al15Ce25Cu35La25,10.1142/S0217979209060749,430.0,461.0,862.0,,2.0,,0.0,0.15,0.0,0.35,0.0,0.0,0.0,0.0,0.0,0.0,0.0,0.0,0.25,0.0,0.0,0.0,0.0,0.0,0.0,0.0,0.0,0.0,0.0,0.0,0.0,0.0,0.25,0.0,0.0,0.0,0.0,0.0,0.0,0.0,0.0,0.0,0.0,0.0,0.0,0.0,0.0,0.0,0.0,0.0,0.0
Al15Ce27.5Co30La27.5,10.1016/j.actamat.2007.02.026,475.0,556.0,902.0,,6.0,,0.0,0.15,0.3,0.0,0.0,0.0,0.0,0.0,0.0,0.0,0.0,0.0,0.275,0.0,0.0,0.0,0.0,0.0,0.0,0.0,0.0,0.0,0.0,0.0,0.0,0.0,0.275,0.0,0.0,0.0,0.0,0.0,0.0,0.0,0.0,0.0,0.0,0.0,0.0,0.0,0.0,0.0,0.0,0.0,0.0
Al15Ce27.5Cu30La27.5,10.1142/S0217979209060749,413.0,455.0,823.0,,4.0,,0.0,0.15,0.0,0.3,0.0,0.0,0.0,0.0,0.0,0.0,0.0,0.0,0.275,0.0,0.0,0.0,0.0,0.0,0.0,0.0,0.0,0.0,0.0,0.0,0.0,0.0,0.275,0.0,0.0,0.0,0.0,0.0,0.0,0.0,0.0,0.0,0.0,0.0,0.0,0.0,0.0,0.0,0.0,0.0,0.0
Al15Ce30Co25La30,10.1016/j.actamat.2007.02.026,459.0,545.0,904.0,,10.0,,0.0,0.15,0.25,0.0,0.0,0.0,0.0,0.0,0.0,0.0,0.0,0.0,0.3,0.0,0.0,0.0,0.0,0.0,0.0,0.0,0.0,0.0,0.0,0.0,0.0,0.0,0.3,0.0,0.0,0.0,0.0,0.0,0.0,0.0,0.0,0.0,0.0,0.0,0.0,0.0,0.0,0.0,0.0,0.0,0.0
Al15Ce30Cu25La30,10.1142/S0217979209060749,,462.0,774.0,,5.0,,0.0,0.15,0.0,0.25,0.0,0.0,0.0,0.0,0.0,0.0,0.0,0.0,0.3,0.0,0.0,0.0,0.0,0.0,0.0,0.0,0.0,0.0,0.0,0.0,0.0,0.0,0.3,0.0,0.0,0.0,0.0,0.0,0.0,0.0,0.0,0.0,0.0,0.0,0.0,0.0,0.0,0.0,0.0,0.0,0.0
Al15Ce32.5Co20La32.5,10.1016/j.actamat.2007.02.026,440.0,502.0,812.0,,12.0,,0.0,0.15,0.2,0.0,0.0,0.0,0.0,0.0,0.0,0.0,0.0,0.0,0.325,0.0,0.0,0.0,0.0,0.0,0.0,0.0,0.0,0.0,0.0,0.0,0.0,0.0,0.325,0.0,0.0,0.0,0.0,0.0,0.0,0.0,0.0,0.0,0.0,0.0,0.0,0.0,0.0,0.0,0.0,0.0,0.0
Al15Ce32.5Cu20La32.5,10.1142/S0217979209060749,394.0,466.0,,,4.0,,0.0,0.15,0.0,0.2,0.0,0.0,0.0,0.0,0.0,0.0,0.0,0.0,0.325,0.0,0.0,0.0,0.0,0.0,0.0,0.0,0.0,0.0,0.0,0.0,0.0,0.0,0.325,0.0,0.0,0.0,0.0,0.0,0.0,0.0,0.0,0.0,0.0,0.0,0.0,0.0,0.0,0.0,0.0,0.0,0.0
Al15Ce35Co15La35,10.1016/j.actamat.2007.02.026,421.0,445.0,764.0,,12.0,,0.0,0.15,0.15,0.0,0.0,0.0,0.0,0.0,0.0,0.0,0.0,0.0,0.35,0.0,0.0,0.0,0.0,0.0,0.0,0.0,0.0,0.0,0.0,0.0,0.0,0.0,0.35,0.0,0.0,0.0,0.0,0.0,0.0,0.0,0.0,0.0,0.0,0.0,0.0,0.0,0.0,0.0,0.0,0.0,0.0
Al15Ce35Cu15La35,10.1016/j.actamat.2007.02.026,389.0,447.0,762.0,,2.0,,0.0,0.15,0.0,0.15,0.0,0.0,0.0,0.0,0.0,0.0,0.0,0.0,0.35,0.0,0.0,0.0,0.0,0.0,0.0,0.0,0.0,0.0,0.0,0.0,0.0,0.0,0.35,0.0,0.0,0.0,0.0,0.0,0.0,0.0,0.0,0.0,0.0,0.0,0.0,0.0,0.0,0.0,0.0,0.0,0.0
Al15Ce65Cu20,10.1016/j.actamat.2006.02.044,363.0,425.0,773.0,,2.0,,0.0,0.15,0.0,0.2,0.0,0.0,0.0,0.0,0.0,0.0,0.0,0.0,0.0,0.0,0.0,0.0,0.0,0.0,0.0,0.0,0.0,0.0,0.0,0.0,0.0,0.0,0.65,0.0,0.0,0.0,0.0,0.0,0.0,0.0,0.0,0.0,0.0,0.0,0.0,0.0,0.0,0.0,0.0,0.0,0.0
Al15Ce70Cu15,10.1016/j.actamat.2006.02.044,364.0,406.0,686.0,,2.0,,0.0,0.15,0.0,0.15,0.0,0.0,0.0,0.0,0.0,0.0,0.0,0.0,0.0,0.0,0.0,0.0,0.0,0.0,0.0,0.0,0.0,0.0,0.0,0.0,0.0,0.0,0.7,0.0,0.0,0.0,0.0,0.0,0.0,0.0,0.0,0.0,0.0,0.0,0.0,0.0,0.0,0.0,0.0,0.0,0.0
Al15Ce70Ni15,10.1016/j.actamat.2006.02.044,368.0,387.0,738.0,,1.0,,0.0,0.15,0.0,0.0,0.0,0.0,0.0,0.0,0.0,0.0,0.0,0.15,0.0,0.0,0.0,0.0,0.0,0.0,0.0,0.0,0.0,0.0,0.0,0.0,0.0,0.0,0.7,0.0,0.0,0.0,0.0,0.0,0.0,0.0,0.0,0.0,0.0,0.0,0.0,0.0,0.0,0.0,0.0,0.0,0.0
Al15Co25Gd60,10.1016/j.jallcom.2007.02.114,572.0,617.0,952.0,,5.0,,0.0,0.15,0.25,0.0,0.0,0.0,0.0,0.0,0.0,0.6,0.0,0.0,0.0,0.0,0.0,0.0,0.0,0.0,0.0,0.0,0.0,0.0,0.0,0.0,0.0,0.0,0.0,0.0,0.0,0.0,0.0,0.0,0.0,0.0,0.0,0.0,0.0,0.0,0.0,0.0,0.0,0.0,0.0,0.0,0.0
Al15Cu19Ni10Y2Zr54,10.1016/S0022-3093(02)01876-8,714.0,787.0,1112.0,,5.0,,0.0,0.15,0.0,0.19,0.54,0.0,0.0,0.0,0.0,0.0,0.0,0.1,0.0,0.0,0.0,0.02,0.0,0.0,0.0,0.0,0.0,0.0,0.0,0.0,0.0,0.0,0.0,0.0,0.0,0.0,0.0,0.0,0.0,0.0,0.0,0.0,0.0,0.0,0.0,0.0,0.0,0.0,0.0,0.0,0.0
Al15Gd60Ni25,10.1016/j.jallcom.2007.02.114,573.0,598.0,,,1.0,,0.0,0.15,0.0,0.0,0.0,0.0,0.0,0.0,0.0,0.6,0.0,0.25,0.0,0.0,0.0,0.0,0.0,0.0,0.0,0.0,0.0,0.0,0.0,0.0,0.0,0.0,0.0,0.0,0.0,0.0,0.0,0.0,0.0,0.0,0.0,0.0,0.0,0.0,0.0,0.0,0.0,0.0,0.0,0.0,0.0
Al15.2Cu10.85La63.1Ni10.85,10.1016/j.intermet.2007.12.002,408.0,448.0,709.0,,10.0,,0.0,0.152,0.0,0.1085,0.0,0.0,0.0,0.0,0.0,0.0,0.0,0.1085,0.631,0.0,0.0,0.0,0.0,0.0,0.0,0.0,0.0,0.0,0.0,0.0,0.0,0.0,0.0,0.0,0.0,0.0,0.0,0.0,0.0,0.0,0.0,0.0,0.0,0.0,0.0,0.0,0.0,0.0,0.0,0.0,0.0
Al15.6Cu11.2La62Ni11.2,10.1016/j.intermet.2007.12.002,410.0,453.0,712.0,,11.0,,0.0,0.156,0.0,0.11199999999999999,0.0,0.0,0.0,0.0,0.0,0.0,0.0,0.11199999999999999,0.62,0.0,0.0,0.0,0.0,0.0,0.0,0.0,0.0,0.0,0.0,0.0,0.0,0.0,0.0,0.0,0.0,0.0,0.0,0.0,0.0,0.0,0.0,0.0,0.0,0.0,0.0,0.0,0.0,0.0,0.0,0.0,0.0
Al15.9Cu11.35La61.4Ni11.35,10.1016/j.intermet.2007.12.002,413.0,459.0,729.0,,10.5,,0.0,0.159,0.0,0.11349999999999999,0.0,0.0,0.0,0.0,0.0,0.0,0.0,0.11349999999999999,0.614,0.0,0.0,0.0,0.0,0.0,0.0,0.0,0.0,0.0,0.0,0.0,0.0,0.0,0.0,0.0,0.0,0.0,0.0,0.0,0.0,0.0,0.0,0.0,0.0,0.0,0.0,0.0,0.0,0.0,0.0,0.0,0.0
Al16Ce32Co10Cu5La32Ni5,10.1016/j.jallcom.2006.07.007,424.0,472.0,767.0,,10.0,,0.0,0.16,0.1,0.05,0.0,0.0,0.0,0.0,0.0,0.0,0.0,0.05,0.32,0.0,0.0,0.0,0.0,0.0,0.0,0.0,0.0,0.0,0.0,0.0,0.0,0.0,0.32,0.0,0.0,0.0,0.0,0.0,0.0,0.0,0.0,0.0,0.0,0.0,0.0,0.0,0.0,0.0,0.0,0.0,0.0
Al16Ce32Co3Cu12La32Ni5,10.1016/j.jallcom.2006.07.007,406.0,455.0,709.0,,10.0,,0.0,0.16,0.03,0.12,0.0,0.0,0.0,0.0,0.0,0.0,0.0,0.05,0.32,0.0,0.0,0.0,0.0,0.0,0.0,0.0,0.0,0.0,0.0,0.0,0.0,0.0,0.32,0.0,0.0,0.0,0.0,0.0,0.0,0.0,0.0,0.0,0.0,0.0,0.0,0.0,0.0,0.0,0.0,0.0,0.0
Al16Ce32Co5Cu10La32Ni5,10.1016/j.jallcom.2006.07.007,413.0,467.0,718.0,,12.0,,0.0,0.16,0.05,0.1,0.0,0.0,0.0,0.0,0.0,0.0,0.0,0.05,0.32,0.0,0.0,0.0,0.0,0.0,0.0,0.0,0.0,0.0,0.0,0.0,0.0,0.0,0.32,0.0,0.0,0.0,0.0,0.0,0.0,0.0,0.0,0.0,0.0,0.0,0.0,0.0,0.0,0.0,0.0,0.0,0.0
Al16Ce32Co8Cu7La32Ni5,10.1016/j.jallcom.2006.07.007,416.0,471.0,739.0,,10.0,,0.0,0.16,0.08,0.07,0.0,0.0,0.0,0.0,0.0,0.0,0.0,0.05,0.32,0.0,0.0,0.0,0.0,0.0,0.0,0.0,0.0,0.0,0.0,0.0,0.0,0.0,0.32,0.0,0.0,0.0,0.0,0.0,0.0,0.0,0.0,0.0,0.0,0.0,0.0,0.0,0.0,0.0,0.0,0.0,0.0
Al16Ce32Cu15La32Ni5,10.1016/j.jallcom.2006.07.007,403.0,451.0,712.0,,10.0,,0.0,0.16,0.0,0.15,0.0,0.0,0.0,0.0,0.0,0.0,0.0,0.05,0.32,0.0,0.0,0.0,0.0,0.0,0.0,0.0,0.0,0.0,0.0,0.0,0.0,0.0,0.32,0.0,0.0,0.0,0.0,0.0,0.0,0.0,0.0,0.0,0.0,0.0,0.0,0.0,0.0,0.0,0.0,0.0,0.0
Al16Co21Cu7Zr56,10.1016/j.commatsci.2016.02.037,748.0,794.0,1245.0,,1.0,,0.0,0.16,0.21,0.07,0.56,0.0,0.0,0.0,0.0,0.0,0.0,0.0,0.0,0.0,0.0,0.0,0.0,0.0,0.0,0.0,0.0,0.0,0.0,0.0,0.0,0.0,0.0,0.0,0.0,0.0,0.0,0.0,0.0,0.0,0.0,0.0,0.0,0.0,0.0,0.0,0.0,0.0,0.0,0.0,0.0
Al16Co22Cu6Zr56,10.1016/j.commatsci.2016.02.037,753.0,802.0,1245.0,,2.0,,0.0,0.16,0.22,0.06,0.56,0.0,0.0,0.0,0.0,0.0,0.0,0.0,0.0,0.0,0.0,0.0,0.0,0.0,0.0,0.0,0.0,0.0,0.0,0.0,0.0,0.0,0.0,0.0,0.0,0.0,0.0,0.0,0.0,0.0,0.0,0.0,0.0,0.0,0.0,0.0,0.0,0.0,0.0,0.0,0.0
Al16Co23Cu5Zr56,10.1016/j.commatsci.2016.02.037,750.0,808.0,1244.0,,1.5,,0.0,0.16,0.23,0.05,0.56,0.0,0.0,0.0,0.0,0.0,0.0,0.0,0.0,0.0,0.0,0.0,0.0,0.0,0.0,0.0,0.0,0.0,0.0,0.0,0.0,0.0,0.0,0.0,0.0,0.0,0.0,0.0,0.0,0.0,0.0,0.0,0.0,0.0,0.0,0.0,0.0,0.0,0.0,0.0,0.0
Al16Co26Zr58,10.1016/j.commatsci.2016.02.037,729.0,780.0,1282.0,,2.0,,0.0,0.16,0.26,0.0,0.58,0.0,0.0,0.0,0.0,0.0,0.0,0.0,0.0,0.0,0.0,0.0,0.0,0.0,0.0,0.0,0.0,0.0,0.0,0.0,0.0,0.0,0.0,0.0,0.0,0.0,0.0,0.0,0.0,0.0,0.0,0.0,0.0,0.0,0.0,0.0,0.0,0.0,0.0,0.0,0.0
Al16Co27Zr57,10.1016/j.commatsci.2016.02.037,735.0,787.0,1260.0,,5.0,,0.0,0.16,0.27,0.0,0.57,0.0,0.0,0.0,0.0,0.0,0.0,0.0,0.0,0.0,0.0,0.0,0.0,0.0,0.0,0.0,0.0,0.0,0.0,0.0,0.0,0.0,0.0,0.0,0.0,0.0,0.0,0.0,0.0,0.0,0.0,0.0,0.0,0.0,0.0,0.0,0.0,0.0,0.0,0.0,0.0
Al16Co28Zr56,10.1016/j.commatsci.2016.02.037,743.0,792.0,1258.0,,7.0,,0.0,0.16,0.28,0.0,0.56,0.0,0.0,0.0,0.0,0.0,0.0,0.0,0.0,0.0,0.0,0.0,0.0,0.0,0.0,0.0,0.0,0.0,0.0,0.0,0.0,0.0,0.0,0.0,0.0,0.0,0.0,0.0,0.0,0.0,0.0,0.0,0.0,0.0,0.0,0.0,0.0,0.0,0.0,0.0,0.0
Al16Co29Zr55,10.1016/j.commatsci.2016.02.037,750.0,799.0,1258.0,,7.0,,0.0,0.16,0.29,0.0,0.55,0.0,0.0,0.0,0.0,0.0,0.0,0.0,0.0,0.0,0.0,0.0,0.0,0.0,0.0,0.0,0.0,0.0,0.0,0.0,0.0,0.0,0.0,0.0,0.0,0.0,0.0,0.0,0.0,0.0,0.0,0.0,0.0,0.0,0.0,0.0,0.0,0.0,0.0,0.0,0.0
Al16Co30Zr54,10.1016/j.commatsci.2016.02.037,757.0,806.0,1258.0,,6.0,,0.0,0.16,0.3,0.0,0.54,0.0,0.0,0.0,0.0,0.0,0.0,0.0,0.0,0.0,0.0,0.0,0.0,0.0,0.0,0.0,0.0,0.0,0.0,0.0,0.0,0.0,0.0,0.0,0.0,0.0,0.0,0.0,0.0,0.0,0.0,0.0,0.0,0.0,0.0,0.0,0.0,0.0,0.0,0.0,0.0
Al16Co31Zr53,10.1016/j.commatsci.2016.02.037,763.0,812.0,1257.0,,5.0,,0.0,0.16,0.31,0.0,0.53,0.0,0.0,0.0,0.0,0.0,0.0,0.0,0.0,0.0,0.0,0.0,0.0,0.0,0.0,0.0,0.0,0.0,0.0,0.0,0.0,0.0,0.0,0.0,0.0,0.0,0.0,0.0,0.0,0.0,0.0,0.0,0.0,0.0,0.0,0.0,0.0,0.0,0.0,0.0,0.0
Al16Co32Zr52,10.1016/j.commatsci.2016.02.037,770.0,824.0,1256.0,,3.0,,0.0,0.16,0.32,0.0,0.52,0.0,0.0,0.0,0.0,0.0,0.0,0.0,0.0,0.0,0.0,0.0,0.0,0.0,0.0,0.0,0.0,0.0,0.0,0.0,0.0,0.0,0.0,0.0,0.0,0.0,0.0,0.0,0.0,0.0,0.0,0.0,0.0,0.0,0.0,0.0,0.0,0.0,0.0,0.0,0.0
Al16Co33Zr51,10.1016/j.commatsci.2016.02.037,775.0,828.0,1258.0,,2.0,,0.0,0.16,0.33,0.0,0.51,0.0,0.0,0.0,0.0,0.0,0.0,0.0,0.0,0.0,0.0,0.0,0.0,0.0,0.0,0.0,0.0,0.0,0.0,0.0,0.0,0.0,0.0,0.0,0.0,0.0,0.0,0.0,0.0,0.0,0.0,0.0,0.0,0.0,0.0,0.0,0.0,0.0,0.0,0.0,0.0
Al16.3Cu11.6La60.5Ni11.6,10.1016/j.intermet.2007.12.002,414.0,465.0,734.0,,8.0,,0.0,0.163,0.0,0.11599999999999999,0.0,0.0,0.0,0.0,0.0,0.0,0.0,0.11599999999999999,0.605,0.0,0.0,0.0,0.0,0.0,0.0,0.0,0.0,0.0,0.0,0.0,0.0,0.0,0.0,0.0,0.0,0.0,0.0,0.0,0.0,0.0,0.0,0.0,0.0,0.0,0.0,0.0,0.0,0.0,0.0,0.0,0.0
Al16.3Cu18.7Ni12Zr53,10.1016/j.actamat.2008.11.007,709.0,815.0,1141.0,,6.0,,0.0,0.163,0.0,0.187,0.53,0.0,0.0,0.0,0.0,0.0,0.0,0.12,0.0,0.0,0.0,0.0,0.0,0.0,0.0,0.0,0.0,0.0,0.0,0.0,0.0,0.0,0.0,0.0,0.0,0.0,0.0,0.0,0.0,0.0,0.0,0.0,0.0,0.0,0.0,0.0,0.0,0.0,0.0,0.0,0.0
Al16.3Cu20.7Ni12Zr51,10.1016/j.jnoncrysol.2006.02.098,722.0,800.0,1132.0,,3.0,,0.0,0.163,0.0,0.207,0.51,0.0,0.0,0.0,0.0,0.0,0.0,0.12,0.0,0.0,0.0,0.0,0.0,0.0,0.0,0.0,0.0,0.0,0.0,0.0,0.0,0.0,0.0,0.0,0.0,0.0,0.0,0.0,0.0,0.0,0.0,0.0,0.0,0.0,0.0,0.0,0.0,0.0,0.0,0.0,0.0
Al16.6Cu11.9La59.6Ni11.9,10.1016/j.intermet.2007.12.002,416.0,475.0,750.0,,8.0,,0.0,0.166,0.0,0.11900000000000001,0.0,0.0,0.0,0.0,0.0,0.0,0.0,0.11900000000000001,0.596,0.0,0.0,0.0,0.0,0.0,0.0,0.0,0.0,0.0,0.0,0.0,0.0,0.0,0.0,0.0,0.0,0.0,0.0,0.0,0.0,0.0,0.0,0.0,0.0,0.0,0.0,0.0,0.0,0.0,0.0,0.0,0.0
Al17Cu12.2La58.6Ni12.2,10.1016/j.intermet.2007.12.002,421.0,489.0,774.0,,5.0,,0.0,0.17,0.0,0.122,0.0,0.0,0.0,0.0,0.0,0.0,0.0,0.122,0.586,0.0,0.0,0.0,0.0,0.0,0.0,0.0,0.0,0.0,0.0,0.0,0.0,0.0,0.0,0.0,0.0,0.0,0.0,0.0,0.0,0.0,0.0,0.0,0.0,0.0,0.0,0.0,0.0,0.0,0.0,0.0,0.0
Al17.5Cu12.45La57.6Ni12.45,10.1016/j.intermet.2007.12.002,425.0,499.0,790.0,,8.0,,0.0,0.175,0.0,0.1245,0.0,0.0,0.0,0.0,0.0,0.0,0.0,0.1245,0.5760000000000001,0.0,0.0,0.0,0.0,0.0,0.0,0.0,0.0,0.0,0.0,0.0,0.0,0.0,0.0,0.0,0.0,0.0,0.0,0.0,0.0,0.0,0.0,0.0,0.0,0.0,0.0,0.0,0.0,0.0,0.0,0.0,0.0
Al17.5Cu20La62.5,10.2320/matertrans.48.68,401.0,471.0,772.0,,3.0,,0.0,0.175,0.0,0.2,0.0,0.0,0.0,0.0,0.0,0.0,0.0,0.0,0.625,0.0,0.0,0.0,0.0,0.0,0.0,0.0,0.0,0.0,0.0,0.0,0.0,0.0,0.0,0.0,0.0,0.0,0.0,0.0,0.0,0.0,0.0,0.0,0.0,0.0,0.0,0.0,0.0,0.0,0.0,0.0,0.0
Al17.9Cu12.8La56.5Ni12.8,10.1016/j.intermet.2007.12.002,433.0,492.0,823.0,,2.0,,0.0,0.179,0.0,0.128,0.0,0.0,0.0,0.0,0.0,0.0,0.0,0.128,0.565,0.0,0.0,0.0,0.0,0.0,0.0,0.0,0.0,0.0,0.0,0.0,0.0,0.0,0.0,0.0,0.0,0.0,0.0,0.0,0.0,0.0,0.0,0.0,0.0,0.0,0.0,0.0,0.0,0.0,0.0,0.0,0.0
Al18.4Cu13.1La55.4Ni13.1,10.1016/j.intermet.2007.12.002,426.0,491.0,881.0,,2.0,,0.0,0.184,0.0,0.131,0.0,0.0,0.0,0.0,0.0,0.0,0.0,0.131,0.5539999999999999,0.0,0.0,0.0,0.0,0.0,0.0,0.0,0.0,0.0,0.0,0.0,0.0,0.0,0.0,0.0,0.0,0.0,0.0,0.0,0.0,0.0,0.0,0.0,0.0,0.0,0.0,0.0,0.0,0.0,0.0,0.0,0.0
Al19Ca55Mg20Zn6,10.1007/s11661-007-9255-x,448.0,484.0,745.0,,1.5,,0.0,0.19,0.0,0.0,0.0,0.0,0.0,0.0,0.0,0.0,0.2,0.0,0.0,0.55,0.0,0.0,0.0,0.0,0.0,0.0,0.06,0.0,0.0,0.0,0.0,0.0,0.0,0.0,0.0,0.0,0.0,0.0,0.0,0.0,0.0,0.0,0.0,0.0,0.0,0.0,0.0,0.0,0.0,0.0,0.0
Al2Cu53Hf25Ti20,10.1002/adem0.200700049,730.0,764.0,1178.0,,4.0,,0.0,0.02,0.0,0.53,0.0,0.0,0.0,0.0,0.0,0.0,0.0,0.0,0.0,0.0,0.0,0.0,0.0,0.25,0.2,0.0,0.0,0.0,0.0,0.0,0.0,0.0,0.0,0.0,0.0,0.0,0.0,0.0,0.0,0.0,0.0,0.0,0.0,0.0,0.0,0.0,0.0,0.0,0.0,0.0,0.0
Al2.1B6.7C6.9Cr2.2Fe68.3Mo2.5P8.8Si2.5,10.1016/j.msea.2006.02.262,795.0,835.0,1316.0,,4.0,,0.0,0.021,0.0,0.0,0.0,0.6829999999999999,0.08800000000000001,0.0,0.025,0.0,0.0,0.0,0.0,0.0,0.0,0.0,0.0,0.0,0.0,0.0,0.0,0.0,0.0,0.0,0.067,0.025,0.0,0.0,0.069,0.0,0.0,0.022000000000000002,0.0,0.0,0.0,0.0,0.0,0.0,0.0,0.0,0.0,0.0,0.0,0.0,0.0
Al20Ca55Mg18Zn7,10.1007/s11661-007-9255-x,447.0,491.0,822.0,,1.0,,0.0,0.2,0.0,0.0,0.0,0.0,0.0,0.0,0.0,0.0,0.18,0.0,0.0,0.55,0.0,0.0,0.0,0.0,0.0,0.0,0.07,0.0,0.0,0.0,0.0,0.0,0.0,0.0,0.0,0.0,0.0,0.0,0.0,0.0,0.0,0.0,0.0,0.0,0.0,0.0,0.0,0.0,0.0,0.0,0.0
Al20Ca65Mg15,10.2320/matertrans.MJ200731,,,776.0,,1.0,,0.0,0.2,0.0,0.0,0.0,0.0,0.0,0.0,0.0,0.0,0.15,0.0,0.0,0.65,0.0,0.0,0.0,0.0,0.0,0.0,0.0,0.0,0.0,0.0,0.0,0.0,0.0,0.0,0.0,0.0,0.0,0.0,0.0,0.0,0.0,0.0,0.0,0.0,0.0,0.0,0.0,0.0,0.0,0.0,0.0
Al20Ce27.5Co25La27.5,10.1016/j.actamat.2007.02.026,498.0,561.0,961.0,,5.0,,0.0,0.2,0.25,0.0,0.0,0.0,0.0,0.0,0.0,0.0,0.0,0.0,0.275,0.0,0.0,0.0,0.0,0.0,0.0,0.0,0.0,0.0,0.0,0.0,0.0,0.0,0.275,0.0,0.0,0.0,0.0,0.0,0.0,0.0,0.0,0.0,0.0,0.0,0.0,0.0,0.0,0.0,0.0,0.0,0.0
Al20Ce27.5Cu25La27.5,10.1142/S0217979209060749,425.0,483.0,818.0,,2.0,,0.0,0.2,0.0,0.25,0.0,0.0,0.0,0.0,0.0,0.0,0.0,0.0,0.275,0.0,0.0,0.0,0.0,0.0,0.0,0.0,0.0,0.0,0.0,0.0,0.0,0.0,0.275,0.0,0.0,0.0,0.0,0.0,0.0,0.0,0.0,0.0,0.0,0.0,0.0,0.0,0.0,0.0,0.0,0.0,0.0
Al20Ce30Co20La30,10.1016/j.actamat.2007.02.026,475.0,554.0,916.0,,8.0,,0.0,0.2,0.2,0.0,0.0,0.0,0.0,0.0,0.0,0.0,0.0,0.0,0.3,0.0,0.0,0.0,0.0,0.0,0.0,0.0,0.0,0.0,0.0,0.0,0.0,0.0,0.3,0.0,0.0,0.0,0.0,0.0,0.0,0.0,0.0,0.0,0.0,0.0,0.0,0.0,0.0,0.0,0.0,0.0,0.0
Al20Ce30Cu20La30,10.1142/S0217979209060749,413.0,477.0,807.0,,5.0,,0.0,0.2,0.0,0.2,0.0,0.0,0.0,0.0,0.0,0.0,0.0,0.0,0.3,0.0,0.0,0.0,0.0,0.0,0.0,0.0,0.0,0.0,0.0,0.0,0.0,0.0,0.3,0.0,0.0,0.0,0.0,0.0,0.0,0.0,0.0,0.0,0.0,0.0,0.0,0.0,0.0,0.0,0.0,0.0,0.0
Al20Ce32.5Co15La32.5,10.1016/j.actamat.2007.02.026,444.0,516.0,831.0,,6.0,,0.0,0.2,0.15,0.0,0.0,0.0,0.0,0.0,0.0,0.0,0.0,0.0,0.325,0.0,0.0,0.0,0.0,0.0,0.0,0.0,0.0,0.0,0.0,0.0,0.0,0.0,0.325,0.0,0.0,0.0,0.0,0.0,0.0,0.0,0.0,0.0,0.0,0.0,0.0,0.0,0.0,0.0,0.0,0.0,0.0
Al20Ce32.5Cu15La32.5,10.1142/S0217979209060749,419.0,464.0,811.0,,2.0,,0.0,0.2,0.0,0.15,0.0,0.0,0.0,0.0,0.0,0.0,0.0,0.0,0.325,0.0,0.0,0.0,0.0,0.0,0.0,0.0,0.0,0.0,0.0,0.0,0.0,0.0,0.325,0.0,0.0,0.0,0.0,0.0,0.0,0.0,0.0,0.0,0.0,0.0,0.0,0.0,0.0,0.0,0.0,0.0,0.0
Al20Ce35Co10La35,10.1142/S0217979209060749,429.0,483.0,798.0,,3.0,,0.0,0.2,0.1,0.0,0.0,0.0,0.0,0.0,0.0,0.0,0.0,0.0,0.35,0.0,0.0,0.0,0.0,0.0,0.0,0.0,0.0,0.0,0.0,0.0,0.0,0.0,0.35,0.0,0.0,0.0,0.0,0.0,0.0,0.0,0.0,0.0,0.0,0.0,0.0,0.0,0.0,0.0,0.0,0.0,0.0
Al20Ce60Co20,10.1016/j.actamat.2006.02.044,424.0,468.0,798.0,,1.0,,0.0,0.2,0.2,0.0,0.0,0.0,0.0,0.0,0.0,0.0,0.0,0.0,0.0,0.0,0.0,0.0,0.0,0.0,0.0,0.0,0.0,0.0,0.0,0.0,0.0,0.0,0.6,0.0,0.0,0.0,0.0,0.0,0.0,0.0,0.0,0.0,0.0,0.0,0.0,0.0,0.0,0.0,0.0,0.0,0.0
Al20Ce60Cu20,10.1016/j.actamat.2006.02.044,396.0,444.0,830.0,,3.0,,0.0,0.2,0.0,0.2,0.0,0.0,0.0,0.0,0.0,0.0,0.0,0.0,0.0,0.0,0.0,0.0,0.0,0.0,0.0,0.0,0.0,0.0,0.0,0.0,0.0,0.0,0.6,0.0,0.0,0.0,0.0,0.0,0.0,0.0,0.0,0.0,0.0,0.0,0.0,0.0,0.0,0.0,0.0,0.0,0.0
Al20Co20Gd60,10.1016/j.jallcom.2007.02.114,580.0,625.0,,,2.5,,0.0,0.2,0.2,0.0,0.0,0.0,0.0,0.0,0.0,0.6,0.0,0.0,0.0,0.0,0.0,0.0,0.0,0.0,0.0,0.0,0.0,0.0,0.0,0.0,0.0,0.0,0.0,0.0,0.0,0.0,0.0,0.0,0.0,0.0,0.0,0.0,0.0,0.0,0.0,0.0,0.0,0.0,0.0,0.0,0.0
Al20Co25Zr55,10.1038/ncomms10313,,,,,10.0,,0.0,0.2,0.25,0.0,0.55,0.0,0.0,0.0,0.0,0.0,0.0,0.0,0.0,0.0,0.0,0.0,0.0,0.0,0.0,0.0,0.0,0.0,0.0,0.0,0.0,0.0,0.0,0.0,0.0,0.0,0.0,0.0,0.0,0.0,0.0,0.0,0.0,0.0,0.0,0.0,0.0,0.0,0.0,0.0,0.0
Al20Co25Zr55,10.2320/matertrans.43.2843,761.0,840.0,1245.0,,2.5,,0.0,0.2,0.25,0.0,0.55,0.0,0.0,0.0,0.0,0.0,0.0,0.0,0.0,0.0,0.0,0.0,0.0,0.0,0.0,0.0,0.0,0.0,0.0,0.0,0.0,0.0,0.0,0.0,0.0,0.0,0.0,0.0,0.0,0.0,0.0,0.0,0.0,0.0,0.0,0.0,0.0,0.0,0.0,0.0,0.0
Al20Cu20La60,10.2320/matertrans.48.68,415.0,486.0,811.0,,3.0,,0.0,0.2,0.0,0.2,0.0,0.0,0.0,0.0,0.0,0.0,0.0,0.0,0.6,0.0,0.0,0.0,0.0,0.0,0.0,0.0,0.0,0.0,0.0,0.0,0.0,0.0,0.0,0.0,0.0,0.0,0.0,0.0,0.0,0.0,0.0,0.0,0.0,0.0,0.0,0.0,0.0,0.0,0.0,0.0,0.0
Al20Gd55Mn3Ni22,10.1016/j.commatsci.2016.02.037,553.0,603.0,955.0,,2.0,,0.0,0.2,0.0,0.0,0.0,0.0,0.0,0.0,0.0,0.55,0.0,0.22,0.0,0.0,0.0,0.0,0.0,0.0,0.0,0.0,0.0,0.0,0.0,0.0,0.0,0.0,0.0,0.0,0.0,0.03,0.0,0.0,0.0,0.0,0.0,0.0,0.0,0.0,0.0,0.0,0.0,0.0,0.0,0.0,0.0
Al20Gd60Ni20,10.1016/j.jallcom.2007.02.114,587.0,621.0,,,2.0,,0.0,0.2,0.0,0.0,0.0,0.0,0.0,0.0,0.0,0.6,0.0,0.2,0.0,0.0,0.0,0.0,0.0,0.0,0.0,0.0,0.0,0.0,0.0,0.0,0.0,0.0,0.0,0.0,0.0,0.0,0.0,0.0,0.0,0.0,0.0,0.0,0.0,0.0,0.0,0.0,0.0,0.0,0.0,0.0,0.0
Al24Co10Ni10Sc20Y36,10.1016/j.msea.2006.06.053,645.0,731.0,1010.0,,25.0,,0.0,0.24,0.1,0.0,0.0,0.0,0.0,0.0,0.0,0.0,0.0,0.1,0.0,0.0,0.0,0.36,0.0,0.0,0.0,0.0,0.0,0.0,0.0,0.0,0.0,0.0,0.0,0.0,0.0,0.0,0.0,0.0,0.2,0.0,0.0,0.0,0.0,0.0,0.0,0.0,0.0,0.0,0.0,0.0,0.0
Al24Co20Sc20Y36,10.1016/j.msea.2006.06.053,645.0,760.0,1034.0,,25.0,,0.0,0.24,0.2,0.0,0.0,0.0,0.0,0.0,0.0,0.0,0.0,0.0,0.0,0.0,0.0,0.36,0.0,0.0,0.0,0.0,0.0,0.0,0.0,0.0,0.0,0.0,0.0,0.0,0.0,0.0,0.0,0.0,0.2,0.0,0.0,0.0,0.0,0.0,0.0,0.0,0.0,0.0,0.0,0.0,0.0
Al24Co20Sc20Y36,10.1063/1.1614420,636.0,690.0,,,2.0,,0.0,0.24,0.2,0.0,0.0,0.0,0.0,0.0,0.0,0.0,0.0,0.0,0.0,0.0,0.0,0.36,0.0,0.0,0.0,0.0,0.0,0.0,0.0,0.0,0.0,0.0,0.0,0.0,0.0,0.0,0.0,0.0,0.2,0.0,0.0,0.0,0.0,0.0,0.0,0.0,0.0,0.0,0.0,0.0,0.0
Al24Co20Y56,10.1016/j.msea.2006.06.053,636.0,690.0,1078.0,,1.5,,0.0,0.24,0.2,0.0,0.0,0.0,0.0,0.0,0.0,0.0,0.0,0.0,0.0,0.0,0.0,0.56,0.0,0.0,0.0,0.0,0.0,0.0,0.0,0.0,0.0,0.0,0.0,0.0,0.0,0.0,0.0,0.0,0.0,0.0,0.0,0.0,0.0,0.0,0.0,0.0,0.0,0.0,0.0,0.0,0.0
Al25Ce27.5Co20La27.5,10.1016/j.actamat.2007.02.026,496.0,561.0,942.0,,4.0,,0.0,0.25,0.2,0.0,0.0,0.0,0.0,0.0,0.0,0.0,0.0,0.0,0.275,0.0,0.0,0.0,0.0,0.0,0.0,0.0,0.0,0.0,0.0,0.0,0.0,0.0,0.275,0.0,0.0,0.0,0.0,0.0,0.0,0.0,0.0,0.0,0.0,0.0,0.0,0.0,0.0,0.0,0.0,0.0,0.0
Al25Ce27.5Cu20La27.5,10.1142/S0217979209060749,449.0,500.0,1042.0,,2.0,,0.0,0.25,0.0,0.2,0.0,0.0,0.0,0.0,0.0,0.0,0.0,0.0,0.275,0.0,0.0,0.0,0.0,0.0,0.0,0.0,0.0,0.0,0.0,0.0,0.0,0.0,0.275,0.0,0.0,0.0,0.0,0.0,0.0,0.0,0.0,0.0,0.0,0.0,0.0,0.0,0.0,0.0,0.0,0.0,0.0
Al25Ce30Co15La30,10.1016/j.actamat.2007.02.026,477.0,522.0,892.0,,5.0,,0.0,0.25,0.15,0.0,0.0,0.0,0.0,0.0,0.0,0.0,0.0,0.0,0.3,0.0,0.0,0.0,0.0,0.0,0.0,0.0,0.0,0.0,0.0,0.0,0.0,0.0,0.3,0.0,0.0,0.0,0.0,0.0,0.0,0.0,0.0,0.0,0.0,0.0,0.0,0.0,0.0,0.0,0.0,0.0,0.0
Al25Ce30Cu15La30,10.1142/S0217979209060749,445.0,483.0,1002.0,,2.0,,0.0,0.25,0.0,0.15,0.0,0.0,0.0,0.0,0.0,0.0,0.0,0.0,0.3,0.0,0.0,0.0,0.0,0.0,0.0,0.0,0.0,0.0,0.0,0.0,0.0,0.0,0.3,0.0,0.0,0.0,0.0,0.0,0.0,0.0,0.0,0.0,0.0,0.0,0.0,0.0,0.0,0.0,0.0,0.0,0.0
Al25Ce32.5Co10La32.5,10.1142/S0217979209060749,462.0,502.0,880.0,,3.0,,0.0,0.25,0.1,0.0,0.0,0.0,0.0,0.0,0.0,0.0,0.0,0.0,0.325,0.0,0.0,0.0,0.0,0.0,0.0,0.0,0.0,0.0,0.0,0.0,0.0,0.0,0.325,0.0,0.0,0.0,0.0,0.0,0.0,0.0,0.0,0.0,0.0,0.0,0.0,0.0,0.0,0.0,0.0,0.0,0.0
Al25Ce35Co5La35,10.1016/j.actamat.2007.02.026,461.0,484.0,874.0,,2.0,,0.0,0.25,0.05,0.0,0.0,0.0,0.0,0.0,0.0,0.0,0.0,0.0,0.35,0.0,0.0,0.0,0.0,0.0,0.0,0.0,0.0,0.0,0.0,0.0,0.0,0.0,0.35,0.0,0.0,0.0,0.0,0.0,0.0,0.0,0.0,0.0,0.0,0.0,0.0,0.0,0.0,0.0,0.0,0.0,0.0
Al25Ce55Cu20,10.1016/j.actamat.2006.02.044,439.0,479.0,825.0,,1.0,,0.0,0.25,0.0,0.2,0.0,0.0,0.0,0.0,0.0,0.0,0.0,0.0,0.0,0.0,0.0,0.0,0.0,0.0,0.0,0.0,0.0,0.0,0.0,0.0,0.0,0.0,0.55,0.0,0.0,0.0,0.0,0.0,0.0,0.0,0.0,0.0,0.0,0.0,0.0,0.0,0.0,0.0,0.0,0.0,0.0
Al25Co15Gd60,10.1016/j.jallcom.2007.02.114,586.0,638.0,,,3.0,,0.0,0.25,0.15,0.0,0.0,0.0,0.0,0.0,0.0,0.6,0.0,0.0,0.0,0.0,0.0,0.0,0.0,0.0,0.0,0.0,0.0,0.0,0.0,0.0,0.0,0.0,0.0,0.0,0.0,0.0,0.0,0.0,0.0,0.0,0.0,0.0,0.0,0.0,0.0,0.0,0.0,0.0,0.0,0.0,0.0
Al25Co5Cu10La55Ni5,10.1016/j.jallcom.2008.07.087,,,,,9.0,,0.0,0.25,0.05,0.1,0.0,0.0,0.0,0.0,0.0,0.0,0.0,0.05,0.55,0.0,0.0,0.0,0.0,0.0,0.0,0.0,0.0,0.0,0.0,0.0,0.0,0.0,0.0,0.0,0.0,0.0,0.0,0.0,0.0,0.0,0.0,0.0,0.0,0.0,0.0,0.0,0.0,0.0,0.0,0.0,0.0
Al25Cu10La55Ni10,10.2320/matertrans1989.34.351,,,,,5.0,,0.0,0.25,0.0,0.1,0.0,0.0,0.0,0.0,0.0,0.0,0.0,0.1,0.55,0.0,0.0,0.0,0.0,0.0,0.0,0.0,0.0,0.0,0.0,0.0,0.0,0.0,0.0,0.0,0.0,0.0,0.0,0.0,0.0,0.0,0.0,0.0,0.0,0.0,0.0,0.0,0.0,0.0,0.0,0.0,0.0
Al25Cu20La55,10.2320/matertrans.48.68,443.0,498.0,889.0,,2.0,,0.0,0.25,0.0,0.2,0.0,0.0,0.0,0.0,0.0,0.0,0.0,0.0,0.55,0.0,0.0,0.0,0.0,0.0,0.0,0.0,0.0,0.0,0.0,0.0,0.0,0.0,0.0,0.0,0.0,0.0,0.0,0.0,0.0,0.0,0.0,0.0,0.0,0.0,0.0,0.0,0.0,0.0,0.0,0.0,0.0
Al25Cu20La55,10.2320/matertrans1989.34.351,,,,,3.0,,0.0,0.25,0.0,0.2,0.0,0.0,0.0,0.0,0.0,0.0,0.0,0.0,0.55,0.0,0.0,0.0,0.0,0.0,0.0,0.0,0.0,0.0,0.0,0.0,0.0,0.0,0.0,0.0,0.0,0.0,0.0,0.0,0.0,0.0,0.0,0.0,0.0,0.0,0.0,0.0,0.0,0.0,0.0,0.0,0.0
Al25Gd60Ni15,10.1016/j.jallcom.2007.02.114,603.0,648.0,1006.0,,4.0,,0.0,0.25,0.0,0.0,0.0,0.0,0.0,0.0,0.0,0.6,0.0,0.15,0.0,0.0,0.0,0.0,0.0,0.0,0.0,0.0,0.0,0.0,0.0,0.0,0.0,0.0,0.0,0.0,0.0,0.0,0.0,0.0,0.0,0.0,0.0,0.0,0.0,0.0,0.0,0.0,0.0,0.0,0.0,0.0,0.0
Al25La55Ni20,10.1016/j.msea.2006.06.053,491.0,555.0,941.0,,3.0,,0.0,0.25,0.0,0.0,0.0,0.0,0.0,0.0,0.0,0.0,0.0,0.2,0.55,0.0,0.0,0.0,0.0,0.0,0.0,0.0,0.0,0.0,0.0,0.0,0.0,0.0,0.0,0.0,0.0,0.0,0.0,0.0,0.0,0.0,0.0,0.0,0.0,0.0,0.0,0.0,0.0,0.0,0.0,0.0,0.0
Al27Co20Gd53,10.1063/1.3246616,601.0,682.0,,,3.0,,0.0,0.27,0.2,0.0,0.0,0.0,0.0,0.0,0.0,0.53,0.0,0.0,0.0,0.0,0.0,0.0,0.0,0.0,0.0,0.0,0.0,0.0,0.0,0.0,0.0,0.0,0.0,0.0,0.0,0.0,0.0,0.0,0.0,0.0,0.0,0.0,0.0,0.0,0.0,0.0,0.0,0.0,0.0,0.0,0.0
Al28.5Ca56.5Cu5Mg10,10.1063/1.1637940,493.15,520.15,,,3.0,,0.0,0.285,0.0,0.05,0.0,0.0,0.0,0.0,0.0,0.0,0.1,0.0,0.0,0.565,0.0,0.0,0.0,0.0,0.0,0.0,0.0,0.0,0.0,0.0,0.0,0.0,0.0,0.0,0.0,0.0,0.0,0.0,0.0,0.0,0.0,0.0,0.0,0.0,0.0,0.0,0.0,0.0,0.0,0.0,0.0
Al28.5Ca56.5Mg15,10.1063/1.1637940,503.15,528.15,,,1.5,,0.0,0.285,0.0,0.0,0.0,0.0,0.0,0.0,0.0,0.0,0.15,0.0,0.0,0.565,0.0,0.0,0.0,0.0,0.0,0.0,0.0,0.0,0.0,0.0,0.0,0.0,0.0,0.0,0.0,0.0,0.0,0.0,0.0,0.0,0.0,0.0,0.0,0.0,0.0,0.0,0.0,0.0,0.0,0.0,0.0
Al28.5Co18Gd53.5,10.1063/1.3246616,605.0,680.0,,,3.0,,0.0,0.285,0.18,0.0,0.0,0.0,0.0,0.0,0.0,0.535,0.0,0.0,0.0,0.0,0.0,0.0,0.0,0.0,0.0,0.0,0.0,0.0,0.0,0.0,0.0,0.0,0.0,0.0,0.0,0.0,0.0,0.0,0.0,0.0,0.0,0.0,0.0,0.0,0.0,0.0,0.0,0.0,0.0,0.0,0.0
Al29.27Co2.44Y68.29,10.1063/1.1614420,645.0,760.0,,,1.5,,0.0,0.2927,0.024399999999999998,0.0,0.0,0.0,0.0,0.0,0.0,0.0,0.0,0.0,0.0,0.0,0.0,0.6829000000000001,0.0,0.0,0.0,0.0,0.0,0.0,0.0,0.0,0.0,0.0,0.0,0.0,0.0,0.0,0.0,0.0,0.0,0.0,0.0,0.0,0.0,0.0,0.0,0.0,0.0,0.0,0.0,0.0,0.0
Al3Cu12.5Ni12.5Pr72,10.1016/j.jallcom.2007.05.037,,,,,1.5,,0.0,0.03,0.0,0.125,0.0,0.0,0.0,0.0,0.0,0.0,0.0,0.125,0.0,0.0,0.0,0.0,0.0,0.0,0.0,0.0,0.0,0.0,0.0,0.0,0.0,0.0,0.0,0.0,0.0,0.0,0.72,0.0,0.0,0.0,0.0,0.0,0.0,0.0,0.0,0.0,0.0,0.0,0.0,0.0,0.0
Al3.12Co3.12Cu7.81Zr85.95,10.1016/j.commatsci.2016.02.037,737.0,815.0,1285.0,,5.0,,0.0,0.031200000000000002,0.031200000000000002,0.0781,0.8595,0.0,0.0,0.0,0.0,0.0,0.0,0.0,0.0,0.0,0.0,0.0,0.0,0.0,0.0,0.0,0.0,0.0,0.0,0.0,0.0,0.0,0.0,0.0,0.0,0.0,0.0,0.0,0.0,0.0,0.0,0.0,0.0,0.0,0.0,0.0,0.0,0.0,0.0,0.0,0.0
Al30Ca55Mg15,10.2320/matertrans.MJ200731,,,,,0.5,,0.0,0.3,0.0,0.0,0.0,0.0,0.0,0.0,0.0,0.0,0.15,0.0,0.0,0.55,0.0,0.0,0.0,0.0,0.0,0.0,0.0,0.0,0.0,0.0,0.0,0.0,0.0,0.0,0.0,0.0,0.0,0.0,0.0,0.0,0.0,0.0,0.0,0.0,0.0,0.0,0.0,0.0,0.0,0.0,0.0
Al30Ca60Cu10,10.1063/1.1637940,498.15,517.15,,,1.5,,0.0,0.3,0.0,0.1,0.0,0.0,0.0,0.0,0.0,0.0,0.0,0.0,0.0,0.6,0.0,0.0,0.0,0.0,0.0,0.0,0.0,0.0,0.0,0.0,0.0,0.0,0.0,0.0,0.0,0.0,0.0,0.0,0.0,0.0,0.0,0.0,0.0,0.0,0.0,0.0,0.0,0.0,0.0,0.0,0.0
Al30Ca60Mg10,10.1063/1.1637940,508.15,523.15,,,2.0,,0.0,0.3,0.0,0.0,0.0,0.0,0.0,0.0,0.0,0.0,0.1,0.0,0.0,0.6,0.0,0.0,0.0,0.0,0.0,0.0,0.0,0.0,0.0,0.0,0.0,0.0,0.0,0.0,0.0,0.0,0.0,0.0,0.0,0.0,0.0,0.0,0.0,0.0,0.0,0.0,0.0,0.0,0.0,0.0,0.0
Al30Ca60Zn10,10.1063/1.1637940,498.15,530.15,,,1.5,,0.0,0.3,0.0,0.0,0.0,0.0,0.0,0.0,0.0,0.0,0.0,0.0,0.0,0.6,0.0,0.0,0.0,0.0,0.0,0.0,0.1,0.0,0.0,0.0,0.0,0.0,0.0,0.0,0.0,0.0,0.0,0.0,0.0,0.0,0.0,0.0,0.0,0.0,0.0,0.0,0.0,0.0,0.0,0.0,0.0
Al30Ce27.5Cu15La27.5,10.1142/S0217979209060749,473.0,505.0,1162.0,,2.0,,0.0,0.3,0.0,0.15,0.0,0.0,0.0,0.0,0.0,0.0,0.0,0.0,0.275,0.0,0.0,0.0,0.0,0.0,0.0,0.0,0.0,0.0,0.0,0.0,0.0,0.0,0.275,0.0,0.0,0.0,0.0,0.0,0.0,0.0,0.0,0.0,0.0,0.0,0.0,0.0,0.0,0.0,0.0,0.0,0.0
Al30Gd60Ni10,10.1016/j.jallcom.2007.02.114,596.0,638.0,,,2.5,,0.0,0.3,0.0,0.0,0.0,0.0,0.0,0.0,0.0,0.6,0.0,0.1,0.0,0.0,0.0,0.0,0.0,0.0,0.0,0.0,0.0,0.0,0.0,0.0,0.0,0.0,0.0,0.0,0.0,0.0,0.0,0.0,0.0,0.0,0.0,0.0,0.0,0.0,0.0,0.0,0.0,0.0,0.0,0.0,0.0
Al32Ca58Mg10,10.1063/1.1637940,513.15,539.15,,,1.5,,0.0,0.32,0.0,0.0,0.0,0.0,0.0,0.0,0.0,0.0,0.1,0.0,0.0,0.58,0.0,0.0,0.0,0.0,0.0,0.0,0.0,0.0,0.0,0.0,0.0,0.0,0.0,0.0,0.0,0.0,0.0,0.0,0.0,0.0,0.0,0.0,0.0,0.0,0.0,0.0,0.0,0.0,0.0,0.0,0.0
Al32Ca63Cu5,10.1016/j.intermet.2006.10.017,512.0,523.0,831.0,,2.0,,0.0,0.32,0.0,0.05,0.0,0.0,0.0,0.0,0.0,0.0,0.0,0.0,0.0,0.63,0.0,0.0,0.0,0.0,0.0,0.0,0.0,0.0,0.0,0.0,0.0,0.0,0.0,0.0,0.0,0.0,0.0,0.0,0.0,0.0,0.0,0.0,0.0,0.0,0.0,0.0,0.0,0.0,0.0,0.0,0.0
Al33.6Ca66.4,10.1016/j.intermet.2006.10.017,528.0,540.0,873.0,,1.0,,0.0,0.336,0.0,0.0,0.0,0.0,0.0,0.0,0.0,0.0,0.0,0.0,0.0,0.664,0.0,0.0,0.0,0.0,0.0,0.0,0.0,0.0,0.0,0.0,0.0,0.0,0.0,0.0,0.0,0.0,0.0,0.0,0.0,0.0,0.0,0.0,0.0,0.0,0.0,0.0,0.0,0.0,0.0,0.0,0.0
Al35Ce20La30Ni15,10.1016/j.scriptamat.2008.08.003,542.0,577.0,1082.0,,1.0,,0.0,0.35,0.0,0.0,0.0,0.0,0.0,0.0,0.0,0.0,0.0,0.15,0.3,0.0,0.0,0.0,0.0,0.0,0.0,0.0,0.0,0.0,0.0,0.0,0.0,0.0,0.2,0.0,0.0,0.0,0.0,0.0,0.0,0.0,0.0,0.0,0.0,0.0,0.0,0.0,0.0,0.0,0.0,0.0,0.0
Al35Co15Er17Gd33,10.1016/j.scriptamat.2008.08.003,586.0,620.0,1221.0,,1.0,,0.0,0.35,0.15,0.0,0.0,0.0,0.0,0.0,0.0,0.33,0.0,0.0,0.0,0.0,0.17,0.0,0.0,0.0,0.0,0.0,0.0,0.0,0.0,0.0,0.0,0.0,0.0,0.0,0.0,0.0,0.0,0.0,0.0,0.0,0.0,0.0,0.0,0.0,0.0,0.0,0.0,0.0,0.0,0.0,0.0
Al35Co5Gd17La33Ni10,10.1016/j.scriptamat.2008.08.003,560.0,609.0,1070.0,,2.0,,0.0,0.35,0.05,0.0,0.0,0.0,0.0,0.0,0.0,0.17,0.0,0.1,0.33,0.0,0.0,0.0,0.0,0.0,0.0,0.0,0.0,0.0,0.0,0.0,0.0,0.0,0.0,0.0,0.0,0.0,0.0,0.0,0.0,0.0,0.0,0.0,0.0,0.0,0.0,0.0,0.0,0.0,0.0,0.0,0.0
Al35La50Ni15,10.1016/j.scriptamat.2008.08.003,532.0,596.0,971.0,,5.0,,0.0,0.35,0.0,0.0,0.0,0.0,0.0,0.0,0.0,0.0,0.0,0.15,0.5,0.0,0.0,0.0,0.0,0.0,0.0,0.0,0.0,0.0,0.0,0.0,0.0,0.0,0.0,0.0,0.0,0.0,0.0,0.0,0.0,0.0,0.0,0.0,0.0,0.0,0.0,0.0,0.0,0.0,0.0,0.0,0.0
Al4Co0.3Cu47.7Zr48,10.1016/j.jallcom.2007.05.037,417.0,471.0,922.0,,3.0,,0.0,0.04,0.003,0.47700000000000004,0.48,0.0,0.0,0.0,0.0,0.0,0.0,0.0,0.0,0.0,0.0,0.0,0.0,0.0,0.0,0.0,0.0,0.0,0.0,0.0,0.0,0.0,0.0,0.0,0.0,0.0,0.0,0.0,0.0,0.0,0.0,0.0,0.0,0.0,0.0,0.0,0.0,0.0,0.0,0.0,0.0
Al4Cr0.5Cu47.5Zr48,10.1016/j.jallcom.2007.05.037,416.0,471.0,922.0,,3.0,,0.0,0.04,0.0,0.475,0.48,0.0,0.0,0.0,0.0,0.0,0.0,0.0,0.0,0.0,0.0,0.0,0.0,0.0,0.0,0.0,0.0,0.0,0.0,0.0,0.0,0.0,0.0,0.0,0.0,0.0,0.0,0.005,0.0,0.0,0.0,0.0,0.0,0.0,0.0,0.0,0.0,0.0,0.0,0.0,0.0
Al4Cu45Ga3Zr48,10.1016/j.jallcom.2007.05.037,430.0,490.0,901.0,,5.0,,0.0,0.04,0.0,0.45,0.48,0.0,0.0,0.0,0.0,0.0,0.0,0.0,0.0,0.0,0.0,0.0,0.0,0.0,0.0,0.0,0.0,0.0,0.0,0.0,0.0,0.0,0.0,0.0,0.0,0.0,0.0,0.0,0.0,0.03,0.0,0.0,0.0,0.0,0.0,0.0,0.0,0.0,0.0,0.0,0.0
Al4Cu46.5Nb1.5Zr48,10.1016/j.jallcom.2007.05.037,414.0,471.0,908.0,,5.0,,0.0,0.04,0.0,0.465,0.48,0.0,0.0,0.0,0.0,0.0,0.0,0.0,0.0,0.0,0.0,0.0,0.0,0.0,0.0,0.0,0.0,0.0,0.0,0.015,0.0,0.0,0.0,0.0,0.0,0.0,0.0,0.0,0.0,0.0,0.0,0.0,0.0,0.0,0.0,0.0,0.0,0.0,0.0,0.0,0.0
Al4Cu47.5Fe0.5Zr48,10.1016/j.jallcom.2007.05.037,419.0,470.0,921.0,,3.0,,0.0,0.04,0.0,0.475,0.48,0.005,0.0,0.0,0.0,0.0,0.0,0.0,0.0,0.0,0.0,0.0,0.0,0.0,0.0,0.0,0.0,0.0,0.0,0.0,0.0,0.0,0.0,0.0,0.0,0.0,0.0,0.0,0.0,0.0,0.0,0.0,0.0,0.0,0.0,0.0,0.0,0.0,0.0,0.0,0.0
Al4Cu47.5Ni0.5Zr48,10.1016/j.jallcom.2007.05.037,415.0,470.0,920.0,,3.0,,0.0,0.04,0.0,0.475,0.48,0.0,0.0,0.0,0.0,0.0,0.0,0.005,0.0,0.0,0.0,0.0,0.0,0.0,0.0,0.0,0.0,0.0,0.0,0.0,0.0,0.0,0.0,0.0,0.0,0.0,0.0,0.0,0.0,0.0,0.0,0.0,0.0,0.0,0.0,0.0,0.0,0.0,0.0,0.0,0.0
Al4Cu47.5V0.5Zr48,10.1016/j.jallcom.2007.05.037,422.0,474.0,919.0,,2.0,,0.0,0.04,0.0,0.475,0.48,0.0,0.0,0.0,0.0,0.0,0.0,0.0,0.0,0.0,0.0,0.0,0.0,0.0,0.0,0.0,0.0,0.0,0.0,0.0,0.0,0.0,0.0,0.0,0.0,0.0,0.0,0.0,0.0,0.0,0.005,0.0,0.0,0.0,0.0,0.0,0.0,0.0,0.0,0.0,0.0
Al4Cu48Zr48,10.1016/j.jnoncrysol.2005.03.012,689.0,751.0,1188.0,,5.0,,0.0,0.04,0.0,0.48,0.48,0.0,0.0,0.0,0.0,0.0,0.0,0.0,0.0,0.0,0.0,0.0,0.0,0.0,0.0,0.0,0.0,0.0,0.0,0.0,0.0,0.0,0.0,0.0,0.0,0.0,0.0,0.0,0.0,0.0,0.0,0.0,0.0,0.0,0.0,0.0,0.0,0.0,0.0,0.0,0.0
Al4Cu51Hf25Ti20,10.1002/adem0.200700050,730.0,762.0,1203.0,,3.0,,0.0,0.04,0.0,0.51,0.0,0.0,0.0,0.0,0.0,0.0,0.0,0.0,0.0,0.0,0.0,0.0,0.0,0.25,0.2,0.0,0.0,0.0,0.0,0.0,0.0,0.0,0.0,0.0,0.0,0.0,0.0,0.0,0.0,0.0,0.0,0.0,0.0,0.0,0.0,0.0,0.0,0.0,0.0,0.0,0.0
Al4Nb7Ni61Ta6Zr22,10.1016/j.msea.2006.06.017,867.0,927.0,1379.0,,2.0,,0.0,0.04,0.0,0.0,0.22,0.0,0.0,0.0,0.0,0.0,0.0,0.61,0.0,0.0,0.0,0.0,0.0,0.0,0.0,0.0,0.0,0.0,0.0,0.07,0.0,0.0,0.0,0.0,0.0,0.0,0.0,0.0,0.0,0.0,0.0,0.06,0.0,0.0,0.0,0.0,0.0,0.0,0.0,0.0,0.0
Al4Nb7Ni61Zr28,10.1016/j.jallcom.2004.08.014,848.0,898.0,1348.0,,1.0,,0.0,0.04,0.0,0.0,0.28,0.0,0.0,0.0,0.0,0.0,0.0,0.61,0.0,0.0,0.0,0.0,0.0,0.0,0.0,0.0,0.0,0.0,0.0,0.07,0.0,0.0,0.0,0.0,0.0,0.0,0.0,0.0,0.0,0.0,0.0,0.0,0.0,0.0,0.0,0.0,0.0,0.0,0.0,0.0,0.0
Al40La35Ni15Y10,10.1016/j.scriptamat.2008.08.003,586.0,627.0,1092.0,,1.0,,0.0,0.4,0.0,0.0,0.0,0.0,0.0,0.0,0.0,0.0,0.0,0.15,0.35,0.0,0.0,0.1,0.0,0.0,0.0,0.0,0.0,0.0,0.0,0.0,0.0,0.0,0.0,0.0,0.0,0.0,0.0,0.0,0.0,0.0,0.0,0.0,0.0,0.0,0.0,0.0,0.0,0.0,0.0,0.0,0.0
Al5Ca50Cu22.5Mg22.5,10.1007/s11661-007-9255-x,416.0,456.0,762.0,,3.5,,0.0,0.05,0.0,0.225,0.0,0.0,0.0,0.0,0.0,0.0,0.225,0.0,0.0,0.5,0.0,0.0,0.0,0.0,0.0,0.0,0.0,0.0,0.0,0.0,0.0,0.0,0.0,0.0,0.0,0.0,0.0,0.0,0.0,0.0,0.0,0.0,0.0,0.0,0.0,0.0,0.0,0.0,0.0,0.0,0.0
Al5Ce32.5Co30La32.5,10.1016/j.actamat.2007.02.026,402.0,439.0,858.0,,5.0,,0.0,0.05,0.3,0.0,0.0,0.0,0.0,0.0,0.0,0.0,0.0,0.0,0.325,0.0,0.0,0.0,0.0,0.0,0.0,0.0,0.0,0.0,0.0,0.0,0.0,0.0,0.325,0.0,0.0,0.0,0.0,0.0,0.0,0.0,0.0,0.0,0.0,0.0,0.0,0.0,0.0,0.0,0.0,0.0,0.0
Al5Ce32.5Cu30La32.5,10.1142/S0217979209060749,355.0,407.0,742.0,,2.0,,0.0,0.05,0.0,0.3,0.0,0.0,0.0,0.0,0.0,0.0,0.0,0.0,0.325,0.0,0.0,0.0,0.0,0.0,0.0,0.0,0.0,0.0,0.0,0.0,0.0,0.0,0.325,0.0,0.0,0.0,0.0,0.0,0.0,0.0,0.0,0.0,0.0,0.0,0.0,0.0,0.0,0.0,0.0,0.0,0.0
Al5Ce68.4Cu26.6,10.2320/matertrans.46.1857,330.0,373.0,660.0,,2.0,,0.0,0.05,0.0,0.266,0.0,0.0,0.0,0.0,0.0,0.0,0.0,0.0,0.0,0.0,0.0,0.0,0.0,0.0,0.0,0.0,0.0,0.0,0.0,0.0,0.0,0.0,0.684,0.0,0.0,0.0,0.0,0.0,0.0,0.0,0.0,0.0,0.0,0.0,0.0,0.0,0.0,0.0,0.0,0.0,0.0
Al5Nb10Ni60Ti5Zr20,10.1016/j.jallcom.2008.07.087,826.0,896.0,1379.0,,2.0,,0.0,0.05,0.0,0.0,0.2,0.0,0.0,0.0,0.0,0.0,0.0,0.6,0.0,0.0,0.0,0.0,0.0,0.0,0.05,0.0,0.0,0.0,0.0,0.1,0.0,0.0,0.0,0.0,0.0,0.0,0.0,0.0,0.0,0.0,0.0,0.0,0.0,0.0,0.0,0.0,0.0,0.0,0.0,0.0,0.0
Al5Nb12.5Ni60Ti2.5Zr20,10.1016/j.jallcom.2008.07.087,836.0,897.0,1378.0,,2.0,,0.0,0.05,0.0,0.0,0.2,0.0,0.0,0.0,0.0,0.0,0.0,0.6,0.0,0.0,0.0,0.0,0.0,0.0,0.025,0.0,0.0,0.0,0.0,0.125,0.0,0.0,0.0,0.0,0.0,0.0,0.0,0.0,0.0,0.0,0.0,0.0,0.0,0.0,0.0,0.0,0.0,0.0,0.0,0.0,0.0
Al5Nb12.5Ni60Zr22.5,10.1016/j.jallcom.2008.01.075,836.0,,1372.0,,2.0,,0.0,0.05,0.0,0.0,0.225,0.0,0.0,0.0,0.0,0.0,0.0,0.6,0.0,0.0,0.0,0.0,0.0,0.0,0.0,0.0,0.0,0.0,0.0,0.125,0.0,0.0,0.0,0.0,0.0,0.0,0.0,0.0,0.0,0.0,0.0,0.0,0.0,0.0,0.0,0.0,0.0,0.0,0.0,0.0,0.0
Al5Nb15Ni60Zr20,10.1016/j.scriptamat.2007.07.032,842.0,896.0,1370.0,,3.0,,0.0,0.05,0.0,0.0,0.2,0.0,0.0,0.0,0.0,0.0,0.0,0.6,0.0,0.0,0.0,0.0,0.0,0.0,0.0,0.0,0.0,0.0,0.0,0.15,0.0,0.0,0.0,0.0,0.0,0.0,0.0,0.0,0.0,0.0,0.0,0.0,0.0,0.0,0.0,0.0,0.0,0.0,0.0,0.0,0.0
Al5Nb17.5Ni60Zr17.5,10.1016/j.jallcom.2008.01.075,853.0,,1384.0,,2.0,,0.0,0.05,0.0,0.0,0.175,0.0,0.0,0.0,0.0,0.0,0.0,0.6,0.0,0.0,0.0,0.0,0.0,0.0,0.0,0.0,0.0,0.0,0.0,0.175,0.0,0.0,0.0,0.0,0.0,0.0,0.0,0.0,0.0,0.0,0.0,0.0,0.0,0.0,0.0,0.0,0.0,0.0,0.0,0.0,0.0
Al5Nb20Ni60Zr15,10.1016/j.jallcom.2008.01.075,861.0,,1396.0,,2.0,,0.0,0.05,0.0,0.0,0.15,0.0,0.0,0.0,0.0,0.0,0.0,0.6,0.0,0.0,0.0,0.0,0.0,0.0,0.0,0.0,0.0,0.0,0.0,0.2,0.0,0.0,0.0,0.0,0.0,0.0,0.0,0.0,0.0,0.0,0.0,0.0,0.0,0.0,0.0,0.0,0.0,0.0,0.0,0.0,0.0
Al5Nb7.5Ni60Ti7.5Zr20,10.1016/j.jallcom.2008.07.087,824.0,885.0,1385.0,,2.0,,0.0,0.05,0.0,0.0,0.2,0.0,0.0,0.0,0.0,0.0,0.0,0.6,0.0,0.0,0.0,0.0,0.0,0.0,0.075,0.0,0.0,0.0,0.0,0.075,0.0,0.0,0.0,0.0,0.0,0.0,0.0,0.0,0.0,0.0,0.0,0.0,0.0,0.0,0.0,0.0,0.0,0.0,0.0,0.0,0.0
Al5.6Cu22.4Ni6.5Zr65.5,10.1016/j.jallcom.2008.07.087,,,,,3.0,,0.0,0.055999999999999994,0.0,0.22399999999999998,0.655,0.0,0.0,0.0,0.0,0.0,0.0,0.065,0.0,0.0,0.0,0.0,0.0,0.0,0.0,0.0,0.0,0.0,0.0,0.0,0.0,0.0,0.0,0.0,0.0,0.0,0.0,0.0,0.0,0.0,0.0,0.0,0.0,0.0,0.0,0.0,0.0,0.0,0.0,0.0,0.0
Al6Be23Cu9Ni10Ti24Zr28,10.1016/j.jallcom.2018.11.299,642.0,685.0,1087.0,,9.0,,0.0,0.06,0.0,0.09,0.28,0.0,0.0,0.0,0.0,0.0,0.0,0.1,0.0,0.0,0.0,0.0,0.0,0.0,0.24,0.0,0.0,0.23,0.0,0.0,0.0,0.0,0.0,0.0,0.0,0.0,0.0,0.0,0.0,0.0,0.0,0.0,0.0,0.0,0.0,0.0,0.0,0.0,0.0,0.0,0.0
Al6Be26Cu10Ti27Zr31,10.1016/j.jallcom.2018.11.299,607.0,678.0,1060.0,,13.0,,0.0,0.06,0.0,0.1,0.31,0.0,0.0,0.0,0.0,0.0,0.0,0.0,0.0,0.0,0.0,0.0,0.0,0.0,0.27,0.0,0.0,0.26,0.0,0.0,0.0,0.0,0.0,0.0,0.0,0.0,0.0,0.0,0.0,0.0,0.0,0.0,0.0,0.0,0.0,0.0,0.0,0.0,0.0,0.0,0.0
Al6Cu47Zr47,10.1016/j.jnoncrysol.2005.03.012,701.0,770.0,1165.0,,5.0,,0.0,0.06,0.0,0.47,0.47,0.0,0.0,0.0,0.0,0.0,0.0,0.0,0.0,0.0,0.0,0.0,0.0,0.0,0.0,0.0,0.0,0.0,0.0,0.0,0.0,0.0,0.0,0.0,0.0,0.0,0.0,0.0,0.0,0.0,0.0,0.0,0.0,0.0,0.0,0.0,0.0,0.0,0.0,0.0,0.0
Al6.86Cu49Si2Zr42.14,10.1016/j.commatsci.2016.02.037,740.0,800.0,1256.0,,3.0,,0.0,0.06860000000000001,0.0,0.49,0.4214,0.0,0.0,0.0,0.02,0.0,0.0,0.0,0.0,0.0,0.0,0.0,0.0,0.0,0.0,0.0,0.0,0.0,0.0,0.0,0.0,0.0,0.0,0.0,0.0,0.0,0.0,0.0,0.0,0.0,0.0,0.0,0.0,0.0,0.0,0.0,0.0,0.0,0.0,0.0,0.0
Al6.93Cu49.5Si1Zr42.57,10.1016/j.commatsci.2016.02.037,720.0,797.0,1226.0,,12.0,,0.0,0.0693,0.0,0.495,0.4257,0.0,0.0,0.0,0.01,0.0,0.0,0.0,0.0,0.0,0.0,0.0,0.0,0.0,0.0,0.0,0.0,0.0,0.0,0.0,0.0,0.0,0.0,0.0,0.0,0.0,0.0,0.0,0.0,0.0,0.0,0.0,0.0,0.0,0.0,0.0,0.0,0.0,0.0,0.0,0.0
Al7B0.5Cu15Hf3Ni18.5Si3Ti53,10.1016/j.jnoncrysol.2005.09.033,695.0,749.0,1230.0,,2.0,,0.0,0.07,0.0,0.15,0.0,0.0,0.0,0.0,0.03,0.0,0.0,0.185,0.0,0.0,0.0,0.0,0.0,0.03,0.53,0.0,0.0,0.0,0.0,0.0,0.005,0.0,0.0,0.0,0.0,0.0,0.0,0.0,0.0,0.0,0.0,0.0,0.0,0.0,0.0,0.0,0.0,0.0,0.0,0.0,0.0
Al7B0.5Cu15Ni18.5Sc3Si3Ti53,10.1016/j.jnoncrysol.2005.09.033,709.0,767.0,1240.0,,2.0,,0.0,0.07,0.0,0.15,0.0,0.0,0.0,0.0,0.03,0.0,0.0,0.185,0.0,0.0,0.0,0.0,0.0,0.0,0.53,0.0,0.0,0.0,0.0,0.0,0.005,0.0,0.0,0.0,0.0,0.0,0.0,0.0,0.03,0.0,0.0,0.0,0.0,0.0,0.0,0.0,0.0,0.0,0.0,0.0,0.0
Al7Be3Cu47Zr43,10.1016/j.jallcom.2008.07.087,,,,,6.0,,0.0,0.07,0.0,0.47,0.43,0.0,0.0,0.0,0.0,0.0,0.0,0.0,0.0,0.0,0.0,0.0,0.0,0.0,0.0,0.0,0.0,0.03,0.0,0.0,0.0,0.0,0.0,0.0,0.0,0.0,0.0,0.0,0.0,0.0,0.0,0.0,0.0,0.0,0.0,0.0,0.0,0.0,0.0,0.0,0.0
Al7Be7Cu43Zr43,10.1016/j.msea.2006.07.141,710.0,813.0,1126.0,,12.0,,0.0,0.07,0.0,0.43,0.43,0.0,0.0,0.0,0.0,0.0,0.0,0.0,0.0,0.0,0.0,0.0,0.0,0.0,0.0,0.0,0.0,0.07,0.0,0.0,0.0,0.0,0.0,0.0,0.0,0.0,0.0,0.0,0.0,0.0,0.0,0.0,0.0,0.0,0.0,0.0,0.0,0.0,0.0,0.0,0.0
Al7Cu25Pr68,10.1016/j.jallcom.2008.07.087,,,,,1.5,,0.0,0.07,0.0,0.25,0.0,0.0,0.0,0.0,0.0,0.0,0.0,0.0,0.0,0.0,0.0,0.0,0.0,0.0,0.0,0.0,0.0,0.0,0.0,0.0,0.0,0.0,0.0,0.0,0.0,0.0,0.68,0.0,0.0,0.0,0.0,0.0,0.0,0.0,0.0,0.0,0.0,0.0,0.0,0.0,0.0
Al7Cu45Gd2Zr46,10.1016/j.intermet.2006.12.010,671.0,750.0,1177.0,,10.0,,0.0,0.07,0.0,0.45,0.46,0.0,0.0,0.0,0.0,0.02,0.0,0.0,0.0,0.0,0.0,0.0,0.0,0.0,0.0,0.0,0.0,0.0,0.0,0.0,0.0,0.0,0.0,0.0,0.0,0.0,0.0,0.0,0.0,0.0,0.0,0.0,0.0,0.0,0.0,0.0,0.0,0.0,0.0,0.0,0.0
Al7Cu45Gd3Zr45,10.1016/j.intermet.2006.12.010,665.0,738.0,1170.0,,5.0,,0.0,0.07,0.0,0.45,0.45,0.0,0.0,0.0,0.0,0.03,0.0,0.0,0.0,0.0,0.0,0.0,0.0,0.0,0.0,0.0,0.0,0.0,0.0,0.0,0.0,0.0,0.0,0.0,0.0,0.0,0.0,0.0,0.0,0.0,0.0,0.0,0.0,0.0,0.0,0.0,0.0,0.0,0.0,0.0,0.0
Al7Cu45Gd5Zr43,10.1016/j.intermet.2006.12.010,663.0,732.0,1163.0,,4.0,,0.0,0.07,0.0,0.45,0.43,0.0,0.0,0.0,0.0,0.05,0.0,0.0,0.0,0.0,0.0,0.0,0.0,0.0,0.0,0.0,0.0,0.0,0.0,0.0,0.0,0.0,0.0,0.0,0.0,0.0,0.0,0.0,0.0,0.0,0.0,0.0,0.0,0.0,0.0,0.0,0.0,0.0,0.0,0.0,0.0
Al7Cu45Nd2Zr46,10.1016/j.intermet.2006.12.010,662.0,732.0,1185.0,,5.0,,0.0,0.07,0.0,0.45,0.46,0.0,0.0,0.0,0.0,0.0,0.0,0.0,0.0,0.0,0.0,0.0,0.0,0.0,0.0,0.0,0.0,0.0,0.0,0.0,0.0,0.0,0.0,0.0,0.0,0.0,0.0,0.0,0.0,0.0,0.0,0.0,0.02,0.0,0.0,0.0,0.0,0.0,0.0,0.0,0.0
Al7Cu45Zr48,10.1016/j.intermet.2006.12.010,708.0,766.0,1186.0,,5.0,,0.0,0.07,0.0,0.45,0.48,0.0,0.0,0.0,0.0,0.0,0.0,0.0,0.0,0.0,0.0,0.0,0.0,0.0,0.0,0.0,0.0,0.0,0.0,0.0,0.0,0.0,0.0,0.0,0.0,0.0,0.0,0.0,0.0,0.0,0.0,0.0,0.0,0.0,0.0,0.0,0.0,0.0,0.0,0.0,0.0
Al7Cu46Y10Zr37,10.1016/j.msea.2006.06.053,665.0,743.0,1118.0,,4.0,,0.0,0.07,0.0,0.46,0.37,0.0,0.0,0.0,0.0,0.0,0.0,0.0,0.0,0.0,0.0,0.1,0.0,0.0,0.0,0.0,0.0,0.0,0.0,0.0,0.0,0.0,0.0,0.0,0.0,0.0,0.0,0.0,0.0,0.0,0.0,0.0,0.0,0.0,0.0,0.0,0.0,0.0,0.0,0.0,0.0
Al7Cu46Y2Zr45,10.1016/j.msea.2006.06.053,693.0,770.0,1143.0,,8.0,,0.0,0.07,0.0,0.46,0.45,0.0,0.0,0.0,0.0,0.0,0.0,0.0,0.0,0.0,0.0,0.02,0.0,0.0,0.0,0.0,0.0,0.0,0.0,0.0,0.0,0.0,0.0,0.0,0.0,0.0,0.0,0.0,0.0,0.0,0.0,0.0,0.0,0.0,0.0,0.0,0.0,0.0,0.0,0.0,0.0
Al7Cu46Y5Zr42,10.1016/j.msea.2006.06.053,672.0,772.0,1113.0,,10.0,,0.0,0.07,0.0,0.46,0.42,0.0,0.0,0.0,0.0,0.0,0.0,0.0,0.0,0.0,0.0,0.05,0.0,0.0,0.0,0.0,0.0,0.0,0.0,0.0,0.0,0.0,0.0,0.0,0.0,0.0,0.0,0.0,0.0,0.0,0.0,0.0,0.0,0.0,0.0,0.0,0.0,0.0,0.0,0.0,0.0
Al7Cu46Zr47,10.1016/j.intermet.2006.10.017,705.0,781.0,1163.0,,3.0,,0.0,0.07,0.0,0.46,0.47,0.0,0.0,0.0,0.0,0.0,0.0,0.0,0.0,0.0,0.0,0.0,0.0,0.0,0.0,0.0,0.0,0.0,0.0,0.0,0.0,0.0,0.0,0.0,0.0,0.0,0.0,0.0,0.0,0.0,0.0,0.0,0.0,0.0,0.0,0.0,0.0,0.0,0.0,0.0,0.0
Al7Cu50Zr43,10.1016/j.commatsci.2016.02.037,713.0,781.0,1205.0,,10.0,,0.0,0.07,0.0,0.5,0.43,0.0,0.0,0.0,0.0,0.0,0.0,0.0,0.0,0.0,0.0,0.0,0.0,0.0,0.0,0.0,0.0,0.0,0.0,0.0,0.0,0.0,0.0,0.0,0.0,0.0,0.0,0.0,0.0,0.0,0.0,0.0,0.0,0.0,0.0,0.0,0.0,0.0,0.0,0.0,0.0
Al7Cu50Zr43,10.1016/j.msea.2006.07.141,,,,,4.0,,0.0,0.07,0.0,0.5,0.43,0.0,0.0,0.0,0.0,0.0,0.0,0.0,0.0,0.0,0.0,0.0,0.0,0.0,0.0,0.0,0.0,0.0,0.0,0.0,0.0,0.0,0.0,0.0,0.0,0.0,0.0,0.0,0.0,0.0,0.0,0.0,0.0,0.0,0.0,0.0,0.0,0.0,0.0,0.0,0.0
Al7.5Cu17.5Ni10Zr65,10.1016/j.jallcom.2008.07.087,,,1167.0,,16.0,,0.0,0.075,0.0,0.175,0.65,0.0,0.0,0.0,0.0,0.0,0.0,0.1,0.0,0.0,0.0,0.0,0.0,0.0,0.0,0.0,0.0,0.0,0.0,0.0,0.0,0.0,0.0,0.0,0.0,0.0,0.0,0.0,0.0,0.0,0.0,0.0,0.0,0.0,0.0,0.0,0.0,0.0,0.0,0.0,0.0
Al7.5Cu52.5Hf40,10.1016/j.intermet.2006.10.017,779.0,833.0,1250.0,,3.0,,0.0,0.075,0.0,0.525,0.0,0.0,0.0,0.0,0.0,0.0,0.0,0.0,0.0,0.0,0.0,0.0,0.0,0.4,0.0,0.0,0.0,0.0,0.0,0.0,0.0,0.0,0.0,0.0,0.0,0.0,0.0,0.0,0.0,0.0,0.0,0.0,0.0,0.0,0.0,0.0,0.0,0.0,0.0,0.0,0.0
Al8Cu11Ni11Zr70,10.1016/j.commatsci.2016.02.037,633.0,706.0,1175.0,,8.0,,0.0,0.08,0.0,0.11,0.7,0.0,0.0,0.0,0.0,0.0,0.0,0.11,0.0,0.0,0.0,0.0,0.0,0.0,0.0,0.0,0.0,0.0,0.0,0.0,0.0,0.0,0.0,0.0,0.0,0.0,0.0,0.0,0.0,0.0,0.0,0.0,0.0,0.0,0.0,0.0,0.0,0.0,0.0,0.0,0.0
Al8Cu13.5Ni8.5Zr70,10.1016/j.commatsci.2016.02.037,625.0,707.0,1171.0,,10.0,,0.0,0.08,0.0,0.135,0.7,0.0,0.0,0.0,0.0,0.0,0.0,0.085,0.0,0.0,0.0,0.0,0.0,0.0,0.0,0.0,0.0,0.0,0.0,0.0,0.0,0.0,0.0,0.0,0.0,0.0,0.0,0.0,0.0,0.0,0.0,0.0,0.0,0.0,0.0,0.0,0.0,0.0,0.0,0.0,0.0
Al8Cu16Ni6Zr70,10.1016/j.commatsci.2016.02.037,641.0,707.0,1179.0,,6.0,,0.0,0.08,0.0,0.16,0.7,0.0,0.0,0.0,0.0,0.0,0.0,0.06,0.0,0.0,0.0,0.0,0.0,0.0,0.0,0.0,0.0,0.0,0.0,0.0,0.0,0.0,0.0,0.0,0.0,0.0,0.0,0.0,0.0,0.0,0.0,0.0,0.0,0.0,0.0,0.0,0.0,0.0,0.0,0.0,0.0
Al8Cu19Ni3Zr70,10.1016/j.commatsci.2016.02.037,630.0,689.0,1200.0,,1.5,,0.0,0.08,0.0,0.19,0.7,0.0,0.0,0.0,0.0,0.0,0.0,0.03,0.0,0.0,0.0,0.0,0.0,0.0,0.0,0.0,0.0,0.0,0.0,0.0,0.0,0.0,0.0,0.0,0.0,0.0,0.0,0.0,0.0,0.0,0.0,0.0,0.0,0.0,0.0,0.0,0.0,0.0,0.0,0.0,0.0
Al8Cu3Ni19Zr70,10.1016/j.commatsci.2016.02.037,640.0,710.0,1220.0,,1.5,,0.0,0.08,0.0,0.03,0.7,0.0,0.0,0.0,0.0,0.0,0.0,0.19,0.0,0.0,0.0,0.0,0.0,0.0,0.0,0.0,0.0,0.0,0.0,0.0,0.0,0.0,0.0,0.0,0.0,0.0,0.0,0.0,0.0,0.0,0.0,0.0,0.0,0.0,0.0,0.0,0.0,0.0,0.0,0.0,0.0
Al8Cu46Zr46,10.1016/j.actamat.2007.12.030,,,,,5.0,,0.0,0.08,0.0,0.46,0.46,0.0,0.0,0.0,0.0,0.0,0.0,0.0,0.0,0.0,0.0,0.0,0.0,0.0,0.0,0.0,0.0,0.0,0.0,0.0,0.0,0.0,0.0,0.0,0.0,0.0,0.0,0.0,0.0,0.0,0.0,0.0,0.0,0.0,0.0,0.0,0.0,0.0,0.0,0.0,0.0
Al8Cu5Ni42Si2.5Ti20Zr22.5,10.1016/j.jallcom.2005.10.018,767.0,833.0,1367.0,,2.0,,0.0,0.08,0.0,0.05,0.225,0.0,0.0,0.0,0.025,0.0,0.0,0.42,0.0,0.0,0.0,0.0,0.0,0.0,0.2,0.0,0.0,0.0,0.0,0.0,0.0,0.0,0.0,0.0,0.0,0.0,0.0,0.0,0.0,0.0,0.0,0.0,0.0,0.0,0.0,0.0,0.0,0.0,0.0,0.0,0.0
Al8Cu5Ni42Si3.5Ti19Zr22.5,10.1016/j.jallcom.2005.10.018,780.0,846.0,1363.0,,3.0,,0.0,0.08,0.0,0.05,0.225,0.0,0.0,0.0,0.035,0.0,0.0,0.42,0.0,0.0,0.0,0.0,0.0,0.0,0.19,0.0,0.0,0.0,0.0,0.0,0.0,0.0,0.0,0.0,0.0,0.0,0.0,0.0,0.0,0.0,0.0,0.0,0.0,0.0,0.0,0.0,0.0,0.0,0.0,0.0,0.0
Al8Cu5Ni42Si3.5Ti20Zr21.5,10.1016/j.jallcom.2005.10.018,774.0,846.0,1366.0,,2.5,,0.0,0.08,0.0,0.05,0.215,0.0,0.0,0.0,0.035,0.0,0.0,0.42,0.0,0.0,0.0,0.0,0.0,0.0,0.2,0.0,0.0,0.0,0.0,0.0,0.0,0.0,0.0,0.0,0.0,0.0,0.0,0.0,0.0,0.0,0.0,0.0,0.0,0.0,0.0,0.0,0.0,0.0,0.0,0.0,0.0
Al8Cu5Ni42Si4.5Ti20Zr20.5,10.1016/j.jallcom.2005.10.018,763.0,856.0,1364.0,,2.0,,0.0,0.08,0.0,0.05,0.205,0.0,0.0,0.0,0.045,0.0,0.0,0.42,0.0,0.0,0.0,0.0,0.0,0.0,0.2,0.0,0.0,0.0,0.0,0.0,0.0,0.0,0.0,0.0,0.0,0.0,0.0,0.0,0.0,0.0,0.0,0.0,0.0,0.0,0.0,0.0,0.0,0.0,0.0,0.0,0.0
Al8Cu5Ni42Ti20Zr25,10.1016/j.jallcom.2005.10.018,748.0,803.0,1366.0,,0.5,,0.0,0.08,0.0,0.05,0.25,0.0,0.0,0.0,0.0,0.0,0.0,0.42,0.0,0.0,0.0,0.0,0.0,0.0,0.2,0.0,0.0,0.0,0.0,0.0,0.0,0.0,0.0,0.0,0.0,0.0,0.0,0.0,0.0,0.0,0.0,0.0,0.0,0.0,0.0,0.0,0.0,0.0,0.0,0.0,0.0
Al8Cu6Ni16Zr70,10.1016/j.commatsci.2016.02.037,631.0,705.0,1205.0,,8.0,,0.0,0.08,0.0,0.06,0.7,0.0,0.0,0.0,0.0,0.0,0.0,0.16,0.0,0.0,0.0,0.0,0.0,0.0,0.0,0.0,0.0,0.0,0.0,0.0,0.0,0.0,0.0,0.0,0.0,0.0,0.0,0.0,0.0,0.0,0.0,0.0,0.0,0.0,0.0,0.0,0.0,0.0,0.0,0.0,0.0
Al8.7Cu14.4Ni11.9Zr65,10.1063/1.2899633,647.0,709.5,1164.8,,4.0,,0.0,0.087,0.0,0.14400000000000002,0.65,0.0,0.0,0.0,0.0,0.0,0.0,0.11900000000000001,0.0,0.0,0.0,0.0,0.0,0.0,0.0,0.0,0.0,0.0,0.0,0.0,0.0,0.0,0.0,0.0,0.0,0.0,0.0,0.0,0.0,0.0,0.0,0.0,0.0,0.0,0.0,0.0,0.0,0.0,0.0,0.0,0.0
Al8.7Cu39.09Gd0.02Zr52.19,10.1007/s10853-009-3523-7,655.0,745.0,1206.0,,5.0,,0.0,0.087,0.0,0.3909,0.5219,0.0,0.0,0.0,0.0,0.0002,0.0,0.0,0.0,0.0,0.0,0.0,0.0,0.0,0.0,0.0,0.0,0.0,0.0,0.0,0.0,0.0,0.0,0.0,0.0,0.0,0.0,0.0,0.0,0.0,0.0,0.0,0.0,0.0,0.0,0.0,0.0,0.0,0.0,0.0,0.0
Al8.7Cu39.1Zr52.2,10.1007/s10853-009-3523-7,676.0,773.0,1197.0,,3.0,,0.0,0.087,0.0,0.391,0.522,0.0,0.0,0.0,0.0,0.0,0.0,0.0,0.0,0.0,0.0,0.0,0.0,0.0,0.0,0.0,0.0,0.0,0.0,0.0,0.0,0.0,0.0,0.0,0.0,0.0,0.0,0.0,0.0,0.0,0.0,0.0,0.0,0.0,0.0,0.0,0.0,0.0,0.0,0.0,0.0
Al8.86Pr91.14,10.1016/j.jallcom.2007.05.037,395.0,410.0,760.0,,1.5,,0.0,0.0886,0.0,0.0,0.0,0.0,0.0,0.0,0.0,0.0,0.0,0.0,0.0,0.0,0.0,0.0,0.0,0.0,0.0,0.0,0.0,0.0,0.0,0.0,0.0,0.0,0.0,0.0,0.0,0.0,0.9114,0.0,0.0,0.0,0.0,0.0,0.0,0.0,0.0,0.0,0.0,0.0,0.0,0.0,0.0
Al9Cu45Y3.45Zr42.55,10.1179/174328408X287691,706.0,746.0,1130.0,,14.0,,0.0,0.09,0.0,0.45,0.4255,0.0,0.0,0.0,0.0,0.0,0.0,0.0,0.0,0.0,0.0,0.0345,0.0,0.0,0.0,0.0,0.0,0.0,0.0,0.0,0.0,0.0,0.0,0.0,0.0,0.0,0.0,0.0,0.0,0.0,0.0,0.0,0.0,0.0,0.0,0.0,0.0,0.0,0.0,0.0,0.0
Al9Cu49Hf42,10.1016/j.scriptamat.2006.02.042,778.0,863.0,1249.0,,10.0,,0.0,0.09,0.0,0.49,0.0,0.0,0.0,0.0,0.0,0.0,0.0,0.0,0.0,0.0,0.0,0.0,0.0,0.42,0.0,0.0,0.0,0.0,0.0,0.0,0.0,0.0,0.0,0.0,0.0,0.0,0.0,0.0,0.0,0.0,0.0,0.0,0.0,0.0,0.0,0.0,0.0,0.0,0.0,0.0,0.0
Al9.5Cu36.1Ti1.9Y5Zr47.5, 10.1109/ICIST.2011.5765113,664.0,721.0,1145.0,,6.0,,0.0,0.095,0.0,0.361,0.475,0.0,0.0,0.0,0.0,0.0,0.0,0.0,0.0,0.0,0.0,0.05,0.0,0.0,0.019,0.0,0.0,0.0,0.0,0.0,0.0,0.0,0.0,0.0,0.0,0.0,0.0,0.0,0.0,0.0,0.0,0.0,0.0,0.0,0.0,0.0,0.0,0.0,0.0,0.0,0.0
Al9.7Cu36.86Ti1.94Y3Zr48.5, 10.1109/ICIST.2011.5765113,665.0,736.0,1146.0,,16.0,,0.0,0.09699999999999999,0.0,0.3686,0.485,0.0,0.0,0.0,0.0,0.0,0.0,0.0,0.0,0.0,0.0,0.03,0.0,0.0,0.0194,0.0,0.0,0.0,0.0,0.0,0.0,0.0,0.0,0.0,0.0,0.0,0.0,0.0,0.0,0.0,0.0,0.0,0.0,0.0,0.0,0.0,0.0,0.0,0.0,0.0,0.0
Al9.8Cu24La62Mg4.2,10.1016/j.commatsci.2016.02.037,386.0,440.0,719.0,,10.0,,0.0,0.098,0.0,0.24,0.0,0.0,0.0,0.0,0.0,0.0,0.042,0.0,0.62,0.0,0.0,0.0,0.0,0.0,0.0,0.0,0.0,0.0,0.0,0.0,0.0,0.0,0.0,0.0,0.0,0.0,0.0,0.0,0.0,0.0,0.0,0.0,0.0,0.0,0.0,0.0,0.0,0.0,0.0,0.0,0.0
Al9.8Cu37.24Ti1.96Y2Zr49, 10.1109/ICIST.2011.5765113,671.0,739.0,1148.0,,20.0,,0.0,0.098,0.0,0.3724,0.49,0.0,0.0,0.0,0.0,0.0,0.0,0.0,0.0,0.0,0.0,0.02,0.0,0.0,0.0196,0.0,0.0,0.0,0.0,0.0,0.0,0.0,0.0,0.0,0.0,0.0,0.0,0.0,0.0,0.0,0.0,0.0,0.0,0.0,0.0,0.0,0.0,0.0,0.0,0.0,0.0
Al9.9Cu37.62Ti1.98Y1Zr49.5, 10.1109/ICIST.2011.5765113,681.0,741.0,1145.0,,18.0,,0.0,0.099,0.0,0.3762,0.495,0.0,0.0,0.0,0.0,0.0,0.0,0.0,0.0,0.0,0.0,0.01,0.0,0.0,0.019799999999999998,0.0,0.0,0.0,0.0,0.0,0.0,0.0,0.0,0.0,0.0,0.0,0.0,0.0,0.0,0.0,0.0,0.0,0.0,0.0,0.0,0.0,0.0,0.0,0.0,0.0,0.0
Au4Pd79.5Si16.5,10.1038/ncomms10313,620.0,,1040.0,,2.0,,0.0,0.0,0.0,0.0,0.0,0.0,0.0,0.795,0.165,0.0,0.0,0.0,0.0,0.0,0.0,0.0,0.0,0.0,0.0,0.04,0.0,0.0,0.0,0.0,0.0,0.0,0.0,0.0,0.0,0.0,0.0,0.0,0.0,0.0,0.0,0.0,0.0,0.0,0.0,0.0,0.0,0.0,0.0,0.0,0.0
Au52Cu29.2Pd2.3Si16.5,10.1016/j.stam.2003.09.003,393.0,427.0,651.0,,2.0,,0.0,0.0,0.0,0.292,0.0,0.0,0.0,0.023,0.165,0.0,0.0,0.0,0.0,0.0,0.0,0.0,0.0,0.0,0.0,0.52,0.0,0.0,0.0,0.0,0.0,0.0,0.0,0.0,0.0,0.0,0.0,0.0,0.0,0.0,0.0,0.0,0.0,0.0,0.0,0.0,0.0,0.0,0.0,0.0,0.0
Au55Cu25Si20,10.1016/j.jallcom.2008.07.087,,,,,0.5,,0.0,0.0,0.0,0.25,0.0,0.0,0.0,0.0,0.2,0.0,0.0,0.0,0.0,0.0,0.0,0.0,0.0,0.0,0.0,0.55,0.0,0.0,0.0,0.0,0.0,0.0,0.0,0.0,0.0,0.0,0.0,0.0,0.0,0.0,0.0,0.0,0.0,0.0,0.0,0.0,0.0,0.0,0.0,0.0,0.0
Au77Ge13.6Si9.4,10.1038/ncomms10313,293.0,,625.0,,0.06,,0.0,0.0,0.0,0.0,0.0,0.0,0.0,0.0,0.094,0.0,0.0,0.0,0.0,0.0,0.0,0.0,0.0,0.0,0.0,0.77,0.0,0.0,0.0,0.0,0.0,0.0,0.0,0.0,0.0,0.0,0.0,0.0,0.0,0.0,0.0,0.0,0.0,0.136,0.0,0.0,0.0,0.0,0.0,0.0,0.0
B0.5La15.9Mg60Ni23.6,10.1016/j.jallcom.2009.05.002,454.0,493.0,824.0,,2.0,,0.0,0.0,0.0,0.0,0.0,0.0,0.0,0.0,0.0,0.0,0.6,0.23600000000000002,0.159,0.0,0.0,0.0,0.0,0.0,0.0,0.0,0.0,0.0,0.0,0.0,0.005,0.0,0.0,0.0,0.0,0.0,0.0,0.0,0.0,0.0,0.0,0.0,0.0,0.0,0.0,0.0,0.0,0.0,0.0,0.0,0.0
B1Cu20Ni24Si2Sn3Ti50,10.1016/j.jallcom.2008.07.087,,,,,1.0,,0.0,0.0,0.0,0.2,0.0,0.0,0.0,0.0,0.02,0.0,0.0,0.24,0.0,0.0,0.0,0.0,0.0,0.0,0.5,0.0,0.0,0.0,0.0,0.0,0.01,0.0,0.0,0.0,0.0,0.0,0.0,0.0,0.0,0.0,0.0,0.0,0.0,0.0,0.03,0.0,0.0,0.0,0.0,0.0,0.0
B1.5Cr8.5Nb3Ni69P18,10.1038/ncomms10313,664.0,,1134.0,,3.0,,0.0,0.0,0.0,0.0,0.0,0.0,0.18,0.0,0.0,0.0,0.0,0.69,0.0,0.0,0.0,0.0,0.0,0.0,0.0,0.0,0.0,0.0,0.0,0.03,0.015,0.0,0.0,0.0,0.0,0.0,0.0,0.085,0.0,0.0,0.0,0.0,0.0,0.0,0.0,0.0,0.0,0.0,0.0,0.0,0.0
B10Fe76P5Si9,10.1016/j.mseb.2007.09.010,780.0,832.0,1258.0,,2.5,,0.0,0.0,0.0,0.0,0.0,0.76,0.05,0.0,0.09,0.0,0.0,0.0,0.0,0.0,0.0,0.0,0.0,0.0,0.0,0.0,0.0,0.0,0.0,0.0,0.1,0.0,0.0,0.0,0.0,0.0,0.0,0.0,0.0,0.0,0.0,0.0,0.0,0.0,0.0,0.0,0.0,0.0,0.0,0.0,0.0
B11Fe79Si10,10.1038/ncomms10313,818.0,,1419.0,,0.5,,0.0,0.0,0.0,0.0,0.0,0.79,0.0,0.0,0.1,0.0,0.0,0.0,0.0,0.0,0.0,0.0,0.0,0.0,0.0,0.0,0.0,0.0,0.0,0.0,0.11,0.0,0.0,0.0,0.0,0.0,0.0,0.0,0.0,0.0,0.0,0.0,0.0,0.0,0.0,0.0,0.0,0.0,0.0,0.0,0.0
B13.79Fe76.55Si6.9Zr2.76,10.1016/j.matdes.2016.05.102,830.0,852.0,1505.0,,1.0,,0.0,0.0,0.0,0.0,0.027599999999999993,0.7654999999999998,0.0,0.0,0.06899999999999999,0.0,0.0,0.0,0.0,0.0,0.0,0.0,0.0,0.0,0.0,0.0,0.0,0.0,0.0,0.0,0.13789999999999997,0.0,0.0,0.0,0.0,0.0,0.0,0.0,0.0,0.0,0.0,0.0,0.0,0.0,0.0,0.0,0.0,0.0,0.0,0.0,0.0
B14.29Fe75.71Si7.14Zr2.86,10.1016/j.matdes.2016.05.102,839.0,862.0,1496.0,,1.5,,0.0,0.0,0.0,0.0,0.0286,0.7570999999999999,0.0,0.0,0.07139999999999999,0.0,0.0,0.0,0.0,0.0,0.0,0.0,0.0,0.0,0.0,0.0,0.0,0.0,0.0,0.0,0.1429,0.0,0.0,0.0,0.0,0.0,0.0,0.0,0.0,0.0,0.0,0.0,0.0,0.0,0.0,0.0,0.0,0.0,0.0,0.0,0.0
B14.4Fe72Nb4Si9.6,10.1016/j.msea.2003.10.058,835.0,885.0,1369.0,,1.5,,0.0,0.0,0.0,0.0,0.0,0.72,0.0,0.0,0.096,0.0,0.0,0.0,0.0,0.0,0.0,0.0,0.0,0.0,0.0,0.0,0.0,0.0,0.0,0.04,0.14400000000000002,0.0,0.0,0.0,0.0,0.0,0.0,0.0,0.0,0.0,0.0,0.0,0.0,0.0,0.0,0.0,0.0,0.0,0.0,0.0,0.0
B14.7Fe73.5Nb2Si9.8,10.1016/j.msea.2003.10.058,812.0,870.0,1425.0,,1.0,,0.0,0.0,0.0,0.0,0.0,0.735,0.0,0.0,0.098,0.0,0.0,0.0,0.0,0.0,0.0,0.0,0.0,0.0,0.0,0.0,0.0,0.0,0.0,0.02,0.147,0.0,0.0,0.0,0.0,0.0,0.0,0.0,0.0,0.0,0.0,0.0,0.0,0.0,0.0,0.0,0.0,0.0,0.0,0.0,0.0
B14.81Fe74.82Si7.41Zr2.96,10.1016/j.matdes.2016.05.102,840.0,865.0,1492.0,,2.0,,0.0,0.0,0.0,0.0,0.029600000000000005,0.7482000000000001,0.0,0.0,0.07410000000000001,0.0,0.0,0.0,0.0,0.0,0.0,0.0,0.0,0.0,0.0,0.0,0.0,0.0,0.0,0.0,0.14810000000000004,0.0,0.0,0.0,0.0,0.0,0.0,0.0,0.0,0.0,0.0,0.0,0.0,0.0,0.0,0.0,0.0,0.0,0.0,0.0,0.0
B14.85Fe74.25Nb1Si9.9,10.1016/j.msea.2003.10.058,815.0,858.0,1455.0,,0.5,,0.0,0.0,0.0,0.0,0.0,0.7425,0.0,0.0,0.099,0.0,0.0,0.0,0.0,0.0,0.0,0.0,0.0,0.0,0.0,0.0,0.0,0.0,0.0,0.01,0.1485,0.0,0.0,0.0,0.0,0.0,0.0,0.0,0.0,0.0,0.0,0.0,0.0,0.0,0.0,0.0,0.0,0.0,0.0,0.0,0.0
B14.85Fe74.25Si9.9Zr1,10.1016/j.msea.2003.10.058,867.0,919.0,1469.0,,0.75,,0.0,0.0,0.0,0.0,0.01,0.7425,0.0,0.0,0.099,0.0,0.0,0.0,0.0,0.0,0.0,0.0,0.0,0.0,0.0,0.0,0.0,0.0,0.0,0.0,0.1485,0.0,0.0,0.0,0.0,0.0,0.0,0.0,0.0,0.0,0.0,0.0,0.0,0.0,0.0,0.0,0.0,0.0,0.0,0.0,0.0
B15Co5Cr2Fe61Mo7Y2Zr8,10.1016/j.jallcom.2008.07.087,901.1,958.9,,,5.0,,0.0,0.0,0.05,0.0,0.08,0.61,0.0,0.0,0.0,0.0,0.0,0.0,0.0,0.0,0.0,0.02,0.0,0.0,0.0,0.0,0.0,0.0,0.0,0.0,0.15,0.07,0.0,0.0,0.0,0.0,0.0,0.02,0.0,0.0,0.0,0.0,0.0,0.0,0.0,0.0,0.0,0.0,0.0,0.0,0.0
B15Co7Fe61Mo7Y2Zr8,10.1016/j.jallcom.2008.07.087,,,1490.0,,5.0,,0.0,0.0,0.07,0.0,0.08,0.61,0.0,0.0,0.0,0.0,0.0,0.0,0.0,0.0,0.0,0.02,0.0,0.0,0.0,0.0,0.0,0.0,0.0,0.0,0.15,0.07,0.0,0.0,0.0,0.0,0.0,0.0,0.0,0.0,0.0,0.0,0.0,0.0,0.0,0.0,0.0,0.0,0.0,0.0,0.0
B15.38Fe73.85Si7.69Zr3.08,10.1016/j.matdes.2016.05.102,848.0,873.0,1483.0,,2.0,,0.0,0.0,0.0,0.0,0.030800000000000004,0.7385,0.0,0.0,0.07690000000000001,0.0,0.0,0.0,0.0,0.0,0.0,0.0,0.0,0.0,0.0,0.0,0.0,0.0,0.0,0.0,0.15380000000000002,0.0,0.0,0.0,0.0,0.0,0.0,0.0,0.0,0.0,0.0,0.0,0.0,0.0,0.0,0.0,0.0,0.0,0.0,0.0,0.0
B16Fe72.8Si8Zr3.2,10.1016/j.matdes.2016.05.102,850.0,883.0,1472.0,,2.0,,0.0,0.0,0.0,0.0,0.032,0.728,0.0,0.0,0.08,0.0,0.0,0.0,0.0,0.0,0.0,0.0,0.0,0.0,0.0,0.0,0.0,0.0,0.0,0.0,0.16,0.0,0.0,0.0,0.0,0.0,0.0,0.0,0.0,0.0,0.0,0.0,0.0,0.0,0.0,0.0,0.0,0.0,0.0,0.0,0.0
B16.67Fe70Hf5Si8.33,10.1016/j.matdes.2016.05.102,861.0,901.0,1543.0,,1.0,,0.0,0.0,0.0,0.0,0.0,0.7,0.0,0.0,0.0833,0.0,0.0,0.0,0.0,0.0,0.0,0.0,0.0,0.05,0.0,0.0,0.0,0.0,0.0,0.0,0.16670000000000001,0.0,0.0,0.0,0.0,0.0,0.0,0.0,0.0,0.0,0.0,0.0,0.0,0.0,0.0,0.0,0.0,0.0,0.0,0.0,0.0
B16.67Fe70.83Hf4.17Si8.33,10.1016/j.matdes.2016.05.102,858.0,893.0,1485.0,,1.5,,0.0,0.0,0.0,0.0,0.0,0.7082999999999999,0.0,0.0,0.0833,0.0,0.0,0.0,0.0,0.0,0.0,0.0,0.0,0.0417,0.0,0.0,0.0,0.0,0.0,0.0,0.16670000000000001,0.0,0.0,0.0,0.0,0.0,0.0,0.0,0.0,0.0,0.0,0.0,0.0,0.0,0.0,0.0,0.0,0.0,0.0,0.0,0.0
B16.67Fe71.67Hf3.33Si8.33,10.1016/j.matdes.2016.05.102,854.0,887.0,1467.0,,2.0,,0.0,0.0,0.0,0.0,0.0,0.7167,0.0,0.0,0.0833,0.0,0.0,0.0,0.0,0.0,0.0,0.0,0.0,0.0333,0.0,0.0,0.0,0.0,0.0,0.0,0.16670000000000001,0.0,0.0,0.0,0.0,0.0,0.0,0.0,0.0,0.0,0.0,0.0,0.0,0.0,0.0,0.0,0.0,0.0,0.0,0.0,0.0
B16.67Fe71.67Si8.33Zr3.33,10.1016/j.matdes.2016.05.102,847.0,883.0,1461.0,,2.5,,0.0,0.0,0.0,0.0,0.0333,0.7167,0.0,0.0,0.0833,0.0,0.0,0.0,0.0,0.0,0.0,0.0,0.0,0.0,0.0,0.0,0.0,0.0,0.0,0.0,0.16670000000000001,0.0,0.0,0.0,0.0,0.0,0.0,0.0,0.0,0.0,0.0,0.0,0.0,0.0,0.0,0.0,0.0,0.0,0.0,0.0,0.0
B16.67Fe72.5Hf2.5Si8.33,10.1016/j.matdes.2016.05.102,852.0,885.0,1458.0,,2.5,,0.0,0.0,0.0,0.0,0.0,0.725,0.0,0.0,0.0833,0.0,0.0,0.0,0.0,0.0,0.0,0.0,0.0,0.025,0.0,0.0,0.0,0.0,0.0,0.0,0.16670000000000001,0.0,0.0,0.0,0.0,0.0,0.0,0.0,0.0,0.0,0.0,0.0,0.0,0.0,0.0,0.0,0.0,0.0,0.0,0.0,0.0
B16.67Fe73.33Hf1.67Si8.33,10.1016/j.matdes.2016.05.102,840.0,872.0,1486.0,,1.0,,0.0,0.0,0.0,0.0,0.0,0.7333,0.0,0.0,0.0833,0.0,0.0,0.0,0.0,0.0,0.0,0.0,0.0,0.0167,0.0,0.0,0.0,0.0,0.0,0.0,0.16670000000000001,0.0,0.0,0.0,0.0,0.0,0.0,0.0,0.0,0.0,0.0,0.0,0.0,0.0,0.0,0.0,0.0,0.0,0.0,0.0,0.0
B17Fe65Mn13Y5,10.2320/matertrans.45.2770,834.4,884.0,,,1.0,,0.0,0.0,0.0,0.0,0.0,0.65,0.0,0.0,0.0,0.0,0.0,0.0,0.0,0.0,0.0,0.05,0.0,0.0,0.0,0.0,0.0,0.0,0.0,0.0,0.17,0.0,0.0,0.0,0.0,0.13,0.0,0.0,0.0,0.0,0.0,0.0,0.0,0.0,0.0,0.0,0.0,0.0,0.0,0.0,0.0
B17Fe74Nb6Y3,10.1016/j.jallcom.2004.08.014,831.0,879.0,1391.0,,2.0,,0.0,0.0,0.0,0.0,0.0,0.74,0.0,0.0,0.0,0.0,0.0,0.0,0.0,0.0,0.0,0.03,0.0,0.0,0.0,0.0,0.0,0.0,0.0,0.06,0.17,0.0,0.0,0.0,0.0,0.0,0.0,0.0,0.0,0.0,0.0,0.0,0.0,0.0,0.0,0.0,0.0,0.0,0.0,0.0,0.0
B17Ni75Si8,10.1038/ncomms10313,818.0,,1419.0,,0.8,,0.0,0.0,0.0,0.0,0.0,0.0,0.0,0.0,0.08,0.0,0.0,0.75,0.0,0.0,0.0,0.0,0.0,0.0,0.0,0.0,0.0,0.0,0.0,0.0,0.17,0.0,0.0,0.0,0.0,0.0,0.0,0.0,0.0,0.0,0.0,0.0,0.0,0.0,0.0,0.0,0.0,0.0,0.0,0.0,0.0
B18.43Co27.65Cr4Fe41.47Nb3.84Si4.61,10.1016/j.jallcom.2008.07.087,833.0,874.0,1481.0,,3.0,,0.0,0.0,0.27649999999999997,0.0,0.0,0.4147,0.0,0.0,0.0461,0.0,0.0,0.0,0.0,0.0,0.0,0.0,0.0,0.0,0.0,0.0,0.0,0.0,0.0,0.0384,0.1843,0.0,0.0,0.0,0.0,0.0,0.0,0.04,0.0,0.0,0.0,0.0,0.0,0.0,0.0,0.0,0.0,0.0,0.0,0.0,0.0
B18.6Co27.9Cr3Fe41.9Nb3.9Si4.7,10.1016/j.jallcom.2008.07.087,831.0,874.0,1474.0,,3.5,,0.0,0.0,0.27899999999999997,0.0,0.0,0.41899999999999993,0.0,0.0,0.04699999999999999,0.0,0.0,0.0,0.0,0.0,0.0,0.0,0.0,0.0,0.0,0.0,0.0,0.0,0.0,0.03899999999999999,0.186,0.0,0.0,0.0,0.0,0.0,0.0,0.029999999999999995,0.0,0.0,0.0,0.0,0.0,0.0,0.0,0.0,0.0,0.0,0.0,0.0,0.0
B18.62Co27.94Cr3Fe41.9Nb3.88Si4.66,10.1016/j.jallcom.2008.07.087,831.0,874.0,1474.0,,3.5,,0.0,0.0,0.27940000000000004,0.0,0.0,0.419,0.0,0.0,0.0466,0.0,0.0,0.0,0.0,0.0,0.0,0.0,0.0,0.0,0.0,0.0,0.0,0.0,0.0,0.0388,0.1862,0.0,0.0,0.0,0.0,0.0,0.0,0.03,0.0,0.0,0.0,0.0,0.0,0.0,0.0,0.0,0.0,0.0,0.0,0.0,0.0
B18.8Co28.2Fe42.3Gd2Nb4Si4.7,10.1016/j.jallcom.2017.02.098,833.0,894.0,1452.0,,1.5,,0.0,0.0,0.282,0.0,0.0,0.423,0.0,0.0,0.047,0.02,0.0,0.0,0.0,0.0,0.0,0.0,0.0,0.0,0.0,0.0,0.0,0.0,0.0,0.04,0.188,0.0,0.0,0.0,0.0,0.0,0.0,0.0,0.0,0.0,0.0,0.0,0.0,0.0,0.0,0.0,0.0,0.0,0.0,0.0,0.0
B18.8Co28.2Fe42.3Nb4Si4.7Y2,10.1016/j.jallcom.2017.02.098,833.0,891.0,1432.0,,1.5,,0.0,0.0,0.282,0.0,0.0,0.423,0.0,0.0,0.047,0.0,0.0,0.0,0.0,0.0,0.0,0.02,0.0,0.0,0.0,0.0,0.0,0.0,0.0,0.04,0.188,0.0,0.0,0.0,0.0,0.0,0.0,0.0,0.0,0.0,0.0,0.0,0.0,0.0,0.0,0.0,0.0,0.0,0.0,0.0,0.0
B18.82Co28.22Cr2Fe42.34Nb3.92Si4.7,10.1016/j.jallcom.2008.07.087,830.0,873.0,1469.0,,4.0,,0.0,0.0,0.2822,0.0,0.0,0.42340000000000005,0.0,0.0,0.047,0.0,0.0,0.0,0.0,0.0,0.0,0.0,0.0,0.0,0.0,0.0,0.0,0.0,0.0,0.0392,0.1882,0.0,0.0,0.0,0.0,0.0,0.0,0.02,0.0,0.0,0.0,0.0,0.0,0.0,0.0,0.0,0.0,0.0,0.0,0.0,0.0
B19Co28.5Fe42.75Mo1Nb4Si4.75,10.1016/j.jallcom.2017.02.098,818.0,859.0,1414.0,,2.0,,0.0,0.0,0.285,0.0,0.0,0.4275,0.0,0.0,0.0475,0.0,0.0,0.0,0.0,0.0,0.0,0.0,0.0,0.0,0.0,0.0,0.0,0.0,0.0,0.04,0.19,0.01,0.0,0.0,0.0,0.0,0.0,0.0,0.0,0.0,0.0,0.0,0.0,0.0,0.0,0.0,0.0,0.0,0.0,0.0,0.0
B19Co28.5Fe42.75Nb4Si4.75Y1,10.1016/j.jallcom.2017.02.098,826.0,882.0,1410.0,,1.5,,0.0,0.0,0.285,0.0,0.0,0.4275,0.0,0.0,0.0475,0.0,0.0,0.0,0.0,0.0,0.0,0.01,0.0,0.0,0.0,0.0,0.0,0.0,0.0,0.04,0.19,0.0,0.0,0.0,0.0,0.0,0.0,0.0,0.0,0.0,0.0,0.0,0.0,0.0,0.0,0.0,0.0,0.0,0.0,0.0,0.0
B19Co28.5Fe42.75Nb4Si4.75Zr1,10.1016/j.jallcom.2017.02.098,825.0,866.0,1396.0,,2.0,,0.0,0.0,0.285,0.0,0.01,0.4275,0.0,0.0,0.0475,0.0,0.0,0.0,0.0,0.0,0.0,0.0,0.0,0.0,0.0,0.0,0.0,0.0,0.0,0.04,0.19,0.0,0.0,0.0,0.0,0.0,0.0,0.0,0.0,0.0,0.0,0.0,0.0,0.0,0.0,0.0,0.0,0.0,0.0,0.0,0.0
B19.01Co28.51Cr1Fe42.77Nb3.96Si4.75,10.1016/j.jallcom.2008.07.087,827.0,871.0,1462.0,,4.0,,0.0,0.0,0.2851,0.0,0.0,0.4277,0.0,0.0,0.0475,0.0,0.0,0.0,0.0,0.0,0.0,0.0,0.0,0.0,0.0,0.0,0.0,0.0,0.0,0.039599999999999996,0.19010000000000002,0.0,0.0,0.0,0.0,0.0,0.0,0.01,0.0,0.0,0.0,0.0,0.0,0.0,0.0,0.0,0.0,0.0,0.0,0.0,0.0
B19.02Fe69.42Nb3.96Si4.75Tb2.85,10.1016/j.jallcom.2012.09.087,844.0,914.0,1440.0,,2.5,,0.0,0.0,0.0,0.0,0.0,0.6942000000000002,0.0,0.0,0.04750000000000001,0.0,0.0,0.0,0.0,0.0,0.0,0.0,0.028500000000000004,0.0,0.0,0.0,0.0,0.0,0.0,0.0396,0.19020000000000004,0.0,0.0,0.0,0.0,0.0,0.0,0.0,0.0,0.0,0.0,0.0,0.0,0.0,0.0,0.0,0.0,0.0,0.0,0.0,0.0
B19.2Co14.4Fe57.6Nb4Si4.8,10.1016/j.msea.2006.06.053,830.0,880.0,1431.0,,2.5,,0.0,0.0,0.14400000000000002,0.0,0.0,0.5760000000000001,0.0,0.0,0.048,0.0,0.0,0.0,0.0,0.0,0.0,0.0,0.0,0.0,0.0,0.0,0.0,0.0,0.0,0.04,0.192,0.0,0.0,0.0,0.0,0.0,0.0,0.0,0.0,0.0,0.0,0.0,0.0,0.0,0.0,0.0,0.0,0.0,0.0,0.0,0.0
B19.2Co21.6Fe50.4Nb4Si4.8,10.1016/j.msea.2006.06.053,828.0,878.0,1413.0,,3.5,,0.0,0.0,0.21600000000000005,0.0,0.0,0.504,0.0,0.0,0.04800000000000001,0.0,0.0,0.0,0.0,0.0,0.0,0.0,0.0,0.0,0.0,0.0,0.0,0.0,0.0,0.04000000000000001,0.19200000000000003,0.0,0.0,0.0,0.0,0.0,0.0,0.0,0.0,0.0,0.0,0.0,0.0,0.0,0.0,0.0,0.0,0.0,0.0,0.0,0.0
B19.2Co28.8Fe43.2Nb4Si4.8,10.1016/j.msea.2006.06.053,825.0,875.0,1407.0,,4.0,,0.0,0.0,0.28800000000000003,0.0,0.0,0.43200000000000005,0.0,0.0,0.048,0.0,0.0,0.0,0.0,0.0,0.0,0.0,0.0,0.0,0.0,0.0,0.0,0.0,0.0,0.04,0.192,0.0,0.0,0.0,0.0,0.0,0.0,0.0,0.0,0.0,0.0,0.0,0.0,0.0,0.0,0.0,0.0,0.0,0.0,0.0,0.0
B19.2Co36Fe36Nb4Si4.8,10.1016/j.msea.2006.06.053,820.0,870.0,1397.0,,5.0,,0.0,0.0,0.36,0.0,0.0,0.36,0.0,0.0,0.048,0.0,0.0,0.0,0.0,0.0,0.0,0.0,0.0,0.0,0.0,0.0,0.0,0.0,0.0,0.04,0.192,0.0,0.0,0.0,0.0,0.0,0.0,0.0,0.0,0.0,0.0,0.0,0.0,0.0,0.0,0.0,0.0,0.0,0.0,0.0,0.0
B19.2Co43.2Fe28.8Nb4Si4.8,10.1016/j.intermet.2006.01.038,823.0,865.0,1418.0,,4.0,,0.0,0.0,0.43200000000000005,0.0,0.0,0.28800000000000003,0.0,0.0,0.048,0.0,0.0,0.0,0.0,0.0,0.0,0.0,0.0,0.0,0.0,0.0,0.0,0.0,0.0,0.04,0.192,0.0,0.0,0.0,0.0,0.0,0.0,0.0,0.0,0.0,0.0,0.0,0.0,0.0,0.0,0.0,0.0,0.0,0.0,0.0,0.0
B19.2Co50.4Fe21.6Nb4Si4.8,10.1016/j.intermet.2006.01.038,820.0,860.0,1430.0,,3.5,,0.0,0.0,0.504,0.0,0.0,0.21600000000000005,0.0,0.0,0.04800000000000001,0.0,0.0,0.0,0.0,0.0,0.0,0.0,0.0,0.0,0.0,0.0,0.0,0.0,0.0,0.04000000000000001,0.19200000000000003,0.0,0.0,0.0,0.0,0.0,0.0,0.0,0.0,0.0,0.0,0.0,0.0,0.0,0.0,0.0,0.0,0.0,0.0,0.0,0.0
B19.2Co57.6Fe14.4Nb4Si4.8,10.1016/j.intermet.2006.01.038,813.0,853.0,1445.0,,2.5,,0.0,0.0,0.5760000000000001,0.0,0.0,0.14400000000000002,0.0,0.0,0.048,0.0,0.0,0.0,0.0,0.0,0.0,0.0,0.0,0.0,0.0,0.0,0.0,0.0,0.0,0.04,0.192,0.0,0.0,0.0,0.0,0.0,0.0,0.0,0.0,0.0,0.0,0.0,0.0,0.0,0.0,0.0,0.0,0.0,0.0,0.0,0.0
B19.2Co64.8Fe7.2Nb4Si4.8,10.1016/j.intermet.2006.01.038,803.0,843.0,1457.0,,2.0,,0.0,0.0,0.648,0.0,0.0,0.07200000000000001,0.0,0.0,0.048,0.0,0.0,0.0,0.0,0.0,0.0,0.0,0.0,0.0,0.0,0.0,0.0,0.0,0.0,0.04,0.192,0.0,0.0,0.0,0.0,0.0,0.0,0.0,0.0,0.0,0.0,0.0,0.0,0.0,0.0,0.0,0.0,0.0,0.0,0.0,0.0
B19.2Co7.2Fe64.8Nb4Si4.8,10.1016/j.msea.2006.06.053,832.0,877.0,1460.0,,2.0,,0.0,0.0,0.07200000000000001,0.0,0.0,0.648,0.0,0.0,0.04800000000000001,0.0,0.0,0.0,0.0,0.0,0.0,0.0,0.0,0.0,0.0,0.0,0.0,0.0,0.0,0.04000000000000001,0.19200000000000003,0.0,0.0,0.0,0.0,0.0,0.0,0.0,0.0,0.0,0.0,0.0,0.0,0.0,0.0,0.0,0.0,0.0,0.0,0.0,0.0
B19.2Fe14.4Nb4Ni57.6Si4.8,10.1063/1.2204440,755.0,795.0,1381.0,,2.0,,0.0,0.0,0.0,0.0,0.0,0.14400000000000002,0.0,0.0,0.048,0.0,0.0,0.5760000000000001,0.0,0.0,0.0,0.0,0.0,0.0,0.0,0.0,0.0,0.0,0.0,0.04,0.192,0.0,0.0,0.0,0.0,0.0,0.0,0.0,0.0,0.0,0.0,0.0,0.0,0.0,0.0,0.0,0.0,0.0,0.0,0.0,0.0
B19.2Fe21.6Nb4Ni50.4Si4.8,10.1063/1.2204440,750.0,795.0,1356.0,,2.5,,0.0,0.0,0.0,0.0,0.0,0.21600000000000005,0.0,0.0,0.04800000000000001,0.0,0.0,0.504,0.0,0.0,0.0,0.0,0.0,0.0,0.0,0.0,0.0,0.0,0.0,0.04000000000000001,0.19200000000000003,0.0,0.0,0.0,0.0,0.0,0.0,0.0,0.0,0.0,0.0,0.0,0.0,0.0,0.0,0.0,0.0,0.0,0.0,0.0,0.0
B19.2Fe28.8Nb4Ni43.2Si4.8,10.1063/1.2204440,745.0,795.0,1348.0,,3.0,,0.0,0.0,0.0,0.0,0.0,0.28800000000000003,0.0,0.0,0.048,0.0,0.0,0.43200000000000005,0.0,0.0,0.0,0.0,0.0,0.0,0.0,0.0,0.0,0.0,0.0,0.04,0.192,0.0,0.0,0.0,0.0,0.0,0.0,0.0,0.0,0.0,0.0,0.0,0.0,0.0,0.0,0.0,0.0,0.0,0.0,0.0,0.0
B19.2Fe66.24Nb4Si4.8Tb5.76,10.1016/j.jallcom.2012.09.087,952.0,1012.0,1411.0,,3.0,,0.0,0.0,0.0,0.0,0.0,0.6624,0.0,0.0,0.048,0.0,0.0,0.0,0.0,0.0,0.0,0.0,0.0576,0.0,0.0,0.0,0.0,0.0,0.0,0.04,0.192,0.0,0.0,0.0,0.0,0.0,0.0,0.0,0.0,0.0,0.0,0.0,0.0,0.0,0.0,0.0,0.0,0.0,0.0,0.0,0.0
B19.2Fe67.2Nb4Si4.8Tb4.8,10.1016/j.jallcom.2012.09.087,935.0,995.0,1396.0,,3.5,,0.0,0.0,0.0,0.0,0.0,0.672,0.0,0.0,0.048,0.0,0.0,0.0,0.0,0.0,0.0,0.0,0.048,0.0,0.0,0.0,0.0,0.0,0.0,0.04,0.192,0.0,0.0,0.0,0.0,0.0,0.0,0.0,0.0,0.0,0.0,0.0,0.0,0.0,0.0,0.0,0.0,0.0,0.0,0.0,0.0
B19.2Fe68.16Nb4Si4.8Tb3.84,10.1016/j.jallcom.2012.09.087,869.0,969.0,1397.0,,3.5,,0.0,0.0,0.0,0.0,0.0,0.6816,0.0,0.0,0.048,0.0,0.0,0.0,0.0,0.0,0.0,0.0,0.0384,0.0,0.0,0.0,0.0,0.0,0.0,0.04,0.192,0.0,0.0,0.0,0.0,0.0,0.0,0.0,0.0,0.0,0.0,0.0,0.0,0.0,0.0,0.0,0.0,0.0,0.0,0.0,0.0
B19.2Fe69.12Nb3.84Si3.84Y4,10.1016/j.msea.2006.07.073,905.0,933.0,1424.0,,3.0,,0.0,0.0,0.0,0.0,0.0,0.6911999999999999,0.0,0.0,0.03839999999999999,0.0,0.0,0.0,0.0,0.0,0.0,0.039999999999999994,0.0,0.0,0.0,0.0,0.0,0.0,0.0,0.03839999999999999,0.19199999999999998,0.0,0.0,0.0,0.0,0.0,0.0,0.0,0.0,0.0,0.0,0.0,0.0,0.0,0.0,0.0,0.0,0.0,0.0,0.0,0.0
B19.2Fe7.2Nb4Ni64.8Si4.8,10.1016/j.jallcom.2012.09.087,762.0,795.0,1408.0,,1.0,,0.0,0.0,0.0,0.0,0.0,0.07200000000000001,0.0,0.0,0.04800000000000001,0.0,0.0,0.648,0.0,0.0,0.0,0.0,0.0,0.0,0.0,0.0,0.0,0.0,0.0,0.04000000000000001,0.19200000000000003,0.0,0.0,0.0,0.0,0.0,0.0,0.0,0.0,0.0,0.0,0.0,0.0,0.0,0.0,0.0,0.0,0.0,0.0,0.0,0.0
B19.2Fe71.04Nb4Si4.8Tb0.96,10.1016/j.jallcom.2012.09.087,836.0,882.0,1459.0,,1.0,,0.0,0.0,0.0,0.0,0.0,0.7104,0.0,0.0,0.048,0.0,0.0,0.0,0.0,0.0,0.0,0.0,0.0096,0.0,0.0,0.0,0.0,0.0,0.0,0.04,0.192,0.0,0.0,0.0,0.0,0.0,0.0,0.0,0.0,0.0,0.0,0.0,0.0,0.0,0.0,0.0,0.0,0.0,0.0,0.0,0.0
B19.2Fe72Nb4Si4.8,10.1016/j.msea.2006.06.053,835.0,880.0,1475.0,,1.5,,0.0,0.0,0.0,0.0,0.0,0.72,0.0,0.0,0.048,0.0,0.0,0.0,0.0,0.0,0.0,0.0,0.0,0.0,0.0,0.0,0.0,0.0,0.0,0.04,0.192,0.0,0.0,0.0,0.0,0.0,0.0,0.0,0.0,0.0,0.0,0.0,0.0,0.0,0.0,0.0,0.0,0.0,0.0,0.0,0.0
B19.2Nb4Ni72Si4.8,10.1063/1.2204440,770.0,795.0,1446.0,,0.5,,0.0,0.0,0.0,0.0,0.0,0.0,0.0,0.0,0.048,0.0,0.0,0.72,0.0,0.0,0.0,0.0,0.0,0.0,0.0,0.0,0.0,0.0,0.0,0.04,0.192,0.0,0.0,0.0,0.0,0.0,0.0,0.0,0.0,0.0,0.0,0.0,0.0,0.0,0.0,0.0,0.0,0.0,0.0,0.0,0.0
B19.4Fe69.84Nb3.88Si3.88Y3,10.1016/j.msea.2006.07.073,859.0,915.0,1416.0,,4.0,,0.0,0.0,0.0,0.0,0.0,0.6984,0.0,0.0,0.0388,0.0,0.0,0.0,0.0,0.0,0.0,0.03,0.0,0.0,0.0,0.0,0.0,0.0,0.0,0.0388,0.19399999999999998,0.0,0.0,0.0,0.0,0.0,0.0,0.0,0.0,0.0,0.0,0.0,0.0,0.0,0.0,0.0,0.0,0.0,0.0,0.0,0.0
B19.6Fe70.56Nb3.92Si3.92Y2,10.1016/j.msea.2006.07.073,855.0,903.0,1416.0,,2.0,,0.0,0.0,0.0,0.0,0.0,0.7056,0.0,0.0,0.0392,0.0,0.0,0.0,0.0,0.0,0.0,0.02,0.0,0.0,0.0,0.0,0.0,0.0,0.0,0.0392,0.196,0.0,0.0,0.0,0.0,0.0,0.0,0.0,0.0,0.0,0.0,0.0,0.0,0.0,0.0,0.0,0.0,0.0,0.0,0.0,0.0
B19.8Fe71.28Nb3.96Si3.96Y1,10.1016/j.msea.2006.07.073,855.0,881.0,1419.0,,2.0,,0.0,0.0,0.0,0.0,0.0,0.7128000000000001,0.0,0.0,0.0396,0.0,0.0,0.0,0.0,0.0,0.0,0.010000000000000002,0.0,0.0,0.0,0.0,0.0,0.0,0.0,0.0396,0.19800000000000004,0.0,0.0,0.0,0.0,0.0,0.0,0.0,0.0,0.0,0.0,0.0,0.0,0.0,0.0,0.0,0.0,0.0,0.0,0.0,0.0
B2C10Fe71Mo2Nb3P12,10.1016/S1003-6326(11)61032-7,719.0,757.0,1305.0,,1.0,,0.0,0.0,0.0,0.0,0.0,0.71,0.12,0.0,0.0,0.0,0.0,0.0,0.0,0.0,0.0,0.0,0.0,0.0,0.0,0.0,0.0,0.0,0.0,0.03,0.02,0.02,0.0,0.0,0.1,0.0,0.0,0.0,0.0,0.0,0.0,0.0,0.0,0.0,0.0,0.0,0.0,0.0,0.0,0.0,0.0
B2C10Fe71Mo3Nb2P12,10.1016/S1003-6326(11)61032-7,724.0,766.0,1305.0,,1.0,,0.0,0.0,0.0,0.0,0.0,0.71,0.12,0.0,0.0,0.0,0.0,0.0,0.0,0.0,0.0,0.0,0.0,0.0,0.0,0.0,0.0,0.0,0.0,0.02,0.02,0.03,0.0,0.0,0.1,0.0,0.0,0.0,0.0,0.0,0.0,0.0,0.0,0.0,0.0,0.0,0.0,0.0,0.0,0.0,0.0
B2C10Fe71Mo4Nb1P12,10.1016/S1003-6326(11)61032-7,729.0,777.0,1296.0,,2.0,,0.0,0.0,0.0,0.0,0.0,0.71,0.12,0.0,0.0,0.0,0.0,0.0,0.0,0.0,0.0,0.0,0.0,0.0,0.0,0.0,0.0,0.0,0.0,0.01,0.02,0.04,0.0,0.0,0.1,0.0,0.0,0.0,0.0,0.0,0.0,0.0,0.0,0.0,0.0,0.0,0.0,0.0,0.0,0.0,0.0
B2C9Cr2Fe78P9,10.1063/1.2189910,703.0,736.0,1275.0,,1.8,,0.0,0.0,0.0,0.0,0.0,0.78,0.09,0.0,0.0,0.0,0.0,0.0,0.0,0.0,0.0,0.0,0.0,0.0,0.0,0.0,0.0,0.0,0.0,0.0,0.02,0.0,0.0,0.0,0.09,0.0,0.0,0.02,0.0,0.0,0.0,0.0,0.0,0.0,0.0,0.0,0.0,0.0,0.0,0.0,0.0
B2C9Cr5Fe75P9,10.1063/1.2189910,707.0,743.0,1286.0,,1.5,,0.0,0.0,0.0,0.0,0.0,0.75,0.09,0.0,0.0,0.0,0.0,0.0,0.0,0.0,0.0,0.0,0.0,0.0,0.0,0.0,0.0,0.0,0.0,0.0,0.02,0.0,0.0,0.0,0.09,0.0,0.0,0.05,0.0,0.0,0.0,0.0,0.0,0.0,0.0,0.0,0.0,0.0,0.0,0.0,0.0
B2C9Cr8Fe72P9,10.1063/1.2189910,710.0,750.0,1296.0,,1.0,,0.0,0.0,0.0,0.0,0.0,0.72,0.09,0.0,0.0,0.0,0.0,0.0,0.0,0.0,0.0,0.0,0.0,0.0,0.0,0.0,0.0,0.0,0.0,0.0,0.02,0.0,0.0,0.0,0.09,0.0,0.0,0.08,0.0,0.0,0.0,0.0,0.0,0.0,0.0,0.0,0.0,0.0,0.0,0.0,0.0
B2C9Fe80P9,10.1063/1.2189910,700.0,733.0,1270.0,,1.8,,0.0,0.0,0.0,0.0,0.0,0.8,0.09,0.0,0.0,0.0,0.0,0.0,0.0,0.0,0.0,0.0,0.0,0.0,0.0,0.0,0.0,0.0,0.0,0.0,0.02,0.0,0.0,0.0,0.09,0.0,0.0,0.0,0.0,0.0,0.0,0.0,0.0,0.0,0.0,0.0,0.0,0.0,0.0,0.0,0.0
B2Nb35Ni60Sn3,10.1063/1.1544434,,,,1.0,1.0,,0.0,0.0,0.0,0.0,0.0,0.0,0.0,0.0,0.0,0.0,0.0,0.6,0.0,0.0,0.0,0.0,0.0,0.0,0.0,0.0,0.0,0.0,0.0,0.35,0.02,0.0,0.0,0.0,0.0,0.0,0.0,0.0,0.0,0.0,0.0,0.0,0.0,0.0,0.03,0.0,0.0,0.0,0.0,0.0,0.0
B2.32Fe83.56Nb4.84Si5.8Tb3.48,10.1016/j.commatsci.2016.02.037,860.0,940.0,1422.0,,3.0,,0.0,0.0,0.0,0.0,0.0,0.8356,0.0,0.0,0.057999999999999996,0.0,0.0,0.0,0.0,0.0,0.0,0.0,0.0348,0.0,0.0,0.0,0.0,0.0,0.0,0.0484,0.0232,0.0,0.0,0.0,0.0,0.0,0.0,0.0,0.0,0.0,0.0,0.0,0.0,0.0,0.0,0.0,0.0,0.0,0.0,0.0,0.0
B2.32Fe87.04Nb4.84Si5.8,10.1016/j.jallcom.2008.07.087,835.0,880.0,1475.0,,1.5,,0.0,0.0,0.0,0.0,0.0,0.8704000000000001,0.0,0.0,0.057999999999999996,0.0,0.0,0.0,0.0,0.0,0.0,0.0,0.0,0.0,0.0,0.0,0.0,0.0,0.0,0.0484,0.0232,0.0,0.0,0.0,0.0,0.0,0.0,0.0,0.0,0.0,0.0,0.0,0.0,0.0,0.0,0.0,0.0,0.0,0.0,0.0,0.0
B2.5C5Cr2Fe68Mo5Ni5P12.5,10.1038/ncomms10313,688.0,,1213.0,,6.0,,0.0,0.0,0.0,0.0,0.0,0.68,0.125,0.0,0.0,0.0,0.0,0.05,0.0,0.0,0.0,0.0,0.0,0.0,0.0,0.0,0.0,0.0,0.0,0.0,0.025,0.05,0.0,0.0,0.05,0.0,0.0,0.02,0.0,0.0,0.0,0.0,0.0,0.0,0.0,0.0,0.0,0.0,0.0,0.0,0.0
B2.5C5Fe74.5Mo5.5P12.5,10.1038/ncomms10313,695.0,,1219.0,,3.0,,0.0,0.0,0.0,0.0,0.0,0.745,0.125,0.0,0.0,0.0,0.0,0.0,0.0,0.0,0.0,0.0,0.0,0.0,0.0,0.0,0.0,0.0,0.0,0.0,0.025,0.055,0.0,0.0,0.05,0.0,0.0,0.0,0.0,0.0,0.0,0.0,0.0,0.0,0.0,0.0,0.0,0.0,0.0,0.0,0.0
B2.89La13.51Mg60Ni23.6,10.1016/j.commatsci.2016.02.037,453.0,498.0,811.0,,1.0,,0.0,0.0,0.0,0.0,0.0,0.0,0.0,0.0,0.0,0.0,0.6,0.23600000000000002,0.1351,0.0,0.0,0.0,0.0,0.0,0.0,0.0,0.0,0.0,0.0,0.0,0.028900000000000002,0.0,0.0,0.0,0.0,0.0,0.0,0.0,0.0,0.0,0.0,0.0,0.0,0.0,0.0,0.0,0.0,0.0,0.0,0.0,0.0
B20Fe70Hf3Nb4Y3,10.1016/j.commatsci.2016.02.037,850.0,924.0,1437.0,,3.5,,0.0,0.0,0.0,0.0,0.0,0.7,0.0,0.0,0.0,0.0,0.0,0.0,0.0,0.0,0.0,0.03,0.0,0.03,0.0,0.0,0.0,0.0,0.0,0.04,0.2,0.0,0.0,0.0,0.0,0.0,0.0,0.0,0.0,0.0,0.0,0.0,0.0,0.0,0.0,0.0,0.0,0.0,0.0,0.0,0.0
B20Fe71Hf3Nb4Y2,10.1016/j.commatsci.2016.02.037,850.0,928.0,1432.0,,4.0,,0.0,0.0,0.0,0.0,0.0,0.71,0.0,0.0,0.0,0.0,0.0,0.0,0.0,0.0,0.0,0.02,0.0,0.03,0.0,0.0,0.0,0.0,0.0,0.04,0.2,0.0,0.0,0.0,0.0,0.0,0.0,0.0,0.0,0.0,0.0,0.0,0.0,0.0,0.0,0.0,0.0,0.0,0.0,0.0,0.0
B20Fe72Hf3Nb4Y1,10.1016/j.commatsci.2016.02.037,841.0,916.0,1446.0,,3.0,,0.0,0.0,0.0,0.0,0.0,0.72,0.0,0.0,0.0,0.0,0.0,0.0,0.0,0.0,0.0,0.01,0.0,0.03,0.0,0.0,0.0,0.0,0.0,0.04,0.2,0.0,0.0,0.0,0.0,0.0,0.0,0.0,0.0,0.0,0.0,0.0,0.0,0.0,0.0,0.0,0.0,0.0,0.0,0.0,0.0
B20Fe72Nb4Si4,10.1016/j.msea.2006.07.073,842.0,880.0,1420.0,,2.0,,0.0,0.0,0.0,0.0,0.0,0.72,0.0,0.0,0.04,0.0,0.0,0.0,0.0,0.0,0.0,0.0,0.0,0.0,0.0,0.0,0.0,0.0,0.0,0.04,0.2,0.0,0.0,0.0,0.0,0.0,0.0,0.0,0.0,0.0,0.0,0.0,0.0,0.0,0.0,0.0,0.0,0.0,0.0,0.0,0.0
B20Fe73Hf3Nb4,10.1016/j.matdes.2016.05.102,836.0,899.0,1448.0,,2.0,,0.0,0.0,0.0,0.0,0.0,0.73,0.0,0.0,0.0,0.0,0.0,0.0,0.0,0.0,0.0,0.0,0.0,0.03,0.0,0.0,0.0,0.0,0.0,0.04,0.2,0.0,0.0,0.0,0.0,0.0,0.0,0.0,0.0,0.0,0.0,0.0,0.0,0.0,0.0,0.0,0.0,0.0,0.0,0.0,0.0
B21.56Fe70.56Nb2Y5.88,10.1016/j.commatsci.2016.02.037,918.0,980.0,1412.0,,4.0,,0.0,0.0,0.0,0.0,0.0,0.7056,0.0,0.0,0.0,0.0,0.0,0.0,0.0,0.0,0.0,0.0588,0.0,0.0,0.0,0.0,0.0,0.0,0.0,0.02,0.21559999999999999,0.0,0.0,0.0,0.0,0.0,0.0,0.0,0.0,0.0,0.0,0.0,0.0,0.0,0.0,0.0,0.0,0.0,0.0,0.0,0.0
B21.56Fe70.56Ta2Y5.88,10.1016/j.commatsci.2016.02.037,917.0,979.0,1415.0,,4.0,,0.0,0.0,0.0,0.0,0.0,0.7056,0.0,0.0,0.0,0.0,0.0,0.0,0.0,0.0,0.0,0.0588,0.0,0.0,0.0,0.0,0.0,0.0,0.0,0.0,0.21559999999999999,0.0,0.0,0.0,0.0,0.0,0.0,0.0,0.0,0.0,0.0,0.02,0.0,0.0,0.0,0.0,0.0,0.0,0.0,0.0,0.0
B21.56Fe70.56Ti2Y5.88,10.1016/j.commatsci.2016.02.037,915.0,974.0,1416.0,,3.0,,0.0,0.0,0.0,0.0,0.0,0.7056,0.0,0.0,0.0,0.0,0.0,0.0,0.0,0.0,0.0,0.0588,0.0,0.0,0.02,0.0,0.0,0.0,0.0,0.0,0.21559999999999999,0.0,0.0,0.0,0.0,0.0,0.0,0.0,0.0,0.0,0.0,0.0,0.0,0.0,0.0,0.0,0.0,0.0,0.0,0.0,0.0
B22Co10Fe62Y6,10.1016/j.jallcom.2007.09.063,885.0,932.0,1503.0,,2.5,,0.0,0.0,0.1,0.0,0.0,0.62,0.0,0.0,0.0,0.0,0.0,0.0,0.0,0.0,0.0,0.06,0.0,0.0,0.0,0.0,0.0,0.0,0.0,0.0,0.22,0.0,0.0,0.0,0.0,0.0,0.0,0.0,0.0,0.0,0.0,0.0,0.0,0.0,0.0,0.0,0.0,0.0,0.0,0.0,0.0
B22Co12Fe60Y6,10.1016/j.jallcom.2007.09.063,881.0,924.0,1498.0,,2.5,,0.0,0.0,0.12,0.0,0.0,0.6,0.0,0.0,0.0,0.0,0.0,0.0,0.0,0.0,0.0,0.06,0.0,0.0,0.0,0.0,0.0,0.0,0.0,0.0,0.22,0.0,0.0,0.0,0.0,0.0,0.0,0.0,0.0,0.0,0.0,0.0,0.0,0.0,0.0,0.0,0.0,0.0,0.0,0.0,0.0
B22Co14Fe58Y6,10.1016/j.jallcom.2007.09.063,880.0,925.0,1485.0,,2.5,,0.0,0.0,0.14,0.0,0.0,0.58,0.0,0.0,0.0,0.0,0.0,0.0,0.0,0.0,0.0,0.06,0.0,0.0,0.0,0.0,0.0,0.0,0.0,0.0,0.22,0.0,0.0,0.0,0.0,0.0,0.0,0.0,0.0,0.0,0.0,0.0,0.0,0.0,0.0,0.0,0.0,0.0,0.0,0.0,0.0
B22Co16Fe56Y6,10.1016/j.jallcom.2007.09.063,882.0,927.0,1494.0,,2.5,,0.0,0.0,0.16,0.0,0.0,0.56,0.0,0.0,0.0,0.0,0.0,0.0,0.0,0.0,0.0,0.06,0.0,0.0,0.0,0.0,0.0,0.0,0.0,0.0,0.22,0.0,0.0,0.0,0.0,0.0,0.0,0.0,0.0,0.0,0.0,0.0,0.0,0.0,0.0,0.0,0.0,0.0,0.0,0.0,0.0
B22Co2Fe70Y6,10.1016/j.jallcom.2007.09.063,898.0,944.0,1420.0,,2.0,,0.0,0.0,0.02,0.0,0.0,0.7,0.0,0.0,0.0,0.0,0.0,0.0,0.0,0.0,0.0,0.06,0.0,0.0,0.0,0.0,0.0,0.0,0.0,0.0,0.22,0.0,0.0,0.0,0.0,0.0,0.0,0.0,0.0,0.0,0.0,0.0,0.0,0.0,0.0,0.0,0.0,0.0,0.0,0.0,0.0
B22Co4Fe68Y6,10.1016/j.jallcom.2007.09.063,896.0,941.0,1414.0,,2.0,,0.0,0.0,0.04,0.0,0.0,0.68,0.0,0.0,0.0,0.0,0.0,0.0,0.0,0.0,0.0,0.06,0.0,0.0,0.0,0.0,0.0,0.0,0.0,0.0,0.22,0.0,0.0,0.0,0.0,0.0,0.0,0.0,0.0,0.0,0.0,0.0,0.0,0.0,0.0,0.0,0.0,0.0,0.0,0.0,0.0
B22Co6Fe66Y6,10.1016/j.jallcom.2007.09.063,887.0,925.0,1509.0,,2.0,,0.0,0.0,0.06,0.0,0.0,0.66,0.0,0.0,0.0,0.0,0.0,0.0,0.0,0.0,0.0,0.06,0.0,0.0,0.0,0.0,0.0,0.0,0.0,0.0,0.22,0.0,0.0,0.0,0.0,0.0,0.0,0.0,0.0,0.0,0.0,0.0,0.0,0.0,0.0,0.0,0.0,0.0,0.0,0.0,0.0
B22Co8Fe64Y6,10.1016/j.jallcom.2007.09.063,884.0,927.0,1505.0,,2.5,,0.0,0.0,0.08,0.0,0.0,0.64,0.0,0.0,0.0,0.0,0.0,0.0,0.0,0.0,0.0,0.06,0.0,0.0,0.0,0.0,0.0,0.0,0.0,0.0,0.22,0.0,0.0,0.0,0.0,0.0,0.0,0.0,0.0,0.0,0.0,0.0,0.0,0.0,0.0,0.0,0.0,0.0,0.0,0.0,0.0
B22Cr10Fe63Nb5,10.1016/j.msea.2008.03.019,,,,,1.2,,0.0,0.0,0.0,0.0,0.0,0.63,0.0,0.0,0.0,0.0,0.0,0.0,0.0,0.0,0.0,0.0,0.0,0.0,0.0,0.0,0.0,0.0,0.0,0.05,0.22,0.0,0.0,0.0,0.0,0.0,0.0,0.1,0.0,0.0,0.0,0.0,0.0,0.0,0.0,0.0,0.0,0.0,0.0,0.0,0.0
B22Cr11Fe61Nb6,10.1016/j.msea.2008.03.019,842.0,892.0,,,2.6,,0.0,0.0,0.0,0.0,0.0,0.61,0.0,0.0,0.0,0.0,0.0,0.0,0.0,0.0,0.0,0.0,0.0,0.0,0.0,0.0,0.0,0.0,0.0,0.06,0.22,0.0,0.0,0.0,0.0,0.0,0.0,0.11,0.0,0.0,0.0,0.0,0.0,0.0,0.0,0.0,0.0,0.0,0.0,0.0,0.0
B22Cr4Fe66Nb8,10.1016/j.msea.2008.03.019,835.0,884.0,,,1.4,,0.0,0.0,0.0,0.0,0.0,0.66,0.0,0.0,0.0,0.0,0.0,0.0,0.0,0.0,0.0,0.0,0.0,0.0,0.0,0.0,0.0,0.0,0.0,0.08,0.22,0.0,0.0,0.0,0.0,0.0,0.0,0.04,0.0,0.0,0.0,0.0,0.0,0.0,0.0,0.0,0.0,0.0,0.0,0.0,0.0
B22Cr4Fe67Nb7,10.1016/j.msea.2008.03.019,857.0,898.0,,,3.2,,0.0,0.0,0.0,0.0,0.0,0.67,0.0,0.0,0.0,0.0,0.0,0.0,0.0,0.0,0.0,0.0,0.0,0.0,0.0,0.0,0.0,0.0,0.0,0.07,0.22,0.0,0.0,0.0,0.0,0.0,0.0,0.04,0.0,0.0,0.0,0.0,0.0,0.0,0.0,0.0,0.0,0.0,0.0,0.0,0.0
B22Cr5Fe65Nb8,10.1016/j.msea.2008.03.019,832.0,868.0,,,1.9,,0.0,0.0,0.0,0.0,0.0,0.65,0.0,0.0,0.0,0.0,0.0,0.0,0.0,0.0,0.0,0.0,0.0,0.0,0.0,0.0,0.0,0.0,0.0,0.08,0.22,0.0,0.0,0.0,0.0,0.0,0.0,0.05,0.0,0.0,0.0,0.0,0.0,0.0,0.0,0.0,0.0,0.0,0.0,0.0,0.0
B22Cr6Fe66Nb6,10.1016/j.msea.2008.03.019,849.0,895.0,,,2.8,,0.0,0.0,0.0,0.0,0.0,0.66,0.0,0.0,0.0,0.0,0.0,0.0,0.0,0.0,0.0,0.0,0.0,0.0,0.0,0.0,0.0,0.0,0.0,0.06,0.22,0.0,0.0,0.0,0.0,0.0,0.0,0.06,0.0,0.0,0.0,0.0,0.0,0.0,0.0,0.0,0.0,0.0,0.0,0.0,0.0
B22Cr8Fe62Nb8,10.1016/j.msea.2008.03.019,835.0,902.0,,,1.8,,0.0,0.0,0.0,0.0,0.0,0.62,0.0,0.0,0.0,0.0,0.0,0.0,0.0,0.0,0.0,0.0,0.0,0.0,0.0,0.0,0.0,0.0,0.0,0.08,0.22,0.0,0.0,0.0,0.0,0.0,0.0,0.08,0.0,0.0,0.0,0.0,0.0,0.0,0.0,0.0,0.0,0.0,0.0,0.0,0.0
B22Cr8Fe64Nb6,10.1016/j.msea.2008.03.019,851.0,903.0,,,3.0,,0.0,0.0,0.0,0.0,0.0,0.64,0.0,0.0,0.0,0.0,0.0,0.0,0.0,0.0,0.0,0.0,0.0,0.0,0.0,0.0,0.0,0.0,0.0,0.06,0.22,0.0,0.0,0.0,0.0,0.0,0.0,0.08,0.0,0.0,0.0,0.0,0.0,0.0,0.0,0.0,0.0,0.0,0.0,0.0,0.0
B22Cr9Fe63Nb6,10.1016/j.msea.2008.03.019,857.0,904.0,,,3.0,,0.0,0.0,0.0,0.0,0.0,0.63,0.0,0.0,0.0,0.0,0.0,0.0,0.0,0.0,0.0,0.0,0.0,0.0,0.0,0.0,0.0,0.0,0.0,0.06,0.22,0.0,0.0,0.0,0.0,0.0,0.0,0.09,0.0,0.0,0.0,0.0,0.0,0.0,0.0,0.0,0.0,0.0,0.0,0.0,0.0
B22Fe66W6Y6,10.1016/j.commatsci.2016.02.037,897.0,981.0,1497.0,,2.0,,0.0,0.0,0.0,0.0,0.0,0.66,0.0,0.0,0.0,0.0,0.0,0.0,0.0,0.0,0.0,0.06,0.0,0.0,0.0,0.0,0.0,0.0,0.0,0.0,0.22,0.0,0.0,0.0,0.0,0.0,0.0,0.0,0.0,0.0,0.0,0.0,0.0,0.0,0.0,0.06,0.0,0.0,0.0,0.0,0.0
B22Fe67Mo5Y6,10.1007/s10973-018-7050-0,920.0,941.0,1483.0,,3.5,,0.0,0.0,0.0,0.0,0.0,0.67,0.0,0.0,0.0,0.0,0.0,0.0,0.0,0.0,0.0,0.06,0.0,0.0,0.0,0.0,0.0,0.0,0.0,0.0,0.22,0.05,0.0,0.0,0.0,0.0,0.0,0.0,0.0,0.0,0.0,0.0,0.0,0.0,0.0,0.0,0.0,0.0,0.0,0.0,0.0
B22Fe67Ni5Y6,10.1016/j.jallcom.2007.09.063,866.0,891.0,1469.0,,1.0,,0.0,0.0,0.0,0.0,0.0,0.67,0.0,0.0,0.0,0.0,0.0,0.05,0.0,0.0,0.0,0.06,0.0,0.0,0.0,0.0,0.0,0.0,0.0,0.0,0.22,0.0,0.0,0.0,0.0,0.0,0.0,0.0,0.0,0.0,0.0,0.0,0.0,0.0,0.0,0.0,0.0,0.0,0.0,0.0,0.0
B22Fe67W5Y6,10.1016/j.commatsci.2016.02.037,882.0,970.0,1497.0,,3.0,,0.0,0.0,0.0,0.0,0.0,0.67,0.0,0.0,0.0,0.0,0.0,0.0,0.0,0.0,0.0,0.06,0.0,0.0,0.0,0.0,0.0,0.0,0.0,0.0,0.22,0.0,0.0,0.0,0.0,0.0,0.0,0.0,0.0,0.0,0.0,0.0,0.0,0.0,0.0,0.05,0.0,0.0,0.0,0.0,0.0
B22Fe68Mo4Y6,10.1007/s10973-018-7050-0,915.0,944.0,1488.0,,6.5,,0.0,0.0,0.0,0.0,0.0,0.68,0.0,0.0,0.0,0.0,0.0,0.0,0.0,0.0,0.0,0.06,0.0,0.0,0.0,0.0,0.0,0.0,0.0,0.0,0.22,0.04,0.0,0.0,0.0,0.0,0.0,0.0,0.0,0.0,0.0,0.0,0.0,0.0,0.0,0.0,0.0,0.0,0.0,0.0,0.0
B22Fe68Ni4Y6,10.1016/j.jallcom.2007.09.063,872.0,907.0,1470.0,,1.5,,0.0,0.0,0.0,0.0,0.0,0.68,0.0,0.0,0.0,0.0,0.0,0.04,0.0,0.0,0.0,0.06,0.0,0.0,0.0,0.0,0.0,0.0,0.0,0.0,0.22,0.0,0.0,0.0,0.0,0.0,0.0,0.0,0.0,0.0,0.0,0.0,0.0,0.0,0.0,0.0,0.0,0.0,0.0,0.0,0.0
B22Fe68W4Y6,10.1016/j.commatsci.2016.02.037,874.0,971.0,1504.0,,4.0,,0.0,0.0,0.0,0.0,0.0,0.68,0.0,0.0,0.0,0.0,0.0,0.0,0.0,0.0,0.0,0.06,0.0,0.0,0.0,0.0,0.0,0.0,0.0,0.0,0.22,0.0,0.0,0.0,0.0,0.0,0.0,0.0,0.0,0.0,0.0,0.0,0.0,0.0,0.0,0.04,0.0,0.0,0.0,0.0,0.0
B22Fe69Mo3Y6,10.1016/j.jallcom.2007.09.063,908.0,958.0,1488.0,,6.0,,0.0,0.0,0.0,0.0,0.0,0.69,0.0,0.0,0.0,0.0,0.0,0.0,0.0,0.0,0.0,0.06,0.0,0.0,0.0,0.0,0.0,0.0,0.0,0.0,0.22,0.03,0.0,0.0,0.0,0.0,0.0,0.0,0.0,0.0,0.0,0.0,0.0,0.0,0.0,0.0,0.0,0.0,0.0,0.0,0.0
B22Fe69Ni3Y6,10.1016/j.jallcom.2007.09.063,874.0,910.0,1503.0,,1.5,,0.0,0.0,0.0,0.0,0.0,0.69,0.0,0.0,0.0,0.0,0.0,0.03,0.0,0.0,0.0,0.06,0.0,0.0,0.0,0.0,0.0,0.0,0.0,0.0,0.22,0.0,0.0,0.0,0.0,0.0,0.0,0.0,0.0,0.0,0.0,0.0,0.0,0.0,0.0,0.0,0.0,0.0,0.0,0.0,0.0
B22Fe69W3Y6,10.1016/j.commatsci.2016.02.037,868.0,973.0,1505.0,,4.0,,0.0,0.0,0.0,0.0,0.0,0.69,0.0,0.0,0.0,0.0,0.0,0.0,0.0,0.0,0.0,0.06,0.0,0.0,0.0,0.0,0.0,0.0,0.0,0.0,0.22,0.0,0.0,0.0,0.0,0.0,0.0,0.0,0.0,0.0,0.0,0.0,0.0,0.0,0.0,0.03,0.0,0.0,0.0,0.0,0.0
B22Fe70Mo2Y6,10.1007/s10973-018-7050-0,907.0,969.0,1508.0,,3.5,,0.0,0.0,0.0,0.0,0.0,0.7,0.0,0.0,0.0,0.0,0.0,0.0,0.0,0.0,0.0,0.06,0.0,0.0,0.0,0.0,0.0,0.0,0.0,0.0,0.22,0.02,0.0,0.0,0.0,0.0,0.0,0.0,0.0,0.0,0.0,0.0,0.0,0.0,0.0,0.0,0.0,0.0,0.0,0.0,0.0
B22Fe70Ni2Y6,10.1016/j.jallcom.2007.09.063,,925.0,1509.0,,2.0,,0.0,0.0,0.0,0.0,0.0,0.7,0.0,0.0,0.0,0.0,0.0,0.02,0.0,0.0,0.0,0.06,0.0,0.0,0.0,0.0,0.0,0.0,0.0,0.0,0.22,0.0,0.0,0.0,0.0,0.0,0.0,0.0,0.0,0.0,0.0,0.0,0.0,0.0,0.0,0.0,0.0,0.0,0.0,0.0,0.0
B22Fe70W2Y6,10.1016/j.commatsci.2016.02.037,867.0,970.0,1521.0,,3.0,,0.0,0.0,0.0,0.0,0.0,0.7,0.0,0.0,0.0,0.0,0.0,0.0,0.0,0.0,0.0,0.06,0.0,0.0,0.0,0.0,0.0,0.0,0.0,0.0,0.22,0.0,0.0,0.0,0.0,0.0,0.0,0.0,0.0,0.0,0.0,0.0,0.0,0.0,0.0,0.02,0.0,0.0,0.0,0.0,0.0
B22Fe71Mo1Y6,10.1007/s10973-018-7050-0,902.0,960.0,1517.0,,2.5,,0.0,0.0,0.0,0.0,0.0,0.71,0.0,0.0,0.0,0.0,0.0,0.0,0.0,0.0,0.0,0.06,0.0,0.0,0.0,0.0,0.0,0.0,0.0,0.0,0.22,0.01,0.0,0.0,0.0,0.0,0.0,0.0,0.0,0.0,0.0,0.0,0.0,0.0,0.0,0.0,0.0,0.0,0.0,0.0,0.0
B22Fe71Ni1Y6,10.1016/j.commatsci.2016.02.037,883.0,926.0,1507.0,,2.0,,0.0,0.0,0.0,0.0,0.0,0.71,0.0,0.0,0.0,0.0,0.0,0.01,0.0,0.0,0.0,0.06,0.0,0.0,0.0,0.0,0.0,0.0,0.0,0.0,0.22,0.0,0.0,0.0,0.0,0.0,0.0,0.0,0.0,0.0,0.0,0.0,0.0,0.0,0.0,0.0,0.0,0.0,0.0,0.0,0.0
B22Fe71W1Y6,10.1007/s10973-018-7050-0,845.0,956.0,1423.0,,3.0,,0.0,0.0,0.0,0.0,0.0,0.71,0.0,0.0,0.0,0.0,0.0,0.0,0.0,0.0,0.0,0.06,0.0,0.0,0.0,0.0,0.0,0.0,0.0,0.0,0.22,0.0,0.0,0.0,0.0,0.0,0.0,0.0,0.0,0.0,0.0,0.0,0.0,0.0,0.0,0.01,0.0,0.0,0.0,0.0,0.0
B22Fe72Y6,10.1016/j.commatsci.2016.02.037,898.0,950.0,1413.0,,2.0,,0.0,0.0,0.0,0.0,0.0,0.72,0.0,0.0,0.0,0.0,0.0,0.0,0.0,0.0,0.0,0.06,0.0,0.0,0.0,0.0,0.0,0.0,0.0,0.0,0.22,0.0,0.0,0.0,0.0,0.0,0.0,0.0,0.0,0.0,0.0,0.0,0.0,0.0,0.0,0.0,0.0,0.0,0.0,0.0,0.0
B22.32Dy7Fe66.96Mo3.72,10.1007/s10973-018-7050-0,880.0,957.0,1406.0,,2.0,,0.0,0.0,0.0,0.0,0.0,0.6696,0.0,0.0,0.0,0.0,0.0,0.0,0.0,0.0,0.0,0.0,0.0,0.0,0.0,0.0,0.0,0.0,0.0,0.0,0.2232,0.037200000000000004,0.0,0.0,0.0,0.0,0.0,0.0,0.0,0.0,0.0,0.0,0.0,0.0,0.0,0.0,0.07,0.0,0.0,0.0,0.0
B22.56Co20.3Dy6Fe47.38Mo3.76,10.1016/j.jallcom.2017.02.098,845.0,929.0,1367.0,,2.0,,0.0,0.0,0.20299999999999999,0.0,0.0,0.47379999999999994,0.0,0.0,0.0,0.0,0.0,0.0,0.0,0.0,0.0,0.0,0.0,0.0,0.0,0.0,0.0,0.0,0.0,0.0,0.22559999999999997,0.037599999999999995,0.0,0.0,0.0,0.0,0.0,0.0,0.0,0.0,0.0,0.0,0.0,0.0,0.0,0.0,0.05999999999999999,0.0,0.0,0.0,0.0
B22.56Co27.07Dy6Fe40.61Mo3.76,10.1016/j.jallcom.2017.02.098,847.0,927.0,1366.0,,2.0,,0.0,0.0,0.2707,0.0,0.0,0.4061,0.0,0.0,0.0,0.0,0.0,0.0,0.0,0.0,0.0,0.0,0.0,0.0,0.0,0.0,0.0,0.0,0.0,0.0,0.2256,0.037599999999999995,0.0,0.0,0.0,0.0,0.0,0.0,0.0,0.0,0.0,0.0,0.0,0.0,0.0,0.0,0.06,0.0,0.0,0.0,0.0
B22.56Co33.84Dy6Fe33.84Mo3.76,10.1016/j.jallcom.2017.02.098,831.0,912.0,1365.0,,2.0,,0.0,0.0,0.3384,0.0,0.0,0.3384,0.0,0.0,0.0,0.0,0.0,0.0,0.0,0.0,0.0,0.0,0.0,0.0,0.0,0.0,0.0,0.0,0.0,0.0,0.22559999999999997,0.037599999999999995,0.0,0.0,0.0,0.0,0.0,0.0,0.0,0.0,0.0,0.0,0.0,0.0,0.0,0.0,0.05999999999999999,0.0,0.0,0.0,0.0
B22.56Co6.77Dy6Fe60.91Mo3.76,10.1016/j.jallcom.2017.02.098,860.0,945.0,1385.0,,2.0,,0.0,0.0,0.0677,0.0,0.0,0.6091,0.0,0.0,0.0,0.0,0.0,0.0,0.0,0.0,0.0,0.0,0.0,0.0,0.0,0.0,0.0,0.0,0.0,0.0,0.2256,0.037599999999999995,0.0,0.0,0.0,0.0,0.0,0.0,0.0,0.0,0.0,0.0,0.0,0.0,0.0,0.0,0.06,0.0,0.0,0.0,0.0
B22.56Dy6Fe67.68Mo3.76,10.1007/s10973-018-7050-0,854.0,945.0,1400.0,,3.0,,0.0,0.0,0.0,0.0,0.0,0.6768,0.0,0.0,0.0,0.0,0.0,0.0,0.0,0.0,0.0,0.0,0.0,0.0,0.0,0.0,0.0,0.0,0.0,0.0,0.22559999999999997,0.037599999999999995,0.0,0.0,0.0,0.0,0.0,0.0,0.0,0.0,0.0,0.0,0.0,0.0,0.0,0.0,0.05999999999999999,0.0,0.0,0.0,0.0
B22.8Dy5Fe68.4Mo3.8,10.1007/s10973-018-7050-0,853.0,942.0,1401.0,,2.0,,0.0,0.0,0.0,0.0,0.0,0.684,0.0,0.0,0.0,0.0,0.0,0.0,0.0,0.0,0.0,0.0,0.0,0.0,0.0,0.0,0.0,0.0,0.0,0.0,0.228,0.038,0.0,0.0,0.0,0.0,0.0,0.0,0.0,0.0,0.0,0.0,0.0,0.0,0.0,0.0,0.05,0.0,0.0,0.0,0.0
B23Co14.2Fe56.8Nb6,10.1016/j.commatsci.2016.02.037,809.0,864.0,1475.0,,2.0,,0.0,0.0,0.142,0.0,0.0,0.568,0.0,0.0,0.0,0.0,0.0,0.0,0.0,0.0,0.0,0.0,0.0,0.0,0.0,0.0,0.0,0.0,0.0,0.06,0.23,0.0,0.0,0.0,0.0,0.0,0.0,0.0,0.0,0.0,0.0,0.0,0.0,0.0,0.0,0.0,0.0,0.0,0.0,0.0,0.0
B23Fe71Nb6,10.1016/j.commatsci.2016.02.037,819.0,865.0,1494.0,,1.5,,0.0,0.0,0.0,0.0,0.0,0.71,0.0,0.0,0.0,0.0,0.0,0.0,0.0,0.0,0.0,0.0,0.0,0.0,0.0,0.0,0.0,0.0,0.0,0.06,0.23,0.0,0.0,0.0,0.0,0.0,0.0,0.0,0.0,0.0,0.0,0.0,0.0,0.0,0.0,0.0,0.0,0.0,0.0,0.0,0.0
B23.04Dy4Fe69.12Mo3.84,10.1007/s10973-018-7050-0,848.0,923.0,1396.0,,2.0,,0.0,0.0,0.0,0.0,0.0,0.6912,0.0,0.0,0.0,0.0,0.0,0.0,0.0,0.0,0.0,0.0,0.0,0.0,0.0,0.0,0.0,0.0,0.0,0.0,0.2304,0.0384,0.0,0.0,0.0,0.0,0.0,0.0,0.0,0.0,0.0,0.0,0.0,0.0,0.0,0.0,0.04,0.0,0.0,0.0,0.0
B23.04Er4.8Fe68.16Nb4,10.1016/j.jallcom.2014.07.222,868.0,964.0,1463.0,,5.5,,0.0,0.0,0.0,0.0,0.0,0.6816,0.0,0.0,0.0,0.0,0.0,0.0,0.0,0.0,0.048,0.0,0.0,0.0,0.0,0.0,0.0,0.0,0.0,0.04,0.2304,0.0,0.0,0.0,0.0,0.0,0.0,0.0,0.0,0.0,0.0,0.0,0.0,0.0,0.0,0.0,0.0,0.0,0.0,0.0,0.0
B23.04Fe68.16Gd4.8Nb4,10.1016/j.jallcom.2014.07.222,865.0,982.0,1485.0,,3.5,,0.0,0.0,0.0,0.0,0.0,0.6816000000000001,0.0,0.0,0.0,0.04800000000000001,0.0,0.0,0.0,0.0,0.0,0.0,0.0,0.0,0.0,0.0,0.0,0.0,0.0,0.04000000000000001,0.23040000000000002,0.0,0.0,0.0,0.0,0.0,0.0,0.0,0.0,0.0,0.0,0.0,0.0,0.0,0.0,0.0,0.0,0.0,0.0,0.0,0.0
B23.04Fe68.16Ho4.8Nb4,10.1016/j.jallcom.2014.07.222,866.0,967.0,1467.0,,5.0,,0.0,0.0,0.0,0.0,0.0,0.6816000000000001,0.0,0.0,0.0,0.0,0.0,0.0,0.0,0.0,0.0,0.0,0.0,0.0,0.0,0.0,0.0,0.0,0.0,0.04000000000000001,0.23040000000000002,0.0,0.0,0.0,0.0,0.0,0.0,0.0,0.0,0.0,0.0,0.0,0.0,0.0,0.0,0.0,0.0,0.04800000000000001,0.0,0.0,0.0
B23.04Fe68.16Nb4Tb4.8,10.1016/j.jallcom.2014.07.222,863.0,991.0,1474.0,,3.5,,0.0,0.0,0.0,0.0,0.0,0.6816000000000001,0.0,0.0,0.0,0.0,0.0,0.0,0.0,0.0,0.0,0.0,0.04800000000000001,0.0,0.0,0.0,0.0,0.0,0.0,0.04000000000000001,0.23040000000000002,0.0,0.0,0.0,0.0,0.0,0.0,0.0,0.0,0.0,0.0,0.0,0.0,0.0,0.0,0.0,0.0,0.0,0.0,0.0,0.0
B23.04Fe68.16Nb4Tm4.8,10.1016/j.jallcom.2014.07.222,868.0,936.0,1396.0,,6.5,,0.0,0.0,0.0,0.0,0.0,0.6816000000000001,0.0,0.0,0.0,0.0,0.0,0.0,0.0,0.0,0.0,0.0,0.0,0.0,0.0,0.0,0.0,0.0,0.0,0.04000000000000001,0.23040000000000002,0.0,0.0,0.0,0.0,0.0,0.0,0.0,0.0,0.0,0.0,0.0,0.0,0.0,0.0,0.0,0.0,0.0,0.04800000000000001,0.0,0.0
B24Co14.2Fe55.8Nb6,10.1016/j.commatsci.2016.02.037,821.0,868.0,1477.0,,2.0,,0.0,0.0,0.142,0.0,0.0,0.5579999999999999,0.0,0.0,0.0,0.0,0.0,0.0,0.0,0.0,0.0,0.0,0.0,0.0,0.0,0.0,0.0,0.0,0.0,0.06,0.24,0.0,0.0,0.0,0.0,0.0,0.0,0.0,0.0,0.0,0.0,0.0,0.0,0.0,0.0,0.0,0.0,0.0,0.0,0.0,0.0
B24Co14.2Fe56.8Nb5,10.1016/j.commatsci.2016.02.037,823.0,868.0,1496.0,,2.0,,0.0,0.0,0.142,0.0,0.0,0.568,0.0,0.0,0.0,0.0,0.0,0.0,0.0,0.0,0.0,0.0,0.0,0.0,0.0,0.0,0.0,0.0,0.0,0.05,0.24,0.0,0.0,0.0,0.0,0.0,0.0,0.0,0.0,0.0,0.0,0.0,0.0,0.0,0.0,0.0,0.0,0.0,0.0,0.0,0.0
B24Co40Fe27Mo1.5Si1.5Ti3Zr3,10.1016/j.jmatprotec.2007.12.048,811.0,856.0,1379.0,,1.5,,0.0,0.0,0.4,0.0,0.03,0.27,0.0,0.0,0.015,0.0,0.0,0.0,0.0,0.0,0.0,0.0,0.0,0.0,0.03,0.0,0.0,0.0,0.0,0.0,0.24,0.015,0.0,0.0,0.0,0.0,0.0,0.0,0.0,0.0,0.0,0.0,0.0,0.0,0.0,0.0,0.0,0.0,0.0,0.0,0.0
B24Cr10Fe60Nb6,10.1016/j.msea.2008.03.019,847.0,895.0,,,1.8,,0.0,0.0,0.0,0.0,0.0,0.6,0.0,0.0,0.0,0.0,0.0,0.0,0.0,0.0,0.0,0.0,0.0,0.0,0.0,0.0,0.0,0.0,0.0,0.06,0.24,0.0,0.0,0.0,0.0,0.0,0.0,0.1,0.0,0.0,0.0,0.0,0.0,0.0,0.0,0.0,0.0,0.0,0.0,0.0,0.0
B24Cr10Fe61Nb5,10.1016/j.msea.2008.03.019,842.0,885.0,,,2.2,,0.0,0.0,0.0,0.0,0.0,0.61,0.0,0.0,0.0,0.0,0.0,0.0,0.0,0.0,0.0,0.0,0.0,0.0,0.0,0.0,0.0,0.0,0.0,0.05,0.24,0.0,0.0,0.0,0.0,0.0,0.0,0.1,0.0,0.0,0.0,0.0,0.0,0.0,0.0,0.0,0.0,0.0,0.0,0.0,0.0
B24Cr5Fe63Nb8,10.1016/j.msea.2008.03.019,842.0,880.0,,,2.2,,0.0,0.0,0.0,0.0,0.0,0.63,0.0,0.0,0.0,0.0,0.0,0.0,0.0,0.0,0.0,0.0,0.0,0.0,0.0,0.0,0.0,0.0,0.0,0.08,0.24,0.0,0.0,0.0,0.0,0.0,0.0,0.05,0.0,0.0,0.0,0.0,0.0,0.0,0.0,0.0,0.0,0.0,0.0,0.0,0.0
B24Cr6Fe64Nb6,10.1016/j.msea.2008.03.019,866.0,915.0,,,3.3,,0.0,0.0,0.0,0.0,0.0,0.64,0.0,0.0,0.0,0.0,0.0,0.0,0.0,0.0,0.0,0.0,0.0,0.0,0.0,0.0,0.0,0.0,0.0,0.06,0.24,0.0,0.0,0.0,0.0,0.0,0.0,0.06,0.0,0.0,0.0,0.0,0.0,0.0,0.0,0.0,0.0,0.0,0.0,0.0,0.0
B24Cr8Fe60Nb8,10.1016/j.msea.2008.03.019,860.0,915.0,,,3.4,,0.0,0.0,0.0,0.0,0.0,0.6,0.0,0.0,0.0,0.0,0.0,0.0,0.0,0.0,0.0,0.0,0.0,0.0,0.0,0.0,0.0,0.0,0.0,0.08,0.24,0.0,0.0,0.0,0.0,0.0,0.0,0.08,0.0,0.0,0.0,0.0,0.0,0.0,0.0,0.0,0.0,0.0,0.0,0.0,0.0
B24Cr8Fe62Nb6,10.1016/j.msea.2008.03.019,881.0,914.0,,,1.7,,0.0,0.0,0.0,0.0,0.0,0.62,0.0,0.0,0.0,0.0,0.0,0.0,0.0,0.0,0.0,0.0,0.0,0.0,0.0,0.0,0.0,0.0,0.0,0.06,0.24,0.0,0.0,0.0,0.0,0.0,0.0,0.08,0.0,0.0,0.0,0.0,0.0,0.0,0.0,0.0,0.0,0.0,0.0,0.0,0.0
B24.24Cr3.03Fe64.65Nb8.08,10.1016/j.msea.2008.03.019,851.0,899.0,,,1.7,,0.0,0.0,0.0,0.0,0.0,0.6465000000000001,0.0,0.0,0.0,0.0,0.0,0.0,0.0,0.0,0.0,0.0,0.0,0.0,0.0,0.0,0.0,0.0,0.0,0.0808,0.24239999999999998,0.0,0.0,0.0,0.0,0.0,0.0,0.030299999999999997,0.0,0.0,0.0,0.0,0.0,0.0,0.0,0.0,0.0,0.0,0.0,0.0,0.0
B25Co13.45Fe56.05Nb5.5,10.1016/j.commatsci.2016.02.037,821.0,879.0,1510.0,,2.5,,0.0,0.0,0.13449999999999998,0.0,0.0,0.5605,0.0,0.0,0.0,0.0,0.0,0.0,0.0,0.0,0.0,0.0,0.0,0.0,0.0,0.0,0.0,0.0,0.0,0.055,0.25,0.0,0.0,0.0,0.0,0.0,0.0,0.0,0.0,0.0,0.0,0.0,0.0,0.0,0.0,0.0,0.0,0.0,0.0,0.0,0.0
B26Cr4Fe63Nb7,10.1016/j.msea.2008.03.019,865.0,912.0,,,3.6,,0.0,0.0,0.0,0.0,0.0,0.63,0.0,0.0,0.0,0.0,0.0,0.0,0.0,0.0,0.0,0.0,0.0,0.0,0.0,0.0,0.0,0.0,0.0,0.07,0.26,0.0,0.0,0.0,0.0,0.0,0.0,0.04,0.0,0.0,0.0,0.0,0.0,0.0,0.0,0.0,0.0,0.0,0.0,0.0,0.0
B26Cr6Fe62Nb6,10.1016/j.msea.2008.03.019,871.0,907.0,,,3.1,,0.0,0.0,0.0,0.0,0.0,0.62,0.0,0.0,0.0,0.0,0.0,0.0,0.0,0.0,0.0,0.0,0.0,0.0,0.0,0.0,0.0,0.0,0.0,0.06,0.26,0.0,0.0,0.0,0.0,0.0,0.0,0.06,0.0,0.0,0.0,0.0,0.0,0.0,0.0,0.0,0.0,0.0,0.0,0.0,0.0
B26Cr8Fe61Nb5,10.1016/j.msea.2008.03.019,870.0,920.0,,,2.9,,0.0,0.0,0.0,0.0,0.0,0.61,0.0,0.0,0.0,0.0,0.0,0.0,0.0,0.0,0.0,0.0,0.0,0.0,0.0,0.0,0.0,0.0,0.0,0.05,0.26,0.0,0.0,0.0,0.0,0.0,0.0,0.08,0.0,0.0,0.0,0.0,0.0,0.0,0.0,0.0,0.0,0.0,0.0,0.0,0.0
B3Cr8.5Nb3Ni69P16.5,10.1038/ncomms10313,668.0,,1134.0,,10.0,,0.0,0.0,0.0,0.0,0.0,0.0,0.165,0.0,0.0,0.0,0.0,0.69,0.0,0.0,0.0,0.0,0.0,0.0,0.0,0.0,0.0,0.0,0.0,0.03,0.03,0.0,0.0,0.0,0.0,0.0,0.0,0.085,0.0,0.0,0.0,0.0,0.0,0.0,0.0,0.0,0.0,0.0,0.0,0.0,0.0
B31.5Co43Fe20Ta5.5,10.1016/j.actamat.2003.12.008,910.0,982.0,1526.0,,2.0,,0.0,0.0,0.43,0.0,0.0,0.2,0.0,0.0,0.0,0.0,0.0,0.0,0.0,0.0,0.0,0.0,0.0,0.0,0.0,0.0,0.0,0.0,0.0,0.0,0.315,0.0,0.0,0.0,0.0,0.0,0.0,0.0,0.0,0.0,0.0,0.055,0.0,0.0,0.0,0.0,0.0,0.0,0.0,0.0,0.0
B4C4Co10Fe66Mo4P9Si3,10.1063/1.2820608,744.0,788.0,1221.0,,6.0,,0.0,0.0,0.1,0.0,0.0,0.66,0.09,0.0,0.03,0.0,0.0,0.0,0.0,0.0,0.0,0.0,0.0,0.0,0.0,0.0,0.0,0.0,0.0,0.0,0.04,0.04,0.0,0.0,0.04,0.0,0.0,0.0,0.0,0.0,0.0,0.0,0.0,0.0,0.0,0.0,0.0,0.0,0.0,0.0,0.0
B4C4Co20Fe56Mo4P9Si3,10.1063/1.2820608,736.0,778.0,1220.0,,5.0,,0.0,0.0,0.2,0.0,0.0,0.56,0.09,0.0,0.03,0.0,0.0,0.0,0.0,0.0,0.0,0.0,0.0,0.0,0.0,0.0,0.0,0.0,0.0,0.0,0.04,0.04,0.0,0.0,0.04,0.0,0.0,0.0,0.0,0.0,0.0,0.0,0.0,0.0,0.0,0.0,0.0,0.0,0.0,0.0,0.0
B4C4Co30Fe46Mo4P9Si3,10.1016/j.jallcom.2017.02.098,734.0,775.0,1233.0,,3.0,,0.0,0.0,0.3,0.0,0.0,0.46,0.09,0.0,0.03,0.0,0.0,0.0,0.0,0.0,0.0,0.0,0.0,0.0,0.0,0.0,0.0,0.0,0.0,0.0,0.04,0.04,0.0,0.0,0.04,0.0,0.0,0.0,0.0,0.0,0.0,0.0,0.0,0.0,0.0,0.0,0.0,0.0,0.0,0.0,0.0
B4C4Fe73Ga3Mo4P10Si2,10.1016/j.commatsci.2016.02.037,744.0,801.0,1283.0,,2.0,,0.0,0.0,0.0,0.0,0.0,0.73,0.1,0.0,0.02,0.0,0.0,0.0,0.0,0.0,0.0,0.0,0.0,0.0,0.0,0.0,0.0,0.0,0.0,0.0,0.04,0.04,0.0,0.0,0.04,0.0,0.0,0.0,0.0,0.03,0.0,0.0,0.0,0.0,0.0,0.0,0.0,0.0,0.0,0.0,0.0
B4C4Fe74Ga2Mo4P10Si2,10.1016/j.commatsci.2016.02.037,740.0,790.0,1276.0,,1.5,,0.0,0.0,0.0,0.0,0.0,0.74,0.1,0.0,0.02,0.0,0.0,0.0,0.0,0.0,0.0,0.0,0.0,0.0,0.0,0.0,0.0,0.0,0.0,0.0,0.04,0.04,0.0,0.0,0.04,0.0,0.0,0.0,0.0,0.02,0.0,0.0,0.0,0.0,0.0,0.0,0.0,0.0,0.0,0.0,0.0
B4C4Fe74Mo5P10Si3,10.1063/1.2189910,758.0,799.0,1263.0,,3.0,,0.0,0.0,0.0,0.0,0.0,0.74,0.1,0.0,0.03,0.0,0.0,0.0,0.0,0.0,0.0,0.0,0.0,0.0,0.0,0.0,0.0,0.0,0.0,0.0,0.04,0.05,0.0,0.0,0.04,0.0,0.0,0.0,0.0,0.0,0.0,0.0,0.0,0.0,0.0,0.0,0.0,0.0,0.0,0.0,0.0
B4C4Fe75Ga3Mo2P10Si2,10.1103/PhysRevB.73.104204,738.0,798.0,1230.0,,2.5,,0.0,0.0,0.0,0.0,0.0,0.75,0.1,0.0,0.02,0.0,0.0,0.0,0.0,0.0,0.0,0.0,0.0,0.0,0.0,0.0,0.0,0.0,0.0,0.0,0.04,0.02,0.0,0.0,0.04,0.0,0.0,0.0,0.0,0.03,0.0,0.0,0.0,0.0,0.0,0.0,0.0,0.0,0.0,0.0,0.0
B4C4Fe75Mo4P10Si3,10.1063/1.2189910,752.0,799.0,1227.0,,4.0,,0.0,0.0,0.0,0.0,0.0,0.75,0.1,0.0,0.03,0.0,0.0,0.0,0.0,0.0,0.0,0.0,0.0,0.0,0.0,0.0,0.0,0.0,0.0,0.0,0.04,0.04,0.0,0.0,0.04,0.0,0.0,0.0,0.0,0.0,0.0,0.0,0.0,0.0,0.0,0.0,0.0,0.0,0.0,0.0,0.0
B4C4Fe76Ga2Mo2P10Si2,10.1103/PhysRevB.73.104204,736.0,788.0,1247.0,,2.0,,0.0,0.0,0.0,0.0,0.0,0.76,0.1,0.0,0.02,0.0,0.0,0.0,0.0,0.0,0.0,0.0,0.0,0.0,0.0,0.0,0.0,0.0,0.0,0.0,0.04,0.02,0.0,0.0,0.04,0.0,0.0,0.0,0.0,0.02,0.0,0.0,0.0,0.0,0.0,0.0,0.0,0.0,0.0,0.0,0.0
B4C4Fe76Mo3P10Si3,10.1063/1.2189910,750.0,793.0,1250.0,,3.5,,0.0,0.0,0.0,0.0,0.0,0.76,0.1,0.0,0.03,0.0,0.0,0.0,0.0,0.0,0.0,0.0,0.0,0.0,0.0,0.0,0.0,0.0,0.0,0.0,0.04,0.03,0.0,0.0,0.04,0.0,0.0,0.0,0.0,0.0,0.0,0.0,0.0,0.0,0.0,0.0,0.0,0.0,0.0,0.0,0.0
B4C4Fe76Mo4P9Si3,10.1063/1.2189910,744.0,788.0,1245.0,,4.0,,0.0,0.0,0.0,0.0,0.0,0.76,0.09,0.0,0.03,0.0,0.0,0.0,0.0,0.0,0.0,0.0,0.0,0.0,0.0,0.0,0.0,0.0,0.0,0.0,0.04,0.04,0.0,0.0,0.04,0.0,0.0,0.0,0.0,0.0,0.0,0.0,0.0,0.0,0.0,0.0,0.0,0.0,0.0,0.0,0.0
B4C4Fe77Mo2P10Si3,10.1063/1.2189910,742.0,783.0,1264.0,,2.5,,0.0,0.0,0.0,0.0,0.0,0.77,0.1,0.0,0.03,0.0,0.0,0.0,0.0,0.0,0.0,0.0,0.0,0.0,0.0,0.0,0.0,0.0,0.0,0.0,0.04,0.02,0.0,0.0,0.04,0.0,0.0,0.0,0.0,0.0,0.0,0.0,0.0,0.0,0.0,0.0,0.0,0.0,0.0,0.0,0.0
B4C4Fe78Mo1P10Si3,10.1063/1.2189910,742.0,780.0,1268.0,,1.5,,0.0,0.0,0.0,0.0,0.0,0.78,0.1,0.0,0.03,0.0,0.0,0.0,0.0,0.0,0.0,0.0,0.0,0.0,0.0,0.0,0.0,0.0,0.0,0.0,0.04,0.01,0.0,0.0,0.04,0.0,0.0,0.0,0.0,0.0,0.0,0.0,0.0,0.0,0.0,0.0,0.0,0.0,0.0,0.0,0.0
B4C4Fe79P10Si3,10.1063/1.2189910,740.0,774.0,1263.0,,1.0,,0.0,0.0,0.0,0.0,0.0,0.79,0.1,0.0,0.03,0.0,0.0,0.0,0.0,0.0,0.0,0.0,0.0,0.0,0.0,0.0,0.0,0.0,0.0,0.0,0.04,0.0,0.0,0.0,0.04,0.0,0.0,0.0,0.0,0.0,0.0,0.0,0.0,0.0,0.0,0.0,0.0,0.0,0.0,0.0,0.0
B4C7Cr5Fe75P9,10.1063/1.2189910,733.0,766.0,1300.0,,2.0,,0.0,0.0,0.0,0.0,0.0,0.75,0.09,0.0,0.0,0.0,0.0,0.0,0.0,0.0,0.0,0.0,0.0,0.0,0.0,0.0,0.0,0.0,0.0,0.0,0.04,0.0,0.0,0.0,0.07,0.0,0.0,0.05,0.0,0.0,0.0,0.0,0.0,0.0,0.0,0.0,0.0,0.0,0.0,0.0,0.0
B4Cr8.5Nb3Ni69P15.5,10.1038/ncomms10313,668.0,,1187.0,,7.0,,0.0,0.0,0.0,0.0,0.0,0.0,0.155,0.0,0.0,0.0,0.0,0.69,0.0,0.0,0.0,0.0,0.0,0.0,0.0,0.0,0.0,0.0,0.0,0.03,0.04,0.0,0.0,0.0,0.0,0.0,0.0,0.085,0.0,0.0,0.0,0.0,0.0,0.0,0.0,0.0,0.0,0.0,0.0,0.0,0.0
B5C10Co20Fe40Ni15P10,10.1016/j.commatsci.2016.02.037,675.0,735.0,1255.0,,2.5,,0.0,0.0,0.2,0.0,0.0,0.4,0.1,0.0,0.0,0.0,0.0,0.15,0.0,0.0,0.0,0.0,0.0,0.0,0.0,0.0,0.0,0.0,0.0,0.0,0.05,0.0,0.0,0.0,0.1,0.0,0.0,0.0,0.0,0.0,0.0,0.0,0.0,0.0,0.0,0.0,0.0,0.0,0.0,0.0,0.0
B5C10Co35Fe40P10,10.1016/j.commatsci.2016.02.037,704.0,760.0,1267.0,,2.0,,0.0,0.0,0.35,0.0,0.0,0.4,0.1,0.0,0.0,0.0,0.0,0.0,0.0,0.0,0.0,0.0,0.0,0.0,0.0,0.0,0.0,0.0,0.0,0.0,0.05,0.0,0.0,0.0,0.1,0.0,0.0,0.0,0.0,0.0,0.0,0.0,0.0,0.0,0.0,0.0,0.0,0.0,0.0,0.0,0.0
B5C10Fe40Ni35P10,10.1016/j.commatsci.2016.02.037,643.0,698.0,1220.0,,1.5,,0.0,0.0,0.0,0.0,0.0,0.4,0.1,0.0,0.0,0.0,0.0,0.35,0.0,0.0,0.0,0.0,0.0,0.0,0.0,0.0,0.0,0.0,0.0,0.0,0.05,0.0,0.0,0.0,0.1,0.0,0.0,0.0,0.0,0.0,0.0,0.0,0.0,0.0,0.0,0.0,0.0,0.0,0.0,0.0,0.0
B5C2.5Co25Fe25Ni25P10Si7.5,10.1016/j.commatsci.2016.02.037,725.0,758.0,1264.0,,1.0,,0.0,0.0,0.25,0.0,0.0,0.25,0.1,0.0,0.075,0.0,0.0,0.25,0.0,0.0,0.0,0.0,0.0,0.0,0.0,0.0,0.0,0.0,0.0,0.0,0.05,0.0,0.0,0.0,0.025,0.0,0.0,0.0,0.0,0.0,0.0,0.0,0.0,0.0,0.0,0.0,0.0,0.0,0.0,0.0,0.0
B5C2.5Co25Fe25Ni25P12.5Si5,10.1016/j.commatsci.2016.02.037,707.0,746.0,1227.0,,2.0,,0.0,0.0,0.25,0.0,0.0,0.25,0.125,0.0,0.05,0.0,0.0,0.25,0.0,0.0,0.0,0.0,0.0,0.0,0.0,0.0,0.0,0.0,0.0,0.0,0.05,0.0,0.0,0.0,0.025,0.0,0.0,0.0,0.0,0.0,0.0,0.0,0.0,0.0,0.0,0.0,0.0,0.0,0.0,0.0,0.0
B5C5Co25Fe25Ni25P10Si5,10.1016/j.commatsci.2016.02.037,705.0,745.0,1233.0,,2.0,,0.0,0.0,0.25,0.0,0.0,0.25,0.1,0.0,0.05,0.0,0.0,0.25,0.0,0.0,0.0,0.0,0.0,0.0,0.0,0.0,0.0,0.0,0.0,0.0,0.05,0.0,0.0,0.0,0.05,0.0,0.0,0.0,0.0,0.0,0.0,0.0,0.0,0.0,0.0,0.0,0.0,0.0,0.0,0.0,0.0
B5C7Fe72Ga4P8.7Si3.3,10.1016/j.matdes.2016.05.102,782.0,801.0,1290.0,,2.0,,0.0,0.0,0.0,0.0,0.0,0.72,0.087,0.0,0.033,0.0,0.0,0.0,0.0,0.0,0.0,0.0,0.0,0.0,0.0,0.0,0.0,0.0,0.0,0.0,0.05,0.0,0.0,0.0,0.07,0.0,0.0,0.0,0.0,0.04,0.0,0.0,0.0,0.0,0.0,0.0,0.0,0.0,0.0,0.0,0.0
B5C7Fe74Ga2P8.7Si3.3,10.1016/j.commatsci.2016.02.037,784.0,800.0,1283.0,,3.0,,0.0,0.0,0.0,0.0,0.0,0.74,0.087,0.0,0.033,0.0,0.0,0.0,0.0,0.0,0.0,0.0,0.0,0.0,0.0,0.0,0.0,0.0,0.0,0.0,0.05,0.0,0.0,0.0,0.07,0.0,0.0,0.0,0.0,0.02,0.0,0.0,0.0,0.0,0.0,0.0,0.0,0.0,0.0,0.0,0.0
B5C7Fe75Ga1P8.7Si3.3,10.1016/j.commatsci.2016.02.037,781.0,794.0,1282.0,,3.0,,0.0,0.0,0.0,0.0,0.0,0.75,0.087,0.0,0.033,0.0,0.0,0.0,0.0,0.0,0.0,0.0,0.0,0.0,0.0,0.0,0.0,0.0,0.0,0.0,0.05,0.0,0.0,0.0,0.07,0.0,0.0,0.0,0.0,0.01,0.0,0.0,0.0,0.0,0.0,0.0,0.0,0.0,0.0,0.0,0.0
B5C7Fe76P8.7Si3.3,10.1016/j.commatsci.2016.02.037,779.0,795.0,1292.0,,1.0,,0.0,0.0,0.0,0.0,0.0,0.76,0.087,0.0,0.033,0.0,0.0,0.0,0.0,0.0,0.0,0.0,0.0,0.0,0.0,0.0,0.0,0.0,0.0,0.0,0.05,0.0,0.0,0.0,0.07,0.0,0.0,0.0,0.0,0.0,0.0,0.0,0.0,0.0,0.0,0.0,0.0,0.0,0.0,0.0,0.0
B5C7.5Co25Fe25Ni25P10Si2.5,10.1016/j.commatsci.2016.02.037,676.0,714.0,1276.0,,1.0,,0.0,0.0,0.25,0.0,0.0,0.25,0.1,0.0,0.025,0.0,0.0,0.25,0.0,0.0,0.0,0.0,0.0,0.0,0.0,0.0,0.0,0.0,0.0,0.0,0.05,0.0,0.0,0.0,0.075,0.0,0.0,0.0,0.0,0.0,0.0,0.0,0.0,0.0,0.0,0.0,0.0,0.0,0.0,0.0,0.0
B5Cr8.5Nb3Ni69P14.5,10.1038/ncomms10313,668.0,,1214.0,,5.0,,0.0,0.0,0.0,0.0,0.0,0.0,0.145,0.0,0.0,0.0,0.0,0.69,0.0,0.0,0.0,0.0,0.0,0.0,0.0,0.0,0.0,0.0,0.0,0.03,0.05,0.0,0.0,0.0,0.0,0.0,0.0,0.085,0.0,0.0,0.0,0.0,0.0,0.0,0.0,0.0,0.0,0.0,0.0,0.0,0.0
B5.5C5Cr4Fe65.5Ga4Mo4P12,10.1016/j.commatsci.2016.02.037,745.0,806.0,1322.0,,3.0,,0.0,0.0,0.0,0.0,0.0,0.655,0.12,0.0,0.0,0.0,0.0,0.0,0.0,0.0,0.0,0.0,0.0,0.0,0.0,0.0,0.0,0.0,0.0,0.0,0.055,0.04,0.0,0.0,0.05,0.0,0.0,0.04,0.0,0.04,0.0,0.0,0.0,0.0,0.0,0.0,0.0,0.0,0.0,0.0,0.0
B6C12Cr7Er2Fe56Mn5Mo12,10.1016/j.jallcom.2008.07.087,793.0,832.0,1401.0,,8.0,,0.0,0.0,0.0,0.0,0.0,0.56,0.0,0.0,0.0,0.0,0.0,0.0,0.0,0.0,0.02,0.0,0.0,0.0,0.0,0.0,0.0,0.0,0.0,0.0,0.06,0.12,0.0,0.0,0.12,0.05,0.0,0.07,0.0,0.0,0.0,0.0,0.0,0.0,0.0,0.0,0.0,0.0,0.0,0.0,0.0
B6C15Co3Cr15Fe45Mo14Y2,10.1016/j.jallcom.2017.02.098,834.0,880.0,1446.0,,8.0,,0.0,0.0,0.03,0.0,0.0,0.45,0.0,0.0,0.0,0.0,0.0,0.0,0.0,0.0,0.0,0.02,0.0,0.0,0.0,0.0,0.0,0.0,0.0,0.0,0.06,0.14,0.0,0.0,0.15,0.0,0.0,0.15,0.0,0.0,0.0,0.0,0.0,0.0,0.0,0.0,0.0,0.0,0.0,0.0,0.0
B6C15Co48Cr15Er2Mo14,10.1557/jmr.2006.0109,848.0,933.0,1394.0,,10.0,,0.0,0.0,0.48,0.0,0.0,0.0,0.0,0.0,0.0,0.0,0.0,0.0,0.0,0.0,0.02,0.0,0.0,0.0,0.0,0.0,0.0,0.0,0.0,0.0,0.06,0.14,0.0,0.0,0.15,0.0,0.0,0.15,0.0,0.0,0.0,0.0,0.0,0.0,0.0,0.0,0.0,0.0,0.0,0.0,0.0
B6C15Co5Cr15Fe43Mo14Y2,10.1016/j.jallcom.2017.02.098,835.0,872.0,1442.0,,9.0,,0.0,0.0,0.05,0.0,0.0,0.43,0.0,0.0,0.0,0.0,0.0,0.0,0.0,0.0,0.0,0.02,0.0,0.0,0.0,0.0,0.0,0.0,0.0,0.0,0.06,0.14,0.0,0.0,0.15,0.0,0.0,0.15,0.0,0.0,0.0,0.0,0.0,0.0,0.0,0.0,0.0,0.0,0.0,0.0,0.0
B6C15Co50Cr15Mo14,10.1557/jmr.2006.0109,819.0,895.0,1417.0,,2.0,,0.0,0.0,0.5,0.0,0.0,0.0,0.0,0.0,0.0,0.0,0.0,0.0,0.0,0.0,0.0,0.0,0.0,0.0,0.0,0.0,0.0,0.0,0.0,0.0,0.06,0.14,0.0,0.0,0.15,0.0,0.0,0.15,0.0,0.0,0.0,0.0,0.0,0.0,0.0,0.0,0.0,0.0,0.0,0.0,0.0
B6C15Co7Cr15Fe41Mo14Y2,10.1016/j.jallcom.2017.02.098,838.0,875.0,1436.0,,16.0,,0.0,0.0,0.07,0.0,0.0,0.41,0.0,0.0,0.0,0.0,0.0,0.0,0.0,0.0,0.0,0.02,0.0,0.0,0.0,0.0,0.0,0.0,0.0,0.0,0.06,0.14,0.0,0.0,0.15,0.0,0.0,0.15,0.0,0.0,0.0,0.0,0.0,0.0,0.0,0.0,0.0,0.0,0.0,0.0,0.0
B6C15Co9Cr15Fe39Mo14Y2,10.1016/j.jallcom.2017.02.098,838.0,888.0,1466.0,,10.0,,0.0,0.0,0.09,0.0,0.0,0.39,0.0,0.0,0.0,0.0,0.0,0.0,0.0,0.0,0.0,0.02,0.0,0.0,0.0,0.0,0.0,0.0,0.0,0.0,0.06,0.14,0.0,0.0,0.15,0.0,0.0,0.15,0.0,0.0,0.0,0.0,0.0,0.0,0.0,0.0,0.0,0.0,0.0,0.0,0.0
B6C15Cr15Er2Fe48Mo14,10.1016/j.jallcom.2017.02.098,844.0,880.0,1446.0,,8.0,,0.0,0.0,0.0,0.0,0.0,0.48,0.0,0.0,0.0,0.0,0.0,0.0,0.0,0.0,0.02,0.0,0.0,0.0,0.0,0.0,0.0,0.0,0.0,0.0,0.06,0.14,0.0,0.0,0.15,0.0,0.0,0.15,0.0,0.0,0.0,0.0,0.0,0.0,0.0,0.0,0.0,0.0,0.0,0.0,0.0
B6C15Cr15Fe48Mo14Y2,10.1016/j.commatsci.2016.02.037,839.0,886.0,1464.0,,7.0,,0.0,0.0,0.0,0.0,0.0,0.48,0.0,0.0,0.0,0.0,0.0,0.0,0.0,0.0,0.0,0.02,0.0,0.0,0.0,0.0,0.0,0.0,0.0,0.0,0.06,0.14,0.0,0.0,0.15,0.0,0.0,0.15,0.0,0.0,0.0,0.0,0.0,0.0,0.0,0.0,0.0,0.0,0.0,0.0,0.0
B6C15Cr15Fe48Mo14Y2,10.1038/ncomms10313,822.0,,1452.0,,9.0,,0.0,0.0,0.0,0.0,0.0,0.48,0.0,0.0,0.0,0.0,0.0,0.0,0.0,0.0,0.0,0.02,0.0,0.0,0.0,0.0,0.0,0.0,0.0,0.0,0.06,0.14,0.0,0.0,0.15,0.0,0.0,0.15,0.0,0.0,0.0,0.0,0.0,0.0,0.0,0.0,0.0,0.0,0.0,0.0,0.0
B6C15Cr20Fe41Mo10W6Y2,10.1016/j.commatsci.2016.02.037,881.0,918.0,1518.0,,6.0,,0.0,0.0,0.0,0.0,0.0,0.41,0.0,0.0,0.0,0.0,0.0,0.0,0.0,0.0,0.0,0.02,0.0,0.0,0.0,0.0,0.0,0.0,0.0,0.0,0.06,0.1,0.0,0.0,0.15,0.0,0.0,0.2,0.0,0.0,0.0,0.0,0.0,0.0,0.0,0.06,0.0,0.0,0.0,0.0,0.0
B6C15Cr20Fe43Mo10W4Y2,10.1016/j.commatsci.2016.02.037,858.0,920.0,1503.0,,8.0,,0.0,0.0,0.0,0.0,0.0,0.43,0.0,0.0,0.0,0.0,0.0,0.0,0.0,0.0,0.0,0.02,0.0,0.0,0.0,0.0,0.0,0.0,0.0,0.0,0.06,0.1,0.0,0.0,0.15,0.0,0.0,0.2,0.0,0.0,0.0,0.0,0.0,0.0,0.0,0.04,0.0,0.0,0.0,0.0,0.0
B6C15Cr20Fe45Mo10W2Y2,10.1016/j.commatsci.2016.02.037,856.0,913.0,1500.0,,6.0,,0.0,0.0,0.0,0.0,0.0,0.45,0.0,0.0,0.0,0.0,0.0,0.0,0.0,0.0,0.0,0.02,0.0,0.0,0.0,0.0,0.0,0.0,0.0,0.0,0.06,0.1,0.0,0.0,0.15,0.0,0.0,0.2,0.0,0.0,0.0,0.0,0.0,0.0,0.0,0.02,0.0,0.0,0.0,0.0,0.0
B6C15Cr20Fe47Mo10Y2,10.1016/j.commatsci.2016.02.037,854.0,909.0,1494.0,,5.0,,0.0,0.0,0.0,0.0,0.0,0.47,0.0,0.0,0.0,0.0,0.0,0.0,0.0,0.0,0.0,0.02,0.0,0.0,0.0,0.0,0.0,0.0,0.0,0.0,0.06,0.1,0.0,0.0,0.15,0.0,0.0,0.2,0.0,0.0,0.0,0.0,0.0,0.0,0.0,0.0,0.0,0.0,0.0,0.0,0.0
B6C15Cr5Er2Fe58Mo14,10.1016/j.jallcom.2008.07.087,793.0,829.0,1416.0,,6.0,,0.0,0.0,0.0,0.0,0.0,0.58,0.0,0.0,0.0,0.0,0.0,0.0,0.0,0.0,0.02,0.0,0.0,0.0,0.0,0.0,0.0,0.0,0.0,0.0,0.06,0.14,0.0,0.0,0.15,0.0,0.0,0.05,0.0,0.0,0.0,0.0,0.0,0.0,0.0,0.0,0.0,0.0,0.0,0.0,0.0
B6C15Er2Fe63Mo14,10.1016/j.jallcom.2008.07.087,771.0,830.0,1389.0,,3.0,,0.0,0.0,0.0,0.0,0.0,0.63,0.0,0.0,0.0,0.0,0.0,0.0,0.0,0.0,0.02,0.0,0.0,0.0,0.0,0.0,0.0,0.0,0.0,0.0,0.06,0.14,0.0,0.0,0.15,0.0,0.0,0.0,0.0,0.0,0.0,0.0,0.0,0.0,0.0,0.0,0.0,0.0,0.0,0.0,0.0
B6Cr8.5Nb3Ni69P13.5,10.1038/ncomms10313,671.0,,1243.0,,4.0,,0.0,0.0,0.0,0.0,0.0,0.0,0.135,0.0,0.0,0.0,0.0,0.69,0.0,0.0,0.0,0.0,0.0,0.0,0.0,0.0,0.0,0.0,0.0,0.03,0.06,0.0,0.0,0.0,0.0,0.0,0.0,0.085,0.0,0.0,0.0,0.0,0.0,0.0,0.0,0.0,0.0,0.0,0.0,0.0,0.0
B7.5C2.5Co25Fe25Ni25P10Si5,10.1016/j.commatsci.2016.02.037,720.0,759.0,1263.0,,1.5,,0.0,0.0,0.25,0.0,0.0,0.25,0.1,0.0,0.05,0.0,0.0,0.25,0.0,0.0,0.0,0.0,0.0,0.0,0.0,0.0,0.0,0.0,0.0,0.0,0.075,0.0,0.0,0.0,0.025,0.0,0.0,0.0,0.0,0.0,0.0,0.0,0.0,0.0,0.0,0.0,0.0,0.0,0.0,0.0,0.0
B7.5C5Co25Fe25Ni25P7.5Si5,10.1016/j.commatsci.2016.02.037,719.0,752.0,1257.0,,1.0,,0.0,0.0,0.25,0.0,0.0,0.25,0.075,0.0,0.05,0.0,0.0,0.25,0.0,0.0,0.0,0.0,0.0,0.0,0.0,0.0,0.0,0.0,0.0,0.0,0.075,0.0,0.0,0.0,0.05,0.0,0.0,0.0,0.0,0.0,0.0,0.0,0.0,0.0,0.0,0.0,0.0,0.0,0.0,0.0,0.0
Be0.11Cu59.93Ti9.99Zr29.97,10.1016/S1359-6462(03)00285-9,720.0,762.0,1130.0,,5.0,,0.0,0.0,0.0,0.5992999999999999,0.29969999999999997,0.0,0.0,0.0,0.0,0.0,0.0,0.0,0.0,0.0,0.0,0.0,0.0,0.0,0.0999,0.0,0.0,0.0011,0.0,0.0,0.0,0.0,0.0,0.0,0.0,0.0,0.0,0.0,0.0,0.0,0.0,0.0,0.0,0.0,0.0,0.0,0.0,0.0,0.0,0.0,0.0
Be10Cu54Ti9Zr27,10.2320/matertrans.42.1800,720.0,762.0,1130.0,,5.0,,0.0,0.0,0.0,0.54,0.27,0.0,0.0,0.0,0.0,0.0,0.0,0.0,0.0,0.0,0.0,0.0,0.0,0.0,0.09,0.0,0.0,0.1,0.0,0.0,0.0,0.0,0.0,0.0,0.0,0.0,0.0,0.0,0.0,0.0,0.0,0.0,0.0,0.0,0.0,0.0,0.0,0.0,0.0,0.0,0.0
Be12.5Cu47.5Zr40,10.1016/j.actamat.2008.02.044,698.0,756.0,1156.0,,3.0,,0.0,0.0,0.0,0.475,0.4,0.0,0.0,0.0,0.0,0.0,0.0,0.0,0.0,0.0,0.0,0.0,0.0,0.0,0.0,0.0,0.0,0.125,0.0,0.0,0.0,0.0,0.0,0.0,0.0,0.0,0.0,0.0,0.0,0.0,0.0,0.0,0.0,0.0,0.0,0.0,0.0,0.0,0.0,0.0,0.0
Be18Cu10Ni9Ti49.5Zr13.5,10.1016/j.jallcom.2018.11.299,582.0,656.0,1046.0,,7.0,,0.0,0.0,0.0,0.1,0.135,0.0,0.0,0.0,0.0,0.0,0.0,0.09,0.0,0.0,0.0,0.0,0.0,0.0,0.495,0.0,0.0,0.18,0.0,0.0,0.0,0.0,0.0,0.0,0.0,0.0,0.0,0.0,0.0,0.0,0.0,0.0,0.0,0.0,0.0,0.0,0.0,0.0,0.0,0.0,0.0
Be18Cu14Nb8Ni12Zr48,10.1016/S0022-3093(02)01876-8,656.0,724.0,1072.0,,8.0,,0.0,0.0,0.0,0.14,0.48,0.0,0.0,0.0,0.0,0.0,0.0,0.12,0.0,0.0,0.0,0.0,0.0,0.0,0.0,0.0,0.0,0.18,0.0,0.08,0.0,0.0,0.0,0.0,0.0,0.0,0.0,0.0,0.0,0.0,0.0,0.0,0.0,0.0,0.0,0.0,0.0,0.0,0.0,0.0,0.0
Be18Cu9Ni8Ti40Zr25,10.1016/j.msea.2006.06.053,,,,,8.0,,0.0,0.0,0.0,0.09,0.25,0.0,0.0,0.0,0.0,0.0,0.0,0.08,0.0,0.0,0.0,0.0,0.0,0.0,0.4,0.0,0.0,0.18,0.0,0.0,0.0,0.0,0.0,0.0,0.0,0.0,0.0,0.0,0.0,0.0,0.0,0.0,0.0,0.0,0.0,0.0,0.0,0.0,0.0,0.0,0.0
Be18Cu9Ni8Ti50Zr15,10.1016/j.jallcom.2018.11.299,622.0,662.0,1009.0,,6.0,,0.0,0.0,0.0,0.09,0.15,0.0,0.0,0.0,0.0,0.0,0.0,0.08,0.0,0.0,0.0,0.0,0.0,0.0,0.5,0.0,0.0,0.18,0.0,0.0,0.0,0.0,0.0,0.0,0.0,0.0,0.0,0.0,0.0,0.0,0.0,0.0,0.0,0.0,0.0,0.0,0.0,0.0,0.0,0.0,0.0
Be18Cu9Ni8Ti55Zr10,10.1016/j.msea.2006.06.053,629.0,667.0,1013.0,,6.0,,0.0,0.0,0.0,0.09,0.1,0.0,0.0,0.0,0.0,0.0,0.0,0.08,0.0,0.0,0.0,0.0,0.0,0.0,0.55,0.0,0.0,0.18,0.0,0.0,0.0,0.0,0.0,0.0,0.0,0.0,0.0,0.0,0.0,0.0,0.0,0.0,0.0,0.0,0.0,0.0,0.0,0.0,0.0,0.0,0.0
Be18.4Cu8Ni9.2Ti50.6Zr13.8,10.1016/j.jallcom.2018.11.299,586.0,653.0,1050.0,,8.0,,0.0,0.0,0.0,0.08000000000000002,0.13800000000000004,0.0,0.0,0.0,0.0,0.0,0.0,0.09200000000000001,0.0,0.0,0.0,0.0,0.0,0.0,0.5060000000000001,0.0,0.0,0.18400000000000002,0.0,0.0,0.0,0.0,0.0,0.0,0.0,0.0,0.0,0.0,0.0,0.0,0.0,0.0,0.0,0.0,0.0,0.0,0.0,0.0,0.0,0.0,0.0
Be18.8Cu6Ni9.4Ti51.7Zr14.1,10.1016/j.jallcom.2018.11.299,593.0,649.0,1079.0,,8.0,,0.0,0.0,0.0,0.06,0.141,0.0,0.0,0.0,0.0,0.0,0.0,0.094,0.0,0.0,0.0,0.0,0.0,0.0,0.517,0.0,0.0,0.188,0.0,0.0,0.0,0.0,0.0,0.0,0.0,0.0,0.0,0.0,0.0,0.0,0.0,0.0,0.0,0.0,0.0,0.0,0.0,0.0,0.0,0.0,0.0
Be19.2Cu4Ni9.6Ti52.8Zr14.4,10.1016/j.jallcom.2018.11.299,599.0,646.0,1123.0,,10.0,,0.0,0.0,0.0,0.04,0.14400000000000002,0.0,0.0,0.0,0.0,0.0,0.0,0.096,0.0,0.0,0.0,0.0,0.0,0.0,0.528,0.0,0.0,0.192,0.0,0.0,0.0,0.0,0.0,0.0,0.0,0.0,0.0,0.0,0.0,0.0,0.0,0.0,0.0,0.0,0.0,0.0,0.0,0.0,0.0,0.0,0.0
Be19.6Cu2Ni9.8Ti53.9Zr14.7,10.1016/j.jallcom.2018.11.299,603.0,642.0,1143.0,,7.0,,0.0,0.0,0.0,0.02,0.147,0.0,0.0,0.0,0.0,0.0,0.0,0.098,0.0,0.0,0.0,0.0,0.0,0.0,0.539,0.0,0.0,0.196,0.0,0.0,0.0,0.0,0.0,0.0,0.0,0.0,0.0,0.0,0.0,0.0,0.0,0.0,0.0,0.0,0.0,0.0,0.0,0.0,0.0,0.0,0.0
Be2Cu25Mg63Tb10,10.1016/j.intermet.2008.08.011,,,740.0,,7.0,,0.0,0.0,0.0,0.25,0.0,0.0,0.0,0.0,0.0,0.0,0.63,0.0,0.0,0.0,0.0,0.0,0.1,0.0,0.0,0.0,0.0,0.02,0.0,0.0,0.0,0.0,0.0,0.0,0.0,0.0,0.0,0.0,0.0,0.0,0.0,0.0,0.0,0.0,0.0,0.0,0.0,0.0,0.0,0.0,0.0
Be20Co20Hf20Ti20Zr20,10.1016/j.commatsci.2016.02.037,683.0,722.0,1187.0,,3.0,,0.0,0.0,0.2,0.0,0.2,0.0,0.0,0.0,0.0,0.0,0.0,0.0,0.0,0.0,0.0,0.0,0.0,0.2,0.2,0.0,0.0,0.2,0.0,0.0,0.0,0.0,0.0,0.0,0.0,0.0,0.0,0.0,0.0,0.0,0.0,0.0,0.0,0.0,0.0,0.0,0.0,0.0,0.0,0.0,0.0
Be20Cu10Fe2Mg12Nb12Ni6Y2Zr36,10.1016/S0022-3093(02)01876-8,670.0,712.0,1029.0,,5.0,,0.0,0.0,0.0,0.1,0.36,0.02,0.0,0.0,0.0,0.0,0.12,0.06,0.0,0.0,0.0,0.02,0.0,0.0,0.0,0.0,0.0,0.2,0.0,0.12,0.0,0.0,0.0,0.0,0.0,0.0,0.0,0.0,0.0,0.0,0.0,0.0,0.0,0.0,0.0,0.0,0.0,0.0,0.0,0.0,0.0
Be20Cu10Mg12Nb12Ni8Y2Zr36,10.1016/S0022-3093(02)01876-8,653.0,733.0,1029.0,,5.0,,0.0,0.0,0.0,0.1,0.36,0.0,0.0,0.0,0.0,0.0,0.12,0.08,0.0,0.0,0.0,0.02,0.0,0.0,0.0,0.0,0.0,0.2,0.0,0.12,0.0,0.0,0.0,0.0,0.0,0.0,0.0,0.0,0.0,0.0,0.0,0.0,0.0,0.0,0.0,0.0,0.0,0.0,0.0,0.0,0.0
Be20Cu20Hf20Ti20Zr20,10.1016/j.commatsci.2016.02.037,632.0,715.0,1194.0,,5.0,,0.0,0.0,0.0,0.2,0.2,0.0,0.0,0.0,0.0,0.0,0.0,0.0,0.0,0.0,0.0,0.0,0.0,0.2,0.2,0.0,0.0,0.2,0.0,0.0,0.0,0.0,0.0,0.0,0.0,0.0,0.0,0.0,0.0,0.0,0.0,0.0,0.0,0.0,0.0,0.0,0.0,0.0,0.0,0.0,0.0
Be20Cu8Mg24Ni8Ti10Y4Zr26,10.1016/S0022-3093(02)01876-8,650.0,700.0,951.0,,5.0,,0.0,0.0,0.0,0.08,0.26,0.0,0.0,0.0,0.0,0.0,0.24,0.08,0.0,0.0,0.0,0.04,0.0,0.0,0.1,0.0,0.0,0.2,0.0,0.0,0.0,0.0,0.0,0.0,0.0,0.0,0.0,0.0,0.0,0.0,0.0,0.0,0.0,0.0,0.0,0.0,0.0,0.0,0.0,0.0,0.0
Be20Hf20Ni20Ti20Zr20,10.1016/j.commatsci.2016.02.037,657.0,709.0,1108.0,,8.0,,0.0,0.0,0.0,0.0,0.2,0.0,0.0,0.0,0.0,0.0,0.0,0.2,0.0,0.0,0.0,0.0,0.0,0.2,0.2,0.0,0.0,0.2,0.0,0.0,0.0,0.0,0.0,0.0,0.0,0.0,0.0,0.0,0.0,0.0,0.0,0.0,0.0,0.0,0.0,0.0,0.0,0.0,0.0,0.0,0.0
Be20Ni10Ti55Zr15,10.1016/j.jallcom.2018.11.299,604.0,639.0,1171.0,,5.0,,0.0,0.0,0.0,0.0,0.15,0.0,0.0,0.0,0.0,0.0,0.0,0.1,0.0,0.0,0.0,0.0,0.0,0.0,0.55,0.0,0.0,0.2,0.0,0.0,0.0,0.0,0.0,0.0,0.0,0.0,0.0,0.0,0.0,0.0,0.0,0.0,0.0,0.0,0.0,0.0,0.0,0.0,0.0,0.0,0.0
Be21.5Cu11Mg0.5Ni11Ti15Y1Zr40,10.1016/S0022-3093(02)01876-8,630.0,674.0,975.0,,5.0,,0.0,0.0,0.0,0.11,0.4,0.0,0.0,0.0,0.0,0.0,0.005,0.11,0.0,0.0,0.0,0.01,0.0,0.0,0.15,0.0,0.0,0.215,0.0,0.0,0.0,0.0,0.0,0.0,0.0,0.0,0.0,0.0,0.0,0.0,0.0,0.0,0.0,0.0,0.0,0.0,0.0,0.0,0.0,0.0,0.0
Be22.5C2Cu12.5Ni8Ti14Zr41,10.1016/S0022-3093(02)01876-8,628.0,683.0,997.0,,5.0,,0.0,0.0,0.0,0.125,0.41,0.0,0.0,0.0,0.0,0.0,0.0,0.08,0.0,0.0,0.0,0.0,0.0,0.0,0.14,0.0,0.0,0.225,0.0,0.0,0.0,0.0,0.0,0.0,0.02,0.0,0.0,0.0,0.0,0.0,0.0,0.0,0.0,0.0,0.0,0.0,0.0,0.0,0.0,0.0,0.0
Be22.5C8Cu12.5Ni2Ti14Zr41,10.1016/S0022-3093(02)01876-8,629.0,727.0,992.0,,3.0,,0.0,0.0,0.0,0.125,0.41,0.0,0.0,0.0,0.0,0.0,0.0,0.02,0.0,0.0,0.0,0.0,0.0,0.0,0.14,0.0,0.0,0.225,0.0,0.0,0.0,0.0,0.0,0.0,0.08,0.0,0.0,0.0,0.0,0.0,0.0,0.0,0.0,0.0,0.0,0.0,0.0,0.0,0.0,0.0,0.0
Be22.5Cu12.5Ni10Ti13.8Zr41.2,10.1016/j.jallcom.2008.07.087,,,,,50.0,,0.0,0.0,0.0,0.125,0.41200000000000003,0.0,0.0,0.0,0.0,0.0,0.0,0.1,0.0,0.0,0.0,0.0,0.0,0.0,0.138,0.0,0.0,0.225,0.0,0.0,0.0,0.0,0.0,0.0,0.0,0.0,0.0,0.0,0.0,0.0,0.0,0.0,0.0,0.0,0.0,0.0,0.0,0.0,0.0,0.0,0.0
Be22.5Cu12.5Zr65,10.1016/j.scriptamat.2007.10.040,585.0,684.0,1098.0,,4.0,,0.0,0.0,0.0,0.125,0.65,0.0,0.0,0.0,0.0,0.0,0.0,0.0,0.0,0.0,0.0,0.0,0.0,0.0,0.0,0.0,0.0,0.225,0.0,0.0,0.0,0.0,0.0,0.0,0.0,0.0,0.0,0.0,0.0,0.0,0.0,0.0,0.0,0.0,0.0,0.0,0.0,0.0,0.0,0.0,0.0
Be23Cr6Cu9Ni10Ti24Zr28,10.1016/j.jallcom.2018.11.299,637.0,686.0,1071.0,,6.0,,0.0,0.0,0.0,0.09,0.28,0.0,0.0,0.0,0.0,0.0,0.0,0.1,0.0,0.0,0.0,0.0,0.0,0.0,0.24,0.0,0.0,0.23,0.0,0.0,0.0,0.0,0.0,0.0,0.0,0.0,0.0,0.06,0.0,0.0,0.0,0.0,0.0,0.0,0.0,0.0,0.0,0.0,0.0,0.0,0.0
Be23Cu9Fe6Ni10Ti24Zr28,10.1016/j.jallcom.2018.11.299,643.0,694.0,1107.0,,4.0,,0.0,0.0,0.0,0.09,0.28,0.06,0.0,0.0,0.0,0.0,0.0,0.1,0.0,0.0,0.0,0.0,0.0,0.0,0.24,0.0,0.0,0.23,0.0,0.0,0.0,0.0,0.0,0.0,0.0,0.0,0.0,0.0,0.0,0.0,0.0,0.0,0.0,0.0,0.0,0.0,0.0,0.0,0.0,0.0,0.0
Be23Cu9Ni10Ti24V6Zr28,10.1016/j.jallcom.2018.11.299,635.0,677.0,1064.0,,7.0,,0.0,0.0,0.0,0.09,0.28,0.0,0.0,0.0,0.0,0.0,0.0,0.1,0.0,0.0,0.0,0.0,0.0,0.0,0.24,0.0,0.0,0.23,0.0,0.0,0.0,0.0,0.0,0.0,0.0,0.0,0.0,0.0,0.0,0.0,0.06,0.0,0.0,0.0,0.0,0.0,0.0,0.0,0.0,0.0,0.0
Be24Cu12Fe8Nb8Zr48,10.1016/S0022-3093(02)01876-8,658.0,751.0,1071.0,,8.0,,0.0,0.0,0.0,0.12,0.48,0.08,0.0,0.0,0.0,0.0,0.0,0.0,0.0,0.0,0.0,0.0,0.0,0.0,0.0,0.0,0.0,0.24,0.0,0.08,0.0,0.0,0.0,0.0,0.0,0.0,0.0,0.0,0.0,0.0,0.0,0.0,0.0,0.0,0.0,0.0,0.0,0.0,0.0,0.0,0.0
Be25Cu20Ti11Zr44,10.1016/j.scriptamat.2008.09.001,,,,,2.13,,0.0,0.0,0.0,0.2,0.44,0.0,0.0,0.0,0.0,0.0,0.0,0.0,0.0,0.0,0.0,0.0,0.0,0.0,0.11,0.0,0.0,0.25,0.0,0.0,0.0,0.0,0.0,0.0,0.0,0.0,0.0,0.0,0.0,0.0,0.0,0.0,0.0,0.0,0.0,0.0,0.0,0.0,0.0,0.0,0.0
Be26Cr6Cu10Ti27Zr31,10.1016/j.jallcom.2018.11.299,611.0,678.0,1018.0,,14.0,,0.0,0.0,0.0,0.1,0.31,0.0,0.0,0.0,0.0,0.0,0.0,0.0,0.0,0.0,0.0,0.0,0.0,0.0,0.27,0.0,0.0,0.26,0.0,0.0,0.0,0.0,0.0,0.0,0.0,0.0,0.0,0.06,0.0,0.0,0.0,0.0,0.0,0.0,0.0,0.0,0.0,0.0,0.0,0.0,0.0
Be26Cu10Fe6Ti27Zr31,10.1016/j.jallcom.2018.11.299,617.0,685.0,1037.0,,13.0,,0.0,0.0,0.0,0.1,0.31,0.06,0.0,0.0,0.0,0.0,0.0,0.0,0.0,0.0,0.0,0.0,0.0,0.0,0.27,0.0,0.0,0.26,0.0,0.0,0.0,0.0,0.0,0.0,0.0,0.0,0.0,0.0,0.0,0.0,0.0,0.0,0.0,0.0,0.0,0.0,0.0,0.0,0.0,0.0,0.0
Be26Cu10Ni6Ti27Zr31,10.1016/j.jallcom.2018.11.299,610.0,682.0,1023.0,,15.0,,0.0,0.0,0.0,0.1,0.31,0.0,0.0,0.0,0.0,0.0,0.0,0.06,0.0,0.0,0.0,0.0,0.0,0.0,0.27,0.0,0.0,0.26,0.0,0.0,0.0,0.0,0.0,0.0,0.0,0.0,0.0,0.0,0.0,0.0,0.0,0.0,0.0,0.0,0.0,0.0,0.0,0.0,0.0,0.0,0.0
Be26Cu10Ti27V6Zr31,10.1016/j.jallcom.2018.11.299,610.0,666.0,1027.0,,15.0,,0.0,0.0,0.0,0.1,0.31,0.0,0.0,0.0,0.0,0.0,0.0,0.0,0.0,0.0,0.0,0.0,0.0,0.0,0.27,0.0,0.0,0.26,0.0,0.0,0.0,0.0,0.0,0.0,0.0,0.0,0.0,0.0,0.0,0.0,0.06,0.0,0.0,0.0,0.0,0.0,0.0,0.0,0.0,0.0,0.0
Be27.5Cu15Ti24Zr33.5,10.1016/j.scriptamat.2008.09.001,606.0,720.0,,,2.16,,0.0,0.0,0.0,0.15,0.335,0.0,0.0,0.0,0.0,0.0,0.0,0.0,0.0,0.0,0.0,0.0,0.0,0.0,0.24,0.0,0.0,0.275,0.0,0.0,0.0,0.0,0.0,0.0,0.0,0.0,0.0,0.0,0.0,0.0,0.0,0.0,0.0,0.0,0.0,0.0,0.0,0.0,0.0,0.0,0.0
Be30Cr5Ti40Zr25,10.1016/j.scriptamat.2007.10.040,599.0,692.0,1101.0,,8.0,,0.0,0.0,0.0,0.0,0.25,0.0,0.0,0.0,0.0,0.0,0.0,0.0,0.0,0.0,0.0,0.0,0.0,0.0,0.4,0.0,0.0,0.3,0.0,0.0,0.0,0.0,0.0,0.0,0.0,0.0,0.0,0.05,0.0,0.0,0.0,0.0,0.0,0.0,0.0,0.0,0.0,0.0,0.0,0.0,0.0
Be30Cr5Ti45Zr20,10.1016/j.scriptamat.2007.10.040,602.0,678.0,1135.0,,7.0,,0.0,0.0,0.0,0.0,0.2,0.0,0.0,0.0,0.0,0.0,0.0,0.0,0.0,0.0,0.0,0.0,0.0,0.0,0.45,0.0,0.0,0.3,0.0,0.0,0.0,0.0,0.0,0.0,0.0,0.0,0.0,0.05,0.0,0.0,0.0,0.0,0.0,0.0,0.0,0.0,0.0,0.0,0.0,0.0,0.0
Be35Ti30Zr35,10.1016/j.actamat.2008.02.001,592.0,712.2,1134.5,,6.0,,0.0,0.0,0.0,0.0,0.35,0.0,0.0,0.0,0.0,0.0,0.0,0.0,0.0,0.0,0.0,0.0,0.0,0.0,0.3,0.0,0.0,0.35,0.0,0.0,0.0,0.0,0.0,0.0,0.0,0.0,0.0,0.0,0.0,0.0,0.0,0.0,0.0,0.0,0.0,0.0,0.0,0.0,0.0,0.0,0.0
Be35Ti35Zr30,10.1016/j.actamat.2008.02.001,581.0,685.8,1118.0,,6.0,,0.0,0.0,0.0,0.0,0.3,0.0,0.0,0.0,0.0,0.0,0.0,0.0,0.0,0.0,0.0,0.0,0.0,0.0,0.35,0.0,0.0,0.35,0.0,0.0,0.0,0.0,0.0,0.0,0.0,0.0,0.0,0.0,0.0,0.0,0.0,0.0,0.0,0.0,0.0,0.0,0.0,0.0,0.0,0.0,0.0
Be35Ti40Zr25,10.1016/j.actamat.2008.02.001,595.3,674.7,1123.6,,6.0,,0.0,0.0,0.0,0.0,0.25,0.0,0.0,0.0,0.0,0.0,0.0,0.0,0.0,0.0,0.0,0.0,0.0,0.0,0.4,0.0,0.0,0.35,0.0,0.0,0.0,0.0,0.0,0.0,0.0,0.0,0.0,0.0,0.0,0.0,0.0,0.0,0.0,0.0,0.0,0.0,0.0,0.0,0.0,0.0,0.0
Be35Ti45Zr20,10.1016/j.actamat.2008.02.001,592.9,653.5,1121.5,,6.0,,0.0,0.0,0.0,0.0,0.2,0.0,0.0,0.0,0.0,0.0,0.0,0.0,0.0,0.0,0.0,0.0,0.0,0.0,0.45,0.0,0.0,0.35,0.0,0.0,0.0,0.0,0.0,0.0,0.0,0.0,0.0,0.0,0.0,0.0,0.0,0.0,0.0,0.0,0.0,0.0,0.0,0.0,0.0,0.0,0.0
Be7Cu25Ni15Sn3Ti45Zr5,10.1016/j.jallcom.2018.11.299,680.0,741.0,1142.0,,5.0,,0.0,0.0,0.0,0.25,0.05,0.0,0.0,0.0,0.0,0.0,0.0,0.15,0.0,0.0,0.0,0.0,0.0,0.0,0.45,0.0,0.0,0.07,0.0,0.0,0.0,0.0,0.0,0.0,0.0,0.0,0.0,0.0,0.0,0.0,0.0,0.0,0.0,0.0,0.03,0.0,0.0,0.0,0.0,0.0,0.0
Be7Cu25Ni15Sn3Ti50,10.1016/j.jallcom.2018.11.299,688.0,733.0,1207.0,,2.0,,0.0,0.0,0.0,0.25,0.0,0.0,0.0,0.0,0.0,0.0,0.0,0.15,0.0,0.0,0.0,0.0,0.0,0.0,0.5,0.0,0.0,0.07,0.0,0.0,0.0,0.0,0.0,0.0,0.0,0.0,0.0,0.0,0.0,0.0,0.0,0.0,0.0,0.0,0.03,0.0,0.0,0.0,0.0,0.0,0.0
Be78.97Cu2.37Ni2.87Ti2.37Zr13.42,10.1038/ncomms10313,595.0,,1050.0,,12.0,,0.0,0.0,0.0,0.0237,0.13419999999999999,0.0,0.0,0.0,0.0,0.0,0.0,0.028699999999999996,0.0,0.0,0.0,0.0,0.0,0.0,0.0237,0.0,0.0,0.7896999999999998,0.0,0.0,0.0,0.0,0.0,0.0,0.0,0.0,0.0,0.0,0.0,0.0,0.0,0.0,0.0,0.0,0.0,0.0,0.0,0.0,0.0,0.0,0.0
C13.99Fe81.41P0.1Si3.8Tm0.7,10.1016/j.jmatprotec.2007.12.048,717.0,767.0,1318.0,,1.0,,0.0,0.0,0.0,0.0,0.0,0.8141,0.0010000000000000002,0.0,0.038000000000000006,0.0,0.0,0.0,0.0,0.0,0.0,0.0,0.0,0.0,0.0,0.0,0.0,0.0,0.0,0.0,0.0,0.0,0.0,0.0,0.13990000000000002,0.0,0.0,0.0,0.0,0.0,0.0,0.0,0.0,0.0,0.0,0.0,0.0,0.0,0.007,0.0,0.0
C13.99Fe81.43P0.08Si3.8Tm0.7,10.1016/j.jmatprotec.2007.12.048,687.0,752.0,1284.0,,1.0,,0.0,0.0,0.0,0.0,0.0,0.8143,0.0008,0.0,0.038,0.0,0.0,0.0,0.0,0.0,0.0,0.0,0.0,0.0,0.0,0.0,0.0,0.0,0.0,0.0,0.0,0.0,0.0,0.0,0.1399,0.0,0.0,0.0,0.0,0.0,0.0,0.0,0.0,0.0,0.0,0.0,0.0,0.0,0.006999999999999999,0.0,0.0
C7Fe80P13,10.1038/ncomms10313,736.0,,1258.0,,0.72,,0.0,0.0,0.0,0.0,0.0,0.8,0.13,0.0,0.0,0.0,0.0,0.0,0.0,0.0,0.0,0.0,0.0,0.0,0.0,0.0,0.0,0.0,0.0,0.0,0.0,0.0,0.0,0.0,0.07,0.0,0.0,0.0,0.0,0.0,0.0,0.0,0.0,0.0,0.0,0.0,0.0,0.0,0.0,0.0,0.0
Ca18.1Cu45.5Mg36.4,10.1016/j.commatsci.2016.02.037,391.0,420.0,851.0,,2.0,,0.0,0.0,0.0,0.455,0.0,0.0,0.0,0.0,0.0,0.0,0.364,0.0,0.0,0.18100000000000002,0.0,0.0,0.0,0.0,0.0,0.0,0.0,0.0,0.0,0.0,0.0,0.0,0.0,0.0,0.0,0.0,0.0,0.0,0.0,0.0,0.0,0.0,0.0,0.0,0.0,0.0,0.0,0.0,0.0,0.0,0.0
Ca18.2Cu54.5Mg27.3,10.1016/j.commatsci.2016.02.037,402.0,419.0,921.0,,0.5,,0.0,0.0,0.0,0.545,0.0,0.0,0.0,0.0,0.0,0.0,0.273,0.0,0.0,0.182,0.0,0.0,0.0,0.0,0.0,0.0,0.0,0.0,0.0,0.0,0.0,0.0,0.0,0.0,0.0,0.0,0.0,0.0,0.0,0.0,0.0,0.0,0.0,0.0,0.0,0.0,0.0,0.0,0.0,0.0,0.0
Ca22.7Cu40.9Mg36.4,10.1016/j.commatsci.2016.02.037,394.0,414.0,821.0,,1.5,,0.0,0.0,0.0,0.409,0.0,0.0,0.0,0.0,0.0,0.0,0.364,0.0,0.0,0.22699999999999998,0.0,0.0,0.0,0.0,0.0,0.0,0.0,0.0,0.0,0.0,0.0,0.0,0.0,0.0,0.0,0.0,0.0,0.0,0.0,0.0,0.0,0.0,0.0,0.0,0.0,0.0,0.0,0.0,0.0,0.0,0.0
Ca22.7Cu45.5Mg31.8,10.1016/j.commatsci.2016.02.037,389.0,410.0,843.0,,1.3,,0.0,0.0,0.0,0.455,0.0,0.0,0.0,0.0,0.0,0.0,0.318,0.0,0.0,0.22699999999999998,0.0,0.0,0.0,0.0,0.0,0.0,0.0,0.0,0.0,0.0,0.0,0.0,0.0,0.0,0.0,0.0,0.0,0.0,0.0,0.0,0.0,0.0,0.0,0.0,0.0,0.0,0.0,0.0,0.0,0.0,0.0
Ca27.2Cu36.4Mg36.4,10.1016/j.commatsci.2016.02.037,382.0,400.0,750.0,,5.0,,0.0,0.0,0.0,0.364,0.0,0.0,0.0,0.0,0.0,0.0,0.364,0.0,0.0,0.272,0.0,0.0,0.0,0.0,0.0,0.0,0.0,0.0,0.0,0.0,0.0,0.0,0.0,0.0,0.0,0.0,0.0,0.0,0.0,0.0,0.0,0.0,0.0,0.0,0.0,0.0,0.0,0.0,0.0,0.0,0.0
Ca27.2Cu45.5Mg27.3,10.1016/j.commatsci.2016.02.037,395.0,410.0,831.0,,1.5,,0.0,0.0,0.0,0.455,0.0,0.0,0.0,0.0,0.0,0.0,0.273,0.0,0.0,0.272,0.0,0.0,0.0,0.0,0.0,0.0,0.0,0.0,0.0,0.0,0.0,0.0,0.0,0.0,0.0,0.0,0.0,0.0,0.0,0.0,0.0,0.0,0.0,0.0,0.0,0.0,0.0,0.0,0.0,0.0,0.0
Ca27.3Cu40.9Mg31.8,10.1016/j.commatsci.2016.02.037,392.0,414.0,785.0,,3.0,,0.0,0.0,0.0,0.409,0.0,0.0,0.0,0.0,0.0,0.0,0.318,0.0,0.0,0.273,0.0,0.0,0.0,0.0,0.0,0.0,0.0,0.0,0.0,0.0,0.0,0.0,0.0,0.0,0.0,0.0,0.0,0.0,0.0,0.0,0.0,0.0,0.0,0.0,0.0,0.0,0.0,0.0,0.0,0.0,0.0
Ca27.3Cu50Mg22.7,10.1016/j.commatsci.2016.02.037,392.0,410.0,864.0,,1.5,,0.0,0.0,0.0,0.5,0.0,0.0,0.0,0.0,0.0,0.0,0.22699999999999998,0.0,0.0,0.273,0.0,0.0,0.0,0.0,0.0,0.0,0.0,0.0,0.0,0.0,0.0,0.0,0.0,0.0,0.0,0.0,0.0,0.0,0.0,0.0,0.0,0.0,0.0,0.0,0.0,0.0,0.0,0.0,0.0,0.0,0.0
Ca27.3Cu54.5Mg18.2,10.1016/j.commatsci.2016.02.037,401.0,423.0,884.0,,1.0,,0.0,0.0,0.0,0.545,0.0,0.0,0.0,0.0,0.0,0.0,0.182,0.0,0.0,0.273,0.0,0.0,0.0,0.0,0.0,0.0,0.0,0.0,0.0,0.0,0.0,0.0,0.0,0.0,0.0,0.0,0.0,0.0,0.0,0.0,0.0,0.0,0.0,0.0,0.0,0.0,0.0,0.0,0.0,0.0,0.0
Ca30Cu45Mg25,10.1016/j.commatsci.2016.02.037,387.0,430.0,798.0,,2.5,,0.0,0.0,0.0,0.45,0.0,0.0,0.0,0.0,0.0,0.0,0.25,0.0,0.0,0.3,0.0,0.0,0.0,0.0,0.0,0.0,0.0,0.0,0.0,0.0,0.0,0.0,0.0,0.0,0.0,0.0,0.0,0.0,0.0,0.0,0.0,0.0,0.0,0.0,0.0,0.0,0.0,0.0,0.0,0.0,0.0
Ca31.8Cu36.4Mg31.8,10.1016/j.commatsci.2016.02.037,388.0,400.0,742.0,,8.0,,0.0,0.0,0.0,0.364,0.0,0.0,0.0,0.0,0.0,0.0,0.318,0.0,0.0,0.318,0.0,0.0,0.0,0.0,0.0,0.0,0.0,0.0,0.0,0.0,0.0,0.0,0.0,0.0,0.0,0.0,0.0,0.0,0.0,0.0,0.0,0.0,0.0,0.0,0.0,0.0,0.0,0.0,0.0,0.0,0.0
Ca31.8Cu40.9Mg27.3,10.1016/j.commatsci.2016.02.037,391.0,430.0,745.0,,4.0,,0.0,0.0,0.0,0.409,0.0,0.0,0.0,0.0,0.0,0.0,0.273,0.0,0.0,0.318,0.0,0.0,0.0,0.0,0.0,0.0,0.0,0.0,0.0,0.0,0.0,0.0,0.0,0.0,0.0,0.0,0.0,0.0,0.0,0.0,0.0,0.0,0.0,0.0,0.0,0.0,0.0,0.0,0.0,0.0,0.0
Ca31.8Cu45.5Mg22.7,10.1016/j.commatsci.2016.02.037,388.0,427.0,793.0,,3.0,,0.0,0.0,0.0,0.455,0.0,0.0,0.0,0.0,0.0,0.0,0.22699999999999998,0.0,0.0,0.318,0.0,0.0,0.0,0.0,0.0,0.0,0.0,0.0,0.0,0.0,0.0,0.0,0.0,0.0,0.0,0.0,0.0,0.0,0.0,0.0,0.0,0.0,0.0,0.0,0.0,0.0,0.0,0.0,0.0,0.0,0.0
Ca31.8Cu50Mg18.2,10.1016/j.commatsci.2016.02.037,392.0,421.0,828.0,,2.0,,0.0,0.0,0.0,0.5,0.0,0.0,0.0,0.0,0.0,0.0,0.182,0.0,0.0,0.318,0.0,0.0,0.0,0.0,0.0,0.0,0.0,0.0,0.0,0.0,0.0,0.0,0.0,0.0,0.0,0.0,0.0,0.0,0.0,0.0,0.0,0.0,0.0,0.0,0.0,0.0,0.0,0.0,0.0,0.0,0.0
Ca33.33Cu33.33Mg33.33,10.1016/j.commatsci.2016.02.037,391.0,406.0,731.0,,3.0,,0.0,0.0,0.0,0.3333333333333333,0.0,0.0,0.0,0.0,0.0,0.0,0.3333333333333333,0.0,0.0,0.3333333333333333,0.0,0.0,0.0,0.0,0.0,0.0,0.0,0.0,0.0,0.0,0.0,0.0,0.0,0.0,0.0,0.0,0.0,0.0,0.0,0.0,0.0,0.0,0.0,0.0,0.0,0.0,0.0,0.0,0.0,0.0,0.0
Ca35Cu40Mg25,10.1016/j.commatsci.2016.02.037,386.0,429.0,748.0,,3.5,,0.0,0.0,0.0,0.4,0.0,0.0,0.0,0.0,0.0,0.0,0.25,0.0,0.0,0.35,0.0,0.0,0.0,0.0,0.0,0.0,0.0,0.0,0.0,0.0,0.0,0.0,0.0,0.0,0.0,0.0,0.0,0.0,0.0,0.0,0.0,0.0,0.0,0.0,0.0,0.0,0.0,0.0,0.0,0.0,0.0
Ca36.4Cu36.4Mg27.2,10.1016/j.commatsci.2016.02.037,383.0,412.0,706.0,,8.0,,0.0,0.0,0.0,0.364,0.0,0.0,0.0,0.0,0.0,0.0,0.272,0.0,0.0,0.364,0.0,0.0,0.0,0.0,0.0,0.0,0.0,0.0,0.0,0.0,0.0,0.0,0.0,0.0,0.0,0.0,0.0,0.0,0.0,0.0,0.0,0.0,0.0,0.0,0.0,0.0,0.0,0.0,0.0,0.0,0.0
Ca36.4Cu40.9Mg22.7,10.1016/j.commatsci.2016.02.037,396.0,432.0,719.0,,5.0,,0.0,0.0,0.0,0.409,0.0,0.0,0.0,0.0,0.0,0.0,0.22699999999999998,0.0,0.0,0.364,0.0,0.0,0.0,0.0,0.0,0.0,0.0,0.0,0.0,0.0,0.0,0.0,0.0,0.0,0.0,0.0,0.0,0.0,0.0,0.0,0.0,0.0,0.0,0.0,0.0,0.0,0.0,0.0,0.0,0.0,0.0
Ca36.4Cu45.5Mg18.1,10.1016/j.commatsci.2016.02.037,397.0,426.0,735.0,,3.0,,0.0,0.0,0.0,0.455,0.0,0.0,0.0,0.0,0.0,0.0,0.18100000000000002,0.0,0.0,0.364,0.0,0.0,0.0,0.0,0.0,0.0,0.0,0.0,0.0,0.0,0.0,0.0,0.0,0.0,0.0,0.0,0.0,0.0,0.0,0.0,0.0,0.0,0.0,0.0,0.0,0.0,0.0,0.0,0.0,0.0,0.0
Ca40Cu30Mg30,10.1016/j.jallcom.2006.01.104,395.0,430.0,694.0,0.5,0.5,,0.0,0.0,0.0,0.3,0.0,0.0,0.0,0.0,0.0,0.0,0.3,0.0,0.0,0.4,0.0,0.0,0.0,0.0,0.0,0.0,0.0,0.0,0.0,0.0,0.0,0.0,0.0,0.0,0.0,0.0,0.0,0.0,0.0,0.0,0.0,0.0,0.0,0.0,0.0,0.0,0.0,0.0,0.0,0.0,0.0
Ca40Cu35Mg25,10.1016/j.jallcom.2006.01.104,399.0,436.0,680.0,4.0,4.0,,0.0,0.0,0.0,0.35,0.0,0.0,0.0,0.0,0.0,0.0,0.25,0.0,0.0,0.4,0.0,0.0,0.0,0.0,0.0,0.0,0.0,0.0,0.0,0.0,0.0,0.0,0.0,0.0,0.0,0.0,0.0,0.0,0.0,0.0,0.0,0.0,0.0,0.0,0.0,0.0,0.0,0.0,0.0,0.0,0.0
Ca40.9Cu40.9Mg18.2,10.1016/j.commatsci.2016.02.037,393.0,431.0,717.0,,3.0,,0.0,0.0,0.0,0.409,0.0,0.0,0.0,0.0,0.0,0.0,0.182,0.0,0.0,0.409,0.0,0.0,0.0,0.0,0.0,0.0,0.0,0.0,0.0,0.0,0.0,0.0,0.0,0.0,0.0,0.0,0.0,0.0,0.0,0.0,0.0,0.0,0.0,0.0,0.0,0.0,0.0,0.0,0.0,0.0,0.0
Ca45Cu25Mg30,10.1016/j.jallcom.2006.01.104,401.0,436.0,717.0,1.0,1.0,,0.0,0.0,0.0,0.25,0.0,0.0,0.0,0.0,0.0,0.0,0.3,0.0,0.0,0.45,0.0,0.0,0.0,0.0,0.0,0.0,0.0,0.0,0.0,0.0,0.0,0.0,0.0,0.0,0.0,0.0,0.0,0.0,0.0,0.0,0.0,0.0,0.0,0.0,0.0,0.0,0.0,0.0,0.0,0.0,0.0
Ca45Cu30Mg25,10.1016/j.jallcom.2006.01.104,400.0,438.0,678.0,6.0,6.0,,0.0,0.0,0.0,0.3,0.0,0.0,0.0,0.0,0.0,0.0,0.25,0.0,0.0,0.45,0.0,0.0,0.0,0.0,0.0,0.0,0.0,0.0,0.0,0.0,0.0,0.0,0.0,0.0,0.0,0.0,0.0,0.0,0.0,0.0,0.0,0.0,0.0,0.0,0.0,0.0,0.0,0.0,0.0,0.0,0.0
Ca45Cu36Mg19,10.1016/j.jallcom.2006.01.104,399.0,428.0,714.0,0.5,0.5,,0.0,0.0,0.0,0.36,0.0,0.0,0.0,0.0,0.0,0.0,0.19,0.0,0.0,0.45,0.0,0.0,0.0,0.0,0.0,0.0,0.0,0.0,0.0,0.0,0.0,0.0,0.0,0.0,0.0,0.0,0.0,0.0,0.0,0.0,0.0,0.0,0.0,0.0,0.0,0.0,0.0,0.0,0.0,0.0,0.0
Ca47Cu27Mg19Zn7,10.1016/j.intermet.2006.01.024,393.0,440.0,676.0,,6.0,,0.0,0.0,0.0,0.27,0.0,0.0,0.0,0.0,0.0,0.0,0.19,0.0,0.0,0.47,0.0,0.0,0.0,0.0,0.0,0.0,0.07,0.0,0.0,0.0,0.0,0.0,0.0,0.0,0.0,0.0,0.0,0.0,0.0,0.0,0.0,0.0,0.0,0.0,0.0,0.0,0.0,0.0,0.0,0.0,0.0
Ca47.5Cu30Mg22.5,10.1016/j.jallcom.2006.01.104,399.0,440.0,673.0,6.0,6.0,,0.0,0.0,0.0,0.3,0.0,0.0,0.0,0.0,0.0,0.0,0.225,0.0,0.0,0.475,0.0,0.0,0.0,0.0,0.0,0.0,0.0,0.0,0.0,0.0,0.0,0.0,0.0,0.0,0.0,0.0,0.0,0.0,0.0,0.0,0.0,0.0,0.0,0.0,0.0,0.0,0.0,0.0,0.0,0.0,0.0
Ca50Cu10Mg25Zn15,10.1016/j.intermet.2006.01.024,383.0,430.0,723.0,,8.0,,0.0,0.0,0.0,0.1,0.0,0.0,0.0,0.0,0.0,0.0,0.25,0.0,0.0,0.5,0.0,0.0,0.0,0.0,0.0,0.0,0.15,0.0,0.0,0.0,0.0,0.0,0.0,0.0,0.0,0.0,0.0,0.0,0.0,0.0,0.0,0.0,0.0,0.0,0.0,0.0,0.0,0.0,0.0,0.0,0.0
Ca50Cu20Mg30,10.1016/j.jallcom.2006.01.104,402.0,439.0,731.0,2.0,2.0,,0.0,0.0,0.0,0.2,0.0,0.0,0.0,0.0,0.0,0.0,0.3,0.0,0.0,0.5,0.0,0.0,0.0,0.0,0.0,0.0,0.0,0.0,0.0,0.0,0.0,0.0,0.0,0.0,0.0,0.0,0.0,0.0,0.0,0.0,0.0,0.0,0.0,0.0,0.0,0.0,0.0,0.0,0.0,0.0,0.0
Ca50Cu25Mg10Zn15,10.1016/j.jallcom.2008.07.087,,,,,2.0,,0.0,0.0,0.0,0.25,0.0,0.0,0.0,0.0,0.0,0.0,0.1,0.0,0.0,0.5,0.0,0.0,0.0,0.0,0.0,0.0,0.15,0.0,0.0,0.0,0.0,0.0,0.0,0.0,0.0,0.0,0.0,0.0,0.0,0.0,0.0,0.0,0.0,0.0,0.0,0.0,0.0,0.0,0.0,0.0,0.0
Ca50Cu25Mg15Zn10,10.1016/j.jallcom.2008.07.087,,,,,10.0,,0.0,0.0,0.0,0.25,0.0,0.0,0.0,0.0,0.0,0.0,0.15,0.0,0.0,0.5,0.0,0.0,0.0,0.0,0.0,0.0,0.1,0.0,0.0,0.0,0.0,0.0,0.0,0.0,0.0,0.0,0.0,0.0,0.0,0.0,0.0,0.0,0.0,0.0,0.0,0.0,0.0,0.0,0.0,0.0,0.0
Ca50Cu25Mg20Zn5,10.1016/j.jallcom.2008.07.087,,,,,10.0,,0.0,0.0,0.0,0.25,0.0,0.0,0.0,0.0,0.0,0.0,0.2,0.0,0.0,0.5,0.0,0.0,0.0,0.0,0.0,0.0,0.05,0.0,0.0,0.0,0.0,0.0,0.0,0.0,0.0,0.0,0.0,0.0,0.0,0.0,0.0,0.0,0.0,0.0,0.0,0.0,0.0,0.0,0.0,0.0,0.0
Ca50Cu25Mg25,10.1016/j.jallcom.2008.07.087,,,,,9.0,,0.0,0.0,0.0,0.25,0.0,0.0,0.0,0.0,0.0,0.0,0.25,0.0,0.0,0.5,0.0,0.0,0.0,0.0,0.0,0.0,0.0,0.0,0.0,0.0,0.0,0.0,0.0,0.0,0.0,0.0,0.0,0.0,0.0,0.0,0.0,0.0,0.0,0.0,0.0,0.0,0.0,0.0,0.0,0.0,0.0
Ca50Cu27.5Mg22.5,10.1016/j.jallcom.2008.07.087,,,,,10.0,,0.0,0.0,0.0,0.275,0.0,0.0,0.0,0.0,0.0,0.0,0.225,0.0,0.0,0.5,0.0,0.0,0.0,0.0,0.0,0.0,0.0,0.0,0.0,0.0,0.0,0.0,0.0,0.0,0.0,0.0,0.0,0.0,0.0,0.0,0.0,0.0,0.0,0.0,0.0,0.0,0.0,0.0,0.0,0.0,0.0
Ca50Cu30Mg20,10.1007/s11661-007-9255-x,401.0,442.0,690.0,,8.0,,0.0,0.0,0.0,0.3,0.0,0.0,0.0,0.0,0.0,0.0,0.2,0.0,0.0,0.5,0.0,0.0,0.0,0.0,0.0,0.0,0.0,0.0,0.0,0.0,0.0,0.0,0.0,0.0,0.0,0.0,0.0,0.0,0.0,0.0,0.0,0.0,0.0,0.0,0.0,0.0,0.0,0.0,0.0,0.0,0.0
Ca53Cu24Mg23,10.1016/j.jallcom.2008.07.087,,,,,7.0,,0.0,0.0,0.0,0.24,0.0,0.0,0.0,0.0,0.0,0.0,0.23,0.0,0.0,0.53,0.0,0.0,0.0,0.0,0.0,0.0,0.0,0.0,0.0,0.0,0.0,0.0,0.0,0.0,0.0,0.0,0.0,0.0,0.0,0.0,0.0,0.0,0.0,0.0,0.0,0.0,0.0,0.0,0.0,0.0,0.0
Ca55Cu20Mg25,10.1016/j.jallcom.2008.07.087,,,,,8.0,,0.0,0.0,0.0,0.2,0.0,0.0,0.0,0.0,0.0,0.0,0.25,0.0,0.0,0.55,0.0,0.0,0.0,0.0,0.0,0.0,0.0,0.0,0.0,0.0,0.0,0.0,0.0,0.0,0.0,0.0,0.0,0.0,0.0,0.0,0.0,0.0,0.0,0.0,0.0,0.0,0.0,0.0,0.0,0.0,0.0
Ca55Cu23Mg11Zn11,10.1016/j.jallcom.2008.07.087,,,,,1.0,,0.0,0.0,0.0,0.23,0.0,0.0,0.0,0.0,0.0,0.0,0.11,0.0,0.0,0.55,0.0,0.0,0.0,0.0,0.0,0.0,0.11,0.0,0.0,0.0,0.0,0.0,0.0,0.0,0.0,0.0,0.0,0.0,0.0,0.0,0.0,0.0,0.0,0.0,0.0,0.0,0.0,0.0,0.0,0.0,0.0
Ca55Cu25Mg20,10.1016/j.jallcom.2008.07.087,,,,,2.0,,0.0,0.0,0.0,0.25,0.0,0.0,0.0,0.0,0.0,0.0,0.2,0.0,0.0,0.55,0.0,0.0,0.0,0.0,0.0,0.0,0.0,0.0,0.0,0.0,0.0,0.0,0.0,0.0,0.0,0.0,0.0,0.0,0.0,0.0,0.0,0.0,0.0,0.0,0.0,0.0,0.0,0.0,0.0,0.0,0.0
Ca55Cu30Mg15,10.1016/j.jallcom.2008.07.087,,,,,3.0,,0.0,0.0,0.0,0.3,0.0,0.0,0.0,0.0,0.0,0.0,0.15,0.0,0.0,0.55,0.0,0.0,0.0,0.0,0.0,0.0,0.0,0.0,0.0,0.0,0.0,0.0,0.0,0.0,0.0,0.0,0.0,0.0,0.0,0.0,0.0,0.0,0.0,0.0,0.0,0.0,0.0,0.0,0.0,0.0,0.0
Ca55Cu35Mg10,10.1016/j.jallcom.2008.07.087,,,,,0.5,,0.0,0.0,0.0,0.35,0.0,0.0,0.0,0.0,0.0,0.0,0.1,0.0,0.0,0.55,0.0,0.0,0.0,0.0,0.0,0.0,0.0,0.0,0.0,0.0,0.0,0.0,0.0,0.0,0.0,0.0,0.0,0.0,0.0,0.0,0.0,0.0,0.0,0.0,0.0,0.0,0.0,0.0,0.0,0.0,0.0
Ca55Mg15Zn30,10.1016/j.jallcom.2008.07.087,387.0,,696.0,,0.5,,0.0,0.0,0.0,0.0,0.0,0.0,0.0,0.0,0.0,0.0,0.15,0.0,0.0,0.55,0.0,0.0,0.0,0.0,0.0,0.0,0.3,0.0,0.0,0.0,0.0,0.0,0.0,0.0,0.0,0.0,0.0,0.0,0.0,0.0,0.0,0.0,0.0,0.0,0.0,0.0,0.0,0.0,0.0,0.0,0.0
Ca55Mg18Zn27,10.1016/j.jallcom.2008.07.087,,,671.0,,0.5,,0.0,0.0,0.0,0.0,0.0,0.0,0.0,0.0,0.0,0.0,0.18,0.0,0.0,0.55,0.0,0.0,0.0,0.0,0.0,0.0,0.27,0.0,0.0,0.0,0.0,0.0,0.0,0.0,0.0,0.0,0.0,0.0,0.0,0.0,0.0,0.0,0.0,0.0,0.0,0.0,0.0,0.0,0.0,0.0,0.0
Ca55Mg20Zn25,10.1016/j.jallcom.2008.07.087,,,,,2.0,,0.0,0.0,0.0,0.0,0.0,0.0,0.0,0.0,0.0,0.0,0.2,0.0,0.0,0.55,0.0,0.0,0.0,0.0,0.0,0.0,0.25,0.0,0.0,0.0,0.0,0.0,0.0,0.0,0.0,0.0,0.0,0.0,0.0,0.0,0.0,0.0,0.0,0.0,0.0,0.0,0.0,0.0,0.0,0.0,0.0
Ca55Mg25Zn20,10.1016/j.jallcom.2008.07.087,,,,,1.0,,0.0,0.0,0.0,0.0,0.0,0.0,0.0,0.0,0.0,0.0,0.25,0.0,0.0,0.55,0.0,0.0,0.0,0.0,0.0,0.0,0.2,0.0,0.0,0.0,0.0,0.0,0.0,0.0,0.0,0.0,0.0,0.0,0.0,0.0,0.0,0.0,0.0,0.0,0.0,0.0,0.0,0.0,0.0,0.0,0.0
Ca58Cu24Mg18,10.1016/j.jallcom.2008.07.087,,,,,6.0,,0.0,0.0,0.0,0.24,0.0,0.0,0.0,0.0,0.0,0.0,0.18,0.0,0.0,0.58,0.0,0.0,0.0,0.0,0.0,0.0,0.0,0.0,0.0,0.0,0.0,0.0,0.0,0.0,0.0,0.0,0.0,0.0,0.0,0.0,0.0,0.0,0.0,0.0,0.0,0.0,0.0,0.0,0.0,0.0,0.0
Ca60Cu15Mg25,10.1016/j.jallcom.2008.07.087,,,,,2.0,,0.0,0.0,0.0,0.15,0.0,0.0,0.0,0.0,0.0,0.0,0.25,0.0,0.0,0.6,0.0,0.0,0.0,0.0,0.0,0.0,0.0,0.0,0.0,0.0,0.0,0.0,0.0,0.0,0.0,0.0,0.0,0.0,0.0,0.0,0.0,0.0,0.0,0.0,0.0,0.0,0.0,0.0,0.0,0.0,0.0
Ca60Cu20Mg20,10.1016/j.jallcom.2008.07.087,,,,,4.0,,0.0,0.0,0.0,0.2,0.0,0.0,0.0,0.0,0.0,0.0,0.2,0.0,0.0,0.6,0.0,0.0,0.0,0.0,0.0,0.0,0.0,0.0,0.0,0.0,0.0,0.0,0.0,0.0,0.0,0.0,0.0,0.0,0.0,0.0,0.0,0.0,0.0,0.0,0.0,0.0,0.0,0.0,0.0,0.0,0.0
Ca60Cu25Mg15,10.1016/j.jallcom.2008.07.087,,,,,1.0,,0.0,0.0,0.0,0.25,0.0,0.0,0.0,0.0,0.0,0.0,0.15,0.0,0.0,0.6,0.0,0.0,0.0,0.0,0.0,0.0,0.0,0.0,0.0,0.0,0.0,0.0,0.0,0.0,0.0,0.0,0.0,0.0,0.0,0.0,0.0,0.0,0.0,0.0,0.0,0.0,0.0,0.0,0.0,0.0,0.0
Ca60Cu27Mg13,10.1016/j.jallcom.2008.07.087,,,,,1.0,,0.0,0.0,0.0,0.27,0.0,0.0,0.0,0.0,0.0,0.0,0.13,0.0,0.0,0.6,0.0,0.0,0.0,0.0,0.0,0.0,0.0,0.0,0.0,0.0,0.0,0.0,0.0,0.0,0.0,0.0,0.0,0.0,0.0,0.0,0.0,0.0,0.0,0.0,0.0,0.0,0.0,0.0,0.0,0.0,0.0
Ca60Mg10Zn30,10.1016/j.jallcom.2008.07.087,,400.0,666.0,,0.5,,0.0,0.0,0.0,0.0,0.0,0.0,0.0,0.0,0.0,0.0,0.1,0.0,0.0,0.6,0.0,0.0,0.0,0.0,0.0,0.0,0.3,0.0,0.0,0.0,0.0,0.0,0.0,0.0,0.0,0.0,0.0,0.0,0.0,0.0,0.0,0.0,0.0,0.0,0.0,0.0,0.0,0.0,0.0,0.0,0.0
Ca60Mg15Zn25,10.1016/j.jallcom.2008.07.087,,,,,6.0,,0.0,0.0,0.0,0.0,0.0,0.0,0.0,0.0,0.0,0.0,0.15,0.0,0.0,0.6,0.0,0.0,0.0,0.0,0.0,0.0,0.25,0.0,0.0,0.0,0.0,0.0,0.0,0.0,0.0,0.0,0.0,0.0,0.0,0.0,0.0,0.0,0.0,0.0,0.0,0.0,0.0,0.0,0.0,0.0,0.0
Ca60Mg15Zn25,10.4028/www.scientific.net/MSF.475-479.3415,382.0,426.0,,,11.0,,0.0,0.0,0.0,0.0,0.0,0.0,0.0,0.0,0.0,0.0,0.15,0.0,0.0,0.6,0.0,0.0,0.0,0.0,0.0,0.0,0.25,0.0,0.0,0.0,0.0,0.0,0.0,0.0,0.0,0.0,0.0,0.0,0.0,0.0,0.0,0.0,0.0,0.0,0.0,0.0,0.0,0.0,0.0,0.0,0.0
Ca60Mg17.5Zn22.5,10.1016/j.jallcom.2008.07.087,383.0,421.0,,,10.0,,0.0,0.0,0.0,0.0,0.0,0.0,0.0,0.0,0.0,0.0,0.175,0.0,0.0,0.6,0.0,0.0,0.0,0.0,0.0,0.0,0.225,0.0,0.0,0.0,0.0,0.0,0.0,0.0,0.0,0.0,0.0,0.0,0.0,0.0,0.0,0.0,0.0,0.0,0.0,0.0,0.0,0.0,0.0,0.0,0.0
Ca60Mg20Zn20,10.1016/j.jallcom.2008.07.087,,,,,4.0,,0.0,0.0,0.0,0.0,0.0,0.0,0.0,0.0,0.0,0.0,0.2,0.0,0.0,0.6,0.0,0.0,0.0,0.0,0.0,0.0,0.2,0.0,0.0,0.0,0.0,0.0,0.0,0.0,0.0,0.0,0.0,0.0,0.0,0.0,0.0,0.0,0.0,0.0,0.0,0.0,0.0,0.0,0.0,0.0,0.0
Ca60Mg25Zn15,10.1016/j.jallcom.2008.07.087,,,,,1.0,,0.0,0.0,0.0,0.0,0.0,0.0,0.0,0.0,0.0,0.0,0.25,0.0,0.0,0.6,0.0,0.0,0.0,0.0,0.0,0.0,0.15,0.0,0.0,0.0,0.0,0.0,0.0,0.0,0.0,0.0,0.0,0.0,0.0,0.0,0.0,0.0,0.0,0.0,0.0,0.0,0.0,0.0,0.0,0.0,0.0
Ca62.5Mg17.5Zn20,10.1016/j.jallcom.2008.07.087,,,,,10.0,,0.0,0.0,0.0,0.0,0.0,0.0,0.0,0.0,0.0,0.0,0.175,0.0,0.0,0.625,0.0,0.0,0.0,0.0,0.0,0.0,0.2,0.0,0.0,0.0,0.0,0.0,0.0,0.0,0.0,0.0,0.0,0.0,0.0,0.0,0.0,0.0,0.0,0.0,0.0,0.0,0.0,0.0,0.0,0.0,0.0
Ca65Cu10Mg25,10.1016/j.jallcom.2006.01.104,405.0,429.0,691.0,0.5,0.5,,0.0,0.0,0.0,0.1,0.0,0.0,0.0,0.0,0.0,0.0,0.25,0.0,0.0,0.65,0.0,0.0,0.0,0.0,0.0,0.0,0.0,0.0,0.0,0.0,0.0,0.0,0.0,0.0,0.0,0.0,0.0,0.0,0.0,0.0,0.0,0.0,0.0,0.0,0.0,0.0,0.0,0.0,0.0,0.0,0.0
Ca65Cu15Mg20,10.1016/j.jallcom.2006.01.104,386.0,405.0,679.0,2.0,2.0,,0.0,0.0,0.0,0.15,0.0,0.0,0.0,0.0,0.0,0.0,0.2,0.0,0.0,0.65,0.0,0.0,0.0,0.0,0.0,0.0,0.0,0.0,0.0,0.0,0.0,0.0,0.0,0.0,0.0,0.0,0.0,0.0,0.0,0.0,0.0,0.0,0.0,0.0,0.0,0.0,0.0,0.0,0.0,0.0,0.0
Ca65Cu20Mg15,10.1016/j.jallcom.2006.01.104,383.0,409.0,682.0,4.0,4.0,,0.0,0.0,0.0,0.2,0.0,0.0,0.0,0.0,0.0,0.0,0.15,0.0,0.0,0.65,0.0,0.0,0.0,0.0,0.0,0.0,0.0,0.0,0.0,0.0,0.0,0.0,0.0,0.0,0.0,0.0,0.0,0.0,0.0,0.0,0.0,0.0,0.0,0.0,0.0,0.0,0.0,0.0,0.0,0.0,0.0
Ca65Cu25Mg10,10.1016/j.jallcom.2006.01.104,388.0,420.0,711.0,2.0,2.0,,0.0,0.0,0.0,0.25,0.0,0.0,0.0,0.0,0.0,0.0,0.1,0.0,0.0,0.65,0.0,0.0,0.0,0.0,0.0,0.0,0.0,0.0,0.0,0.0,0.0,0.0,0.0,0.0,0.0,0.0,0.0,0.0,0.0,0.0,0.0,0.0,0.0,0.0,0.0,0.0,0.0,0.0,0.0,0.0,0.0
Ca65Cu30Mg5,10.1016/j.jallcom.2006.01.104,403.0,424.0,757.0,0.5,0.5,,0.0,0.0,0.0,0.3,0.0,0.0,0.0,0.0,0.0,0.0,0.05,0.0,0.0,0.65,0.0,0.0,0.0,0.0,0.0,0.0,0.0,0.0,0.0,0.0,0.0,0.0,0.0,0.0,0.0,0.0,0.0,0.0,0.0,0.0,0.0,0.0,0.0,0.0,0.0,0.0,0.0,0.0,0.0,0.0,0.0
Ca65Mg10Zn25,10.1016/j.intermet.2006.01.024,377.0,412.0,659.0,,2.0,,0.0,0.0,0.0,0.0,0.0,0.0,0.0,0.0,0.0,0.0,0.1,0.0,0.0,0.65,0.0,0.0,0.0,0.0,0.0,0.0,0.25,0.0,0.0,0.0,0.0,0.0,0.0,0.0,0.0,0.0,0.0,0.0,0.0,0.0,0.0,0.0,0.0,0.0,0.0,0.0,0.0,0.0,0.0,0.0,0.0
Ca65Mg10Zn25,10.4028/www.scientific.net/MSF.475-479.3415,378.0,414.0,,,6.0,,0.0,0.0,0.0,0.0,0.0,0.0,0.0,0.0,0.0,0.0,0.1,0.0,0.0,0.65,0.0,0.0,0.0,0.0,0.0,0.0,0.25,0.0,0.0,0.0,0.0,0.0,0.0,0.0,0.0,0.0,0.0,0.0,0.0,0.0,0.0,0.0,0.0,0.0,0.0,0.0,0.0,0.0,0.0,0.0,0.0
Ca65Mg15Zn20,10.1016/j.intermet.2006.01.024,377.0,410.0,630.0,,6.0,,0.0,0.0,0.0,0.0,0.0,0.0,0.0,0.0,0.0,0.0,0.15,0.0,0.0,0.65,0.0,0.0,0.0,0.0,0.0,0.0,0.2,0.0,0.0,0.0,0.0,0.0,0.0,0.0,0.0,0.0,0.0,0.0,0.0,0.0,0.0,0.0,0.0,0.0,0.0,0.0,0.0,0.0,0.0,0.0,0.0
Ca65Mg15Zn20,10.4028/www.scientific.net/MSF.475-479.3415,,,,,15.0,,0.0,0.0,0.0,0.0,0.0,0.0,0.0,0.0,0.0,0.0,0.15,0.0,0.0,0.65,0.0,0.0,0.0,0.0,0.0,0.0,0.2,0.0,0.0,0.0,0.0,0.0,0.0,0.0,0.0,0.0,0.0,0.0,0.0,0.0,0.0,0.0,0.0,0.0,0.0,0.0,0.0,0.0,0.0,0.0,0.0
Ca65Mg20Zn15,10.1016/j.intermet.2006.01.024,380.0,405.0,668.0,,5.0,,0.0,0.0,0.0,0.0,0.0,0.0,0.0,0.0,0.0,0.0,0.2,0.0,0.0,0.65,0.0,0.0,0.0,0.0,0.0,0.0,0.15,0.0,0.0,0.0,0.0,0.0,0.0,0.0,0.0,0.0,0.0,0.0,0.0,0.0,0.0,0.0,0.0,0.0,0.0,0.0,0.0,0.0,0.0,0.0,0.0
Ca65Mg20Zn15,10.4028/www.scientific.net/MSF.475-479.3415,,,,,9.0,,0.0,0.0,0.0,0.0,0.0,0.0,0.0,0.0,0.0,0.0,0.2,0.0,0.0,0.65,0.0,0.0,0.0,0.0,0.0,0.0,0.15,0.0,0.0,0.0,0.0,0.0,0.0,0.0,0.0,0.0,0.0,0.0,0.0,0.0,0.0,0.0,0.0,0.0,0.0,0.0,0.0,0.0,0.0,0.0,0.0
Ca65Mg25Zn10,10.1016/j.intermet.2006.01.024,387.0,405.0,759.0,,0.5,,0.0,0.0,0.0,0.0,0.0,0.0,0.0,0.0,0.0,0.0,0.25,0.0,0.0,0.65,0.0,0.0,0.0,0.0,0.0,0.0,0.1,0.0,0.0,0.0,0.0,0.0,0.0,0.0,0.0,0.0,0.0,0.0,0.0,0.0,0.0,0.0,0.0,0.0,0.0,0.0,0.0,0.0,0.0,0.0,0.0
Ca70Cu10Mg20,10.1016/j.jallcom.2008.07.087,356.0,385.0,702.0,,0.5,,0.0,0.0,0.0,0.1,0.0,0.0,0.0,0.0,0.0,0.0,0.2,0.0,0.0,0.7,0.0,0.0,0.0,0.0,0.0,0.0,0.0,0.0,0.0,0.0,0.0,0.0,0.0,0.0,0.0,0.0,0.0,0.0,0.0,0.0,0.0,0.0,0.0,0.0,0.0,0.0,0.0,0.0,0.0,0.0,0.0
Ca70Cu20Mg10,10.1016/j.jallcom.2008.07.087,,,,,1.0,,0.0,0.0,0.0,0.2,0.0,0.0,0.0,0.0,0.0,0.0,0.1,0.0,0.0,0.7,0.0,0.0,0.0,0.0,0.0,0.0,0.0,0.0,0.0,0.0,0.0,0.0,0.0,0.0,0.0,0.0,0.0,0.0,0.0,0.0,0.0,0.0,0.0,0.0,0.0,0.0,0.0,0.0,0.0,0.0,0.0
Ca70Mg10Zn20,10.1016/j.jallcom.2008.07.087,,,,,0.5,,0.0,0.0,0.0,0.0,0.0,0.0,0.0,0.0,0.0,0.0,0.1,0.0,0.0,0.7,0.0,0.0,0.0,0.0,0.0,0.0,0.2,0.0,0.0,0.0,0.0,0.0,0.0,0.0,0.0,0.0,0.0,0.0,0.0,0.0,0.0,0.0,0.0,0.0,0.0,0.0,0.0,0.0,0.0,0.0,0.0
Ca70Mg15Zn15,10.1016/j.intermet.2006.01.024,371.0,397.0,688.0,,0.5,,0.0,0.0,0.0,0.0,0.0,0.0,0.0,0.0,0.0,0.0,0.15,0.0,0.0,0.7,0.0,0.0,0.0,0.0,0.0,0.0,0.15,0.0,0.0,0.0,0.0,0.0,0.0,0.0,0.0,0.0,0.0,0.0,0.0,0.0,0.0,0.0,0.0,0.0,0.0,0.0,0.0,0.0,0.0,0.0,0.0
Ca70Mg15Zn15,10.4028/www.scientific.net/MSF.475-479.3415,,389.0,,,5.0,,0.0,0.0,0.0,0.0,0.0,0.0,0.0,0.0,0.0,0.0,0.15,0.0,0.0,0.7,0.0,0.0,0.0,0.0,0.0,0.0,0.15,0.0,0.0,0.0,0.0,0.0,0.0,0.0,0.0,0.0,0.0,0.0,0.0,0.0,0.0,0.0,0.0,0.0,0.0,0.0,0.0,0.0,0.0,0.0,0.0
Co2Nb32.75Ni60.25Zr5,10.1016/j.jallcom.2008.01.075,875.0,912.0,1477.0,,3.0,,0.0,0.0,0.02,0.0,0.05,0.0,0.0,0.0,0.0,0.0,0.0,0.6025,0.0,0.0,0.0,0.0,0.0,0.0,0.0,0.0,0.0,0.0,0.0,0.3275,0.0,0.0,0.0,0.0,0.0,0.0,0.0,0.0,0.0,0.0,0.0,0.0,0.0,0.0,0.0,0.0,0.0,0.0,0.0,0.0,0.0
Co3Nb36Ni56Sn5,10.1557/JMR.2008.0084,872.0,916.0,,,3.0,,0.0,0.0,0.03,0.0,0.0,0.0,0.0,0.0,0.0,0.0,0.0,0.56,0.0,0.0,0.0,0.0,0.0,0.0,0.0,0.0,0.0,0.0,0.0,0.36,0.0,0.0,0.0,0.0,0.0,0.0,0.0,0.0,0.0,0.0,0.0,0.0,0.0,0.0,0.05,0.0,0.0,0.0,0.0,0.0,0.0
Co4Nb32.75Ni58.25Zr5,10.1016/j.jallcom.2008.01.075,873.0,911.0,1492.0,,3.0,,0.0,0.0,0.04,0.0,0.05,0.0,0.0,0.0,0.0,0.0,0.0,0.5825,0.0,0.0,0.0,0.0,0.0,0.0,0.0,0.0,0.0,0.0,0.0,0.3275,0.0,0.0,0.0,0.0,0.0,0.0,0.0,0.0,0.0,0.0,0.0,0.0,0.0,0.0,0.0,0.0,0.0,0.0,0.0,0.0,0.0
Co5Nb33Ni57Zr5,10.1016/j.jallcom.2008.01.075,866.0,911.0,1482.0,,3.5,,0.0,0.0,0.05,0.0,0.05,0.0,0.0,0.0,0.0,0.0,0.0,0.57,0.0,0.0,0.0,0.0,0.0,0.0,0.0,0.0,0.0,0.0,0.0,0.33,0.0,0.0,0.0,0.0,0.0,0.0,0.0,0.0,0.0,0.0,0.0,0.0,0.0,0.0,0.0,0.0,0.0,0.0,0.0,0.0,0.0
Co6Nb34Ni54Sn6,10.1557/JMR.2008.0084,872.0,917.0,,,3.0,,0.0,0.0,0.06,0.0,0.0,0.0,0.0,0.0,0.0,0.0,0.0,0.54,0.0,0.0,0.0,0.0,0.0,0.0,0.0,0.0,0.0,0.0,0.0,0.34,0.0,0.0,0.0,0.0,0.0,0.0,0.0,0.0,0.0,0.0,0.0,0.0,0.0,0.0,0.06,0.0,0.0,0.0,0.0,0.0,0.0
Co7Nb33Ni55Zr5,10.1016/j.jallcom.2008.01.075,876.0,909.0,1482.0,,3.0,,0.0,0.0,0.07,0.0,0.05,0.0,0.0,0.0,0.0,0.0,0.0,0.55,0.0,0.0,0.0,0.0,0.0,0.0,0.0,0.0,0.0,0.0,0.0,0.33,0.0,0.0,0.0,0.0,0.0,0.0,0.0,0.0,0.0,0.0,0.0,0.0,0.0,0.0,0.0,0.0,0.0,0.0,0.0,0.0,0.0
Co7.5Nb34Ni52.5Sn6,10.1557/JMR.2008.0084,872.0,920.0,,,3.0,,0.0,0.0,0.075,0.0,0.0,0.0,0.0,0.0,0.0,0.0,0.0,0.525,0.0,0.0,0.0,0.0,0.0,0.0,0.0,0.0,0.0,0.0,0.0,0.34,0.0,0.0,0.0,0.0,0.0,0.0,0.0,0.0,0.0,0.0,0.0,0.0,0.0,0.0,0.06,0.0,0.0,0.0,0.0,0.0,0.0
Cr8.5Nb3Ni69P19.5,10.1038/ncomms10313,660.0,,1136.0,,1.0,,0.0,0.0,0.0,0.0,0.0,0.0,0.195,0.0,0.0,0.0,0.0,0.69,0.0,0.0,0.0,0.0,0.0,0.0,0.0,0.0,0.0,0.0,0.0,0.03,0.0,0.0,0.0,0.0,0.0,0.0,0.0,0.085,0.0,0.0,0.0,0.0,0.0,0.0,0.0,0.0,0.0,0.0,0.0,0.0,0.0
Cu10Gd10Mg75Ni5,10.1016/j.jnoncrysol.2005.01.061,426.0,470.0,,,3.0,,0.0,0.0,0.0,0.1,0.0,0.0,0.0,0.0,0.0,0.1,0.75,0.05,0.0,0.0,0.0,0.0,0.0,0.0,0.0,0.0,0.0,0.0,0.0,0.0,0.0,0.0,0.0,0.0,0.0,0.0,0.0,0.0,0.0,0.0,0.0,0.0,0.0,0.0,0.0,0.0,0.0,0.0,0.0,0.0,0.0
Cu10Pd73.5Si16.5,10.1016/j.msea.2006.06.053,,,1136.0,,2.0,,0.0,0.0,0.0,0.1,0.0,0.0,0.0,0.735,0.165,0.0,0.0,0.0,0.0,0.0,0.0,0.0,0.0,0.0,0.0,0.0,0.0,0.0,0.0,0.0,0.0,0.0,0.0,0.0,0.0,0.0,0.0,0.0,0.0,0.0,0.0,0.0,0.0,0.0,0.0,0.0,0.0,0.0,0.0,0.0,0.0
Cu10.3Mg80Ni3.4Y6.3,10.1557/jmr.2007.0032,,,,,4.0,,0.0,0.0,0.0,0.10300000000000001,0.0,0.0,0.0,0.0,0.0,0.0,0.8,0.034,0.0,0.0,0.0,0.063,0.0,0.0,0.0,0.0,0.0,0.0,0.0,0.0,0.0,0.0,0.0,0.0,0.0,0.0,0.0,0.0,0.0,0.0,0.0,0.0,0.0,0.0,0.0,0.0,0.0,0.0,0.0,0.0,0.0
Cu12Pd71.5Si16.5,10.1016/j.msea.2006.06.053,,,1154.0,,2.0,,0.0,0.0,0.0,0.12,0.0,0.0,0.0,0.715,0.165,0.0,0.0,0.0,0.0,0.0,0.0,0.0,0.0,0.0,0.0,0.0,0.0,0.0,0.0,0.0,0.0,0.0,0.0,0.0,0.0,0.0,0.0,0.0,0.0,0.0,0.0,0.0,0.0,0.0,0.0,0.0,0.0,0.0,0.0,0.0,0.0
Cu14Ni20Ti17Zr49,10.1016/j.commatsci.2016.02.037,631.0,669.0,1087.0,,3.0,,0.0,0.0,0.0,0.14,0.49,0.0,0.0,0.0,0.0,0.0,0.0,0.2,0.0,0.0,0.0,0.0,0.0,0.0,0.17,0.0,0.0,0.0,0.0,0.0,0.0,0.0,0.0,0.0,0.0,0.0,0.0,0.0,0.0,0.0,0.0,0.0,0.0,0.0,0.0,0.0,0.0,0.0,0.0,0.0,0.0
Cu14.7Ni5.3P22.5Pt57.5,10.1063/1.1738945,508.0,606.0,,,16.0,,0.0,0.0,0.0,0.147,0.0,0.0,0.225,0.0,0.0,0.0,0.0,0.053,0.0,0.0,0.0,0.0,0.0,0.0,0.0,0.0,0.0,0.0,0.0,0.0,0.0,0.0,0.0,0.0,0.0,0.0,0.0,0.0,0.0,0.0,0.0,0.0,0.0,0.0,0.0,0.0,0.0,0.0,0.0,0.575,0.0
Cu15Gd10Mg75,10.1016/j.jnoncrysol.2005.01.061,421.0,452.0,,,2.5,,0.0,0.0,0.0,0.15,0.0,0.0,0.0,0.0,0.0,0.1,0.75,0.0,0.0,0.0,0.0,0.0,0.0,0.0,0.0,0.0,0.0,0.0,0.0,0.0,0.0,0.0,0.0,0.0,0.0,0.0,0.0,0.0,0.0,0.0,0.0,0.0,0.0,0.0,0.0,0.0,0.0,0.0,0.0,0.0,0.0
Cu17Ni20Ti14Zr49,10.1016/j.commatsci.2016.02.037,625.0,674.0,1095.0,,4.0,,0.0,0.0,0.0,0.17,0.49,0.0,0.0,0.0,0.0,0.0,0.0,0.2,0.0,0.0,0.0,0.0,0.0,0.0,0.14,0.0,0.0,0.0,0.0,0.0,0.0,0.0,0.0,0.0,0.0,0.0,0.0,0.0,0.0,0.0,0.0,0.0,0.0,0.0,0.0,0.0,0.0,0.0,0.0,0.0,0.0
Cu18Mg65Ni6Y11,10.1557/jmr.2006.0294,426.0,466.0,787.0,,5.0,,0.0,0.0,0.0,0.18,0.0,0.0,0.0,0.0,0.0,0.0,0.65,0.06,0.0,0.0,0.0,0.11,0.0,0.0,0.0,0.0,0.0,0.0,0.0,0.0,0.0,0.0,0.0,0.0,0.0,0.0,0.0,0.0,0.0,0.0,0.0,0.0,0.0,0.0,0.0,0.0,0.0,0.0,0.0,0.0,0.0
Cu2Nb32.75Ni60.25Zr5,10.1016/j.jallcom.2008.01.075,878.0,905.0,1445.0,,3.0,,0.0,0.0,0.0,0.02,0.05,0.0,0.0,0.0,0.0,0.0,0.0,0.6025,0.0,0.0,0.0,0.0,0.0,0.0,0.0,0.0,0.0,0.0,0.0,0.3275,0.0,0.0,0.0,0.0,0.0,0.0,0.0,0.0,0.0,0.0,0.0,0.0,0.0,0.0,0.0,0.0,0.0,0.0,0.0,0.0,0.0
Cu2Pd81.5Si16.5,10.1016/j.msea.2006.06.053,,,1097.0,,2.0,,0.0,0.0,0.0,0.02,0.0,0.0,0.0,0.815,0.165,0.0,0.0,0.0,0.0,0.0,0.0,0.0,0.0,0.0,0.0,0.0,0.0,0.0,0.0,0.0,0.0,0.0,0.0,0.0,0.0,0.0,0.0,0.0,0.0,0.0,0.0,0.0,0.0,0.0,0.0,0.0,0.0,0.0,0.0,0.0,0.0
Cu2.22Pd90.56Si7.22,10.1016/j.msea.2006.06.053,633.0,670.0,1097.0,,2.0,,0.0,0.0,0.0,0.0222,0.0,0.0,0.0,0.9056000000000001,0.0722,0.0,0.0,0.0,0.0,0.0,0.0,0.0,0.0,0.0,0.0,0.0,0.0,0.0,0.0,0.0,0.0,0.0,0.0,0.0,0.0,0.0,0.0,0.0,0.0,0.0,0.0,0.0,0.0,0.0,0.0,0.0,0.0,0.0,0.0,0.0,0.0
Cu20Gd10Mg65Ni5,10.1016/j.jallcom.2008.07.087,,,,,5.0,,0.0,0.0,0.0,0.2,0.0,0.0,0.0,0.0,0.0,0.1,0.65,0.05,0.0,0.0,0.0,0.0,0.0,0.0,0.0,0.0,0.0,0.0,0.0,0.0,0.0,0.0,0.0,0.0,0.0,0.0,0.0,0.0,0.0,0.0,0.0,0.0,0.0,0.0,0.0,0.0,0.0,0.0,0.0,0.0,0.0
Cu20Mg65Tb10Zn5,10.1016/j.jnoncrysol.2008.09.032,428.0,75.0,726.0,,7.0,Unverified - Tx value reported as 75 K,0.0,0.0,0.0,0.2,0.0,0.0,0.0,0.0,0.0,0.0,0.65,0.0,0.0,0.0,0.0,0.0,0.1,0.0,0.0,0.0,0.05,0.0,0.0,0.0,0.0,0.0,0.0,0.0,0.0,0.0,0.0,0.0,0.0,0.0,0.0,0.0,0.0,0.0,0.0,0.0,0.0,0.0,0.0,0.0,0.0
Cu22.5Mg65Tb10Zn2.5,10.1016/j.jnoncrysol.2008.09.032,426.0,501.0,730.0,,6.0,,0.0,0.0,0.0,0.225,0.0,0.0,0.0,0.0,0.0,0.0,0.65,0.0,0.0,0.0,0.0,0.0,0.1,0.0,0.0,0.0,0.025,0.0,0.0,0.0,0.0,0.0,0.0,0.0,0.0,0.0,0.0,0.0,0.0,0.0,0.0,0.0,0.0,0.0,0.0,0.0,0.0,0.0,0.0,0.0,0.0
Cu22.8Mg63Ni3.2Y11,10.1557/jmr.2006.0294,423.0,478.0,768.0,,5.0,,0.0,0.0,0.0,0.228,0.0,0.0,0.0,0.0,0.0,0.0,0.63,0.032,0.0,0.0,0.0,0.11,0.0,0.0,0.0,0.0,0.0,0.0,0.0,0.0,0.0,0.0,0.0,0.0,0.0,0.0,0.0,0.0,0.0,0.0,0.0,0.0,0.0,0.0,0.0,0.0,0.0,0.0,0.0,0.0,0.0
Cu24.5Gd11Mg64.5,10.1016/j.msea.2006.02.429,413.0,472.0,739.0,,6.0,,0.0,0.0,0.0,0.245,0.0,0.0,0.0,0.0,0.0,0.11,0.645,0.0,0.0,0.0,0.0,0.0,0.0,0.0,0.0,0.0,0.0,0.0,0.0,0.0,0.0,0.0,0.0,0.0,0.0,0.0,0.0,0.0,0.0,0.0,0.0,0.0,0.0,0.0,0.0,0.0,0.0,0.0,0.0,0.0,0.0
Cu25Dy10Mg65,10.1016/j.intermet.2006.10.017,422.0,492.0,750.0,,3.0,,0.0,0.0,0.0,0.25,0.0,0.0,0.0,0.0,0.0,0.0,0.65,0.0,0.0,0.0,0.0,0.0,0.0,0.0,0.0,0.0,0.0,0.0,0.0,0.0,0.0,0.0,0.0,0.0,0.0,0.0,0.0,0.0,0.0,0.0,0.0,0.0,0.0,0.0,0.0,0.0,0.1,0.0,0.0,0.0,0.0
Cu25Er10Mg65,10.1016/j.jallcom.2005.01.043,,,,,3.0,,0.0,0.0,0.0,0.25,0.0,0.0,0.0,0.0,0.0,0.0,0.65,0.0,0.0,0.0,0.1,0.0,0.0,0.0,0.0,0.0,0.0,0.0,0.0,0.0,0.0,0.0,0.0,0.0,0.0,0.0,0.0,0.0,0.0,0.0,0.0,0.0,0.0,0.0,0.0,0.0,0.0,0.0,0.0,0.0,0.0
Cu25Gd10Mg65,10.1016/j.intermet.2006.10.017,423.0,484.0,740.0,,8.0,,0.0,0.0,0.0,0.25,0.0,0.0,0.0,0.0,0.0,0.1,0.65,0.0,0.0,0.0,0.0,0.0,0.0,0.0,0.0,0.0,0.0,0.0,0.0,0.0,0.0,0.0,0.0,0.0,0.0,0.0,0.0,0.0,0.0,0.0,0.0,0.0,0.0,0.0,0.0,0.0,0.0,0.0,0.0,0.0,0.0
Cu25Gd10Mg65,10.1016/j.msea.2006.02.429,413.0,473.0,739.0,,7.0,,0.0,0.0,0.0,0.25,0.0,0.0,0.0,0.0,0.0,0.1,0.65,0.0,0.0,0.0,0.0,0.0,0.0,0.0,0.0,0.0,0.0,0.0,0.0,0.0,0.0,0.0,0.0,0.0,0.0,0.0,0.0,0.0,0.0,0.0,0.0,0.0,0.0,0.0,0.0,0.0,0.0,0.0,0.0,0.0,0.0
Cu25Gd5Mg65Y5,10.1016/j.jallcom.2008.07.087,,,,,5.0,,0.0,0.0,0.0,0.25,0.0,0.0,0.0,0.0,0.0,0.05,0.65,0.0,0.0,0.0,0.0,0.05,0.0,0.0,0.0,0.0,0.0,0.0,0.0,0.0,0.0,0.0,0.0,0.0,0.0,0.0,0.0,0.0,0.0,0.0,0.0,0.0,0.0,0.0,0.0,0.0,0.0,0.0,0.0,0.0,0.0
Cu25Ho10Mg65,10.1016/j.intermet.2006.10.017,417.0,473.0,751.0,,1.0,,0.0,0.0,0.0,0.25,0.0,0.0,0.0,0.0,0.0,0.0,0.65,0.0,0.0,0.0,0.0,0.0,0.0,0.0,0.0,0.0,0.0,0.0,0.0,0.0,0.0,0.0,0.0,0.0,0.0,0.0,0.0,0.0,0.0,0.0,0.0,0.0,0.0,0.0,0.0,0.0,0.0,0.1,0.0,0.0,0.0
Cu25Mg65Nd10,10.1016/j.intermet.2006.10.017,423.0,456.0,744.0,,1.0,,0.0,0.0,0.0,0.25,0.0,0.0,0.0,0.0,0.0,0.0,0.65,0.0,0.0,0.0,0.0,0.0,0.0,0.0,0.0,0.0,0.0,0.0,0.0,0.0,0.0,0.0,0.0,0.0,0.0,0.0,0.0,0.0,0.0,0.0,0.0,0.0,0.1,0.0,0.0,0.0,0.0,0.0,0.0,0.0,0.0
Cu25Mg65Pr10,10.1016/j.intermet.2006.10.017,413.0,446.0,784.0,,1.0,,0.0,0.0,0.0,0.25,0.0,0.0,0.0,0.0,0.0,0.0,0.65,0.0,0.0,0.0,0.0,0.0,0.0,0.0,0.0,0.0,0.0,0.0,0.0,0.0,0.0,0.0,0.0,0.0,0.0,0.0,0.1,0.0,0.0,0.0,0.0,0.0,0.0,0.0,0.0,0.0,0.0,0.0,0.0,0.0,0.0
Cu25Mg65Tb10,10.1016/j.intermet.2008.08.011,426.0,488.0,743.0,,5.0,,0.0,0.0,0.0,0.25,0.0,0.0,0.0,0.0,0.0,0.0,0.65,0.0,0.0,0.0,0.0,0.0,0.1,0.0,0.0,0.0,0.0,0.0,0.0,0.0,0.0,0.0,0.0,0.0,0.0,0.0,0.0,0.0,0.0,0.0,0.0,0.0,0.0,0.0,0.0,0.0,0.0,0.0,0.0,0.0,0.0
Cu25Mg65Tb7Y3,10.1016/j.jnoncrysol.2004.07.057,416.0,488.0,736.0,5.0,5.0,,0.0,0.0,0.0,0.25,0.0,0.0,0.0,0.0,0.0,0.0,0.65,0.0,0.0,0.0,0.0,0.03,0.07,0.0,0.0,0.0,0.0,0.0,0.0,0.0,0.0,0.0,0.0,0.0,0.0,0.0,0.0,0.0,0.0,0.0,0.0,0.0,0.0,0.0,0.0,0.0,0.0,0.0,0.0,0.0,0.0
Cu25Mg65Tb8Y2,10.1016/j.jnoncrysol.2004.07.057,417.0,492.0,734.0,5.0,5.0,,0.0,0.0,0.0,0.25,0.0,0.0,0.0,0.0,0.0,0.0,0.65,0.0,0.0,0.0,0.0,0.02,0.08,0.0,0.0,0.0,0.0,0.0,0.0,0.0,0.0,0.0,0.0,0.0,0.0,0.0,0.0,0.0,0.0,0.0,0.0,0.0,0.0,0.0,0.0,0.0,0.0,0.0,0.0,0.0,0.0
Cu25Mg65Tb9Y1,10.1016/j.jnoncrysol.2004.07.057,416.0,489.0,732.0,5.0,5.0,,0.0,0.0,0.0,0.25,0.0,0.0,0.0,0.0,0.0,0.0,0.65,0.0,0.0,0.0,0.0,0.01,0.09,0.0,0.0,0.0,0.0,0.0,0.0,0.0,0.0,0.0,0.0,0.0,0.0,0.0,0.0,0.0,0.0,0.0,0.0,0.0,0.0,0.0,0.0,0.0,0.0,0.0,0.0,0.0,0.0
Cu25Mg65Y10,10.1016/j.intermet.2006.10.017,413.0,473.0,760.0,,4.0,,0.0,0.0,0.0,0.25,0.0,0.0,0.0,0.0,0.0,0.0,0.65,0.0,0.0,0.0,0.0,0.1,0.0,0.0,0.0,0.0,0.0,0.0,0.0,0.0,0.0,0.0,0.0,0.0,0.0,0.0,0.0,0.0,0.0,0.0,0.0,0.0,0.0,0.0,0.0,0.0,0.0,0.0,0.0,0.0,0.0
Cu25Mg65Y10,10.1016/j.jnoncrysol.2004.07.057,414.0,486.0,752.0,,2.0,,0.0,0.0,0.0,0.25,0.0,0.0,0.0,0.0,0.0,0.0,0.65,0.0,0.0,0.0,0.0,0.1,0.0,0.0,0.0,0.0,0.0,0.0,0.0,0.0,0.0,0.0,0.0,0.0,0.0,0.0,0.0,0.0,0.0,0.0,0.0,0.0,0.0,0.0,0.0,0.0,0.0,0.0,0.0,0.0,0.0
Cu25Mg65Y10,10.1038/ncomms10313,,,735.0,,7.0,,0.0,0.0,0.0,0.25,0.0,0.0,0.0,0.0,0.0,0.0,0.65,0.0,0.0,0.0,0.0,0.1,0.0,0.0,0.0,0.0,0.0,0.0,0.0,0.0,0.0,0.0,0.0,0.0,0.0,0.0,0.0,0.0,0.0,0.0,0.0,0.0,0.0,0.0,0.0,0.0,0.0,0.0,0.0,0.0,0.0
Cu25.43Gd9.01Mg65.56,10.1016/j.msea.2006.02.429,411.0,457.0,741.0,,6.0,,0.0,0.0,0.0,0.25429999999999997,0.0,0.0,0.0,0.0,0.0,0.0901,0.6556000000000001,0.0,0.0,0.0,0.0,0.0,0.0,0.0,0.0,0.0,0.0,0.0,0.0,0.0,0.0,0.0,0.0,0.0,0.0,0.0,0.0,0.0,0.0,0.0,0.0,0.0,0.0,0.0,0.0,0.0,0.0,0.0,0.0,0.0,0.0
Cu26.5Gd11Mg62.5,10.1016/j.msea.2006.02.429,427.0,483.0,748.0,,9.0,,0.0,0.0,0.0,0.265,0.0,0.0,0.0,0.0,0.0,0.11,0.625,0.0,0.0,0.0,0.0,0.0,0.0,0.0,0.0,0.0,0.0,0.0,0.0,0.0,0.0,0.0,0.0,0.0,0.0,0.0,0.0,0.0,0.0,0.0,0.0,0.0,0.0,0.0,0.0,0.0,0.0,0.0,0.0,0.0,0.0
Cu27Gd10Mg63,10.1016/j.msea.2006.02.429,418.0,481.0,755.0,,4.0,,0.0,0.0,0.0,0.27,0.0,0.0,0.0,0.0,0.0,0.1,0.63,0.0,0.0,0.0,0.0,0.0,0.0,0.0,0.0,0.0,0.0,0.0,0.0,0.0,0.0,0.0,0.0,0.0,0.0,0.0,0.0,0.0,0.0,0.0,0.0,0.0,0.0,0.0,0.0,0.0,0.0,0.0,0.0,0.0,0.0
Cu27Mg63Y10,10.1557/jmr.2006.0294,418.0,488.0,756.0,,5.0,,0.0,0.0,0.0,0.27,0.0,0.0,0.0,0.0,0.0,0.0,0.63,0.0,0.0,0.0,0.0,0.1,0.0,0.0,0.0,0.0,0.0,0.0,0.0,0.0,0.0,0.0,0.0,0.0,0.0,0.0,0.0,0.0,0.0,0.0,0.0,0.0,0.0,0.0,0.0,0.0,0.0,0.0,0.0,0.0,0.0
Cu27Ni9.5P21Pt42.5,10.1063/1.1738945,515.0,589.0,,,20.0,,0.0,0.0,0.0,0.27,0.0,0.0,0.21,0.0,0.0,0.0,0.0,0.095,0.0,0.0,0.0,0.0,0.0,0.0,0.0,0.0,0.0,0.0,0.0,0.0,0.0,0.0,0.0,0.0,0.0,0.0,0.0,0.0,0.0,0.0,0.0,0.0,0.0,0.0,0.0,0.0,0.0,0.0,0.0,0.425,0.0
Cu27.5Gd9Mg63.5,10.1016/j.msea.2006.02.429,425.0,469.0,773.0,,4.0,,0.0,0.0,0.0,0.275,0.0,0.0,0.0,0.0,0.0,0.09,0.635,0.0,0.0,0.0,0.0,0.0,0.0,0.0,0.0,0.0,0.0,0.0,0.0,0.0,0.0,0.0,0.0,0.0,0.0,0.0,0.0,0.0,0.0,0.0,0.0,0.0,0.0,0.0,0.0,0.0,0.0,0.0,0.0,0.0,0.0
Cu27.83Ni26.09Sn2.61Ti43.48,10.1016/j.jallcom.2018.11.299,686.0,759.0,1283.0,,1.0,,0.0,0.0,0.0,0.27827217278272176,0.0,0.0,0.0,0.0,0.0,0.0,0.0,0.26087391260873916,0.0,0.0,0.0,0.0,0.0,0.0,0.43475652434756523,0.0,0.0,0.0,0.0,0.0,0.0,0.0,0.0,0.0,0.0,0.0,0.0,0.0,0.0,0.0,0.0,0.0,0.0,0.0,0.026097390260973904,0.0,0.0,0.0,0.0,0.0,0.0
Cu28Gd11Mg61,10.1063/1.2821755,422.0,483.0,737.0,,12.0,,0.0,0.0,0.0,0.28,0.0,0.0,0.0,0.0,0.0,0.11,0.61,0.0,0.0,0.0,0.0,0.0,0.0,0.0,0.0,0.0,0.0,0.0,0.0,0.0,0.0,0.0,0.0,0.0,0.0,0.0,0.0,0.0,0.0,0.0,0.0,0.0,0.0,0.0,0.0,0.0,0.0,0.0,0.0,0.0,0.0
Cu28.5Gd11Mg60.5,10.1016/j.msea.2006.02.429,425.0,485.0,755.0,,8.0,,0.0,0.0,0.0,0.285,0.0,0.0,0.0,0.0,0.0,0.11,0.605,0.0,0.0,0.0,0.0,0.0,0.0,0.0,0.0,0.0,0.0,0.0,0.0,0.0,0.0,0.0,0.0,0.0,0.0,0.0,0.0,0.0,0.0,0.0,0.0,0.0,0.0,0.0,0.0,0.0,0.0,0.0,0.0,0.0,0.0
Cu29Gd10Mg61,10.1016/j.msea.2006.02.429,420.0,480.0,762.0,,4.0,,0.0,0.0,0.0,0.29,0.0,0.0,0.0,0.0,0.0,0.1,0.61,0.0,0.0,0.0,0.0,0.0,0.0,0.0,0.0,0.0,0.0,0.0,0.0,0.0,0.0,0.0,0.0,0.0,0.0,0.0,0.0,0.0,0.0,0.0,0.0,0.0,0.0,0.0,0.0,0.0,0.0,0.0,0.0,0.0,0.0
Cu29Mg60Y11,10.1557/jmr.2006.0294,423.0,496.0,750.0,,8.0,,0.0,0.0,0.0,0.29,0.0,0.0,0.0,0.0,0.0,0.0,0.6,0.0,0.0,0.0,0.0,0.11,0.0,0.0,0.0,0.0,0.0,0.0,0.0,0.0,0.0,0.0,0.0,0.0,0.0,0.0,0.0,0.0,0.0,0.0,0.0,0.0,0.0,0.0,0.0,0.0,0.0,0.0,0.0,0.0,0.0
Cu29Mg61Y10,10.1557/jmr.2006.0294,420.0,485.0,747.0,,6.0,,0.0,0.0,0.0,0.29,0.0,0.0,0.0,0.0,0.0,0.0,0.61,0.0,0.0,0.0,0.0,0.1,0.0,0.0,0.0,0.0,0.0,0.0,0.0,0.0,0.0,0.0,0.0,0.0,0.0,0.0,0.0,0.0,0.0,0.0,0.0,0.0,0.0,0.0,0.0,0.0,0.0,0.0,0.0,0.0,0.0
Cu29.5Gd9Mg61.5,10.1016/j.msea.2006.02.429,433.0,472.0,785.0,,4.0,,0.0,0.0,0.0,0.295,0.0,0.0,0.0,0.0,0.0,0.09,0.615,0.0,0.0,0.0,0.0,0.0,0.0,0.0,0.0,0.0,0.0,0.0,0.0,0.0,0.0,0.0,0.0,0.0,0.0,0.0,0.0,0.0,0.0,0.0,0.0,0.0,0.0,0.0,0.0,0.0,0.0,0.0,0.0,0.0,0.0
Cu30Ni10P20Pd40,10.1016/j.jallcom.2008.07.087,,,,,72.0,,0.0,0.0,0.0,0.3,0.0,0.0,0.2,0.4,0.0,0.0,0.0,0.1,0.0,0.0,0.0,0.0,0.0,0.0,0.0,0.0,0.0,0.0,0.0,0.0,0.0,0.0,0.0,0.0,0.0,0.0,0.0,0.0,0.0,0.0,0.0,0.0,0.0,0.0,0.0,0.0,0.0,0.0,0.0,0.0,0.0
Cu30Ni10P20Pd40,10.1038/ncomms10313,578.0,,862.0,,85.0,,0.0,0.0,0.0,0.3,0.0,0.0,0.2,0.4,0.0,0.0,0.0,0.1,0.0,0.0,0.0,0.0,0.0,0.0,0.0,0.0,0.0,0.0,0.0,0.0,0.0,0.0,0.0,0.0,0.0,0.0,0.0,0.0,0.0,0.0,0.0,0.0,0.0,0.0,0.0,0.0,0.0,0.0,0.0,0.0,0.0
Cu30Ni7.5P20Pd42.5,10.1038/ncomms10313,566.0,,834.0,,150.0,,0.0,0.0,0.0,0.3,0.0,0.0,0.2,0.425,0.0,0.0,0.0,0.075,0.0,0.0,0.0,0.0,0.0,0.0,0.0,0.0,0.0,0.0,0.0,0.0,0.0,0.0,0.0,0.0,0.0,0.0,0.0,0.0,0.0,0.0,0.0,0.0,0.0,0.0,0.0,0.0,0.0,0.0,0.0,0.0,0.0
Cu30Pd20Ti40Zr10,10.1016/j.msea.2006.06.053,687.0,747.0,1279.0,,3.0,,0.0,0.0,0.0,0.3,0.1,0.0,0.0,0.2,0.0,0.0,0.0,0.0,0.0,0.0,0.0,0.0,0.0,0.0,0.4,0.0,0.0,0.0,0.0,0.0,0.0,0.0,0.0,0.0,0.0,0.0,0.0,0.0,0.0,0.0,0.0,0.0,0.0,0.0,0.0,0.0,0.0,0.0,0.0,0.0,0.0
Cu30.5Gd11Mg58.5,10.1016/j.msea.2006.02.429,427.0,490.0,753.0,,8.0,,0.0,0.0,0.0,0.305,0.0,0.0,0.0,0.0,0.0,0.11,0.585,0.0,0.0,0.0,0.0,0.0,0.0,0.0,0.0,0.0,0.0,0.0,0.0,0.0,0.0,0.0,0.0,0.0,0.0,0.0,0.0,0.0,0.0,0.0,0.0,0.0,0.0,0.0,0.0,0.0,0.0,0.0,0.0,0.0,0.0
Cu30.5Mg58Y11.5,10.1557/jmr.2006.0294,424.0,499.0,761.0,,9.0,,0.0,0.0,0.0,0.305,0.0,0.0,0.0,0.0,0.0,0.0,0.58,0.0,0.0,0.0,0.0,0.115,0.0,0.0,0.0,0.0,0.0,0.0,0.0,0.0,0.0,0.0,0.0,0.0,0.0,0.0,0.0,0.0,0.0,0.0,0.0,0.0,0.0,0.0,0.0,0.0,0.0,0.0,0.0,0.0,0.0
Cu30.5Mg58.5Y11,10.1016/j.scriptamat.2006.05.029,422.0,496.0,762.0,,9.0,,0.0,0.0,0.0,0.305,0.0,0.0,0.0,0.0,0.0,0.0,0.585,0.0,0.0,0.0,0.0,0.11,0.0,0.0,0.0,0.0,0.0,0.0,0.0,0.0,0.0,0.0,0.0,0.0,0.0,0.0,0.0,0.0,0.0,0.0,0.0,0.0,0.0,0.0,0.0,0.0,0.0,0.0,0.0,0.0,0.0
Cu31Gd10Mg59,10.1016/j.msea.2006.02.429,424.0,482.0,769.0,,4.0,,0.0,0.0,0.0,0.31,0.0,0.0,0.0,0.0,0.0,0.1,0.59,0.0,0.0,0.0,0.0,0.0,0.0,0.0,0.0,0.0,0.0,0.0,0.0,0.0,0.0,0.0,0.0,0.0,0.0,0.0,0.0,0.0,0.0,0.0,0.0,0.0,0.0,0.0,0.0,0.0,0.0,0.0,0.0,0.0,0.0
Cu31Mg57Nd5.4Y6.6,10.1016/j.scriptamat.2006.05.029,427.0,491.0,778.0,,14.0,,0.0,0.0,0.0,0.31,0.0,0.0,0.0,0.0,0.0,0.0,0.57,0.0,0.0,0.0,0.0,0.066,0.0,0.0,0.0,0.0,0.0,0.0,0.0,0.0,0.0,0.0,0.0,0.0,0.0,0.0,0.0,0.0,0.0,0.0,0.0,0.0,0.054000000000000006,0.0,0.0,0.0,0.0,0.0,0.0,0.0,0.0
Cu31Mg58Y11,10.1557/jmr.2006.0294,423.0,498.0,772.0,,8.0,,0.0,0.0,0.0,0.31,0.0,0.0,0.0,0.0,0.0,0.0,0.58,0.0,0.0,0.0,0.0,0.11,0.0,0.0,0.0,0.0,0.0,0.0,0.0,0.0,0.0,0.0,0.0,0.0,0.0,0.0,0.0,0.0,0.0,0.0,0.0,0.0,0.0,0.0,0.0,0.0,0.0,0.0,0.0,0.0,0.0
Cu31.5Mg57Nd2.3Y9.2,10.1016/j.scriptamat.2006.05.029,428.0,502.0,777.0,,10.0,,0.0,0.0,0.0,0.315,0.0,0.0,0.0,0.0,0.0,0.0,0.57,0.0,0.0,0.0,0.0,0.092,0.0,0.0,0.0,0.0,0.0,0.0,0.0,0.0,0.0,0.0,0.0,0.0,0.0,0.0,0.0,0.0,0.0,0.0,0.0,0.0,0.023,0.0,0.0,0.0,0.0,0.0,0.0,0.0,0.0
Cu31.5Mg57Nd3.5Y8,10.1016/j.scriptamat.2006.05.029,426.0,501.0,778.0,,12.0,,0.0,0.0,0.0,0.315,0.0,0.0,0.0,0.0,0.0,0.0,0.57,0.0,0.0,0.0,0.0,0.08,0.0,0.0,0.0,0.0,0.0,0.0,0.0,0.0,0.0,0.0,0.0,0.0,0.0,0.0,0.0,0.0,0.0,0.0,0.0,0.0,0.035,0.0,0.0,0.0,0.0,0.0,0.0,0.0,0.0
Cu32Pd18Ti40Zr10,10.1016/j.msea.2006.06.053,683.0,740.0,1272.0,,3.0,,0.0,0.0,0.0,0.32,0.1,0.0,0.0,0.18,0.0,0.0,0.0,0.0,0.0,0.0,0.0,0.0,0.0,0.0,0.4,0.0,0.0,0.0,0.0,0.0,0.0,0.0,0.0,0.0,0.0,0.0,0.0,0.0,0.0,0.0,0.0,0.0,0.0,0.0,0.0,0.0,0.0,0.0,0.0,0.0,0.0
Cu34Pd16Ti40Zr10,10.1016/j.msea.2006.06.053,672.0,723.0,1231.0,,4.0,,0.0,0.0,0.0,0.34,0.1,0.0,0.0,0.16,0.0,0.0,0.0,0.0,0.0,0.0,0.0,0.0,0.0,0.0,0.4,0.0,0.0,0.0,0.0,0.0,0.0,0.0,0.0,0.0,0.0,0.0,0.0,0.0,0.0,0.0,0.0,0.0,0.0,0.0,0.0,0.0,0.0,0.0,0.0,0.0,0.0
Cu36Ni9Ti55,10.1007/s11661-008-9647-6,652.0,692.0,1221.0,,1.0,,0.0,0.0,0.0,0.36,0.0,0.0,0.0,0.0,0.0,0.0,0.0,0.09,0.0,0.0,0.0,0.0,0.0,0.0,0.55,0.0,0.0,0.0,0.0,0.0,0.0,0.0,0.0,0.0,0.0,0.0,0.0,0.0,0.0,0.0,0.0,0.0,0.0,0.0,0.0,0.0,0.0,0.0,0.0,0.0,0.0
Cu36Pd14Ti40Zr10,10.1016/j.msea.2006.06.053,669.0,718.0,1191.0,,6.0,,0.0,0.0,0.0,0.36,0.1,0.0,0.0,0.14,0.0,0.0,0.0,0.0,0.0,0.0,0.0,0.0,0.0,0.0,0.4,0.0,0.0,0.0,0.0,0.0,0.0,0.0,0.0,0.0,0.0,0.0,0.0,0.0,0.0,0.0,0.0,0.0,0.0,0.0,0.0,0.0,0.0,0.0,0.0,0.0,0.0
Cu36.24Ni9.06Sn1.96Ti43.15Zr9.59,10.1016/j.commatsci.2016.02.037,649.0,699.0,1167.0,,3.0,,0.0,0.0,0.0,0.3624,0.0959,0.0,0.0,0.0,0.0,0.0,0.0,0.0906,0.0,0.0,0.0,0.0,0.0,0.0,0.4315,0.0,0.0,0.0,0.0,0.0,0.0,0.0,0.0,0.0,0.0,0.0,0.0,0.0,0.0,0.0,0.0,0.0,0.0,0.0,0.0196,0.0,0.0,0.0,0.0,0.0,0.0
Cu37.04Ni7.06Sn2Ti44.1Zr9.8,10.1016/j.commatsci.2016.02.037,650.0,692.0,1167.0,,2.0,,0.0,0.0,0.0,0.3704,0.098,0.0,0.0,0.0,0.0,0.0,0.0,0.0706,0.0,0.0,0.0,0.0,0.0,0.0,0.441,0.0,0.0,0.0,0.0,0.0,0.0,0.0,0.0,0.0,0.0,0.0,0.0,0.0,0.0,0.0,0.0,0.0,0.0,0.0,0.02,0.0,0.0,0.0,0.0,0.0,0.0
Cu37.5Hf5Ni7.5Si1Sn5Ti41.5Zr2.5,10.1016/j.commatsci.2016.02.037,693.0,758.0,1176.0,,6.0,,0.0,0.0,0.0,0.375,0.025,0.0,0.0,0.0,0.01,0.0,0.0,0.075,0.0,0.0,0.0,0.0,0.0,0.05,0.415,0.0,0.0,0.0,0.0,0.0,0.0,0.0,0.0,0.0,0.0,0.0,0.0,0.0,0.0,0.0,0.0,0.0,0.0,0.0,0.05,0.0,0.0,0.0,0.0,0.0,0.0
Cu37.5Ni7.5Ti50Zr5,10.2320/matertrans.46.2218,,,,,1.0,,0.0,0.0,0.0,0.375,0.05,0.0,0.0,0.0,0.0,0.0,0.0,0.075,0.0,0.0,0.0,0.0,0.0,0.0,0.5,0.0,0.0,0.0,0.0,0.0,0.0,0.0,0.0,0.0,0.0,0.0,0.0,0.0,0.0,0.0,0.0,0.0,0.0,0.0,0.0,0.0,0.0,0.0,0.0,0.0,0.0
Cu37.8Ni7.2Ti45Zr10,10.1016/j.jallcom.2018.11.299,641.0,680.0,1167.0,,1.0,,0.0,0.0,0.0,0.37799999999999995,0.1,0.0,0.0,0.0,0.0,0.0,0.0,0.07200000000000001,0.0,0.0,0.0,0.0,0.0,0.0,0.45,0.0,0.0,0.0,0.0,0.0,0.0,0.0,0.0,0.0,0.0,0.0,0.0,0.0,0.0,0.0,0.0,0.0,0.0,0.0,0.0,0.0,0.0,0.0,0.0,0.0,0.0
Cu38Ni10Ti44.2Zr7.8,10.1007/s11661-008-9647-6,664.0,708.0,,,3.0,,0.0,0.0,0.0,0.38,0.078,0.0,0.0,0.0,0.0,0.0,0.0,0.1,0.0,0.0,0.0,0.0,0.0,0.0,0.442,0.0,0.0,0.0,0.0,0.0,0.0,0.0,0.0,0.0,0.0,0.0,0.0,0.0,0.0,0.0,0.0,0.0,0.0,0.0,0.0,0.0,0.0,0.0,0.0,0.0,0.0
Cu38Ni9Ti47.2Zr5.8,10.1007/s11661-008-9647-6,670.0,706.0,1188.0,,2.0,,0.0,0.0,0.0,0.38,0.057999999999999996,0.0,0.0,0.0,0.0,0.0,0.0,0.09,0.0,0.0,0.0,0.0,0.0,0.0,0.47200000000000003,0.0,0.0,0.0,0.0,0.0,0.0,0.0,0.0,0.0,0.0,0.0,0.0,0.0,0.0,0.0,0.0,0.0,0.0,0.0,0.0,0.0,0.0,0.0,0.0,0.0,0.0
Cu38Pd12Ti40Zr10,10.1016/j.msea.2006.06.053,666.0,715.0,1189.0,,6.0,,0.0,0.0,0.0,0.38,0.1,0.0,0.0,0.12,0.0,0.0,0.0,0.0,0.0,0.0,0.0,0.0,0.0,0.0,0.4,0.0,0.0,0.0,0.0,0.0,0.0,0.0,0.0,0.0,0.0,0.0,0.0,0.0,0.0,0.0,0.0,0.0,0.0,0.0,0.0,0.0,0.0,0.0,0.0,0.0,0.0
Cu39Ni8Ti45.05Zr7.95,10.1007/s11661-008-9647-6,665.0,702.0,,,3.0,,0.0,0.0,0.0,0.39,0.0795,0.0,0.0,0.0,0.0,0.0,0.0,0.08,0.0,0.0,0.0,0.0,0.0,0.0,0.45049999999999996,0.0,0.0,0.0,0.0,0.0,0.0,0.0,0.0,0.0,0.0,0.0,0.0,0.0,0.0,0.0,0.0,0.0,0.0,0.0,0.0,0.0,0.0,0.0,0.0,0.0,0.0
Cu39Ni8Ti47.2Zr5.8,10.1007/s11661-008-9647-6,665.0,700.0,,,2.0,,0.0,0.0,0.0,0.39,0.057999999999999996,0.0,0.0,0.0,0.0,0.0,0.0,0.08,0.0,0.0,0.0,0.0,0.0,0.0,0.47200000000000003,0.0,0.0,0.0,0.0,0.0,0.0,0.0,0.0,0.0,0.0,0.0,0.0,0.0,0.0,0.0,0.0,0.0,0.0,0.0,0.0,0.0,0.0,0.0,0.0,0.0,0.0
Cu39Ni9Ti44.2Zr7.8,10.1007/s11661-008-9647-6,670.0,710.0,,,3.0,,0.0,0.0,0.0,0.39,0.078,0.0,0.0,0.0,0.0,0.0,0.0,0.09,0.0,0.0,0.0,0.0,0.0,0.0,0.442,0.0,0.0,0.0,0.0,0.0,0.0,0.0,0.0,0.0,0.0,0.0,0.0,0.0,0.0,0.0,0.0,0.0,0.0,0.0,0.0,0.0,0.0,0.0,0.0,0.0,0.0
Cu4Pd79.5Si16.5,10.1016/j.msea.2006.06.053,,,,,0.75,,0.0,0.0,0.0,0.04,0.0,0.0,0.0,0.795,0.165,0.0,0.0,0.0,0.0,0.0,0.0,0.0,0.0,0.0,0.0,0.0,0.0,0.0,0.0,0.0,0.0,0.0,0.0,0.0,0.0,0.0,0.0,0.0,0.0,0.0,0.0,0.0,0.0,0.0,0.0,0.0,0.0,0.0,0.0,0.0,0.0
Cu40Ni5Ti50Zr5,10.2320/matertrans.46.2218,,,,,2.0,,0.0,0.0,0.0,0.4,0.05,0.0,0.0,0.0,0.0,0.0,0.0,0.05,0.0,0.0,0.0,0.0,0.0,0.0,0.5,0.0,0.0,0.0,0.0,0.0,0.0,0.0,0.0,0.0,0.0,0.0,0.0,0.0,0.0,0.0,0.0,0.0,0.0,0.0,0.0,0.0,0.0,0.0,0.0,0.0,0.0
Cu40Ni8Ti44.2Zr7.8,10.1007/s11661-008-9647-6,669.0,702.0,,,3.0,,0.0,0.0,0.0,0.4,0.078,0.0,0.0,0.0,0.0,0.0,0.0,0.08,0.0,0.0,0.0,0.0,0.0,0.0,0.442,0.0,0.0,0.0,0.0,0.0,0.0,0.0,0.0,0.0,0.0,0.0,0.0,0.0,0.0,0.0,0.0,0.0,0.0,0.0,0.0,0.0,0.0,0.0,0.0,0.0,0.0
Cu40Pd10Ti40Zr10,10.1016/j.msea.2006.06.053,660.0,709.0,1184.0,,4.0,,0.0,0.0,0.0,0.4,0.1,0.0,0.0,0.1,0.0,0.0,0.0,0.0,0.0,0.0,0.0,0.0,0.0,0.0,0.4,0.0,0.0,0.0,0.0,0.0,0.0,0.0,0.0,0.0,0.0,0.0,0.0,0.0,0.0,0.0,0.0,0.0,0.0,0.0,0.0,0.0,0.0,0.0,0.0,0.0,0.0
Cu42.5Hf5Ni7.5Si1Ti41.5Zr2.5,10.1016/j.jallcom.2006.03.006,684.6,719.9,1206.0,,2.0,,0.0,0.0,0.0,0.425,0.025,0.0,0.0,0.0,0.01,0.0,0.0,0.075,0.0,0.0,0.0,0.0,0.0,0.05,0.415,0.0,0.0,0.0,0.0,0.0,0.0,0.0,0.0,0.0,0.0,0.0,0.0,0.0,0.0,0.0,0.0,0.0,0.0,0.0,0.0,0.0,0.0,0.0,0.0,0.0,0.0
Cu42.5Hf5Ni7.5Si1Ti41.5Zr2.5,10.1016/j.msea.2006.06.053,680.0,730.0,1199.0,,5.0,,0.0,0.0,0.0,0.425,0.025,0.0,0.0,0.0,0.01,0.0,0.0,0.075,0.0,0.0,0.0,0.0,0.0,0.05,0.415,0.0,0.0,0.0,0.0,0.0,0.0,0.0,0.0,0.0,0.0,0.0,0.0,0.0,0.0,0.0,0.0,0.0,0.0,0.0,0.0,0.0,0.0,0.0,0.0,0.0,0.0
Cu42.5Hf5Ni7.5Ti42.5Zr2.5,10.1016/j.jallcom.2018.11.299,677.0,726.0,1203.0,,2.5,,0.0,0.0,0.0,0.425,0.025,0.0,0.0,0.0,0.0,0.0,0.0,0.075,0.0,0.0,0.0,0.0,0.0,0.05,0.425,0.0,0.0,0.0,0.0,0.0,0.0,0.0,0.0,0.0,0.0,0.0,0.0,0.0,0.0,0.0,0.0,0.0,0.0,0.0,0.0,0.0,0.0,0.0,0.0,0.0,0.0
Cu42.5Hf5Ni7.5Ti42.5Zr2.5,10.2320/matertrans.45.3223,,,,,2.25,,0.0,0.0,0.0,0.425,0.025,0.0,0.0,0.0,0.0,0.0,0.0,0.075,0.0,0.0,0.0,0.0,0.0,0.05,0.425,0.0,0.0,0.0,0.0,0.0,0.0,0.0,0.0,0.0,0.0,0.0,0.0,0.0,0.0,0.0,0.0,0.0,0.0,0.0,0.0,0.0,0.0,0.0,0.0,0.0,0.0
Cu42.5Ni2.5Ti50Zr5,10.2320/matertrans.46.2218,,,,,1.0,,0.0,0.0,0.0,0.425,0.05,0.0,0.0,0.0,0.0,0.0,0.0,0.025,0.0,0.0,0.0,0.0,0.0,0.0,0.5,0.0,0.0,0.0,0.0,0.0,0.0,0.0,0.0,0.0,0.0,0.0,0.0,0.0,0.0,0.0,0.0,0.0,0.0,0.0,0.0,0.0,0.0,0.0,0.0,0.0,0.0
Cu42.5Ni5Ti42.5Zr10,10.2320/matertrans.46.2218,,,,,2.0,,0.0,0.0,0.0,0.425,0.1,0.0,0.0,0.0,0.0,0.0,0.0,0.05,0.0,0.0,0.0,0.0,0.0,0.0,0.425,0.0,0.0,0.0,0.0,0.0,0.0,0.0,0.0,0.0,0.0,0.0,0.0,0.0,0.0,0.0,0.0,0.0,0.0,0.0,0.0,0.0,0.0,0.0,0.0,0.0,0.0
Cu42.5Ni7.5Ti47.5Zr2.5,10.1016/j.jallcom.2018.11.299,673.0,720.0,1225.0,,1.5,,0.0,0.0,0.0,0.425,0.025,0.0,0.0,0.0,0.0,0.0,0.0,0.075,0.0,0.0,0.0,0.0,0.0,0.0,0.475,0.0,0.0,0.0,0.0,0.0,0.0,0.0,0.0,0.0,0.0,0.0,0.0,0.0,0.0,0.0,0.0,0.0,0.0,0.0,0.0,0.0,0.0,0.0,0.0,0.0,0.0
Cu42.5Ni7.5Ti47.5Zr2.5,10.2320/matertrans.45.3223,,,,,1.25,,0.0,0.0,0.0,0.425,0.025,0.0,0.0,0.0,0.0,0.0,0.0,0.075,0.0,0.0,0.0,0.0,0.0,0.0,0.475,0.0,0.0,0.0,0.0,0.0,0.0,0.0,0.0,0.0,0.0,0.0,0.0,0.0,0.0,0.0,0.0,0.0,0.0,0.0,0.0,0.0,0.0,0.0,0.0,0.0,0.0
Cu42.5Ni7.5Ti50,10.1016/j.jallcom.2018.11.299,670.0,708.0,1226.0,,0.2,,0.0,0.0,0.0,0.425,0.0,0.0,0.0,0.0,0.0,0.0,0.0,0.075,0.0,0.0,0.0,0.0,0.0,0.0,0.5,0.0,0.0,0.0,0.0,0.0,0.0,0.0,0.0,0.0,0.0,0.0,0.0,0.0,0.0,0.0,0.0,0.0,0.0,0.0,0.0,0.0,0.0,0.0,0.0,0.0,0.0
Cu45Hf25Ti20Y10,10.1080/14786430903110526,,755.0,,,2.0,,0.0,0.0,0.0,0.45,0.0,0.0,0.0,0.0,0.0,0.0,0.0,0.0,0.0,0.0,0.0,0.1,0.0,0.25,0.2,0.0,0.0,0.0,0.0,0.0,0.0,0.0,0.0,0.0,0.0,0.0,0.0,0.0,0.0,0.0,0.0,0.0,0.0,0.0,0.0,0.0,0.0,0.0,0.0,0.0,0.0
Cu45Ni5Ti42.5Zr7.5,10.2320/matertrans.46.2218,,,,,3.0,,0.0,0.0,0.0,0.45,0.075,0.0,0.0,0.0,0.0,0.0,0.0,0.05,0.0,0.0,0.0,0.0,0.0,0.0,0.425,0.0,0.0,0.0,0.0,0.0,0.0,0.0,0.0,0.0,0.0,0.0,0.0,0.0,0.0,0.0,0.0,0.0,0.0,0.0,0.0,0.0,0.0,0.0,0.0,0.0,0.0
Cu45Ni5Ti45Zr5,10.2320/matertrans.46.2218,,,,,3.0,,0.0,0.0,0.0,0.45,0.05,0.0,0.0,0.0,0.0,0.0,0.0,0.05,0.0,0.0,0.0,0.0,0.0,0.0,0.45,0.0,0.0,0.0,0.0,0.0,0.0,0.0,0.0,0.0,0.0,0.0,0.0,0.0,0.0,0.0,0.0,0.0,0.0,0.0,0.0,0.0,0.0,0.0,0.0,0.0,0.0
Cu45Ti50Zr5,10.2320/matertrans.46.2218,,,,,1.0,,0.0,0.0,0.0,0.45,0.05,0.0,0.0,0.0,0.0,0.0,0.0,0.0,0.0,0.0,0.0,0.0,0.0,0.0,0.5,0.0,0.0,0.0,0.0,0.0,0.0,0.0,0.0,0.0,0.0,0.0,0.0,0.0,0.0,0.0,0.0,0.0,0.0,0.0,0.0,0.0,0.0,0.0,0.0,0.0,0.0
Cu46Zr54,10.1016/j.commatsci.2016.02.037,696.0,746.0,1201.0,,2.0,,0.0,0.0,0.0,0.46,0.54,0.0,0.0,0.0,0.0,0.0,0.0,0.0,0.0,0.0,0.0,0.0,0.0,0.0,0.0,0.0,0.0,0.0,0.0,0.0,0.0,0.0,0.0,0.0,0.0,0.0,0.0,0.0,0.0,0.0,0.0,0.0,0.0,0.0,0.0,0.0,0.0,0.0,0.0,0.0,0.0
Cu47Nb11Ni8Si1Ti33,10.1016/j.jnoncrysol.2005.02.019,710.0,732.0,1265.0,,0.5,,0.0,0.0,0.0,0.47,0.0,0.0,0.0,0.0,0.01,0.0,0.0,0.08,0.0,0.0,0.0,0.0,0.0,0.0,0.33,0.0,0.0,0.0,0.0,0.11,0.0,0.0,0.0,0.0,0.0,0.0,0.0,0.0,0.0,0.0,0.0,0.0,0.0,0.0,0.0,0.0,0.0,0.0,0.0,0.0,0.0
Cu47Nb2Ni8Si1Ti33Zr9,10.1016/j.jnoncrysol.2005.02.019,728.0,762.0,1159.0,,5.0,,0.0,0.0,0.0,0.47,0.09,0.0,0.0,0.0,0.01,0.0,0.0,0.08,0.0,0.0,0.0,0.0,0.0,0.0,0.33,0.0,0.0,0.0,0.0,0.02,0.0,0.0,0.0,0.0,0.0,0.0,0.0,0.0,0.0,0.0,0.0,0.0,0.0,0.0,0.0,0.0,0.0,0.0,0.0,0.0,0.0
Cu47Nb4Ni8Si1Ti33Zr7,10.1016/j.jnoncrysol.2005.02.019,713.0,736.0,1172.0,,5.0,,0.0,0.0,0.0,0.47,0.07,0.0,0.0,0.0,0.01,0.0,0.0,0.08,0.0,0.0,0.0,0.0,0.0,0.0,0.33,0.0,0.0,0.0,0.0,0.04,0.0,0.0,0.0,0.0,0.0,0.0,0.0,0.0,0.0,0.0,0.0,0.0,0.0,0.0,0.0,0.0,0.0,0.0,0.0,0.0,0.0
Cu47Nb6Ni8Si1Ti33Zr5,10.1016/j.jnoncrysol.2005.02.019,712.0,739.0,1187.0,,2.0,,0.0,0.0,0.0,0.47,0.05,0.0,0.0,0.0,0.01,0.0,0.0,0.08,0.0,0.0,0.0,0.0,0.0,0.0,0.33,0.0,0.0,0.0,0.0,0.06,0.0,0.0,0.0,0.0,0.0,0.0,0.0,0.0,0.0,0.0,0.0,0.0,0.0,0.0,0.0,0.0,0.0,0.0,0.0,0.0,0.0
Cu47Nb8Ni8Si1Ti33Zr3,10.1016/j.jnoncrysol.2005.02.019,708.0,731.0,1228.0,,1.0,,0.0,0.0,0.0,0.47,0.03,0.0,0.0,0.0,0.01,0.0,0.0,0.08,0.0,0.0,0.0,0.0,0.0,0.0,0.33,0.0,0.0,0.0,0.0,0.08,0.0,0.0,0.0,0.0,0.0,0.0,0.0,0.0,0.0,0.0,0.0,0.0,0.0,0.0,0.0,0.0,0.0,0.0,0.0,0.0,0.0
Cu47Ni13Ti10Zr30,10.1016/j.scriptamat.2006.01.023,727.0,754.0,1251.0,,1.0,,0.0,0.0,0.0,0.47,0.3,0.0,0.0,0.0,0.0,0.0,0.0,0.13,0.0,0.0,0.0,0.0,0.0,0.0,0.1,0.0,0.0,0.0,0.0,0.0,0.0,0.0,0.0,0.0,0.0,0.0,0.0,0.0,0.0,0.0,0.0,0.0,0.0,0.0,0.0,0.0,0.0,0.0,0.0,0.0,0.0
Cu47Ni6Si1Sn2Ti33Zr11,10.1016/j.jallcom.2008.07.087,,,,,6.0,,0.0,0.0,0.0,0.47,0.11,0.0,0.0,0.0,0.01,0.0,0.0,0.06,0.0,0.0,0.0,0.0,0.0,0.0,0.33,0.0,0.0,0.0,0.0,0.0,0.0,0.0,0.0,0.0,0.0,0.0,0.0,0.0,0.0,0.0,0.0,0.0,0.0,0.0,0.02,0.0,0.0,0.0,0.0,0.0,0.0
Cu47Ni8Si1Ti33Zr11,10.1016/j.jnoncrysol.2005.02.019,,,1157.0,,4.0,,0.0,0.0,0.0,0.47,0.11,0.0,0.0,0.0,0.01,0.0,0.0,0.08,0.0,0.0,0.0,0.0,0.0,0.0,0.33,0.0,0.0,0.0,0.0,0.0,0.0,0.0,0.0,0.0,0.0,0.0,0.0,0.0,0.0,0.0,0.0,0.0,0.0,0.0,0.0,0.0,0.0,0.0,0.0,0.0,0.0
Cu47Ni8Ti34Zr11,10.1016/j.jallcom.2008.07.087,,,1169.0,,4.5,,0.0,0.0,0.0,0.47,0.11,0.0,0.0,0.0,0.0,0.0,0.0,0.08,0.0,0.0,0.0,0.0,0.0,0.0,0.34,0.0,0.0,0.0,0.0,0.0,0.0,0.0,0.0,0.0,0.0,0.0,0.0,0.0,0.0,0.0,0.0,0.0,0.0,0.0,0.0,0.0,0.0,0.0,0.0,0.0,0.0
Cu47Ni8Ti34Zr11,10.1016/S1359-6462(03)00285-9,671.0,717.0,1160.0,,3.0,,0.0,0.0,0.0,0.47,0.11,0.0,0.0,0.0,0.0,0.0,0.0,0.08,0.0,0.0,0.0,0.0,0.0,0.0,0.34,0.0,0.0,0.0,0.0,0.0,0.0,0.0,0.0,0.0,0.0,0.0,0.0,0.0,0.0,0.0,0.0,0.0,0.0,0.0,0.0,0.0,0.0,0.0,0.0,0.0,0.0
Cu47Ni8Ti34Zr11,10.1038/ncomms10313,,,,,4.0,,0.0,0.0,0.0,0.47,0.11,0.0,0.0,0.0,0.0,0.0,0.0,0.08,0.0,0.0,0.0,0.0,0.0,0.0,0.34,0.0,0.0,0.0,0.0,0.0,0.0,0.0,0.0,0.0,0.0,0.0,0.0,0.0,0.0,0.0,0.0,0.0,0.0,0.0,0.0,0.0,0.0,0.0,0.0,0.0,0.0
Cu47Ni8Ti34Zr11,10.1063/1.360537,,,1159.0,,6.0,,0.0,0.0,0.0,0.47,0.11,0.0,0.0,0.0,0.0,0.0,0.0,0.08,0.0,0.0,0.0,0.0,0.0,0.0,0.34,0.0,0.0,0.0,0.0,0.0,0.0,0.0,0.0,0.0,0.0,0.0,0.0,0.0,0.0,0.0,0.0,0.0,0.0,0.0,0.0,0.0,0.0,0.0,0.0,0.0,0.0
Cu48Hf25Si7Ti20,10.1080/14786430903110526,736.0,,1190.0,,6.0,,0.0,0.0,0.0,0.48,0.0,0.0,0.0,0.0,0.07,0.0,0.0,0.0,0.0,0.0,0.0,0.0,0.0,0.25,0.2,0.0,0.0,0.0,0.0,0.0,0.0,0.0,0.0,0.0,0.0,0.0,0.0,0.0,0.0,0.0,0.0,0.0,0.0,0.0,0.0,0.0,0.0,0.0,0.0,0.0,0.0
Cu48Hf25Ti20Y7,10.1080/14786430903110526,725.0,750.0,1185.0,,3.0,,0.0,0.0,0.0,0.48,0.0,0.0,0.0,0.0,0.0,0.0,0.0,0.0,0.0,0.0,0.0,0.07,0.0,0.25,0.2,0.0,0.0,0.0,0.0,0.0,0.0,0.0,0.0,0.0,0.0,0.0,0.0,0.0,0.0,0.0,0.0,0.0,0.0,0.0,0.0,0.0,0.0,0.0,0.0,0.0,0.0
Cu49.4Si0.6Sn0.6Ti7.41Zr41.99,10.1016/j.msea.2005.12.102,682.0,734.0,1141.0,,7.0,,0.0,0.0,0.0,0.494,0.4199,0.0,0.0,0.0,0.006,0.0,0.0,0.0,0.0,0.0,0.0,0.0,0.0,0.0,0.0741,0.0,0.0,0.0,0.0,0.0,0.0,0.0,0.0,0.0,0.0,0.0,0.0,0.0,0.0,0.0,0.0,0.0,0.0,0.0,0.006,0.0,0.0,0.0,0.0,0.0,0.0
Cu49.5Si1Ti7.42Zr42.08,10.1016/j.msea.2005.12.102,683.0,731.0,1141.0,,6.0,,0.0,0.0,0.0,0.495,0.4208,0.0,0.0,0.0,0.01,0.0,0.0,0.0,0.0,0.0,0.0,0.0,0.0,0.0,0.0742,0.0,0.0,0.0,0.0,0.0,0.0,0.0,0.0,0.0,0.0,0.0,0.0,0.0,0.0,0.0,0.0,0.0,0.0,0.0,0.0,0.0,0.0,0.0,0.0,0.0,0.0
Cu49.5Sn1Ti7.42Zr42.08,10.1016/j.msea.2005.12.102,,,,,6.0,,0.0,0.0,0.0,0.495,0.4208,0.0,0.0,0.0,0.0,0.0,0.0,0.0,0.0,0.0,0.0,0.0,0.0,0.0,0.0742,0.0,0.0,0.0,0.0,0.0,0.0,0.0,0.0,0.0,0.0,0.0,0.0,0.0,0.0,0.0,0.0,0.0,0.0,0.0,0.01,0.0,0.0,0.0,0.0,0.0,0.0
Cu5Gd10Mg75Ni10,10.1016/j.jnoncrysol.2005.01.061,436.0,479.0,,,2.5,,0.0,0.0,0.0,0.05,0.0,0.0,0.0,0.0,0.0,0.1,0.75,0.1,0.0,0.0,0.0,0.0,0.0,0.0,0.0,0.0,0.0,0.0,0.0,0.0,0.0,0.0,0.0,0.0,0.0,0.0,0.0,0.0,0.0,0.0,0.0,0.0,0.0,0.0,0.0,0.0,0.0,0.0,0.0,0.0,0.0
Cu50Hf25Si5Ti20,10.1080/14786430903110526,736.0,,1195.0,,7.0,,0.0,0.0,0.0,0.5,0.0,0.0,0.0,0.0,0.05,0.0,0.0,0.0,0.0,0.0,0.0,0.0,0.0,0.25,0.2,0.0,0.0,0.0,0.0,0.0,0.0,0.0,0.0,0.0,0.0,0.0,0.0,0.0,0.0,0.0,0.0,0.0,0.0,0.0,0.0,0.0,0.0,0.0,0.0,0.0,0.0
Cu50Hf25Ti20Y5,10.1080/14786430903110526,725.0,750.0,1187.0,,5.5,,0.0,0.0,0.0,0.5,0.0,0.0,0.0,0.0,0.0,0.0,0.0,0.0,0.0,0.0,0.0,0.05,0.0,0.25,0.2,0.0,0.0,0.0,0.0,0.0,0.0,0.0,0.0,0.0,0.0,0.0,0.0,0.0,0.0,0.0,0.0,0.0,0.0,0.0,0.0,0.0,0.0,0.0,0.0,0.0,0.0
Cu50Ni8Ti24Zr18,10.2320/matertrans.MRP2008066,696.0,750.0,1178.0,,6.0,,0.0,0.0,0.0,0.5,0.18,0.0,0.0,0.0,0.0,0.0,0.0,0.08,0.0,0.0,0.0,0.0,0.0,0.0,0.24,0.0,0.0,0.0,0.0,0.0,0.0,0.0,0.0,0.0,0.0,0.0,0.0,0.0,0.0,0.0,0.0,0.0,0.0,0.0,0.0,0.0,0.0,0.0,0.0,0.0,0.0
Cu50Ti10Zr40,10.1016/j.msea.2005.08.207,680.0,743.0,,,3.0,,0.0,0.0,0.0,0.5,0.4,0.0,0.0,0.0,0.0,0.0,0.0,0.0,0.0,0.0,0.0,0.0,0.0,0.0,0.1,0.0,0.0,0.0,0.0,0.0,0.0,0.0,0.0,0.0,0.0,0.0,0.0,0.0,0.0,0.0,0.0,0.0,0.0,0.0,0.0,0.0,0.0,0.0,0.0,0.0,0.0
Cu50Ti15Zr35,10.1016/j.msea.2005.08.207,672.0,705.0,,,1.0,,0.0,0.0,0.0,0.5,0.35,0.0,0.0,0.0,0.0,0.0,0.0,0.0,0.0,0.0,0.0,0.0,0.0,0.0,0.15,0.0,0.0,0.0,0.0,0.0,0.0,0.0,0.0,0.0,0.0,0.0,0.0,0.0,0.0,0.0,0.0,0.0,0.0,0.0,0.0,0.0,0.0,0.0,0.0,0.0,0.0
Cu50Ti35Zr15,10.1016/j.msea.2005.08.207,640.0,694.0,,,1.0,,0.0,0.0,0.0,0.5,0.15,0.0,0.0,0.0,0.0,0.0,0.0,0.0,0.0,0.0,0.0,0.0,0.0,0.0,0.35,0.0,0.0,0.0,0.0,0.0,0.0,0.0,0.0,0.0,0.0,0.0,0.0,0.0,0.0,0.0,0.0,0.0,0.0,0.0,0.0,0.0,0.0,0.0,0.0,0.0,0.0
Cu50Ti40Zr10,10.1016/j.msea.2005.08.207,652.0,696.0,,,3.0,,0.0,0.0,0.0,0.5,0.1,0.0,0.0,0.0,0.0,0.0,0.0,0.0,0.0,0.0,0.0,0.0,0.0,0.0,0.4,0.0,0.0,0.0,0.0,0.0,0.0,0.0,0.0,0.0,0.0,0.0,0.0,0.0,0.0,0.0,0.0,0.0,0.0,0.0,0.0,0.0,0.0,0.0,0.0,0.0,0.0
Cu50Ti45Zr5,10.1016/j.msea.2005.08.207,652.0,687.0,,,2.0,,0.0,0.0,0.0,0.5,0.05,0.0,0.0,0.0,0.0,0.0,0.0,0.0,0.0,0.0,0.0,0.0,0.0,0.0,0.45,0.0,0.0,0.0,0.0,0.0,0.0,0.0,0.0,0.0,0.0,0.0,0.0,0.0,0.0,0.0,0.0,0.0,0.0,0.0,0.0,0.0,0.0,0.0,0.0,0.0,0.0
Cu50Ti5Zr45,10.1016/j.msea.2005.08.207,673.0,740.0,,,4.0,,0.0,0.0,0.0,0.5,0.45,0.0,0.0,0.0,0.0,0.0,0.0,0.0,0.0,0.0,0.0,0.0,0.0,0.0,0.05,0.0,0.0,0.0,0.0,0.0,0.0,0.0,0.0,0.0,0.0,0.0,0.0,0.0,0.0,0.0,0.0,0.0,0.0,0.0,0.0,0.0,0.0,0.0,0.0,0.0,0.0
Cu50Ti7.5Zr42.5,10.2320/matertrans.46.1692,677.0,717.0,1152.0,,5.0,,0.0,0.0,0.0,0.5,0.425,0.0,0.0,0.0,0.0,0.0,0.0,0.0,0.0,0.0,0.0,0.0,0.0,0.0,0.075,0.0,0.0,0.0,0.0,0.0,0.0,0.0,0.0,0.0,0.0,0.0,0.0,0.0,0.0,0.0,0.0,0.0,0.0,0.0,0.0,0.0,0.0,0.0,0.0,0.0,0.0
Cu50Zr50,10.1016/j.actamat.2008.02.044,,723.0,1252.0,,2.0,,0.0,0.0,0.0,0.5,0.5,0.0,0.0,0.0,0.0,0.0,0.0,0.0,0.0,0.0,0.0,0.0,0.0,0.0,0.0,0.0,0.0,0.0,0.0,0.0,0.0,0.0,0.0,0.0,0.0,0.0,0.0,0.0,0.0,0.0,0.0,0.0,0.0,0.0,0.0,0.0,0.0,0.0,0.0,0.0,0.0
Cu50Zr50,10.1038/ncomms10313,673.0,,,,2.5,,0.0,0.0,0.0,0.5,0.5,0.0,0.0,0.0,0.0,0.0,0.0,0.0,0.0,0.0,0.0,0.0,0.0,0.0,0.0,0.0,0.0,0.0,0.0,0.0,0.0,0.0,0.0,0.0,0.0,0.0,0.0,0.0,0.0,0.0,0.0,0.0,0.0,0.0,0.0,0.0,0.0,0.0,0.0,0.0,0.0
Cu51Hf25Mn4Ti20,10.1002/adem0.200700056,735.0,,,,0.03,,0.0,0.0,0.0,0.51,0.0,0.0,0.0,0.0,0.0,0.0,0.0,0.0,0.0,0.0,0.0,0.0,0.0,0.25,0.2,0.0,0.0,0.0,0.0,0.0,0.0,0.0,0.0,0.0,0.0,0.04,0.0,0.0,0.0,0.0,0.0,0.0,0.0,0.0,0.0,0.0,0.0,0.0,0.0,0.0,0.0
Cu51Hf25Ti20V4,10.1002/adem0.200700053,721.0,753.0,1234.0,,0.03,,0.0,0.0,0.0,0.51,0.0,0.0,0.0,0.0,0.0,0.0,0.0,0.0,0.0,0.0,0.0,0.0,0.0,0.25,0.2,0.0,0.0,0.0,0.0,0.0,0.0,0.0,0.0,0.0,0.0,0.0,0.0,0.0,0.0,0.0,0.04,0.0,0.0,0.0,0.0,0.0,0.0,0.0,0.0,0.0,0.0
Cu52Hf25Si3Ti20,10.1080/14786430903110526,731.0,,1198.0,,6.0,,0.0,0.0,0.0,0.52,0.0,0.0,0.0,0.0,0.03,0.0,0.0,0.0,0.0,0.0,0.0,0.0,0.0,0.25,0.2,0.0,0.0,0.0,0.0,0.0,0.0,0.0,0.0,0.0,0.0,0.0,0.0,0.0,0.0,0.0,0.0,0.0,0.0,0.0,0.0,0.0,0.0,0.0,0.0,0.0,0.0
Cu52Hf25Ti20Y3,10.1080/14786430903110526,725.0,750.0,1190.0,,6.5,,0.0,0.0,0.0,0.52,0.0,0.0,0.0,0.0,0.0,0.0,0.0,0.0,0.0,0.0,0.0,0.03,0.0,0.25,0.2,0.0,0.0,0.0,0.0,0.0,0.0,0.0,0.0,0.0,0.0,0.0,0.0,0.0,0.0,0.0,0.0,0.0,0.0,0.0,0.0,0.0,0.0,0.0,0.0,0.0,0.0
Cu52.5Ga5Zr42.5,10.1016/j.msea.2006.06.053,733.0,777.0,1187.0,,2.0,,0.0,0.0,0.0,0.525,0.425,0.0,0.0,0.0,0.0,0.0,0.0,0.0,0.0,0.0,0.0,0.0,0.0,0.0,0.0,0.0,0.0,0.0,0.0,0.0,0.0,0.0,0.0,0.0,0.0,0.0,0.0,0.0,0.0,0.05,0.0,0.0,0.0,0.0,0.0,0.0,0.0,0.0,0.0,0.0,0.0
Cu52.5Ga7.5Zr40,10.1016/j.msea.2006.06.053,744.0,777.0,1218.0,,1.5,,0.0,0.0,0.0,0.525,0.4,0.0,0.0,0.0,0.0,0.0,0.0,0.0,0.0,0.0,0.0,0.0,0.0,0.0,0.0,0.0,0.0,0.0,0.0,0.0,0.0,0.0,0.0,0.0,0.0,0.0,0.0,0.0,0.0,0.075,0.0,0.0,0.0,0.0,0.0,0.0,0.0,0.0,0.0,0.0,0.0
Cu53Hf25Mn2Ti20,10.1002/adem0.200700055,730.0,,,,2.0,,0.0,0.0,0.0,0.53,0.0,0.0,0.0,0.0,0.0,0.0,0.0,0.0,0.0,0.0,0.0,0.0,0.0,0.25,0.2,0.0,0.0,0.0,0.0,0.0,0.0,0.0,0.0,0.0,0.0,0.02,0.0,0.0,0.0,0.0,0.0,0.0,0.0,0.0,0.0,0.0,0.0,0.0,0.0,0.0,0.0
Cu53Hf25Ti20V2,10.1002/adem0.200700052,723.0,753.0,1188.0,,1.0,,0.0,0.0,0.0,0.53,0.0,0.0,0.0,0.0,0.0,0.0,0.0,0.0,0.0,0.0,0.0,0.0,0.0,0.25,0.2,0.0,0.0,0.0,0.0,0.0,0.0,0.0,0.0,0.0,0.0,0.0,0.0,0.0,0.0,0.0,0.02,0.0,0.0,0.0,0.0,0.0,0.0,0.0,0.0,0.0,0.0
Cu54Hf25Mn1Ti20,10.1002/adem0.200700054,723.0,,,,3.0,,0.0,0.0,0.0,0.54,0.0,0.0,0.0,0.0,0.0,0.0,0.0,0.0,0.0,0.0,0.0,0.0,0.0,0.25,0.2,0.0,0.0,0.0,0.0,0.0,0.0,0.0,0.0,0.0,0.0,0.01,0.0,0.0,0.0,0.0,0.0,0.0,0.0,0.0,0.0,0.0,0.0,0.0,0.0,0.0,0.0
Cu54Hf25Si1Ti20,10.1080/14786430903110526,727.0,,1190.0,,5.0,,0.0,0.0,0.0,0.54,0.0,0.0,0.0,0.0,0.01,0.0,0.0,0.0,0.0,0.0,0.0,0.0,0.0,0.25,0.2,0.0,0.0,0.0,0.0,0.0,0.0,0.0,0.0,0.0,0.0,0.0,0.0,0.0,0.0,0.0,0.0,0.0,0.0,0.0,0.0,0.0,0.0,0.0,0.0,0.0,0.0
Cu54Hf25Ti20V1,10.1002/adem.200700051,728.0,756.0,1171.0,,3.0,,0.0,0.0,0.0,0.54,0.0,0.0,0.0,0.0,0.0,0.0,0.0,0.0,0.0,0.0,0.0,0.0,0.0,0.25,0.2,0.0,0.0,0.0,0.0,0.0,0.0,0.0,0.0,0.0,0.0,0.0,0.0,0.0,0.0,0.0,0.01,0.0,0.0,0.0,0.0,0.0,0.0,0.0,0.0,0.0,0.0
Cu54Hf25Ti20Y1,10.1080/14786430903110526,725.0,750.0,1190.0,,5.0,,0.0,0.0,0.0,0.54,0.0,0.0,0.0,0.0,0.0,0.0,0.0,0.0,0.0,0.0,0.0,0.01,0.0,0.25,0.2,0.0,0.0,0.0,0.0,0.0,0.0,0.0,0.0,0.0,0.0,0.0,0.0,0.0,0.0,0.0,0.0,0.0,0.0,0.0,0.0,0.0,0.0,0.0,0.0,0.0,0.0
Cu54.1Ti7.7Zr38.2,10.1063/1.360537,683.0,723.0,,,4.0,,0.0,0.0,0.0,0.541,0.382,0.0,0.0,0.0,0.0,0.0,0.0,0.0,0.0,0.0,0.0,0.0,0.0,0.0,0.077,0.0,0.0,0.0,0.0,0.0,0.0,0.0,0.0,0.0,0.0,0.0,0.0,0.0,0.0,0.0,0.0,0.0,0.0,0.0,0.0,0.0,0.0,0.0,0.0,0.0,0.0
Cu55Ga2.5Zr42.5,10.1016/j.msea.2006.06.053,709.0,762.0,1199.0,,1.0,,0.0,0.0,0.0,0.55,0.425,0.0,0.0,0.0,0.0,0.0,0.0,0.0,0.0,0.0,0.0,0.0,0.0,0.0,0.0,0.0,0.0,0.0,0.0,0.0,0.0,0.0,0.0,0.0,0.0,0.0,0.0,0.0,0.0,0.025,0.0,0.0,0.0,0.0,0.0,0.0,0.0,0.0,0.0,0.0,0.0
Cu55Ga5Zr40,10.1016/j.msea.2006.06.053,736.0,779.0,1193.0,,2.0,,0.0,0.0,0.0,0.55,0.4,0.0,0.0,0.0,0.0,0.0,0.0,0.0,0.0,0.0,0.0,0.0,0.0,0.0,0.0,0.0,0.0,0.0,0.0,0.0,0.0,0.0,0.0,0.0,0.0,0.0,0.0,0.0,0.0,0.05,0.0,0.0,0.0,0.0,0.0,0.0,0.0,0.0,0.0,0.0,0.0
Cu55Hf25Ti20,10.1002/adem0.200700047,725.0,755.0,1163.0,,4.0,,0.0,0.0,0.0,0.55,0.0,0.0,0.0,0.0,0.0,0.0,0.0,0.0,0.0,0.0,0.0,0.0,0.0,0.25,0.2,0.0,0.0,0.0,0.0,0.0,0.0,0.0,0.0,0.0,0.0,0.0,0.0,0.0,0.0,0.0,0.0,0.0,0.0,0.0,0.0,0.0,0.0,0.0,0.0,0.0,0.0
Cu55Ni5Ti10Zr30,10.1016/j.scriptamat.2006.01.023,717.0,750.0,1204.0,,2.0,,0.0,0.0,0.0,0.55,0.3,0.0,0.0,0.0,0.0,0.0,0.0,0.05,0.0,0.0,0.0,0.0,0.0,0.0,0.1,0.0,0.0,0.0,0.0,0.0,0.0,0.0,0.0,0.0,0.0,0.0,0.0,0.0,0.0,0.0,0.0,0.0,0.0,0.0,0.0,0.0,0.0,0.0,0.0,0.0,0.0
Cu55.2Hf23Nb8Ti13.8,10.1016/j.actamat.2005.04.037,745.0,783.0,1198.0,,2.5,,0.0,0.0,0.0,0.552,0.0,0.0,0.0,0.0,0.0,0.0,0.0,0.0,0.0,0.0,0.0,0.0,0.0,0.23,0.138,0.0,0.0,0.0,0.0,0.08,0.0,0.0,0.0,0.0,0.0,0.0,0.0,0.0,0.0,0.0,0.0,0.0,0.0,0.0,0.0,0.0,0.0,0.0,0.0,0.0,0.0
Cu55.8Ni7Ti9.3Zr27.9,10.1557/JMR.2007.0206,735.0,791.0,1225.0,,2.5,,0.0,0.0,0.0,0.5579999999999999,0.27899999999999997,0.0,0.0,0.0,0.0,0.0,0.0,0.07,0.0,0.0,0.0,0.0,0.0,0.0,0.09300000000000001,0.0,0.0,0.0,0.0,0.0,0.0,0.0,0.0,0.0,0.0,0.0,0.0,0.0,0.0,0.0,0.0,0.0,0.0,0.0,0.0,0.0,0.0,0.0,0.0,0.0,0.0
Cu56.4Hf23.5Nb6Ti14.1,10.1016/j.actamat.2005.04.037,745.0,785.0,1190.0,,4.0,,0.0,0.0,0.0,0.564,0.0,0.0,0.0,0.0,0.0,0.0,0.0,0.0,0.0,0.0,0.0,0.0,0.0,0.235,0.141,0.0,0.0,0.0,0.0,0.06,0.0,0.0,0.0,0.0,0.0,0.0,0.0,0.0,0.0,0.0,0.0,0.0,0.0,0.0,0.0,0.0,0.0,0.0,0.0,0.0,0.0
Cu57Ni5Ti9.5Zr28.5,10.1557/JMR.2007.0206,727.0,787.0,1198.0,,3.0,,0.0,0.0,0.0,0.57,0.285,0.0,0.0,0.0,0.0,0.0,0.0,0.05,0.0,0.0,0.0,0.0,0.0,0.0,0.095,0.0,0.0,0.0,0.0,0.0,0.0,0.0,0.0,0.0,0.0,0.0,0.0,0.0,0.0,0.0,0.0,0.0,0.0,0.0,0.0,0.0,0.0,0.0,0.0,0.0,0.0
Cu57.5Ga5Zr37.5,10.1016/j.msea.2006.06.053,745.0,785.0,1241.0,,1.0,,0.0,0.0,0.0,0.575,0.375,0.0,0.0,0.0,0.0,0.0,0.0,0.0,0.0,0.0,0.0,0.0,0.0,0.0,0.0,0.0,0.0,0.0,0.0,0.0,0.0,0.0,0.0,0.0,0.0,0.0,0.0,0.0,0.0,0.05,0.0,0.0,0.0,0.0,0.0,0.0,0.0,0.0,0.0,0.0,0.0
Cu57.6Hf24Nb4Ti14.4,10.1016/j.actamat.2005.04.037,747.0,789.0,1188.0,,4.0,,0.0,0.0,0.0,0.5760000000000001,0.0,0.0,0.0,0.0,0.0,0.0,0.0,0.0,0.0,0.0,0.0,0.0,0.0,0.24,0.14400000000000002,0.0,0.0,0.0,0.0,0.04,0.0,0.0,0.0,0.0,0.0,0.0,0.0,0.0,0.0,0.0,0.0,0.0,0.0,0.0,0.0,0.0,0.0,0.0,0.0,0.0,0.0
Cu58.8Hf24.5Nb2Ti14.7,10.1016/j.actamat.2005.04.037,746.0,792.0,1184.0,,4.0,,0.0,0.0,0.0,0.588,0.0,0.0,0.0,0.0,0.0,0.0,0.0,0.0,0.0,0.0,0.0,0.0,0.0,0.245,0.147,0.0,0.0,0.0,0.0,0.02,0.0,0.0,0.0,0.0,0.0,0.0,0.0,0.0,0.0,0.0,0.0,0.0,0.0,0.0,0.0,0.0,0.0,0.0,0.0,0.0,0.0
Cu58.8Ti9.8Y2Zr29.4,10.1016/S1359-6462(03)00285-9,707.0,757.0,1122.0,,5.0,,0.0,0.0,0.0,0.588,0.294,0.0,0.0,0.0,0.0,0.0,0.0,0.0,0.0,0.0,0.0,0.02,0.0,0.0,0.098,0.0,0.0,0.0,0.0,0.0,0.0,0.0,0.0,0.0,0.0,0.0,0.0,0.0,0.0,0.0,0.0,0.0,0.0,0.0,0.0,0.0,0.0,0.0,0.0,0.0,0.0
Cu59.4Sn1Ti9.9Zr29.7,10.1016/S1359-6462(03)00285-9,730.0,776.0,1155.0,,5.0,,0.0,0.0,0.0,0.594,0.297,0.0,0.0,0.0,0.0,0.0,0.0,0.0,0.0,0.0,0.0,0.0,0.0,0.0,0.099,0.0,0.0,0.0,0.0,0.0,0.0,0.0,0.0,0.0,0.0,0.0,0.0,0.0,0.0,0.0,0.0,0.0,0.0,0.0,0.01,0.0,0.0,0.0,0.0,0.0,0.0
Cu6P5Pd79Si10,10.1016/j.jnoncrysol.2006.09.025,609.0,682.0,995.0,,5.0,,0.0,0.0,0.0,0.06,0.0,0.0,0.05,0.79,0.1,0.0,0.0,0.0,0.0,0.0,0.0,0.0,0.0,0.0,0.0,0.0,0.0,0.0,0.0,0.0,0.0,0.0,0.0,0.0,0.0,0.0,0.0,0.0,0.0,0.0,0.0,0.0,0.0,0.0,0.0,0.0,0.0,0.0,0.0,0.0,0.0
Cu6Pd77Si17,10.1016/j.msea.2006.06.053,642.0,686.0,1128.0,,2.0,,0.0,0.0,0.0,0.06,0.0,0.0,0.0,0.77,0.17,0.0,0.0,0.0,0.0,0.0,0.0,0.0,0.0,0.0,0.0,0.0,0.0,0.0,0.0,0.0,0.0,0.0,0.0,0.0,0.0,0.0,0.0,0.0,0.0,0.0,0.0,0.0,0.0,0.0,0.0,0.0,0.0,0.0,0.0,0.0,0.0
Cu6Pd77.5Si16.5,10.1016/j.msea.2006.06.053,,,1058.0,,1.5,,0.0,0.0,0.0,0.06,0.0,0.0,0.0,0.775,0.165,0.0,0.0,0.0,0.0,0.0,0.0,0.0,0.0,0.0,0.0,0.0,0.0,0.0,0.0,0.0,0.0,0.0,0.0,0.0,0.0,0.0,0.0,0.0,0.0,0.0,0.0,0.0,0.0,0.0,0.0,0.0,0.0,0.0,0.0,0.0,0.0
Cu6Pd77.5Si16.5,10.1038/ncomms10313,622.0,,1037.0,,11.0,,0.0,0.0,0.0,0.06,0.0,0.0,0.0,0.775,0.165,0.0,0.0,0.0,0.0,0.0,0.0,0.0,0.0,0.0,0.0,0.0,0.0,0.0,0.0,0.0,0.0,0.0,0.0,0.0,0.0,0.0,0.0,0.0,0.0,0.0,0.0,0.0,0.0,0.0,0.0,0.0,0.0,0.0,0.0,0.0,0.0
Cu60Hf17.5Ti22.5,10.1016/j.jnoncrysol.2006.12.068,732.0,755.0,1229.0,,3.0,,0.0,0.0,0.0,0.6,0.0,0.0,0.0,0.0,0.0,0.0,0.0,0.0,0.0,0.0,0.0,0.0,0.0,0.175,0.225,0.0,0.0,0.0,0.0,0.0,0.0,0.0,0.0,0.0,0.0,0.0,0.0,0.0,0.0,0.0,0.0,0.0,0.0,0.0,0.0,0.0,0.0,0.0,0.0,0.0,0.0
Cu60Hf20Ti20,10.1016/j.jnoncrysol.2006.12.068,740.0,767.0,1211.0,,4.0,,0.0,0.0,0.0,0.6,0.0,0.0,0.0,0.0,0.0,0.0,0.0,0.0,0.0,0.0,0.0,0.0,0.0,0.2,0.2,0.0,0.0,0.0,0.0,0.0,0.0,0.0,0.0,0.0,0.0,0.0,0.0,0.0,0.0,0.0,0.0,0.0,0.0,0.0,0.0,0.0,0.0,0.0,0.0,0.0,0.0
Cu60Hf25Ti15,10.1016/j.actamat.2005.04.037,745.0,805.0,1182.0,,4.0,,0.0,0.0,0.0,0.6,0.0,0.0,0.0,0.0,0.0,0.0,0.0,0.0,0.0,0.0,0.0,0.0,0.0,0.25,0.15,0.0,0.0,0.0,0.0,0.0,0.0,0.0,0.0,0.0,0.0,0.0,0.0,0.0,0.0,0.0,0.0,0.0,0.0,0.0,0.0,0.0,0.0,0.0,0.0,0.0,0.0
Cu60Ti10Zr30,10.1016/j.scriptamat.2006.01.023,724.0,746.0,1175.0,,2.0,,0.0,0.0,0.0,0.6,0.3,0.0,0.0,0.0,0.0,0.0,0.0,0.0,0.0,0.0,0.0,0.0,0.0,0.0,0.1,0.0,0.0,0.0,0.0,0.0,0.0,0.0,0.0,0.0,0.0,0.0,0.0,0.0,0.0,0.0,0.0,0.0,0.0,0.0,0.0,0.0,0.0,0.0,0.0,0.0,0.0
Cu60Ti10Zr30,10.1016/S1359-6462(03)00285-9,713.0,750.0,1151.0,,4.0,,0.0,0.0,0.0,0.6,0.3,0.0,0.0,0.0,0.0,0.0,0.0,0.0,0.0,0.0,0.0,0.0,0.0,0.0,0.1,0.0,0.0,0.0,0.0,0.0,0.0,0.0,0.0,0.0,0.0,0.0,0.0,0.0,0.0,0.0,0.0,0.0,0.0,0.0,0.0,0.0,0.0,0.0,0.0,0.0,0.0
Cu60Ti7Zr33,10.1016/j.scriptamat.2005.11.077,740.0,768.0,1191.0,,3.0,,0.0,0.0,0.0,0.6,0.33,0.0,0.0,0.0,0.0,0.0,0.0,0.0,0.0,0.0,0.0,0.0,0.0,0.0,0.07,0.0,0.0,0.0,0.0,0.0,0.0,0.0,0.0,0.0,0.0,0.0,0.0,0.0,0.0,0.0,0.0,0.0,0.0,0.0,0.0,0.0,0.0,0.0,0.0,0.0,0.0
Cu60Zr40,10.1016/j.actamat.2008.02.044,726.0,776.0,1221.0,,1.0,,0.0,0.0,0.0,0.6,0.4,0.0,0.0,0.0,0.0,0.0,0.0,0.0,0.0,0.0,0.0,0.0,0.0,0.0,0.0,0.0,0.0,0.0,0.0,0.0,0.0,0.0,0.0,0.0,0.0,0.0,0.0,0.0,0.0,0.0,0.0,0.0,0.0,0.0,0.0,0.0,0.0,0.0,0.0,0.0,0.0
Cu64Zr36,10.1016/j.scriptamat.2007.10.001,787.0,833.0,1230.0,,2.0,,0.0,0.0,0.0,0.64,0.36,0.0,0.0,0.0,0.0,0.0,0.0,0.0,0.0,0.0,0.0,0.0,0.0,0.0,0.0,0.0,0.0,0.0,0.0,0.0,0.0,0.0,0.0,0.0,0.0,0.0,0.0,0.0,0.0,0.0,0.0,0.0,0.0,0.0,0.0,0.0,0.0,0.0,0.0,0.0,0.0
Cu7.7Mg85Ni2.6Y4.7,10.1557/jmr.2007.0032,,,,,4.0,,0.0,0.0,0.0,0.077,0.0,0.0,0.0,0.0,0.0,0.0,0.85,0.026000000000000002,0.0,0.0,0.0,0.047,0.0,0.0,0.0,0.0,0.0,0.0,0.0,0.0,0.0,0.0,0.0,0.0,0.0,0.0,0.0,0.0,0.0,0.0,0.0,0.0,0.0,0.0,0.0,0.0,0.0,0.0,0.0,0.0,0.0
Cu8.7Mg83Ni2.9Y5.4,10.1557/jmr.2007.0032,,,,,4.0,,0.0,0.0,0.0,0.08699999999999998,0.0,0.0,0.0,0.0,0.0,0.0,0.8299999999999998,0.028999999999999995,0.0,0.0,0.0,0.05399999999999999,0.0,0.0,0.0,0.0,0.0,0.0,0.0,0.0,0.0,0.0,0.0,0.0,0.0,0.0,0.0,0.0,0.0,0.0,0.0,0.0,0.0,0.0,0.0,0.0,0.0,0.0,0.0,0.0,0.0
Cu9.5Mg81.5Ni3.2Y5.8,10.1557/jmr.2007.0032,,,,,4.0,,0.0,0.0,0.0,0.095,0.0,0.0,0.0,0.0,0.0,0.0,0.815,0.032,0.0,0.0,0.0,0.057999999999999996,0.0,0.0,0.0,0.0,0.0,0.0,0.0,0.0,0.0,0.0,0.0,0.0,0.0,0.0,0.0,0.0,0.0,0.0,0.0,0.0,0.0,0.0,0.0,0.0,0.0,0.0,0.0,0.0,0.0
Fe2Nb32.75Ni60.25Zr5,10.1016/j.jallcom.2008.01.075,883.0,904.0,1462.0,,3.0,,0.0,0.0,0.0,0.0,0.05,0.02,0.0,0.0,0.0,0.0,0.0,0.6025,0.0,0.0,0.0,0.0,0.0,0.0,0.0,0.0,0.0,0.0,0.0,0.3275,0.0,0.0,0.0,0.0,0.0,0.0,0.0,0.0,0.0,0.0,0.0,0.0,0.0,0.0,0.0,0.0,0.0,0.0,0.0,0.0,0.0
Gd10Mg75Ni15,10.1016/j.commatsci.2016.02.037,449.0,482.0,799.0,,3.0,,0.0,0.0,0.0,0.0,0.0,0.0,0.0,0.0,0.0,0.1,0.75,0.15,0.0,0.0,0.0,0.0,0.0,0.0,0.0,0.0,0.0,0.0,0.0,0.0,0.0,0.0,0.0,0.0,0.0,0.0,0.0,0.0,0.0,0.0,0.0,0.0,0.0,0.0,0.0,0.0,0.0,0.0,0.0,0.0,0.0
Gd10Mg75Ni15,10.1016/j.jnoncrysol.2005.01.061,,493.0,,,2.0,,0.0,0.0,0.0,0.0,0.0,0.0,0.0,0.0,0.0,0.1,0.75,0.15,0.0,0.0,0.0,0.0,0.0,0.0,0.0,0.0,0.0,0.0,0.0,0.0,0.0,0.0,0.0,0.0,0.0,0.0,0.0,0.0,0.0,0.0,0.0,0.0,0.0,0.0,0.0,0.0,0.0,0.0,0.0,0.0,0.0
Gd6Mg80Nd2Ni12,10.1557/jmr.2009.0438,,,,,2.0,,0.0,0.0,0.0,0.0,0.0,0.0,0.0,0.0,0.0,0.06,0.8,0.12,0.0,0.0,0.0,0.0,0.0,0.0,0.0,0.0,0.0,0.0,0.0,0.0,0.0,0.0,0.0,0.0,0.0,0.0,0.0,0.0,0.0,0.0,0.0,0.0,0.02,0.0,0.0,0.0,0.0,0.0,0.0,0.0,0.0
La10Mg70Ni20,10.1016/j.commatsci.2016.02.037,447.0,475.0,791.0,,0.4,,0.0,0.0,0.0,0.0,0.0,0.0,0.0,0.0,0.0,0.0,0.7,0.2,0.1,0.0,0.0,0.0,0.0,0.0,0.0,0.0,0.0,0.0,0.0,0.0,0.0,0.0,0.0,0.0,0.0,0.0,0.0,0.0,0.0,0.0,0.0,0.0,0.0,0.0,0.0,0.0,0.0,0.0,0.0,0.0,0.0
La11Mg71Ni18,10.1016/j.commatsci.2016.02.037,451.0,479.0,796.0,,0.5,,0.0,0.0,0.0,0.0,0.0,0.0,0.0,0.0,0.0,0.0,0.71,0.18,0.11,0.0,0.0,0.0,0.0,0.0,0.0,0.0,0.0,0.0,0.0,0.0,0.0,0.0,0.0,0.0,0.0,0.0,0.0,0.0,0.0,0.0,0.0,0.0,0.0,0.0,0.0,0.0,0.0,0.0,0.0,0.0,0.0
La13Mg69Ni18,10.1016/j.commatsci.2016.02.037,449.0,478.0,797.0,,0.5,,0.0,0.0,0.0,0.0,0.0,0.0,0.0,0.0,0.0,0.0,0.69,0.18,0.13,0.0,0.0,0.0,0.0,0.0,0.0,0.0,0.0,0.0,0.0,0.0,0.0,0.0,0.0,0.0,0.0,0.0,0.0,0.0,0.0,0.0,0.0,0.0,0.0,0.0,0.0,0.0,0.0,0.0,0.0,0.0,0.0
La15Mg65Ni20,10.1016/j.commatsci.2016.02.037,451.0,480.0,812.0,,0.5,,0.0,0.0,0.0,0.0,0.0,0.0,0.0,0.0,0.0,0.0,0.65,0.2,0.15,0.0,0.0,0.0,0.0,0.0,0.0,0.0,0.0,0.0,0.0,0.0,0.0,0.0,0.0,0.0,0.0,0.0,0.0,0.0,0.0,0.0,0.0,0.0,0.0,0.0,0.0,0.0,0.0,0.0,0.0,0.0,0.0
La15.4Mg60Ni23.6Y1,10.1016/j.commatsci.2016.02.037,454.0,491.0,827.0,,3.0,,0.0,0.0,0.0,0.0,0.0,0.0,0.0,0.0,0.0,0.0,0.6,0.23600000000000002,0.154,0.0,0.0,0.01,0.0,0.0,0.0,0.0,0.0,0.0,0.0,0.0,0.0,0.0,0.0,0.0,0.0,0.0,0.0,0.0,0.0,0.0,0.0,0.0,0.0,0.0,0.0,0.0,0.0,0.0,0.0,0.0,0.0
La15.65Mg60Ni23.6Y0.75,10.1016/j.commatsci.2016.02.037,456.0,495.0,839.0,,4.0,,0.0,0.0,0.0,0.0,0.0,0.0,0.0,0.0,0.0,0.0,0.6,0.23600000000000002,0.1565,0.0,0.0,0.0075,0.0,0.0,0.0,0.0,0.0,0.0,0.0,0.0,0.0,0.0,0.0,0.0,0.0,0.0,0.0,0.0,0.0,0.0,0.0,0.0,0.0,0.0,0.0,0.0,0.0,0.0,0.0,0.0,0.0
La15.7Mg59.78Ni23.52Si0.5Y0.5,10.1016/j.commatsci.2016.02.037,457.0,490.0,824.0,,1.0,,0.0,0.0,0.0,0.0,0.0,0.0,0.0,0.0,0.005,0.0,0.5978,0.2352,0.157,0.0,0.0,0.005,0.0,0.0,0.0,0.0,0.0,0.0,0.0,0.0,0.0,0.0,0.0,0.0,0.0,0.0,0.0,0.0,0.0,0.0,0.0,0.0,0.0,0.0,0.0,0.0,0.0,0.0,0.0,0.0,0.0
La15.8Mg60Ni23.6Si0.1Y0.5,10.1016/j.commatsci.2016.02.037,453.0,494.0,828.0,,1.5,,0.0,0.0,0.0,0.0,0.0,0.0,0.0,0.0,0.001,0.0,0.6,0.23600000000000002,0.158,0.0,0.0,0.005,0.0,0.0,0.0,0.0,0.0,0.0,0.0,0.0,0.0,0.0,0.0,0.0,0.0,0.0,0.0,0.0,0.0,0.0,0.0,0.0,0.0,0.0,0.0,0.0,0.0,0.0,0.0,0.0,0.0
La15.9Mg60Ni23.6Si0.25Y0.25,10.1016/j.commatsci.2016.02.037,456.0,492.0,824.0,,2.0,,0.0,0.0,0.0,0.0,0.0,0.0,0.0,0.0,0.0025,0.0,0.6,0.23600000000000002,0.159,0.0,0.0,0.0025,0.0,0.0,0.0,0.0,0.0,0.0,0.0,0.0,0.0,0.0,0.0,0.0,0.0,0.0,0.0,0.0,0.0,0.0,0.0,0.0,0.0,0.0,0.0,0.0,0.0,0.0,0.0,0.0,0.0
La15.9Mg60Ni23.6Si0.5,10.1016/j.commatsci.2016.02.037,457.0,492.0,828.0,,1.0,,0.0,0.0,0.0,0.0,0.0,0.0,0.0,0.0,0.005,0.0,0.6,0.23600000000000002,0.159,0.0,0.0,0.0,0.0,0.0,0.0,0.0,0.0,0.0,0.0,0.0,0.0,0.0,0.0,0.0,0.0,0.0,0.0,0.0,0.0,0.0,0.0,0.0,0.0,0.0,0.0,0.0,0.0,0.0,0.0,0.0,0.0
La15.9Mg60Ni23.6Y0.5,10.1016/j.commatsci.2016.02.037,456.0,492.0,829.0,,4.0,,0.0,0.0,0.0,0.0,0.0,0.0,0.0,0.0,0.0,0.0,0.6,0.23600000000000002,0.159,0.0,0.0,0.005,0.0,0.0,0.0,0.0,0.0,0.0,0.0,0.0,0.0,0.0,0.0,0.0,0.0,0.0,0.0,0.0,0.0,0.0,0.0,0.0,0.0,0.0,0.0,0.0,0.0,0.0,0.0,0.0,0.0
La16Mg69Ni15,10.1016/j.commatsci.2016.02.037,455.0,481.0,800.0,,1.0,,0.0,0.0,0.0,0.0,0.0,0.0,0.0,0.0,0.0,0.0,0.69,0.15,0.16,0.0,0.0,0.0,0.0,0.0,0.0,0.0,0.0,0.0,0.0,0.0,0.0,0.0,0.0,0.0,0.0,0.0,0.0,0.0,0.0,0.0,0.0,0.0,0.0,0.0,0.0,0.0,0.0,0.0,0.0,0.0,0.0
La16.15Mg60Ni23.6Si0.25,10.1016/j.commatsci.2016.02.037,453.0,492.0,826.0,,1.0,,0.0,0.0,0.0,0.0,0.0,0.0,0.0,0.0,0.0025,0.0,0.6,0.23600000000000002,0.16149999999999998,0.0,0.0,0.0,0.0,0.0,0.0,0.0,0.0,0.0,0.0,0.0,0.0,0.0,0.0,0.0,0.0,0.0,0.0,0.0,0.0,0.0,0.0,0.0,0.0,0.0,0.0,0.0,0.0,0.0,0.0,0.0,0.0
La16.15Mg60Ni23.6Y0.25,10.1016/j.commatsci.2016.02.037,456.0,491.0,829.0,,3.5,,0.0,0.0,0.0,0.0,0.0,0.0,0.0,0.0,0.0,0.0,0.6,0.23600000000000002,0.16149999999999998,0.0,0.0,0.0025,0.0,0.0,0.0,0.0,0.0,0.0,0.0,0.0,0.0,0.0,0.0,0.0,0.0,0.0,0.0,0.0,0.0,0.0,0.0,0.0,0.0,0.0,0.0,0.0,0.0,0.0,0.0,0.0,0.0
La16.4Mg60Ni23.6,10.1016/j.commatsci.2016.02.037,450.0,490.0,819.0,,2.5,,0.0,0.0,0.0,0.0,0.0,0.0,0.0,0.0,0.0,0.0,0.6,0.23600000000000002,0.16399999999999998,0.0,0.0,0.0,0.0,0.0,0.0,0.0,0.0,0.0,0.0,0.0,0.0,0.0,0.0,0.0,0.0,0.0,0.0,0.0,0.0,0.0,0.0,0.0,0.0,0.0,0.0,0.0,0.0,0.0,0.0,0.0,0.0
La17Mg57Ni26,10.1016/j.commatsci.2016.02.037,454.0,499.0,831.0,,2.0,,0.0,0.0,0.0,0.0,0.0,0.0,0.0,0.0,0.0,0.0,0.57,0.26,0.17,0.0,0.0,0.0,0.0,0.0,0.0,0.0,0.0,0.0,0.0,0.0,0.0,0.0,0.0,0.0,0.0,0.0,0.0,0.0,0.0,0.0,0.0,0.0,0.0,0.0,0.0,0.0,0.0,0.0,0.0,0.0,0.0
La17Mg70Ni13,10.1016/j.commatsci.2016.02.037,474.0,474.0,803.0,,0.4,,0.0,0.0,0.0,0.0,0.0,0.0,0.0,0.0,0.0,0.0,0.7,0.13,0.17,0.0,0.0,0.0,0.0,0.0,0.0,0.0,0.0,0.0,0.0,0.0,0.0,0.0,0.0,0.0,0.0,0.0,0.0,0.0,0.0,0.0,0.0,0.0,0.0,0.0,0.0,0.0,0.0,0.0,0.0,0.0,0.0
La20Mg50Ni30,10.1016/j.commatsci.2016.02.037,453.0,510.0,841.0,,1.0,,0.0,0.0,0.0,0.0,0.0,0.0,0.0,0.0,0.0,0.0,0.5,0.3,0.2,0.0,0.0,0.0,0.0,0.0,0.0,0.0,0.0,0.0,0.0,0.0,0.0,0.0,0.0,0.0,0.0,0.0,0.0,0.0,0.0,0.0,0.0,0.0,0.0,0.0,0.0,0.0,0.0,0.0,0.0,0.0,0.0
Mg48Ni31Pr21,10.1016/j.matlet.2004.09.049,446.0,493.0,776.0,,3.0,,0.0,0.0,0.0,0.0,0.0,0.0,0.0,0.0,0.0,0.0,0.48,0.31,0.0,0.0,0.0,0.0,0.0,0.0,0.0,0.0,0.0,0.0,0.0,0.0,0.0,0.0,0.0,0.0,0.0,0.0,0.21,0.0,0.0,0.0,0.0,0.0,0.0,0.0,0.0,0.0,0.0,0.0,0.0,0.0,0.0
Mg63Ni22Pr15,10.1016/j.matlet.2004.09.049,446.0,498.0,776.0,,3.0,,0.0,0.0,0.0,0.0,0.0,0.0,0.0,0.0,0.0,0.0,0.63,0.22,0.0,0.0,0.0,0.0,0.0,0.0,0.0,0.0,0.0,0.0,0.0,0.0,0.0,0.0,0.0,0.0,0.0,0.0,0.15,0.0,0.0,0.0,0.0,0.0,0.0,0.0,0.0,0.0,0.0,0.0,0.0,0.0,0.0
Mg65Nd15Ni20,10.1016/j.msea.2006.06.053,459.0,501.0,805.0,,3.5,,0.0,0.0,0.0,0.0,0.0,0.0,0.0,0.0,0.0,0.0,0.65,0.2,0.0,0.0,0.0,0.0,0.0,0.0,0.0,0.0,0.0,0.0,0.0,0.0,0.0,0.0,0.0,0.0,0.0,0.0,0.0,0.0,0.0,0.0,0.0,0.0,0.15,0.0,0.0,0.0,0.0,0.0,0.0,0.0,0.0
Mg65Ni21Pr14,10.1016/j.matlet.2004.09.049,452.0,494.0,794.0,,3.0,,0.0,0.0,0.0,0.0,0.0,0.0,0.0,0.0,0.0,0.0,0.65,0.21,0.0,0.0,0.0,0.0,0.0,0.0,0.0,0.0,0.0,0.0,0.0,0.0,0.0,0.0,0.0,0.0,0.0,0.0,0.14,0.0,0.0,0.0,0.0,0.0,0.0,0.0,0.0,0.0,0.0,0.0,0.0,0.0,0.0
Mg70Nd15Ni15,10.1016/j.msea.2006.06.053,467.0,489.0,844.0,,1.5,,0.0,0.0,0.0,0.0,0.0,0.0,0.0,0.0,0.0,0.0,0.7,0.15,0.0,0.0,0.0,0.0,0.0,0.0,0.0,0.0,0.0,0.0,0.0,0.0,0.0,0.0,0.0,0.0,0.0,0.0,0.0,0.0,0.0,0.0,0.0,0.0,0.15,0.0,0.0,0.0,0.0,0.0,0.0,0.0,0.0
Mg75Nd10Ni15,10.1016/j.msea.2006.06.053,,470.0,790.0,,2.8,,0.0,0.0,0.0,0.0,0.0,0.0,0.0,0.0,0.0,0.0,0.75,0.15,0.0,0.0,0.0,0.0,0.0,0.0,0.0,0.0,0.0,0.0,0.0,0.0,0.0,0.0,0.0,0.0,0.0,0.0,0.0,0.0,0.0,0.0,0.0,0.0,0.1,0.0,0.0,0.0,0.0,0.0,0.0,0.0,0.0
Mg80Nd10Ni10,10.1016/j.msea.2006.06.053,454.0,471.0,,,0.6,,0.0,0.0,0.0,0.0,0.0,0.0,0.0,0.0,0.0,0.0,0.8,0.1,0.0,0.0,0.0,0.0,0.0,0.0,0.0,0.0,0.0,0.0,0.0,0.0,0.0,0.0,0.0,0.0,0.0,0.0,0.0,0.0,0.0,0.0,0.0,0.0,0.1,0.0,0.0,0.0,0.0,0.0,0.0,0.0,0.0
Nb15Ni52.5Pd12.5Zr20,10.1557/JMR.2008.0242,861.0,908.0,,,2.5,,0.0,0.0,0.0,0.0,0.2,0.0,0.0,0.125,0.0,0.0,0.0,0.525,0.0,0.0,0.0,0.0,0.0,0.0,0.0,0.0,0.0,0.0,0.0,0.15,0.0,0.0,0.0,0.0,0.0,0.0,0.0,0.0,0.0,0.0,0.0,0.0,0.0,0.0,0.0,0.0,0.0,0.0,0.0,0.0,0.0
Nb15Ni55Pd10Zr20,10.1557/JMR.2008.0242,864.0,907.0,,,3.0,,0.0,0.0,0.0,0.0,0.2,0.0,0.0,0.1,0.0,0.0,0.0,0.55,0.0,0.0,0.0,0.0,0.0,0.0,0.0,0.0,0.0,0.0,0.0,0.15,0.0,0.0,0.0,0.0,0.0,0.0,0.0,0.0,0.0,0.0,0.0,0.0,0.0,0.0,0.0,0.0,0.0,0.0,0.0,0.0,0.0
Nb15Ni57.5Pd7.5Zr20,10.1557/JMR.2008.0242,870.0,907.0,,,3.0,,0.0,0.0,0.0,0.0,0.2,0.0,0.0,0.075,0.0,0.0,0.0,0.575,0.0,0.0,0.0,0.0,0.0,0.0,0.0,0.0,0.0,0.0,0.0,0.15,0.0,0.0,0.0,0.0,0.0,0.0,0.0,0.0,0.0,0.0,0.0,0.0,0.0,0.0,0.0,0.0,0.0,0.0,0.0,0.0,0.0
Nb15Ni60Pd5Zr20,10.1557/JMR.2008.0242,873.0,907.0,,,2.0,,0.0,0.0,0.0,0.0,0.2,0.0,0.0,0.05,0.0,0.0,0.0,0.6,0.0,0.0,0.0,0.0,0.0,0.0,0.0,0.0,0.0,0.0,0.0,0.15,0.0,0.0,0.0,0.0,0.0,0.0,0.0,0.0,0.0,0.0,0.0,0.0,0.0,0.0,0.0,0.0,0.0,0.0,0.0,0.0,0.0
Nb15Ni60Zr25,10.1016/j.jallcom.2006.08.292,843.0,874.0,1405.0,,0.1,,0.0,0.0,0.0,0.0,0.25,0.0,0.0,0.0,0.0,0.0,0.0,0.6,0.0,0.0,0.0,0.0,0.0,0.0,0.0,0.0,0.0,0.0,0.0,0.15,0.0,0.0,0.0,0.0,0.0,0.0,0.0,0.0,0.0,0.0,0.0,0.0,0.0,0.0,0.0,0.0,0.0,0.0,0.0,0.0,0.0
Nb15Ni62.5Pd2.5Zr20,10.1557/JMR.2008.0242,867.0,906.0,,,2.0,,0.0,0.0,0.0,0.0,0.2,0.0,0.0,0.025,0.0,0.0,0.0,0.625,0.0,0.0,0.0,0.0,0.0,0.0,0.0,0.0,0.0,0.0,0.0,0.15,0.0,0.0,0.0,0.0,0.0,0.0,0.0,0.0,0.0,0.0,0.0,0.0,0.0,0.0,0.0,0.0,0.0,0.0,0.0,0.0,0.0
Nb20Ni60Zr20,10.1016/j.jallcom.2006.08.292,853.0,891.0,1391.0,,0.5,,0.0,0.0,0.0,0.0,0.2,0.0,0.0,0.0,0.0,0.0,0.0,0.6,0.0,0.0,0.0,0.0,0.0,0.0,0.0,0.0,0.0,0.0,0.0,0.2,0.0,0.0,0.0,0.0,0.0,0.0,0.0,0.0,0.0,0.0,0.0,0.0,0.0,0.0,0.0,0.0,0.0,0.0,0.0,0.0,0.0
Nb25Ni60Zr15,10.1016/j.jallcom.2006.08.292,860.0,891.0,1390.0,,1.5,,0.0,0.0,0.0,0.0,0.15,0.0,0.0,0.0,0.0,0.0,0.0,0.6,0.0,0.0,0.0,0.0,0.0,0.0,0.0,0.0,0.0,0.0,0.0,0.25,0.0,0.0,0.0,0.0,0.0,0.0,0.0,0.0,0.0,0.0,0.0,0.0,0.0,0.0,0.0,0.0,0.0,0.0,0.0,0.0,0.0
Nb30Ni60Ta10,10.1016/j.intermet.2006.10.017,934.0,961.0,1559.0,,2.0,,0.0,0.0,0.0,0.0,0.0,0.0,0.0,0.0,0.0,0.0,0.0,0.6,0.0,0.0,0.0,0.0,0.0,0.0,0.0,0.0,0.0,0.0,0.0,0.3,0.0,0.0,0.0,0.0,0.0,0.0,0.0,0.0,0.0,0.0,0.0,0.1,0.0,0.0,0.0,0.0,0.0,0.0,0.0,0.0,0.0
Nb30Ni60Zr10,10.1016/j.jallcom.2006.08.292,875.0,902.0,1413.0,,2.0,,0.0,0.0,0.0,0.0,0.1,0.0,0.0,0.0,0.0,0.0,0.0,0.6,0.0,0.0,0.0,0.0,0.0,0.0,0.0,0.0,0.0,0.0,0.0,0.3,0.0,0.0,0.0,0.0,0.0,0.0,0.0,0.0,0.0,0.0,0.0,0.0,0.0,0.0,0.0,0.0,0.0,0.0,0.0,0.0,0.0
Nb30.75Ni62.25Sn2Zr5,10.1016/j.jallcom.2008.01.075,853.0,,1460.0,,2.0,,0.0,0.0,0.0,0.0,0.05,0.0,0.0,0.0,0.0,0.0,0.0,0.6225,0.0,0.0,0.0,0.0,0.0,0.0,0.0,0.0,0.0,0.0,0.0,0.3075,0.0,0.0,0.0,0.0,0.0,0.0,0.0,0.0,0.0,0.0,0.0,0.0,0.0,0.0,0.02,0.0,0.0,0.0,0.0,0.0,0.0
Nb30.75Ni62.25Ti2Zr5,10.1016/j.jallcom.2008.01.075,882.0,910.0,1451.0,,3.0,,0.0,0.0,0.0,0.0,0.05,0.0,0.0,0.0,0.0,0.0,0.0,0.6225,0.0,0.0,0.0,0.0,0.0,0.0,0.02,0.0,0.0,0.0,0.0,0.3075,0.0,0.0,0.0,0.0,0.0,0.0,0.0,0.0,0.0,0.0,0.0,0.0,0.0,0.0,0.0,0.0,0.0,0.0,0.0,0.0,0.0
Nb32Ni62Zr6,10.1016/j.msea.2006.12.028,864.0,914.0,1476.0,,2.5,,0.0,0.0,0.0,0.0,0.06,0.0,0.0,0.0,0.0,0.0,0.0,0.62,0.0,0.0,0.0,0.0,0.0,0.0,0.0,0.0,0.0,0.0,0.0,0.32,0.0,0.0,0.0,0.0,0.0,0.0,0.0,0.0,0.0,0.0,0.0,0.0,0.0,0.0,0.0,0.0,0.0,0.0,0.0,0.0,0.0
Nb32Ni63Zr5,10.1016/j.msea.2006.12.028,875.0,928.0,1492.0,,2.5,,0.0,0.0,0.0,0.0,0.05,0.0,0.0,0.0,0.0,0.0,0.0,0.63,0.0,0.0,0.0,0.0,0.0,0.0,0.0,0.0,0.0,0.0,0.0,0.32,0.0,0.0,0.0,0.0,0.0,0.0,0.0,0.0,0.0,0.0,0.0,0.0,0.0,0.0,0.0,0.0,0.0,0.0,0.0,0.0,0.0
Nb32.5Ni62.5Zr5,10.1016/j.msea.2006.12.028,878.0,921.0,1503.0,,3.0,,0.0,0.0,0.0,0.0,0.05,0.0,0.0,0.0,0.0,0.0,0.0,0.625,0.0,0.0,0.0,0.0,0.0,0.0,0.0,0.0,0.0,0.0,0.0,0.325,0.0,0.0,0.0,0.0,0.0,0.0,0.0,0.0,0.0,0.0,0.0,0.0,0.0,0.0,0.0,0.0,0.0,0.0,0.0,0.0,0.0
Nb32.75Ni62.25Zr5,10.1016/j.jallcom.2008.01.075,878.0,918.0,1489.0,,3.0,,0.0,0.0,0.0,0.0,0.05,0.0,0.0,0.0,0.0,0.0,0.0,0.6225,0.0,0.0,0.0,0.0,0.0,0.0,0.0,0.0,0.0,0.0,0.0,0.3275,0.0,0.0,0.0,0.0,0.0,0.0,0.0,0.0,0.0,0.0,0.0,0.0,0.0,0.0,0.0,0.0,0.0,0.0,0.0,0.0,0.0
Nb33Ni61Zr6,10.1016/j.msea.2006.12.028,843.0,909.0,1447.0,,2.0,,0.0,0.0,0.0,0.0,0.06,0.0,0.0,0.0,0.0,0.0,0.0,0.61,0.0,0.0,0.0,0.0,0.0,0.0,0.0,0.0,0.0,0.0,0.0,0.33,0.0,0.0,0.0,0.0,0.0,0.0,0.0,0.0,0.0,0.0,0.0,0.0,0.0,0.0,0.0,0.0,0.0,0.0,0.0,0.0,0.0
Nb33Ni62Zr5,10.1016/j.jallcom.2008.01.075,,,,,3.0,,0.0,0.0,0.0,0.0,0.05,0.0,0.0,0.0,0.0,0.0,0.0,0.62,0.0,0.0,0.0,0.0,0.0,0.0,0.0,0.0,0.0,0.0,0.0,0.33,0.0,0.0,0.0,0.0,0.0,0.0,0.0,0.0,0.0,0.0,0.0,0.0,0.0,0.0,0.0,0.0,0.0,0.0,0.0,0.0,0.0
Nb33Ni63Zr4,10.1016/j.msea.2006.12.028,870.0,930.0,1487.0,,2.5,,0.0,0.0,0.0,0.0,0.04,0.0,0.0,0.0,0.0,0.0,0.0,0.63,0.0,0.0,0.0,0.0,0.0,0.0,0.0,0.0,0.0,0.0,0.0,0.33,0.0,0.0,0.0,0.0,0.0,0.0,0.0,0.0,0.0,0.0,0.0,0.0,0.0,0.0,0.0,0.0,0.0,0.0,0.0,0.0,0.0
Nb33.6Ni59.5Sn6.9,10.1063/1.1544434,881.0,931.0,,3.0,2.0,,0.0,0.0,0.0,0.0,0.0,0.0,0.0,0.0,0.0,0.0,0.0,0.595,0.0,0.0,0.0,0.0,0.0,0.0,0.0,0.0,0.0,0.0,0.0,0.336,0.0,0.0,0.0,0.0,0.0,0.0,0.0,0.0,0.0,0.0,0.0,0.0,0.0,0.0,0.069,0.0,0.0,0.0,0.0,0.0,0.0
Nb34Ni61Zr5,10.1016/j.msea.2006.12.028,870.0,910.0,1453.0,,2.0,,0.0,0.0,0.0,0.0,0.05,0.0,0.0,0.0,0.0,0.0,0.0,0.61,0.0,0.0,0.0,0.0,0.0,0.0,0.0,0.0,0.0,0.0,0.0,0.34,0.0,0.0,0.0,0.0,0.0,0.0,0.0,0.0,0.0,0.0,0.0,0.0,0.0,0.0,0.0,0.0,0.0,0.0,0.0,0.0,0.0
Nb34Ni62Zr4,10.1016/j.msea.2006.12.028,879.0,917.0,1479.0,,2.5,,0.0,0.0,0.0,0.0,0.04,0.0,0.0,0.0,0.0,0.0,0.0,0.62,0.0,0.0,0.0,0.0,0.0,0.0,0.0,0.0,0.0,0.0,0.0,0.34,0.0,0.0,0.0,0.0,0.0,0.0,0.0,0.0,0.0,0.0,0.0,0.0,0.0,0.0,0.0,0.0,0.0,0.0,0.0,0.0,0.0
Nb34.45Ni59.35Sn6.2,10.1063/1.1544434,882.0,930.0,,3.0,3.0,,0.0,0.0,0.0,0.0,0.0,0.0,0.0,0.0,0.0,0.0,0.0,0.5934999999999999,0.0,0.0,0.0,0.0,0.0,0.0,0.0,0.0,0.0,0.0,0.0,0.3445,0.0,0.0,0.0,0.0,0.0,0.0,0.0,0.0,0.0,0.0,0.0,0.0,0.0,0.0,0.06199999999999999,0.0,0.0,0.0,0.0,0.0,0.0
Nb35Ni59Sn6,10.1557/JMR.2008.0084,890.0,924.0,,,2.0,,0.0,0.0,0.0,0.0,0.0,0.0,0.0,0.0,0.0,0.0,0.0,0.59,0.0,0.0,0.0,0.0,0.0,0.0,0.0,0.0,0.0,0.0,0.0,0.35,0.0,0.0,0.0,0.0,0.0,0.0,0.0,0.0,0.0,0.0,0.0,0.0,0.0,0.0,0.06,0.0,0.0,0.0,0.0,0.0,0.0
Nb35Ni60Sn5,10.1063/1.1544434,885.0,943.0,,2.0,2.0,,0.0,0.0,0.0,0.0,0.0,0.0,0.0,0.0,0.0,0.0,0.0,0.6,0.0,0.0,0.0,0.0,0.0,0.0,0.0,0.0,0.0,0.0,0.0,0.35,0.0,0.0,0.0,0.0,0.0,0.0,0.0,0.0,0.0,0.0,0.0,0.0,0.0,0.0,0.05,0.0,0.0,0.0,0.0,0.0,0.0
Nb35Ni60Zr5,10.1016/j.jallcom.2006.08.292,887.0,911.0,1458.0,,1.5,,0.0,0.0,0.0,0.0,0.05,0.0,0.0,0.0,0.0,0.0,0.0,0.6,0.0,0.0,0.0,0.0,0.0,0.0,0.0,0.0,0.0,0.0,0.0,0.35,0.0,0.0,0.0,0.0,0.0,0.0,0.0,0.0,0.0,0.0,0.0,0.0,0.0,0.0,0.0,0.0,0.0,0.0,0.0,0.0,0.0
Nb35Ni62Sn3,10.1557/JMR.2008.0084,890.0,924.0,,,2.0,,0.0,0.0,0.0,0.0,0.0,0.0,0.0,0.0,0.0,0.0,0.0,0.62,0.0,0.0,0.0,0.0,0.0,0.0,0.0,0.0,0.0,0.0,0.0,0.35,0.0,0.0,0.0,0.0,0.0,0.0,0.0,0.0,0.0,0.0,0.0,0.0,0.0,0.0,0.03,0.0,0.0,0.0,0.0,0.0,0.0
Nb37Ni60Sn3,10.1063/1.1544434,895.0,937.0,,2.0,2.0,,0.0,0.0,0.0,0.0,0.0,0.0,0.0,0.0,0.0,0.0,0.0,0.6,0.0,0.0,0.0,0.0,0.0,0.0,0.0,0.0,0.0,0.0,0.0,0.37,0.0,0.0,0.0,0.0,0.0,0.0,0.0,0.0,0.0,0.0,0.0,0.0,0.0,0.0,0.03,0.0,0.0,0.0,0.0,0.0,0.0
Nb40Ni60,10.1016/j.jallcom.2006.08.292,891.0,924.0,1478.0,,1.0,,0.0,0.0,0.0,0.0,0.0,0.0,0.0,0.0,0.0,0.0,0.0,0.6,0.0,0.0,0.0,0.0,0.0,0.0,0.0,0.0,0.0,0.0,0.0,0.4,0.0,0.0,0.0,0.0,0.0,0.0,0.0,0.0,0.0,0.0,0.0,0.0,0.0,0.0,0.0,0.0,0.0,0.0,0.0,0.0,0.0
Ni16P20Pd64,10.1038/ncomms10313,582.0,,983.0,,4.0,,0.0,0.0,0.0,0.0,0.0,0.0,0.2,0.64,0.0,0.0,0.0,0.16,0.0,0.0,0.0,0.0,0.0,0.0,0.0,0.0,0.0,0.0,0.0,0.0,0.0,0.0,0.0,0.0,0.0,0.0,0.0,0.0,0.0,0.0,0.0,0.0,0.0,0.0,0.0,0.0,0.0,0.0,0.0,0.0,0.0
Ni34Ti21Zr45,10.1016/j.commatsci.2016.02.037,642.0,683.0,1134.0,,0.7,,0.0,0.0,0.0,0.0,0.45,0.0,0.0,0.0,0.0,0.0,0.0,0.34,0.0,0.0,0.0,0.0,0.0,0.0,0.21,0.0,0.0,0.0,0.0,0.0,0.0,0.0,0.0,0.0,0.0,0.0,0.0,0.0,0.0,0.0,0.0,0.0,0.0,0.0,0.0,0.0,0.0,0.0,0.0,0.0,0.0
Ni36Pd36S28,10.1016/j.actamat.2018.07.039,426.0,439.0,734.0,,0.3,,0.0,0.0,0.0,0.0,0.0,0.0,0.0,0.36,0.0,0.0,0.0,0.36,0.0,0.0,0.0,0.0,0.0,0.0,0.0,0.0,0.0,0.0,0.0,0.0,0.0,0.0,0.0,0.0,0.0,0.0,0.0,0.0,0.0,0.0,0.0,0.0,0.0,0.0,0.0,0.0,0.0,0.0,0.0,0.0,0.28
Ni37Pd37S26,10.1016/j.actamat.2018.07.039,426.0,449.0,731.0,,2.0,,0.0,0.0,0.0,0.0,0.0,0.0,0.0,0.37,0.0,0.0,0.0,0.37,0.0,0.0,0.0,0.0,0.0,0.0,0.0,0.0,0.0,0.0,0.0,0.0,0.0,0.0,0.0,0.0,0.0,0.0,0.0,0.0,0.0,0.0,0.0,0.0,0.0,0.0,0.0,0.0,0.0,0.0,0.0,0.0,0.26
Ni38Pd38S24,10.1016/j.actamat.2018.07.039,429.0,451.0,733.0,,0.3,,0.0,0.0,0.0,0.0,0.0,0.0,0.0,0.38,0.0,0.0,0.0,0.38,0.0,0.0,0.0,0.0,0.0,0.0,0.0,0.0,0.0,0.0,0.0,0.0,0.0,0.0,0.0,0.0,0.0,0.0,0.0,0.0,0.0,0.0,0.0,0.0,0.0,0.0,0.0,0.0,0.0,0.0,0.0,0.0,0.24
Ni40P20Pd40,10.1016/j.msea.2006.06.053,,,,,25.0,,0.0,0.0,0.0,0.0,0.0,0.0,0.2,0.4,0.0,0.0,0.0,0.4,0.0,0.0,0.0,0.0,0.0,0.0,0.0,0.0,0.0,0.0,0.0,0.0,0.0,0.0,0.0,0.0,0.0,0.0,0.0,0.0,0.0,0.0,0.0,0.0,0.0,0.0,0.0,0.0,0.0,0.0,0.0,0.0,0.0
Ni42Pd31S27,10.1016/j.actamat.2018.07.039,430.0,457.0,756.0,,1.5,,0.0,0.0,0.0,0.0,0.0,0.0,0.0,0.31,0.0,0.0,0.0,0.42,0.0,0.0,0.0,0.0,0.0,0.0,0.0,0.0,0.0,0.0,0.0,0.0,0.0,0.0,0.0,0.0,0.0,0.0,0.0,0.0,0.0,0.0,0.0,0.0,0.0,0.0,0.0,0.0,0.0,0.0,0.0,0.0,0.27
Ni59Si2Sn3Ti16Zr20,10.1016/j.jnoncrysol.2003.10.011,821.0,877.0,1272.0,,3.0,,0.0,0.0,0.0,0.0,0.2,0.0,0.0,0.0,0.02,0.0,0.0,0.59,0.0,0.0,0.0,0.0,0.0,0.0,0.16,0.0,0.0,0.0,0.0,0.0,0.0,0.0,0.0,0.0,0.0,0.0,0.0,0.0,0.0,0.0,0.0,0.0,0.0,0.0,0.03,0.0,0.0,0.0,0.0,0.0,0.0
Ni59Si5Ti16Zr20,10.1016/j.jnoncrysol.2003.10.011,830.0,876.0,1304.0,,2.0,,0.0,0.0,0.0,0.0,0.2,0.0,0.0,0.0,0.05,0.0,0.0,0.59,0.0,0.0,0.0,0.0,0.0,0.0,0.16,0.0,0.0,0.0,0.0,0.0,0.0,0.0,0.0,0.0,0.0,0.0,0.0,0.0,0.0,0.0,0.0,0.0,0.0,0.0,0.0,0.0,0.0,0.0,0.0,0.0,0.0
Ni59Sn5Ti16Zr20,10.1016/j.jnoncrysol.2003.10.011,819.0,854.0,1288.0,,1.0,,0.0,0.0,0.0,0.0,0.2,0.0,0.0,0.0,0.0,0.0,0.0,0.59,0.0,0.0,0.0,0.0,0.0,0.0,0.16,0.0,0.0,0.0,0.0,0.0,0.0,0.0,0.0,0.0,0.0,0.0,0.0,0.0,0.0,0.0,0.0,0.0,0.0,0.0,0.05,0.0,0.0,0.0,0.0,0.0,0.0
Ni64P20Pd16,10.1038/ncomms10313,567.0,,1048.0,,2.5,,0.0,0.0,0.0,0.0,0.0,0.0,0.2,0.16,0.0,0.0,0.0,0.64,0.0,0.0,0.0,0.0,0.0,0.0,0.0,0.0,0.0,0.0,0.0,0.0,0.0,0.0,0.0,0.0,0.0,0.0,0.0,0.0,0.0,0.0,0.0,0.0,0.0,0.0,0.0,0.0,0.0,0.0,0.0,0.0,0.0
Ni80P20,10.1038/ncomms10313,581.0,,1161.0,,0.12,,0.0,0.0,0.0,0.0,0.0,0.0,0.2,0.0,0.0,0.0,0.0,0.8,0.0,0.0,0.0,0.0,0.0,0.0,0.0,0.0,0.0,0.0,0.0,0.0,0.0,0.0,0.0,0.0,0.0,0.0,0.0,0.0,0.0,0.0,0.0,0.0,0.0,0.0,0.0,0.0,0.0,0.0,0.0,0.0,0.0
