Composition,MagpieData minimum Number,MagpieData maximum Number,MagpieData range Number,MagpieData mean Number,MagpieData avg_dev Number,MagpieData mode Number,MagpieData minimum MendeleevNumber,MagpieData maximum MendeleevNumber,MagpieData range MendeleevNumber,MagpieData mean MendeleevNumber,MagpieData avg_dev MendeleevNumber,MagpieData mode MendeleevNumber,MagpieData minimum AtomicWeight,MagpieData maximum AtomicWeight,MagpieData range AtomicWeight,MagpieData mean AtomicWeight,MagpieData avg_dev AtomicWeight,MagpieData mode AtomicWeight,MagpieData minimum MeltingT,MagpieData maximum MeltingT,MagpieData range MeltingT,MagpieData mean MeltingT,MagpieData avg_dev MeltingT,MagpieData mode MeltingT,MagpieData minimum Column,MagpieData maximum Column,MagpieData range Column,MagpieData mean Column,MagpieData avg_dev Column,MagpieData mode Column,MagpieData minimum Row,MagpieData maximum Row,MagpieData range Row,MagpieData mean Row,MagpieData avg_dev Row,MagpieData mode Row,MagpieData minimum CovalentRadius,MagpieData maximum CovalentRadius,MagpieData range CovalentRadius,MagpieData mean CovalentRadius,MagpieData avg_dev CovalentRadius,MagpieData mode CovalentRadius,MagpieData minimum Electronegativity,MagpieData maximum Electronegativity,MagpieData range Electronegativity,MagpieData mean Electronegativity,MagpieData avg_dev Electronegativity,MagpieData mode Electronegativity,MagpieData minimum NsValence,MagpieData maximum NsValence,MagpieData range NsValence,MagpieData mean NsValence,MagpieData avg_dev NsValence,MagpieData mode NsValence,MagpieData minimum NpValence,MagpieData maximum NpValence,MagpieData range NpValence,MagpieData mean NpValence,MagpieData avg_dev NpValence,MagpieData mode NpValence,MagpieData minimum NdValence,MagpieData maximum NdValence,MagpieData range NdValence,MagpieData mean NdValence,MagpieData avg_dev NdValence,MagpieData mode NdValence,MagpieData minimum NfValence,MagpieData maximum NfValence,MagpieData range NfValence,MagpieData mean NfValence,MagpieData avg_dev NfValence,MagpieData mode NfValence,MagpieData minimum NValence,MagpieData maximum NValence,MagpieData range NValence,MagpieData mean NValence,MagpieData avg_dev NValence,MagpieData mode NValence,MagpieData minimum NsUnfilled,MagpieData maximum NsUnfilled,MagpieData range NsUnfilled,MagpieData mean NsUnfilled,MagpieData avg_dev NsUnfilled,MagpieData mode NsUnfilled,MagpieData minimum NpUnfilled,MagpieData maximum NpUnfilled,MagpieData range NpUnfilled,MagpieData mean NpUnfilled,MagpieData avg_dev NpUnfilled,MagpieData mode NpUnfilled,MagpieData minimum NdUnfilled,MagpieData maximum NdUnfilled,MagpieData range NdUnfilled,MagpieData mean NdUnfilled,MagpieData avg_dev NdUnfilled,MagpieData mode NdUnfilled,MagpieData minimum NfUnfilled,MagpieData maximum NfUnfilled,MagpieData range NfUnfilled,MagpieData mean NfUnfilled,MagpieData avg_dev NfUnfilled,MagpieData mode NfUnfilled,MagpieData minimum NUnfilled,MagpieData maximum NUnfilled,MagpieData range NUnfilled,MagpieData mean NUnfilled,MagpieData avg_dev NUnfilled,MagpieData mode NUnfilled,MagpieData minimum GSvolume_pa,MagpieData maximum GSvolume_pa,MagpieData range GSvolume_pa,MagpieData mean GSvolume_pa,MagpieData avg_dev GSvolume_pa,MagpieData mode GSvolume_pa,MagpieData minimum GSbandgap,MagpieData maximum GSbandgap,MagpieData range GSbandgap,MagpieData mean GSbandgap,MagpieData avg_dev GSbandgap,MagpieData mode GSbandgap,MagpieData minimum GSmagmom,MagpieData maximum GSmagmom,MagpieData range GSmagmom,MagpieData mean GSmagmom,MagpieData avg_dev GSmagmom,MagpieData mode GSmagmom,MagpieData minimum SpaceGroupNumber,MagpieData maximum SpaceGroupNumber,MagpieData range SpaceGroupNumber,MagpieData mean SpaceGroupNumber,MagpieData avg_dev SpaceGroupNumber,MagpieData mode SpaceGroupNumber
Ag1 Al19.8 Co19.8 Cu4.95 Zr54.45,13.0,47.0,34.0,31.605500000000003,9.4495005,40.0,44.0,73.0,29.0,53.714000000000006,10.578546,44.0,26.9815386,107.8682,80.88666140000001,70.90679425280001,22.8646651736448,91.224,933.47,2128.0,1194.53,1773.145975,386.436033225,2128.0,4.0,13.0,9.0,7.1885,3.4722765000000004,4.0,3.0,5.0,2.0,4.3565000000000005,0.7136414999999999,5.0,121.0,175.0,54.0,152.1775,24.8537025,175.0,1.33,1.93,0.5999999999999999,1.528555,0.216226395,1.33,1.0,2.0,1.0,1.9405,0.1119194999999999,2.0,0.0,1.0,1.0,0.198,0.317592,0.0,0.0,10.0,10.0,3.07,2.38095,2.0,0.0,0.0,0.0,0.0,0.0,0.0,3.0,11.0,8.0,5.2085,2.1906225,4.0,0.0,1.0,1.0,0.0595,0.1119195,0.0,0.0,5.0,5.0,0.99,1.5879599999999998,0.0,0.0,8.0,8.0,4.95,3.32145,8.0,0.0,0.0,0.0,0.0,0.0,0.0,1.0,8.0,7.0,5.9995,2.1785445,8.0,10.245,23.195,12.95,18.6324925,4.968570667500001,23.195,0.0,0.0,0.0,0.0,0.0,0.0,0.0,1.5484712,1.5484712,0.3065972976,0.4917820653504,0.0,194.0,225.0,31.0,201.9825,11.854012499999994,194.0
Ag1 Al9.9 Cu22.77 Fe4.95 Zr61.38,13.0,47.0,34.0,34.1993,7.37695332,40.0,44.0,73.0,29.0,52.1795,10.0411542,44.0,26.9815386,107.8682,80.88666140000001,76.97689722140001,18.10756942658136,91.224,933.47,2128.0,1194.53,1809.737959,390.8234235906,2128.0,4.0,13.0,9.0,6.7529,3.37946004,4.0,3.0,5.0,2.0,4.5248,0.5928595200000001,5.0,121.0,175.0,54.0,157.43439999999998,21.563530560000004,175.0,1.33,1.93,0.5999999999999999,1.5182589999999998,0.2311067483999999,1.33,1.0,2.0,1.0,1.7623000000000002,0.3623974199999999,2.0,0.0,1.0,1.0,0.099,0.178398,0.0,0.0,10.0,10.0,3.9016,3.10692096,2.0,0.0,0.0,0.0,0.0,0.0,0.0,3.0,11.0,8.0,5.762900000000001,2.711190240000001,4.0,0.0,1.0,1.0,0.2377,0.3623974199999999,0.0,0.0,5.0,5.0,0.495,0.89199,0.0,0.0,8.0,8.0,5.1084000000000005,3.5497281599999995,8.0,0.0,0.0,0.0,0.0,0.0,0.0,1.0,8.0,7.0,5.8411,2.65026564,8.0,10.73,23.195,12.465,19.083685,5.047050294000001,23.195,0.0,0.0,0.0,0.0,0.0,0.0,0.0,2.1106628,2.1106628,0.1044778086,0.1986123141486,0.0,194.0,229.0,35.0,206.1702,14.94013752,194.0
Ag1 Cu5 P5 Pd79 Si10,14.0,47.0,33.0,40.41,8.964,46.0,62.0,83.0,21.0,64.78,4.470400000000001,62.0,28.0855,107.8682,79.7827,92.6850201,22.00493184,106.42,317.3,1828.05,1510.75,1708.9623,188.15856600000004,1828.05,10.0,15.0,5.0,10.71,1.1218000000000006,10.0,3.0,5.0,2.0,4.65,0.5599999999999997,5.0,107.0,145.0,38.0,134.31,7.623999999999999,139.0,1.9,2.2,0.3000000000000002,2.1518,0.079976,2.2,0.0,2.0,2.0,0.36,0.5688,0.0,0.0,3.0,3.0,0.35,0.595,0.0,0.0,10.0,10.0,8.5,2.55,10.0,0.0,0.0,0.0,0.0,0.0,0.0,4.0,11.0,7.0,9.21,1.4629999999999996,10.0,0.0,1.0,1.0,0.06,0.1128,0.0,0.0,4.0,4.0,0.55,0.935,0.0,0.0,0.0,0.0,0.0,0.0,0.0,0.0,0.0,0.0,0.0,0.0,0.0,0.0,4.0,4.0,0.61,0.9638,0.0,11.07,22.5702380952,11.5002380952,15.27321190476,1.7841959999968002,14.41,0.0,1.625,1.625,0.15855,0.2695349999999999,0.0,0.0,0.0,0.0,0.0,0.0,0.0,2.0,227.0,225.0,214.05,21.204999999999988,225.0
Ag1 Gd10 Mg74 Ni15,12.0,64.0,52.0,19.95,11.765999999999998,12.0,27.0,68.0,41.0,62.82,7.71,68.0,24.305,157.25,132.945,43.593392,28.546820160000003,24.305,923.0,1728.0,805.0,1113.1693,281.450564,923.0,2.0,11.0,9.0,3.39,2.1352,2.0,3.0,6.0,3.0,3.47,0.6956000000000002,3.0,124.0,196.0,72.0,143.99,10.422200000000007,141.0,1.2,1.93,0.73,1.3952,0.1651359999999999,1.31,1.0,2.0,1.0,1.99,0.0198,2.0,0.0,0.0,0.0,0.0,0.0,0.0,0.0,10.0,10.0,1.4,2.152,0.0,0.0,7.0,7.0,0.7,1.26,0.0,2.0,11.0,9.0,4.09,3.0932000000000004,2.0,0.0,1.0,1.0,0.01,0.0197999999999999,0.0,0.0,0.0,0.0,0.0,0.0,0.0,0.0,9.0,9.0,1.2,1.8,0.0,0.0,7.0,7.0,0.7,1.26,0.0,0.0,16.0,16.0,1.91,2.845,0.0,10.32,32.05,21.73,21.8549,3.570968,22.89,0.0,0.0,0.0,0.0,0.0,0.0,0.0,0.5953947,0.5953947,0.089309205,0.1518256485,0.0,194.0,225.0,31.0,198.96,8.332800000000006,194.0
Ag1.8 Al14 Co5 Cu9.2 La65 Ni5,13.0,57.0,44.0,45.13399999999999,15.492976000000004,57.0,13.0,73.0,60.0,31.678,24.281400000000005,13.0,26.9815386,138.90547,111.9239314,107.735160254,40.526192100656,138.90547,933.47,1768.0,834.53,1228.07938,128.09382039999994,1193.0,3.0,13.0,10.0,5.93,3.809,3.0,3.0,6.0,3.0,5.178,1.0686,6.0,121.0,207.0,86.0,178.74400000000003,36.73279999999999,207.0,1.1,1.93,0.8299999999999998,1.3394400000000002,0.311272,1.1,1.0,2.0,1.0,1.89,0.1958,2.0,0.0,1.0,1.0,0.14,0.2408,0.0,0.0,10.0,10.0,2.5,2.65,1.0,0.0,0.0,0.0,0.0,0.0,0.0,3.0,11.0,8.0,4.53,2.4174,3.0,0.0,1.0,1.0,0.11,0.1958,0.0,0.0,5.0,5.0,0.7,1.204,0.0,0.0,9.0,9.0,6.1,3.77,9.0,0.0,0.0,0.0,0.0,0.0,0.0,1.0,9.0,8.0,6.91,2.717,9.0,10.245,36.8975,26.652500000000003,28.631205,10.7461835,36.8975,0.0,0.0,0.0,0.0,0.0,0.0,0.0,1.5484712,1.5484712,0.107193295,0.192947931,0.0,194.0,225.0,31.0,203.3,13.020000000000003,194.0
Ag10 Al10 Cu40 Zr40,13.0,47.0,34.0,33.6,7.8,29.0,44.0,73.0,29.0,57.0,10.4,44.0,26.9815386,107.8682,80.88666140000001,75.39297386,19.15986614,63.546,933.47,2128.0,1194.53,1611.148,413.4816,1357.77,4.0,13.0,9.0,8.4,3.52,4.0,3.0,5.0,2.0,4.4,0.6,4.0,121.0,175.0,54.0,149.4,20.48,132.0,1.33,1.93,0.5999999999999999,1.646,0.2599999999999999,1.33,1.0,2.0,1.0,1.5,0.5,1.0,0.0,1.0,1.0,0.1,0.18,0.0,0.0,10.0,10.0,5.8,4.2,2.0,0.0,0.0,0.0,0.0,0.0,0.0,3.0,11.0,8.0,7.4,3.6,4.0,0.0,1.0,1.0,0.5,0.5,0.0,0.0,5.0,5.0,0.5,0.9,0.0,0.0,8.0,8.0,3.2,3.84,0.0,0.0,0.0,0.0,0.0,0.0,0.0,1.0,8.0,7.0,4.2,3.2,1.0,11.07,23.195,12.125,16.987000000000002,4.9664,11.07,0.0,0.0,0.0,0.0,0.0,0.0,0.0,0.0,0.0,0.0,0.0,0.0,194.0,225.0,31.0,212.6,14.88,194.0
Ag10 Al15 Cu20 La55,13.0,57.0,44.0,43.8,15.16,57.0,13.0,73.0,60.0,37.4,26.84,13.0,26.9815386,138.90547,111.9239314,103.94125929000002,39.24601992299999,138.90547,933.47,1357.77,424.3,1191.2175,77.32425,1193.0,3.0,13.0,10.0,6.9,4.29,3.0,3.0,6.0,3.0,5.05,1.045,6.0,121.0,207.0,86.0,172.9,37.51,207.0,1.1,1.93,0.8299999999999998,1.4195000000000002,0.35145,1.1,1.0,2.0,1.0,1.7,0.42,2.0,0.0,1.0,1.0,0.15,0.255,0.0,0.0,10.0,10.0,3.55,3.87,1.0,0.0,0.0,0.0,0.0,0.0,0.0,3.0,11.0,8.0,5.4,3.36,3.0,0.0,1.0,1.0,0.3,0.42,0.0,0.0,5.0,5.0,0.75,1.275,0.0,0.0,9.0,9.0,4.95,4.455,9.0,0.0,0.0,0.0,0.0,0.0,0.0,1.0,9.0,8.0,6.0,3.3,9.0,11.07,36.8975,25.8275,26.612625,11.3133625,36.8975,0.0,0.0,0.0,0.0,0.0,0.0,0.0,0.0,0.0,0.0,0.0,0.0,194.0,225.0,31.0,207.95,15.344999999999995,194.0
Ag10 Al30 Ca60,13.0,47.0,34.0,20.6,5.280000000000001,20.0,7.0,73.0,66.0,32.6,30.72,7.0,26.9815386,107.8682,80.88666140000001,42.92808158,12.988023683999996,40.078,933.47,1234.93,301.46000000000004,1072.534,83.43840000000004,1115.0,2.0,13.0,11.0,6.2,5.04,2.0,3.0,5.0,2.0,3.8,0.48,4.0,121.0,176.0,55.0,156.4,23.52,176.0,1.0,1.93,0.93,1.276,0.3312,1.0,1.0,2.0,1.0,1.9,0.18,2.0,0.0,1.0,1.0,0.3,0.42,0.0,0.0,10.0,10.0,1.0,1.8,0.0,0.0,0.0,0.0,0.0,0.0,0.0,2.0,11.0,9.0,3.2,1.56,2.0,0.0,1.0,1.0,0.1,0.18,0.0,0.0,5.0,5.0,1.5,2.1,0.0,0.0,0.0,0.0,0.0,0.0,0.0,0.0,0.0,0.0,0.0,0.0,0.0,0.0,5.0,5.0,1.6,2.04,0.0,16.33,37.77,21.440000000000005,29.239000000000004,10.2372,37.77,0.0,0.0,0.0,0.0,0.0,0.0,0.0,0.0,0.0,0.0,0.0,0.0,225.0,225.0,0.0,225.0,0.0,225.0
Ag10 Al7 Cu40 Zr43,13.0,47.0,34.0,34.41,7.325399999999999,40.0,44.0,73.0,29.0,56.13,10.4318,44.0,26.9815386,107.8682,80.88666140000001,77.320247702,18.06681743588,91.224,933.47,2128.0,1194.53,1646.9839000000002,413.673846,2128.0,4.0,13.0,9.0,8.13,3.5518,4.0,3.0,5.0,2.0,4.46,0.5723999999999999,5.0,121.0,175.0,54.0,151.02,20.6228,175.0,1.33,1.93,0.5999999999999999,1.6376,0.2683999999999999,1.33,1.0,2.0,1.0,1.5,0.5,2.0,0.0,1.0,1.0,0.07,0.1301999999999999,0.0,0.0,10.0,10.0,5.86,4.14,2.0,0.0,0.0,0.0,0.0,0.0,0.0,3.0,11.0,8.0,7.43,3.57,4.0,0.0,1.0,1.0,0.5,0.5,0.0,0.0,5.0,5.0,0.35,0.6510000000000001,0.0,0.0,8.0,8.0,3.44,3.9216,8.0,0.0,0.0,0.0,0.0,0.0,0.0,1.0,8.0,7.0,4.29,3.29,8.0,11.07,23.195,12.125,17.18845,5.165633000000001,23.195,0.0,0.0,0.0,0.0,0.0,0.0,0.0,0.0,0.0,0.0,0.0,0.0,194.0,225.0,31.0,211.67,15.196200000000005,194.0
Ag10 Ca60 Cu10 Mg20,12.0,47.0,35.0,22.0,6.4,20.0,7.0,68.0,61.0,30.7,28.44,7.0,24.305,107.8682,83.5632,46.049220000000005,15.863152000000005,40.078,923.0,1357.77,434.77,1112.87,75.94800000000006,1115.0,2.0,11.0,9.0,3.8,2.88,2.0,3.0,5.0,2.0,3.9,0.3600000000000001,4.0,132.0,176.0,44.0,161.5,17.4,176.0,1.0,1.93,0.93,1.245,0.294,1.0,1.0,2.0,1.0,1.8,0.3199999999999999,2.0,0.0,0.0,0.0,0.0,0.0,0.0,0.0,10.0,10.0,2.0,3.2,0.0,0.0,0.0,0.0,0.0,0.0,0.0,2.0,11.0,9.0,3.8,2.88,2.0,0.0,1.0,1.0,0.2,0.32,0.0,0.0,0.0,0.0,0.0,0.0,0.0,0.0,0.0,0.0,0.0,0.0,0.0,0.0,0.0,0.0,0.0,0.0,0.0,0.0,1.0,1.0,0.2,0.32,0.0,11.07,37.77,26.700000000000003,29.980000000000004,9.348000000000004,37.77,0.0,0.0,0.0,0.0,0.0,0.0,0.0,0.0,0.0,0.0,0.0,0.0,194.0,225.0,31.0,218.8,9.919999999999993,225.0
Ag10 Cu15 Er10 Mg65,12.0,68.0,56.0,23.65,15.145,12.0,35.0,68.0,33.0,63.8,5.7600000000000025,68.0,24.305,167.259,142.95399999999998,52.84286999999999,37.099231,24.305,923.0,1770.0,847.0,1104.1085,235.44105,923.0,2.0,11.0,9.0,4.35,3.325,2.0,3.0,6.0,3.0,3.65,0.845,3.0,132.0,189.0,57.0,144.85,8.859999999999996,141.0,1.24,1.93,0.69,1.4535,0.2292499999999999,1.31,1.0,2.0,1.0,1.75,0.375,2.0,0.0,0.0,0.0,0.0,0.0,0.0,0.0,10.0,10.0,2.5,3.75,0.0,0.0,12.0,12.0,1.2,2.16,0.0,2.0,14.0,12.0,5.45,4.485,2.0,0.0,1.0,1.0,0.25,0.375,0.0,0.0,0.0,0.0,0.0,0.0,0.0,0.0,0.0,0.0,0.0,0.0,0.0,0.0,2.0,2.0,0.2,0.36,0.0,0.0,2.0,2.0,0.45,0.585,0.0,11.07,30.585,19.515,21.230500000000003,4.028249999999999,22.89,0.0,0.0,0.0,0.0,0.0,0.0,0.0,0.0,0.0,0.0,0.0,0.0,194.0,225.0,31.0,201.75,11.625,194.0
Ag10 Cu15 Gd10 Mg65,12.0,64.0,52.0,23.25,14.625,12.0,27.0,68.0,41.0,63.0,7.2,68.0,24.305,157.25,132.945,51.84197,35.798061000000004,24.305,923.0,1586.0,663.0,1085.7085,211.52105,923.0,2.0,11.0,9.0,4.35,3.325,2.0,3.0,6.0,3.0,3.65,0.845,3.0,132.0,196.0,64.0,145.55,10.090000000000009,141.0,1.2,1.93,0.73,1.4494999999999998,0.2312499999999998,1.31,1.0,2.0,1.0,1.75,0.375,2.0,0.0,0.0,0.0,0.0,0.0,0.0,0.0,10.0,10.0,2.6,3.7,0.0,0.0,7.0,7.0,0.7,1.26,0.0,2.0,11.0,9.0,5.05,3.965,2.0,0.0,1.0,1.0,0.25,0.375,0.0,0.0,0.0,0.0,0.0,0.0,0.0,0.0,9.0,9.0,0.9,1.62,0.0,0.0,7.0,7.0,0.7,1.26,0.0,0.0,16.0,16.0,1.85,2.83,0.0,11.07,32.05,20.98,21.377,4.101499999999999,22.89,0.0,0.0,0.0,0.0,0.0,0.0,0.0,0.0,0.0,0.0,0.0,0.0,194.0,225.0,31.0,201.75,11.625,194.0
Ag10 Cu15 Gd6 Mg65 Y4,12.0,64.0,52.0,22.25,13.325,12.0,12.0,68.0,56.0,62.4,8.280000000000001,68.0,24.305,157.25,132.945,49.10820400000001,32.244165200000005,24.305,923.0,1799.0,876.0,1094.2285000000002,222.59705000000005,923.0,2.0,11.0,9.0,4.35,3.3249999999999997,2.0,3.0,6.0,3.0,3.61,0.7929999999999999,3.0,132.0,196.0,64.0,145.31,9.658,141.0,1.2,1.93,0.73,1.4503,0.2308499999999999,1.31,1.0,2.0,1.0,1.75,0.375,2.0,0.0,0.0,0.0,0.0,0.0,0.0,0.0,10.0,10.0,2.6,3.7,0.0,0.0,7.0,7.0,0.42,0.7896000000000001,0.0,2.0,11.0,9.0,4.77,3.7426,2.0,0.0,1.0,1.0,0.25,0.375,0.0,0.0,0.0,0.0,0.0,0.0,0.0,0.0,9.0,9.0,0.9,1.62,0.0,0.0,7.0,7.0,0.42,0.7896000000000001,0.0,0.0,16.0,16.0,1.57,2.326,0.0,11.07,32.365,21.295,21.3896,4.1078,22.89,0.0,0.0,0.0,0.0,0.0,0.0,0.0,0.0,0.0,0.0,0.0,0.0,194.0,225.0,31.0,201.75,11.625,194.0
Ag10 Cu15 Gd8 Mg65 Y2,12.0,64.0,52.0,22.75,13.975,12.0,12.0,68.0,56.0,62.7,7.739999999999997,68.0,24.305,157.25,132.945,50.475087,34.0211131,24.305,923.0,1799.0,876.0,1089.9685,217.05905,923.0,2.0,11.0,9.0,4.35,3.3249999999999997,2.0,3.0,6.0,3.0,3.63,0.819,3.0,132.0,196.0,64.0,145.43,9.874000000000006,141.0,1.2,1.93,0.73,1.4499000000000002,0.23105,1.31,1.0,2.0,1.0,1.75,0.375,2.0,0.0,0.0,0.0,0.0,0.0,0.0,0.0,10.0,10.0,2.6,3.7,0.0,0.0,7.0,7.0,0.56,1.0304,0.0,2.0,11.0,9.0,4.91,3.8594,2.0,0.0,1.0,1.0,0.25,0.375,0.0,0.0,0.0,0.0,0.0,0.0,0.0,0.0,9.0,9.0,0.9,1.62,0.0,0.0,7.0,7.0,0.56,1.0304,0.0,0.0,16.0,16.0,1.71,2.5779999999999994,0.0,11.07,32.365,21.295,21.38330000000001,4.104649999999998,22.89,0.0,0.0,0.0,0.0,0.0,0.0,0.0,0.0,0.0,0.0,0.0,0.0,194.0,225.0,31.0,201.75,11.625,194.0
Ag10 Cu15 Mg65 Tb10,12.0,65.0,53.0,23.35,14.755,12.0,29.0,68.0,39.0,63.2,6.839999999999998,68.0,24.305,158.92535,134.62035,52.009505,36.0158565,24.305,923.0,1629.0,706.0,1090.0085,217.11105000000003,923.0,2.0,11.0,9.0,4.35,3.325,2.0,3.0,6.0,3.0,3.65,0.845,3.0,132.0,194.0,62.0,145.35,9.729999999999997,141.0,1.21,1.93,0.72,1.4505,0.2307499999999999,1.31,1.0,2.0,1.0,1.75,0.375,2.0,0.0,0.0,0.0,0.0,0.0,0.0,0.0,10.0,10.0,2.5,3.75,0.0,0.0,9.0,9.0,0.9,1.62,0.0,2.0,11.0,9.0,5.15,4.095,2.0,0.0,1.0,1.0,0.25,0.375,0.0,0.0,0.0,0.0,0.0,0.0,0.0,0.0,0.0,0.0,0.0,0.0,0.0,0.0,5.0,5.0,0.5,0.9,0.0,0.0,5.0,5.0,0.75,0.975,0.0,11.07,31.7366666667,20.6666666667,21.34566666667,4.085833333335,22.89,0.0,0.0,0.0,0.0,0.0,0.0,0.0,0.0,0.0,0.0,0.0,0.0,194.0,225.0,31.0,201.75,11.625,194.0
Ag10 Cu40 Zr50,29.0,47.0,18.0,36.3,5.84,40.0,44.0,65.0,21.0,54.1,10.1,44.0,63.546,107.8682,44.3222,81.81721999999999,14.616976000000005,91.224,1234.93,2128.0,893.0699999999999,1730.601,397.399,2128.0,4.0,11.0,7.0,7.5,3.5,4.0,4.0,5.0,1.0,4.6,0.4800000000000001,5.0,132.0,175.0,43.0,154.8,20.2,175.0,1.33,1.93,0.5999999999999999,1.618,0.2879999999999999,1.33,1.0,2.0,1.0,1.5,0.5,2.0,0.0,0.0,0.0,0.0,0.0,0.0,2.0,10.0,8.0,6.0,4.0,2.0,0.0,0.0,0.0,0.0,0.0,0.0,4.0,11.0,7.0,7.5,3.5,4.0,0.0,1.0,1.0,0.5,0.5,0.0,0.0,0.0,0.0,0.0,0.0,0.0,0.0,8.0,8.0,4.0,4.0,8.0,0.0,0.0,0.0,0.0,0.0,0.0,1.0,8.0,7.0,4.5,3.5,8.0,11.07,23.195,12.125,17.6585,5.5365,23.195,0.0,0.0,0.0,0.0,0.0,0.0,0.0,0.0,0.0,0.0,0.0,0.0,194.0,225.0,31.0,209.5,15.5,194.0
Ag10 Cu45 Hf10 Zr35,29.0,72.0,43.0,38.95,8.955,29.0,44.0,65.0,21.0,55.2,9.88,64.0,63.546,178.49,114.94400000000002,89.15992,23.052528,63.546,1234.93,2506.0,1271.07,1729.8895000000002,433.89945,1357.77,4.0,11.0,7.0,7.85,3.465,11.0,4.0,6.0,2.0,4.65,0.585,4.0,132.0,175.0,43.0,152.65,20.115,132.0,1.3,1.93,0.6299999999999999,1.6435,0.2881499999999999,1.9,1.0,2.0,1.0,1.45,0.495,1.0,0.0,0.0,0.0,0.0,0.0,0.0,2.0,10.0,8.0,6.4,3.96,10.0,0.0,14.0,14.0,1.4,2.52,0.0,4.0,18.0,14.0,9.25,3.675,11.0,0.0,1.0,1.0,0.55,0.495,1.0,0.0,0.0,0.0,0.0,0.0,0.0,0.0,8.0,8.0,3.6,3.96,0.0,0.0,0.0,0.0,0.0,0.0,0.0,1.0,8.0,7.0,4.15,3.465,1.0,11.07,23.195,12.125,16.95275,5.419025,11.07,0.0,0.0,0.0,0.0,0.0,0.0,0.0,0.0,0.0,0.0,0.0,0.0,194.0,225.0,31.0,211.05,15.345,225.0
Ag10 Cu45 Hf20 Zr25,29.0,72.0,43.0,42.15,12.91,29.0,44.0,65.0,21.0,55.3,9.77,64.0,63.546,178.49,114.94400000000002,97.88652,34.237728000000004,63.546,1234.93,2506.0,1271.07,1767.6895000000002,475.47945,1357.77,4.0,11.0,7.0,7.85,3.465,11.0,4.0,6.0,2.0,4.75,0.675,4.0,132.0,175.0,43.0,152.65,20.115,132.0,1.3,1.93,0.6299999999999999,1.6405,0.2914499999999999,1.9,1.0,2.0,1.0,1.45,0.495,1.0,0.0,0.0,0.0,0.0,0.0,0.0,2.0,10.0,8.0,6.4,3.96,10.0,0.0,14.0,14.0,2.8,4.48,0.0,4.0,18.0,14.0,10.65,3.325,11.0,0.0,1.0,1.0,0.55,0.495,1.0,0.0,0.0,0.0,0.0,0.0,0.0,0.0,8.0,8.0,3.6,3.96,0.0,0.0,0.0,0.0,0.0,0.0,0.0,1.0,8.0,7.0,4.15,3.465,1.0,11.07,23.195,12.125,16.85325,5.309575,11.07,0.0,0.0,0.0,0.0,0.0,0.0,0.0,0.0,0.0,0.0,0.0,0.0,194.0,225.0,31.0,211.05,15.344999999999995,225.0
Ag10 Cu45 Hf30 Zr15,29.0,72.0,43.0,45.35,16.32,29.0,44.0,65.0,21.0,55.4,9.66,64.0,63.546,178.49,114.94400000000002,106.61312000000002,43.377144,63.546,1234.93,2506.0,1271.07,1805.4895,517.0594500000001,1357.77,4.0,11.0,7.0,7.85,3.465,11.0,4.0,6.0,2.0,4.85,0.765,4.0,132.0,175.0,43.0,152.65,20.115,132.0,1.3,1.93,0.6299999999999999,1.6375,0.2947499999999999,1.9,1.0,2.0,1.0,1.45,0.495,1.0,0.0,0.0,0.0,0.0,0.0,0.0,2.0,10.0,8.0,6.4,3.96,10.0,0.0,14.0,14.0,4.2,5.88,0.0,4.0,18.0,14.0,12.05,3.57,11.0,0.0,1.0,1.0,0.55,0.495,1.0,0.0,0.0,0.0,0.0,0.0,0.0,0.0,8.0,8.0,3.6,3.96,0.0,0.0,0.0,0.0,0.0,0.0,0.0,1.0,8.0,7.0,4.15,3.465,1.0,11.07,23.195,12.125,16.75375,5.200125000000001,11.07,0.0,0.0,0.0,0.0,0.0,0.0,0.0,0.0,0.0,0.0,0.0,0.0,194.0,225.0,31.0,211.05,15.345,225.0
Ag10 Cu45 Ni5 Ti10 Zr30,22.0,47.0,25.0,33.35,6.72,29.0,43.0,65.0,22.0,55.85,9.68,64.0,47.867,107.8682,60.0012,74.47109,16.731168000000004,63.546,1234.93,2128.0,893.0699999999999,1653.3895000000002,349.74945,1357.77,4.0,11.0,7.0,8.15,3.32,11.0,4.0,5.0,1.0,4.4,0.4800000000000001,4.0,124.0,175.0,51.0,148.6,18.12,132.0,1.33,1.93,0.5999999999999999,1.6965,0.2511999999999999,1.9,1.0,2.0,1.0,1.45,0.495,1.0,0.0,0.0,0.0,0.0,0.0,0.0,2.0,10.0,8.0,6.7,3.76,10.0,0.0,0.0,0.0,0.0,0.0,0.0,4.0,11.0,7.0,8.15,3.32,11.0,0.0,1.0,1.0,0.55,0.495,1.0,0.0,0.0,0.0,0.0,0.0,0.0,0.0,8.0,8.0,3.3,3.76,0.0,0.0,0.0,0.0,0.0,0.0,0.0,1.0,8.0,7.0,3.85,3.32,1.0,10.32,23.195,12.875,15.758000000000004,4.763,11.07,0.0,0.0,0.0,0.0,0.0,0.0,0.0,0.5953947,0.5953947,0.0297719883333333,0.0565622711666666,0.0,194.0,225.0,31.0,212.6,14.88,225.0
Ag10 Cu45 Zr45,29.0,47.0,18.0,35.75,6.075,29.0,44.0,65.0,21.0,55.1,9.99,44.0,63.546,107.8682,44.3222,80.43332000000001,15.198588000000004,63.546,1234.93,2128.0,893.0699999999999,1692.0895,392.31945,1357.77,4.0,11.0,7.0,7.85,3.465,4.0,4.0,5.0,1.0,4.55,0.495,4.0,132.0,175.0,43.0,152.65,20.115,132.0,1.33,1.93,0.5999999999999999,1.6465,0.2848499999999999,1.33,1.0,2.0,1.0,1.45,0.495,1.0,0.0,0.0,0.0,0.0,0.0,0.0,2.0,10.0,8.0,6.4,3.96,2.0,0.0,0.0,0.0,0.0,0.0,0.0,4.0,11.0,7.0,7.85,3.465,4.0,0.0,1.0,1.0,0.55,0.495,0.0,0.0,0.0,0.0,0.0,0.0,0.0,0.0,8.0,8.0,3.6,3.96,0.0,0.0,0.0,0.0,0.0,0.0,0.0,1.0,8.0,7.0,4.15,3.465,1.0,11.07,23.195,12.125,17.05225,5.528475000000001,11.07,0.0,0.0,0.0,0.0,0.0,0.0,0.0,0.0,0.0,0.0,0.0,0.0,194.0,225.0,31.0,211.05,15.345,194.0
Ag10 Cu49 Ti5 Zr36,22.0,47.0,25.0,34.41,6.5428,29.0,43.0,65.0,22.0,55.85,9.817,64.0,47.867,107.8682,60.0012,77.15835,16.269238,63.546,1234.93,2128.0,893.0699999999999,1651.9303,371.677154,1357.77,4.0,11.0,7.0,8.13,3.3866,11.0,4.0,5.0,1.0,4.46,0.4968,4.0,132.0,175.0,43.0,150.18,18.852400000000003,132.0,1.33,1.93,0.5999999999999999,1.6798,0.2658359999999999,1.9,1.0,2.0,1.0,1.41,0.4837999999999999,1.0,0.0,0.0,0.0,0.0,0.0,0.0,2.0,10.0,8.0,6.72,3.8704,10.0,0.0,0.0,0.0,0.0,0.0,0.0,4.0,11.0,7.0,8.13,3.3866,11.0,0.0,1.0,1.0,0.59,0.4837999999999999,1.0,0.0,0.0,0.0,0.0,0.0,0.0,0.0,8.0,8.0,3.28,3.8704,0.0,0.0,0.0,0.0,0.0,0.0,0.0,1.0,8.0,7.0,3.87,3.3866,1.0,11.07,23.195,12.125,16.242,5.06856,11.07,0.0,0.0,0.0,0.0,0.0,0.0,0.0,2.25333333333e-05,2.25333333333e-05,1.126666666665e-06,2.1406666666635e-06,0.0,194.0,225.0,31.0,212.29,14.997800000000002,225.0
Ag10 Cu50 Ti10 Zr30,22.0,47.0,25.0,33.4,6.68,29.0,43.0,65.0,22.0,56.0,9.8,64.0,47.867,107.8682,60.0012,74.71372000000001,16.537064000000004,63.546,1234.93,2128.0,893.0699999999999,1634.878,357.0976,1357.77,4.0,11.0,7.0,8.2,3.36,11.0,4.0,5.0,1.0,4.4,0.4800000000000001,4.0,132.0,175.0,43.0,149.0,17.8,132.0,1.33,1.93,0.5999999999999999,1.696,0.2507999999999999,1.9,1.0,2.0,1.0,1.4,0.48,1.0,0.0,0.0,0.0,0.0,0.0,0.0,2.0,10.0,8.0,6.8,3.84,10.0,0.0,0.0,0.0,0.0,0.0,0.0,4.0,11.0,7.0,8.2,3.36,11.0,0.0,1.0,1.0,0.6,0.48,1.0,0.0,0.0,0.0,0.0,0.0,0.0,0.0,8.0,8.0,3.2,3.84,0.0,0.0,0.0,0.0,0.0,0.0,0.0,1.0,8.0,7.0,3.8,3.36,1.0,11.07,23.195,12.125,15.7955,4.725499999999999,11.07,0.0,0.0,0.0,0.0,0.0,0.0,0.0,2.25333333333e-05,2.25333333333e-05,2.25333333333e-06,4.055999999994e-06,0.0,194.0,225.0,31.0,212.6,14.88,225.0
Ag10 Cu54 Zr36,29.0,47.0,18.0,34.76,6.2208000000000006,29.0,44.0,65.0,21.0,56.9,9.288,64.0,63.546,107.8682,44.3222,77.9423,15.548004,63.546,1234.93,2128.0,893.0699999999999,1622.7688,363.766464,1357.77,4.0,11.0,7.0,8.48,3.2256,11.0,4.0,5.0,1.0,4.46,0.4967999999999999,4.0,132.0,175.0,43.0,148.78,18.878400000000003,132.0,1.33,1.93,0.5999999999999999,1.6978,0.2648159999999999,1.9,1.0,2.0,1.0,1.36,0.4608,1.0,0.0,0.0,0.0,0.0,0.0,0.0,2.0,10.0,8.0,7.12,3.6864,10.0,0.0,0.0,0.0,0.0,0.0,0.0,4.0,11.0,7.0,8.48,3.2256,11.0,0.0,1.0,1.0,0.64,0.4608,1.0,0.0,0.0,0.0,0.0,0.0,0.0,0.0,8.0,8.0,2.88,3.6864,0.0,0.0,0.0,0.0,0.0,0.0,0.0,1.0,8.0,7.0,3.52,3.2256000000000005,1.0,11.07,23.195,12.125,15.961,5.282280000000001,11.07,0.0,0.0,0.0,0.0,0.0,0.0,0.0,0.0,0.0,0.0,0.0,0.0,194.0,225.0,31.0,213.84,14.2848,225.0
Ag10.5 Cu24.5 Mg54 Y11,12.0,47.0,35.0,22.81,11.674799999999998,12.0,12.0,68.0,56.0,60.545,10.679899999999998,68.0,24.305,107.8682,83.5632,49.7992745,27.533816460000004,24.305,923.0,1799.0,876.0,1158.6313,254.481804,923.0,2.0,11.0,9.0,5.26,4.018,2.0,3.0,5.0,2.0,3.675,0.7290000000000001,3.0,132.0,190.0,58.0,144.605,10.069849999999995,141.0,1.22,1.93,0.71,1.50975,0.2794749999999999,1.31,1.0,2.0,1.0,1.65,0.455,2.0,0.0,0.0,0.0,0.0,0.0,0.0,0.0,10.0,10.0,3.61,4.473,0.0,0.0,0.0,0.0,0.0,0.0,0.0,2.0,11.0,9.0,5.26,4.018,2.0,0.0,1.0,1.0,0.35,0.455,0.0,0.0,0.0,0.0,0.0,0.0,0.0,0.0,9.0,9.0,0.99,1.7622,0.0,0.0,0.0,0.0,0.0,0.0,0.0,0.0,9.0,9.0,1.34,1.6852,0.0,11.07,32.365,21.295,20.34755,5.389685000000001,22.89,0.0,0.0,0.0,0.0,0.0,0.0,0.0,0.0,0.0,0.0,0.0,0.0,194.0,225.0,31.0,204.85,14.104999999999997,194.0
Ag11.6 Cu46.4 Ti7 Zr35,22.0,47.0,25.0,34.448,6.798463999999999,29.0,43.0,65.0,22.0,55.646,9.92264,64.0,47.867,107.8682,60.0012,77.27714519999999,16.8599230736,63.546,1234.93,2128.0,893.0699999999999,1653.9271600000002,372.0411856,1357.77,4.0,11.0,7.0,8.06,3.4104,11.0,4.0,5.0,1.0,4.466,0.4976879999999999,4.0,132.0,175.0,43.0,150.518,18.46488,132.0,1.33,1.93,0.5999999999999999,1.6787800000000002,0.2635751999999999,1.9,1.0,2.0,1.0,1.42,0.4871999999999999,1.0,0.0,0.0,0.0,0.0,0.0,0.0,2.0,10.0,8.0,6.64,3.8976,10.0,0.0,0.0,0.0,0.0,0.0,0.0,4.0,11.0,7.0,8.06,3.4104,11.0,0.0,1.0,1.0,0.58,0.4871999999999999,1.0,0.0,0.0,0.0,0.0,0.0,0.0,0.0,8.0,8.0,3.36,3.8976000000000006,0.0,0.0,0.0,0.0,0.0,0.0,0.0,1.0,8.0,7.0,3.94,3.4104,1.0,11.07,23.195,12.125,16.317310000000003,4.869503679999999,11.07,0.0,0.0,0.0,0.0,0.0,0.0,0.0,2.25333333333e-05,2.25333333333e-05,1.5773333333310002e-06,2.93383999999566e-06,0.0,194.0,225.0,31.0,211.98,15.1032,225.0
Ag12 Cu38 Zr50,29.0,47.0,18.0,36.66,5.821600000000001,40.0,44.0,65.0,21.0,54.12,10.12,44.0,63.546,107.8682,44.3222,82.70366399999999,14.559824640000006,91.224,1234.93,2128.0,893.0699999999999,1728.1441999999995,399.8558,2128.0,4.0,11.0,7.0,7.5,3.5,4.0,4.0,5.0,1.0,4.62,0.4711999999999999,5.0,132.0,175.0,43.0,155.06,19.94,175.0,1.33,1.93,0.5999999999999999,1.6186,0.2885999999999999,1.33,1.0,2.0,1.0,1.5,0.5,2.0,0.0,0.0,0.0,0.0,0.0,0.0,2.0,10.0,8.0,6.0,4.0,2.0,0.0,0.0,0.0,0.0,0.0,0.0,4.0,11.0,7.0,7.5,3.5,4.0,0.0,1.0,1.0,0.5,0.5,0.0,0.0,0.0,0.0,0.0,0.0,0.0,0.0,8.0,8.0,4.0,4.0,8.0,0.0,0.0,0.0,0.0,0.0,0.0,1.0,8.0,7.0,4.5,3.5,8.0,11.07,23.195,12.125,17.7637,5.4313,23.195,0.0,0.0,0.0,0.0,0.0,0.0,0.0,0.0,0.0,0.0,0.0,0.0,194.0,225.0,31.0,209.5,15.5,194.0
Ag12 Cu44 Zr44,29.0,47.0,18.0,36.0,6.16,29.0,44.0,65.0,21.0,55.32,9.9616,44.0,63.546,107.8682,44.3222,81.04298399999999,15.397345920000005,63.546,1234.93,2128.0,893.0699999999999,1681.9303999999995,392.5412479999999,1357.77,4.0,11.0,7.0,7.92,3.4496,4.0,4.0,5.0,1.0,4.56,0.4928,4.0,132.0,175.0,43.0,152.48,19.8176,132.0,1.33,1.93,0.5999999999999999,1.6528,0.2840639999999999,1.33,1.0,2.0,1.0,1.44,0.4928,1.0,0.0,0.0,0.0,0.0,0.0,0.0,2.0,10.0,8.0,6.48,3.9424,2.0,0.0,0.0,0.0,0.0,0.0,0.0,4.0,11.0,7.0,7.92,3.4496,4.0,0.0,1.0,1.0,0.56,0.4928,0.0,0.0,0.0,0.0,0.0,0.0,0.0,0.0,8.0,8.0,3.52,3.9424,0.0,0.0,0.0,0.0,0.0,0.0,0.0,1.0,8.0,7.0,4.08,3.4496,1.0,11.07,23.195,12.125,17.036199999999997,5.419744000000001,11.07,0.0,0.0,0.0,0.0,0.0,0.0,0.0,0.0,0.0,0.0,0.0,0.0,194.0,225.0,31.0,211.36,15.276799999999998,194.0
Ag13 Al3 Cu36 Zr48,13.0,47.0,34.0,36.14,6.5292,40.0,44.0,73.0,29.0,54.8,10.368,44.0,26.9815386,107.8682,80.88666140000001,81.49639215799999,16.195173567240005,91.224,933.47,2128.0,1194.53,1698.7822,412.049088,2128.0,4.0,13.0,9.0,7.7,3.5520000000000005,4.0,3.0,5.0,2.0,4.58,0.5124,5.0,121.0,175.0,54.0,154.0,20.16,175.0,1.33,1.93,0.5999999999999999,1.6216,0.2806319999999999,1.33,1.0,2.0,1.0,1.51,0.4998,2.0,0.0,1.0,1.0,0.03,0.0582,0.0,0.0,10.0,10.0,5.86,4.0572,2.0,0.0,0.0,0.0,0.0,0.0,0.0,3.0,11.0,8.0,7.4,3.528,4.0,0.0,1.0,1.0,0.49,0.4998,0.0,0.0,5.0,5.0,0.15,0.291,0.0,0.0,8.0,8.0,3.84,3.9936,8.0,0.0,0.0,0.0,0.0,0.0,0.0,1.0,8.0,7.0,4.48,3.4104,8.0,11.07,23.195,12.125,17.7361,5.240544,23.195,0.0,0.0,0.0,0.0,0.0,0.0,0.0,0.0,0.0,0.0,0.0,0.0,194.0,225.0,31.0,210.12,15.4752,194.0
Ag15 Cu10 Gd10 Mg65,12.0,64.0,52.0,24.15,15.795,12.0,27.0,68.0,41.0,63.05,7.210000000000003,68.0,24.305,157.25,132.945,54.05808,38.679004,24.305,923.0,1586.0,663.0,1079.5665,203.53645,923.0,2.0,11.0,9.0,4.35,3.325,2.0,3.0,6.0,3.0,3.7,0.91,3.0,132.0,196.0,64.0,146.2,9.95999999999999,141.0,1.2,1.93,0.73,1.4510000000000003,0.2335000000000001,1.31,1.0,2.0,1.0,1.75,0.375,2.0,0.0,0.0,0.0,0.0,0.0,0.0,0.0,10.0,10.0,2.6,3.7,0.0,0.0,7.0,7.0,0.7,1.26,0.0,2.0,11.0,9.0,5.05,3.965,2.0,0.0,1.0,1.0,0.25,0.375,0.0,0.0,0.0,0.0,0.0,0.0,0.0,0.0,9.0,9.0,0.9,1.62,0.0,0.0,7.0,7.0,0.7,1.26,0.0,0.0,16.0,16.0,1.85,2.83,0.0,11.07,32.05,20.98,21.64,3.707,22.89,0.0,0.0,0.0,0.0,0.0,0.0,0.0,0.0,0.0,0.0,0.0,0.0,194.0,225.0,31.0,201.75,11.625,194.0
Ag15 Cu45 Ti10 Zr30,22.0,47.0,25.0,34.3,7.23,29.0,43.0,65.0,22.0,56.05,9.84,64.0,47.867,107.8682,60.0012,76.92983000000001,17.858013,63.546,1234.93,2128.0,893.0699999999999,1628.736,362.0112,1357.77,4.0,11.0,7.0,8.2,3.36,11.0,4.0,5.0,1.0,4.45,0.495,4.0,132.0,175.0,43.0,149.65,17.28,132.0,1.33,1.93,0.5999999999999999,1.6975,0.2519999999999999,1.9,1.0,2.0,1.0,1.4,0.48,1.0,0.0,0.0,0.0,0.0,0.0,0.0,2.0,10.0,8.0,6.8,3.84,10.0,0.0,0.0,0.0,0.0,0.0,0.0,4.0,11.0,7.0,8.2,3.36,11.0,0.0,1.0,1.0,0.6,0.48,1.0,0.0,0.0,0.0,0.0,0.0,0.0,0.0,8.0,8.0,3.2,3.84,0.0,0.0,0.0,0.0,0.0,0.0,0.0,1.0,8.0,7.0,3.8,3.36,1.0,11.07,23.195,12.125,16.0585,4.48965,11.07,0.0,0.0,0.0,0.0,0.0,0.0,0.0,2.25333333333e-05,2.25333333333e-05,2.25333333333e-06,4.055999999994e-06,0.0,194.0,225.0,31.0,212.6,14.88,225.0
Ag16 Cu42 Zr42,29.0,47.0,18.0,36.5,6.3,29.0,44.0,65.0,21.0,55.76,9.8784,44.0,63.546,107.8682,44.3222,82.26231200000001,15.72170208,63.546,1234.93,2128.0,893.0699999999999,1661.6122,391.7657520000001,1357.77,4.0,11.0,7.0,8.06,3.4104,4.0,4.0,5.0,1.0,4.58,0.4871999999999999,4.0,132.0,175.0,43.0,152.14,19.2024,132.0,1.33,1.93,0.5999999999999999,1.6654,0.2817359999999999,1.33,1.0,2.0,1.0,1.42,0.4871999999999999,1.0,0.0,0.0,0.0,0.0,0.0,0.0,2.0,10.0,8.0,6.64,3.8976,2.0,0.0,0.0,0.0,0.0,0.0,0.0,4.0,11.0,7.0,8.06,3.4104,4.0,0.0,1.0,1.0,0.58,0.4871999999999999,0.0,0.0,0.0,0.0,0.0,0.0,0.0,0.0,8.0,8.0,3.36,3.8976,0.0,0.0,0.0,0.0,0.0,0.0,0.0,1.0,8.0,7.0,3.94,3.4104,1.0,11.07,23.195,12.125,17.0041,5.200356,11.07,0.0,0.0,0.0,0.0,0.0,0.0,0.0,0.0,0.0,0.0,0.0,0.0,194.0,225.0,31.0,211.98,15.1032,194.0
Ag2 Al14 Co6 Cu10 La62 Ni6,13.0,57.0,44.0,44.3,15.856000000000002,57.0,13.0,73.0,60.0,33.12,24.9488,13.0,26.9815386,138.90547,111.9239314,105.46836650400002,41.55800167488,138.90547,933.47,1768.0,834.53,1240.5814,145.218184,1193.0,3.0,13.0,10.0,6.14,3.8936,3.0,3.0,6.0,3.0,5.12,1.0912,6.0,121.0,207.0,86.0,176.38,37.9688,207.0,1.1,1.93,0.8299999999999998,1.3634,0.3266159999999999,1.1,1.0,2.0,1.0,1.88,0.2112,2.0,0.0,1.0,1.0,0.14,0.2408,0.0,0.0,10.0,10.0,2.72,2.8944,1.0,0.0,0.0,0.0,0.0,0.0,0.0,3.0,11.0,8.0,4.74,2.6448,3.0,0.0,1.0,1.0,0.12,0.2111999999999999,0.0,0.0,5.0,5.0,0.7,1.204,0.0,0.0,9.0,9.0,5.88,3.8688,9.0,0.0,0.0,0.0,0.0,0.0,0.0,1.0,9.0,8.0,6.7,2.852,9.0,10.245,36.8975,26.652500000000003,27.851150000000004,11.217473999999998,36.8975,0.0,0.0,0.0,0.0,0.0,0.0,0.0,1.5484712,1.5484712,0.128631954,0.22639223904,0.0,194.0,225.0,31.0,203.92,13.491199999999994,194.0
Ag2 Al14 Cu22 La62,13.0,57.0,44.0,44.48,15.625600000000002,57.0,13.0,73.0,60.0,33.66,25.6184,13.0,26.9815386,138.90547,111.9239314,106.03629080400002,40.83105857088,138.90547,933.47,1357.77,424.3,1193.7538,73.81417599999997,1193.0,3.0,13.0,10.0,6.32,4.1168000000000005,3.0,3.0,6.0,3.0,5.12,1.0912,6.0,121.0,207.0,86.0,177.22,36.9272,207.0,1.1,1.93,0.8299999999999998,1.364,0.32736,1.1,1.0,2.0,1.0,1.76,0.3647999999999999,2.0,0.0,1.0,1.0,0.14,0.2408,0.0,0.0,10.0,10.0,3.02,3.3504,1.0,0.0,0.0,0.0,0.0,0.0,0.0,3.0,11.0,8.0,4.92,2.9184,3.0,0.0,1.0,1.0,0.24,0.3647999999999999,0.0,0.0,5.0,5.0,0.7,1.204,0.0,0.0,9.0,9.0,5.58,4.2408,9.0,0.0,0.0,0.0,0.0,0.0,0.0,1.0,9.0,8.0,6.52,3.0752,9.0,11.07,36.8975,25.8275,27.94565,11.100293999999998,36.8975,0.0,0.0,0.0,0.0,0.0,0.0,0.0,0.0,0.0,0.0,0.0,0.0,194.0,225.0,31.0,205.78,14.6072,194.0
Ag2 Al6 Cu48 Zr44,13.0,47.0,34.0,33.24,6.499200000000001,29.0,44.0,73.0,29.0,55.76,10.3488,64.0,26.9815386,107.8682,80.88666140000001,74.416896316,16.128303389280003,63.546,933.47,2128.0,1194.53,1668.7564000000002,404.13436800000005,1357.77,4.0,13.0,9.0,8.04,3.5552,11.0,3.0,5.0,2.0,4.4,0.552,4.0,121.0,175.0,54.0,150.52,21.5424,132.0,1.33,1.93,0.5999999999999999,1.6324,0.2687999999999999,1.9,1.0,2.0,1.0,1.5,0.5,1.0,0.0,1.0,1.0,0.06,0.1128,0.0,0.0,10.0,10.0,5.88,4.12,10.0,0.0,0.0,0.0,0.0,0.0,0.0,3.0,11.0,8.0,7.44,3.56,11.0,0.0,1.0,1.0,0.5,0.5,1.0,0.0,5.0,5.0,0.3,0.5640000000000001,0.0,0.0,8.0,8.0,3.52,3.9424,0.0,0.0,0.0,0.0,0.0,0.0,0.0,1.0,8.0,7.0,4.32,3.32,1.0,11.07,23.195,12.125,16.8348,5.596976,11.07,0.0,0.0,0.0,0.0,0.0,0.0,0.0,0.0,0.0,0.0,0.0,0.0,194.0,225.0,31.0,211.36,15.276799999999998,225.0
Ag2 Al7 Cu43 Zr48,13.0,47.0,34.0,33.52,6.76,40.0,44.0,73.0,29.0,55.05,10.608,44.0,26.9815386,107.8682,80.88666140000001,75.15837170200001,16.731396298000003,91.224,933.47,2128.0,1194.53,1695.3226000000002,415.370304,2128.0,4.0,13.0,9.0,7.78,3.6288,4.0,3.0,5.0,2.0,4.43,0.57,5.0,121.0,175.0,54.0,152.13,21.9552,175.0,1.33,1.93,0.5999999999999999,1.6067000000000002,0.2656319999999999,1.33,1.0,2.0,1.0,1.55,0.495,2.0,0.0,1.0,1.0,0.07,0.1301999999999999,0.0,0.0,10.0,10.0,5.46,4.085999999999999,2.0,0.0,0.0,0.0,0.0,0.0,0.0,3.0,11.0,8.0,7.08,3.528,4.0,0.0,1.0,1.0,0.45,0.495,0.0,0.0,5.0,5.0,0.35,0.6509999999999999,0.0,0.0,8.0,8.0,3.84,3.9936,8.0,0.0,0.0,0.0,0.0,0.0,0.0,1.0,8.0,7.0,4.64,3.276,8.0,11.07,23.195,12.125,17.373900000000003,5.588256,23.195,0.0,0.0,0.0,0.0,0.0,0.0,0.0,0.0,0.0,0.0,0.0,0.0,194.0,225.0,31.0,210.12,15.4752,194.0
Ag2 Cu4 P5 Pd79 Si10,14.0,47.0,33.0,40.59,8.804199999999998,46.0,62.0,83.0,21.0,64.79,4.4714000000000045,62.0,28.0855,107.8682,79.7827,93.1282421,21.590575798000003,106.42,317.3,1828.05,1510.75,1707.7339,190.099438,1828.05,10.0,15.0,5.0,10.71,1.1218000000000006,10.0,3.0,5.0,2.0,4.66,0.5508,5.0,107.0,145.0,38.0,134.44,7.627200000000001,139.0,1.9,2.2,0.3000000000000002,2.1521,0.0794720000000002,2.2,0.0,2.0,2.0,0.36,0.5688,0.0,0.0,3.0,3.0,0.35,0.595,0.0,0.0,10.0,10.0,8.5,2.55,10.0,0.0,0.0,0.0,0.0,0.0,0.0,4.0,11.0,7.0,9.21,1.4629999999999996,10.0,0.0,1.0,1.0,0.06,0.1128,0.0,0.0,4.0,4.0,0.55,0.935,0.0,0.0,0.0,0.0,0.0,0.0,0.0,0.0,0.0,0.0,0.0,0.0,0.0,0.0,4.0,4.0,0.61,0.9638,0.0,11.07,22.5702380952,11.5002380952,15.325811904760004,1.7874477619016025,14.41,0.0,1.625,1.625,0.15855,0.2695349999999999,0.0,0.0,0.0,0.0,0.0,0.0,0.0,2.0,227.0,225.0,214.05,21.204999999999988,225.0
Ag2 Cu48 Zr50,29.0,47.0,18.0,34.86,5.6256,40.0,44.0,65.0,21.0,54.02,10.02,44.0,63.546,107.8682,44.3222,78.271444,14.13642624,91.224,1234.93,2128.0,893.0699999999999,1740.4282,387.5718,2128.0,4.0,11.0,7.0,7.5,3.5,4.0,4.0,5.0,1.0,4.52,0.4992,5.0,132.0,175.0,43.0,153.76,21.24,175.0,1.33,1.93,0.5999999999999999,1.6156,0.2855999999999999,1.33,1.0,2.0,1.0,1.5,0.5,2.0,0.0,0.0,0.0,0.0,0.0,0.0,2.0,10.0,8.0,6.0,4.0,2.0,0.0,0.0,0.0,0.0,0.0,0.0,4.0,11.0,7.0,7.5,3.5,4.0,0.0,1.0,1.0,0.5,0.5,0.0,0.0,0.0,0.0,0.0,0.0,0.0,0.0,8.0,8.0,4.0,4.0,8.0,0.0,0.0,0.0,0.0,0.0,0.0,1.0,8.0,7.0,4.5,3.5,8.0,11.07,23.195,12.125,17.2377,5.9573,23.195,0.0,0.0,0.0,0.0,0.0,0.0,0.0,0.0,0.0,0.0,0.0,0.0,194.0,225.0,31.0,209.5,15.5,194.0
Ag2 Gd10 Mg73 Ni15,12.0,64.0,52.0,20.3,12.118000000000002,12.0,27.0,68.0,41.0,62.79,7.695000000000001,68.0,24.305,157.25,132.945,44.429024,29.381075039999995,24.305,923.0,1728.0,805.0,1116.2886,282.20135600000003,923.0,2.0,11.0,9.0,3.48,2.2568,2.0,3.0,6.0,3.0,3.49,0.7154,3.0,124.0,196.0,72.0,144.03,10.432800000000002,141.0,1.2,1.93,0.73,1.4014000000000002,0.173724,1.31,1.0,2.0,1.0,1.98,0.0392,2.0,0.0,0.0,0.0,0.0,0.0,0.0,0.0,10.0,10.0,1.5,2.29,0.0,0.0,7.0,7.0,0.7,1.26,0.0,2.0,11.0,9.0,4.18,3.1828,2.0,0.0,1.0,1.0,0.02,0.0392,0.0,0.0,0.0,0.0,0.0,0.0,0.0,0.0,9.0,9.0,1.2,1.8,0.0,0.0,7.0,7.0,0.7,1.26,0.0,0.0,16.0,16.0,1.92,2.84,0.0,10.32,32.05,21.73,21.789300000000004,3.659161999999997,22.89,0.0,0.0,0.0,0.0,0.0,0.0,0.0,0.5953947,0.5953947,0.089309205,0.1518256485,0.0,194.0,225.0,31.0,199.27,8.748200000000006,194.0
Ag2.3 Al14 Co5 Cu11.7 La62 Ni5,13.0,57.0,44.0,44.38399999999999,15.764176000000004,57.0,13.0,73.0,60.0,33.213,25.064120000000003,13.0,26.9815386,138.90547,111.9239314,105.695987154,41.279680519956,138.90547,933.47,1768.0,834.53,1232.40828,132.56898560000002,1193.0,3.0,13.0,10.0,6.17,3.930799999999999,3.0,3.0,6.0,3.0,5.122999999999999,1.08748,6.0,121.0,207.0,86.0,176.55900000000003,37.74683999999999,207.0,1.1,1.93,0.8299999999999998,1.36359,0.3268515999999999,1.1,1.0,2.0,1.0,1.86,0.2407999999999999,2.0,0.0,1.0,1.0,0.14,0.2408,0.0,0.0,10.0,10.0,2.77,2.9704,1.0,0.0,0.0,0.0,0.0,0.0,0.0,3.0,11.0,8.0,4.77,2.6903999999999995,3.0,0.0,1.0,1.0,0.14,0.2408,0.0,0.0,5.0,5.0,0.7,1.204,0.0,0.0,9.0,9.0,5.83,3.930799999999999,9.0,0.0,0.0,0.0,0.0,0.0,0.0,1.0,9.0,8.0,6.67,2.8892,9.0,10.245,36.8975,26.652500000000003,27.88268,11.1783768,36.8975,0.0,0.0,0.0,0.0,0.0,0.0,0.0,1.5484712,1.5484712,0.107193295,0.192947931,0.0,194.0,225.0,31.0,204.23,13.708199999999998,194.0
Ag2.33 Al14 Co5 Cu11.67 La62 Ni5,13.0,57.0,44.0,44.3894,15.758797960000004,57.0,13.0,73.0,60.0,33.2133,25.064492,13.0,26.9815386,138.90547,111.9239314,105.709283814,41.26387636490761,138.90547,933.47,1768.0,834.53,1232.371428,132.51297055999993,1193.0,3.0,13.0,10.0,6.17,3.9308,3.0,3.0,6.0,3.0,5.1233,1.087108,6.0,121.0,207.0,86.0,176.5629,37.742004,207.0,1.1,1.93,0.8299999999999998,1.363599,0.3268627599999999,1.1,1.0,2.0,1.0,1.86,0.2407999999999999,2.0,0.0,1.0,1.0,0.14,0.2408,0.0,0.0,10.0,10.0,2.77,2.9704,1.0,0.0,0.0,0.0,0.0,0.0,0.0,3.0,11.0,8.0,4.77,2.6903999999999995,3.0,0.0,1.0,1.0,0.14,0.2408,0.0,0.0,5.0,5.0,0.7,1.2039999999999995,0.0,0.0,9.0,9.0,5.83,3.9308,9.0,0.0,0.0,0.0,0.0,0.0,0.0,1.0,9.0,8.0,6.67,2.8892,9.0,10.245,36.8975,26.652500000000003,27.884258,11.17642008,36.8975,0.0,0.0,0.0,0.0,0.0,0.0,0.0,1.5484712,1.5484712,0.107193295,0.192947931,0.0,194.0,225.0,31.0,204.23,13.708199999999998,194.0
Ag2.5 Cu22.5 Mg65 Tb10,12.0,65.0,53.0,22.0,13.0,12.0,29.0,68.0,39.0,63.125,6.825,68.0,24.305,158.92535,134.62035,48.68534,31.694442,24.305,923.0,1629.0,706.0,1099.2215,229.08795,923.0,2.0,11.0,9.0,4.35,3.325,2.0,3.0,6.0,3.0,3.575,0.7475000000000002,3.0,132.0,194.0,62.0,144.375,9.95625,141.0,1.21,1.93,0.72,1.4482500000000005,0.227375,1.31,1.0,2.0,1.0,1.75,0.375,2.0,0.0,0.0,0.0,0.0,0.0,0.0,0.0,10.0,10.0,2.5,3.75,0.0,0.0,9.0,9.0,0.9,1.62,0.0,2.0,11.0,9.0,5.15,4.095,2.0,0.0,1.0,1.0,0.25,0.375,0.0,0.0,0.0,0.0,0.0,0.0,0.0,0.0,0.0,0.0,0.0,0.0,0.0,0.0,5.0,5.0,0.5,0.9,0.0,0.0,5.0,5.0,0.75,0.975,0.0,11.07,31.7366666667,20.6666666667,20.95116666667,4.677583333334999,22.89,0.0,0.0,0.0,0.0,0.0,0.0,0.0,0.0,0.0,0.0,0.0,0.0,194.0,225.0,31.0,201.75,11.625,194.0
Ag2.67 Al14 Co4 Cu13.33 La62 Ni4,13.0,57.0,44.0,44.4806,15.65859196,57.0,13.0,73.0,60.0,33.3067,25.180308,13.0,26.9815386,138.90547,111.9239314,105.95463334400002,40.9612219128704,138.90547,933.47,1768.0,834.53,1224.149172,120.01514143999997,1193.0,3.0,13.0,10.0,6.2,3.968,3.0,3.0,6.0,3.0,5.1267,1.0828920000000002,6.0,121.0,207.0,86.0,176.7471,37.51359600000001,207.0,1.1,1.93,0.8299999999999998,1.3638009999999996,0.3271132399999998,1.1,1.0,2.0,1.0,1.84,0.2687999999999999,2.0,0.0,1.0,1.0,0.14,0.2408,0.0,0.0,10.0,10.0,2.82,3.0464,1.0,0.0,0.0,0.0,0.0,0.0,0.0,3.0,11.0,8.0,4.8,2.736,3.0,0.0,1.0,1.0,0.16,0.2688,0.0,0.0,5.0,5.0,0.7,1.204,0.0,0.0,9.0,9.0,5.78,3.9928,9.0,0.0,0.0,0.0,0.0,0.0,0.0,1.0,9.0,8.0,6.64,2.9264,9.0,10.245,36.8975,26.652500000000003,27.917892,11.13471392,36.8975,0.0,0.0,0.0,0.0,0.0,0.0,0.0,1.5484712,1.5484712,0.085754636,0.15778853024,0.0,194.0,225.0,31.0,204.54,13.912799999999995,194.0
Ag2.7 Al14 Co4 Cu13.3 La62 Ni4,13.0,57.0,44.0,44.486,15.653116,57.0,13.0,73.0,60.0,33.306999999999995,25.18068,13.0,26.9815386,138.90547,111.9239314,105.967930004,40.945164174824,138.90547,933.47,1768.0,834.53,1224.11232,119.9591264,1193.0,3.0,13.0,10.0,6.2,3.968,3.0,3.0,6.0,3.0,5.127000000000001,1.0825199999999997,6.0,121.0,207.0,86.0,176.75099999999998,37.50876000000001,207.0,1.1,1.93,0.8299999999999998,1.3638099999999995,0.3271243999999998,1.1,1.0,2.0,1.0,1.84,0.2687999999999999,2.0,0.0,1.0,1.0,0.14,0.2408,0.0,0.0,10.0,10.0,2.82,3.0464,1.0,0.0,0.0,0.0,0.0,0.0,0.0,3.0,11.0,8.0,4.8,2.736,3.0,0.0,1.0,1.0,0.16,0.2688,0.0,0.0,5.0,5.0,0.7,1.204,0.0,0.0,9.0,9.0,5.78,3.9928,9.0,0.0,0.0,0.0,0.0,0.0,0.0,1.0,9.0,8.0,6.64,2.926400000000001,9.0,10.245,36.8975,26.652500000000003,27.91947,11.1327572,36.8975,0.0,0.0,0.0,0.0,0.0,0.0,0.0,1.5484712,1.5484712,0.085754636,0.15778853024,0.0,194.0,225.0,31.0,204.54,13.912799999999995,194.0
Ag20 Ca60 Mg20,12.0,47.0,35.0,23.8,9.28,20.0,7.0,68.0,61.0,30.8,28.56,7.0,24.305,107.8682,83.5632,50.48144,22.954704000000003,40.078,923.0,1234.93,311.93000000000006,1100.586,71.0344,1115.0,2.0,11.0,9.0,3.8,2.88,2.0,3.0,5.0,2.0,4.0,0.4,4.0,141.0,176.0,35.0,162.8,15.839999999999998,176.0,1.0,1.93,0.93,1.248,0.2976,1.0,1.0,2.0,1.0,1.8,0.3199999999999999,2.0,0.0,0.0,0.0,0.0,0.0,0.0,0.0,10.0,10.0,2.0,3.2,0.0,0.0,0.0,0.0,0.0,0.0,0.0,2.0,11.0,9.0,3.8,2.88,2.0,0.0,1.0,1.0,0.2,0.32,0.0,0.0,0.0,0.0,0.0,0.0,0.0,0.0,0.0,0.0,0.0,0.0,0.0,0.0,0.0,0.0,0.0,0.0,0.0,0.0,1.0,1.0,0.2,0.32,0.0,16.33,37.77,21.440000000000005,30.506000000000004,8.716800000000001,37.77,0.0,0.0,0.0,0.0,0.0,0.0,0.0,0.0,0.0,0.0,0.0,0.0,194.0,225.0,31.0,218.8,9.919999999999993,225.0
Ag20 Cu40 Ti10 Zr30,22.0,47.0,25.0,35.2,7.6,29.0,43.0,65.0,22.0,56.1,9.88,64.0,47.867,107.8682,60.0012,79.14594,18.73574,63.546,1234.93,2128.0,893.0699999999999,1622.5940000000005,366.9248,1357.77,4.0,11.0,7.0,8.2,3.36,11.0,4.0,5.0,1.0,4.5,0.5,4.0,132.0,175.0,43.0,150.3,16.76,132.0,1.33,1.93,0.5999999999999999,1.699,0.2531999999999999,1.9,1.0,2.0,1.0,1.4,0.48,1.0,0.0,0.0,0.0,0.0,0.0,0.0,2.0,10.0,8.0,6.8,3.84,10.0,0.0,0.0,0.0,0.0,0.0,0.0,4.0,11.0,7.0,8.2,3.36,11.0,0.0,1.0,1.0,0.6,0.48,1.0,0.0,0.0,0.0,0.0,0.0,0.0,0.0,8.0,8.0,3.2,3.84,0.0,0.0,0.0,0.0,0.0,0.0,0.0,1.0,8.0,7.0,3.8,3.36,1.0,11.07,23.195,12.125,16.3215,4.201199999999999,11.07,0.0,0.0,0.0,0.0,0.0,0.0,0.0,2.25333333333e-05,2.25333333333e-05,2.25333333333e-06,4.055999999994e-06,0.0,194.0,225.0,31.0,212.6,14.88,225.0
Ag20 Cu5 Gd10 Mg65,12.0,64.0,52.0,25.05,16.965,12.0,27.0,68.0,41.0,63.1,7.219999999999998,68.0,24.305,157.25,132.945,56.27419,41.559947,24.305,923.0,1586.0,663.0,1073.4245,195.5518500000001,923.0,2.0,11.0,9.0,4.35,3.325,2.0,3.0,6.0,3.0,3.75,0.975,3.0,132.0,196.0,64.0,146.85,9.829999999999997,141.0,1.2,1.93,0.73,1.4525,0.2357499999999998,1.31,1.0,2.0,1.0,1.75,0.375,2.0,0.0,0.0,0.0,0.0,0.0,0.0,0.0,10.0,10.0,2.6,3.7,0.0,0.0,7.0,7.0,0.7,1.26,0.0,2.0,11.0,9.0,5.05,3.965,2.0,0.0,1.0,1.0,0.25,0.375,0.0,0.0,0.0,0.0,0.0,0.0,0.0,0.0,9.0,9.0,0.9,1.62,0.0,0.0,7.0,7.0,0.7,1.26,0.0,0.0,16.0,16.0,1.85,2.83,0.0,11.07,32.05,20.98,21.903,3.3124999999999987,22.89,0.0,0.0,0.0,0.0,0.0,0.0,0.0,0.0,0.0,0.0,0.0,0.0,194.0,225.0,31.0,201.75,11.625,194.0
Ag25 Cu35 Ti10 Zr30,22.0,47.0,25.0,36.1,7.79,29.0,43.0,65.0,22.0,56.15,9.92,64.0,47.867,107.8682,60.0012,81.36205000000001,19.170245,63.546,1234.93,2128.0,893.0699999999999,1616.4520000000002,371.8384,1357.77,4.0,11.0,7.0,8.2,3.36,11.0,4.0,5.0,1.0,4.55,0.495,4.0,132.0,175.0,43.0,150.95,16.24,132.0,1.33,1.93,0.5999999999999999,1.7005,0.2543999999999999,1.9,1.0,2.0,1.0,1.4,0.48,1.0,0.0,0.0,0.0,0.0,0.0,0.0,2.0,10.0,8.0,6.8,3.84,10.0,0.0,0.0,0.0,0.0,0.0,0.0,4.0,11.0,7.0,8.2,3.36,11.0,0.0,1.0,1.0,0.6,0.48,1.0,0.0,0.0,0.0,0.0,0.0,0.0,0.0,8.0,8.0,3.2,3.84,0.0,0.0,0.0,0.0,0.0,0.0,0.0,1.0,8.0,7.0,3.8,3.36,1.0,11.07,23.195,12.125,16.5845,3.9874,11.07,0.0,0.0,0.0,0.0,0.0,0.0,0.0,2.25333333333e-05,2.25333333333e-05,2.25333333333e-06,4.055999999994e-06,0.0,194.0,225.0,31.0,212.6,14.88,225.0
Ag3 Al19.4 Co19.4 Cu4.85 Zr53.35,13.0,47.0,34.0,31.9165,9.5301045,40.0,44.0,73.0,29.0,53.942,10.608114,44.0,26.9815386,107.8682,80.88666140000001,71.65348931839999,23.054617538163203,91.224,933.47,2128.0,1194.53,1762.2729249999998,392.45289412500017,2128.0,4.0,13.0,9.0,7.265499999999999,3.4842885,4.0,3.0,5.0,2.0,4.3695,0.7105735000000002,5.0,121.0,175.0,54.0,152.0325,24.5063225,175.0,1.33,1.93,0.5999999999999999,1.536665,0.2205115549999999,1.33,1.0,2.0,1.0,1.9215,0.1446755000000002,2.0,0.0,1.0,1.0,0.1939999999999999,0.3127279999999999,0.0,0.0,10.0,10.0,3.21,2.53655,2.0,0.0,0.0,0.0,0.0,0.0,0.0,3.0,11.0,8.0,5.3255,2.3166025,4.0,0.0,1.0,1.0,0.0785,0.1446754999999999,0.0,0.0,5.0,5.0,0.97,1.5636399999999997,0.0,0.0,8.0,8.0,4.85,3.36105,8.0,0.0,0.0,0.0,0.0,0.0,0.0,1.0,8.0,7.0,5.8985,2.2423005000000003,8.0,10.245,23.195,12.95,18.5859775,4.9178270075,23.195,0.0,0.0,0.0,0.0,0.0,0.0,0.0,1.5484712,1.5484712,0.3004034128,0.4842503014336,0.0,194.0,225.0,31.0,202.4475,12.291112499999995,194.0
Ag3 Al5 Cu47 Zr45,13.0,47.0,34.0,33.69,6.4776,29.0,44.0,73.0,29.0,55.48,10.332,64.0,26.9815386,107.8682,80.88666140000001,75.50254293,16.0912507872,63.546,933.47,2128.0,1194.53,1679.4733,403.6740300000001,1357.77,4.0,13.0,9.0,7.95,3.555,11.0,3.0,5.0,2.0,4.43,0.5472,4.0,121.0,175.0,54.0,151.19,21.428999999999995,132.0,1.33,1.93,0.5999999999999999,1.6299,0.2718999999999999,1.9,1.0,2.0,1.0,1.5,0.5,1.0,0.0,1.0,1.0,0.05,0.095,0.0,0.0,10.0,10.0,5.9,4.1,10.0,0.0,0.0,0.0,0.0,0.0,0.0,3.0,11.0,8.0,7.45,3.55,11.0,0.0,1.0,1.0,0.5,0.5,1.0,0.0,5.0,5.0,0.25,0.475,0.0,0.0,8.0,8.0,3.6,3.96,0.0,0.0,0.0,0.0,0.0,0.0,0.0,1.0,8.0,7.0,4.35,3.35,1.0,11.07,23.195,12.125,16.954549999999998,5.616404999999999,11.07,0.0,0.0,0.0,0.0,0.0,0.0,0.0,0.0,0.0,0.0,0.0,0.0,194.0,225.0,31.0,211.05,15.344999999999995,225.0
Ag3 Al7 Cu42 Zr48,13.0,47.0,34.0,33.7,6.846,40.0,44.0,73.0,29.0,55.06,10.6176,44.0,26.9815386,107.8682,80.88666140000001,75.601593702,16.93350642396,91.224,933.47,2128.0,1194.53,1694.0941999999998,416.549568,2128.0,4.0,13.0,9.0,7.78,3.6288,4.0,3.0,5.0,2.0,4.44,0.5712,5.0,121.0,175.0,54.0,152.26,21.8304,175.0,1.33,1.93,0.5999999999999999,1.607,0.2659199999999999,1.33,1.0,2.0,1.0,1.55,0.495,2.0,0.0,1.0,1.0,0.07,0.1301999999999999,0.0,0.0,10.0,10.0,5.46,4.086,2.0,0.0,0.0,0.0,0.0,0.0,0.0,3.0,11.0,8.0,7.08,3.528,4.0,0.0,1.0,1.0,0.45,0.495,0.0,0.0,5.0,5.0,0.35,0.6509999999999999,0.0,0.0,8.0,8.0,3.84,3.9936,8.0,0.0,0.0,0.0,0.0,0.0,0.0,1.0,8.0,7.0,4.64,3.276,8.0,11.07,23.195,12.125,17.4265,5.5377600000000005,23.195,0.0,0.0,0.0,0.0,0.0,0.0,0.0,0.0,0.0,0.0,0.0,0.0,194.0,225.0,31.0,210.12,15.4752,194.0
Ag3 Al7 Cu45 Zr45,13.0,47.0,34.0,33.37,6.784800000000001,29.0,44.0,73.0,29.0,55.66,10.494000000000002,44.0,26.9815386,107.8682,80.88666140000001,74.77125370200001,16.793288446080002,63.546,933.47,2128.0,1194.53,1670.9872999999998,411.31143,1357.77,4.0,13.0,9.0,7.99,3.591,4.0,3.0,5.0,2.0,4.41,0.5664,4.0,121.0,175.0,54.0,150.97,21.627,132.0,1.33,1.93,0.5999999999999999,1.6241,0.2666639999999999,1.33,1.0,2.0,1.0,1.52,0.4992,1.0,0.0,1.0,1.0,0.07,0.1302,0.0,0.0,10.0,10.0,5.7,4.128,2.0,0.0,0.0,0.0,0.0,0.0,0.0,3.0,11.0,8.0,7.29,3.5616,4.0,0.0,1.0,1.0,0.48,0.4992,0.0,0.0,5.0,5.0,0.35,0.6509999999999999,0.0,0.0,8.0,8.0,3.6,3.96,0.0,0.0,0.0,0.0,0.0,0.0,0.0,1.0,8.0,7.0,4.43,3.2928,1.0,11.07,23.195,12.125,17.06275,5.519025,11.07,0.0,0.0,0.0,0.0,0.0,0.0,0.0,0.0,0.0,0.0,0.0,0.0,194.0,225.0,31.0,211.05,15.345,194.0
Ag3 Al7 Cu47 Zr43,13.0,47.0,34.0,33.15,6.722,29.0,44.0,73.0,29.0,56.06,10.3716,64.0,26.9815386,107.8682,80.88666140000001,74.21769370199999,16.64445379416,63.546,933.47,2128.0,1194.53,1655.5827000000002,406.278878,1357.77,4.0,13.0,9.0,8.13,3.5518,11.0,3.0,5.0,2.0,4.39,0.5611999999999999,4.0,121.0,175.0,54.0,150.11,21.405400000000004,132.0,1.33,1.93,0.5999999999999999,1.6355000000000002,0.2662999999999999,1.9,1.0,2.0,1.0,1.5,0.5,1.0,0.0,1.0,1.0,0.07,0.1301999999999999,0.0,0.0,10.0,10.0,5.86,4.14,10.0,0.0,0.0,0.0,0.0,0.0,0.0,3.0,11.0,8.0,7.43,3.57,11.0,0.0,1.0,1.0,0.5,0.5,1.0,0.0,5.0,5.0,0.35,0.6509999999999999,0.0,0.0,8.0,8.0,3.44,3.9216,0.0,0.0,0.0,0.0,0.0,0.0,0.0,1.0,8.0,7.0,4.29,3.29,1.0,11.07,23.195,12.125,16.82025,5.482285000000001,11.07,0.0,0.0,0.0,0.0,0.0,0.0,0.0,0.0,0.0,0.0,0.0,0.0,194.0,225.0,31.0,211.67,15.1962,225.0
Ag3 Al9.7 Cu22.31 Fe4.85 Zr60.14,13.0,47.0,34.0,34.4579,7.418563879999999,40.0,44.0,73.0,29.0,52.4385,10.1498278,44.0,26.9815386,107.8682,80.88666140000001,77.60096394419999,18.201821931264245,91.224,933.47,2128.0,1194.53,1798.1256769999998,398.02164503540007,2128.0,4.0,13.0,9.0,6.8387,3.41438836,4.0,3.0,5.0,2.0,4.5344,0.58795968,5.0,121.0,175.0,54.0,157.1832,21.43004704,175.0,1.33,1.93,0.5999999999999999,1.526577,0.2364428155999999,1.33,1.0,2.0,1.0,1.7469,0.37808078,2.0,0.0,1.0,1.0,0.0969999999999999,0.175182,0.0,0.0,10.0,10.0,4.0248,3.2162406400000005,2.0,0.0,0.0,0.0,0.0,0.0,0.0,3.0,11.0,8.0,5.8687000000000005,2.80420016,4.0,0.0,1.0,1.0,0.2531,0.37808078,0.0,0.0,5.0,5.0,0.485,0.87591,0.0,0.0,8.0,8.0,5.005199999999999,3.6021454399999997,8.0,0.0,0.0,0.0,0.0,0.0,0.0,1.0,8.0,7.0,5.7433000000000005,2.71435876,8.0,10.73,23.195,12.465,19.028055,5.012001446,23.195,0.0,0.0,0.0,0.0,0.0,0.0,0.0,2.1106628,2.1106628,0.1023671457999999,0.1948046784574,0.0,194.0,229.0,35.0,206.5506,15.095861679999992,194.0
Ag3 Cu3 P5 Pd79 Si10,14.0,47.0,33.0,40.77,8.637199999999998,46.0,62.0,83.0,21.0,64.8,4.471999999999998,62.0,28.0855,107.8682,79.7827,93.5714641,21.158490876,106.42,317.3,1828.05,1510.75,1706.5055,192.04031,1828.05,10.0,15.0,5.0,10.71,1.1218000000000006,10.0,3.0,5.0,2.0,4.67,0.5412,5.0,107.0,145.0,38.0,134.57,7.625200000000004,139.0,1.9,2.2,0.3000000000000002,2.1524,0.0789680000000001,2.2,0.0,2.0,2.0,0.36,0.5688,0.0,0.0,3.0,3.0,0.35,0.595,0.0,0.0,10.0,10.0,8.5,2.55,10.0,0.0,0.0,0.0,0.0,0.0,0.0,4.0,11.0,7.0,9.21,1.4629999999999996,10.0,0.0,1.0,1.0,0.06,0.1128,0.0,0.0,4.0,4.0,0.55,0.935,0.0,0.0,0.0,0.0,0.0,0.0,0.0,0.0,0.0,0.0,0.0,0.0,0.0,0.0,4.0,4.0,0.61,0.9638,0.0,11.07,22.5702380952,11.5002380952,15.37841190476,1.7885955238064,14.41,0.0,1.625,1.625,0.15855,0.2695349999999999,0.0,0.0,0.0,0.0,0.0,0.0,0.0,2.0,227.0,225.0,214.05,21.204999999999988,225.0
Ag3.3 Al14 Co2 Cu16.7 La62 Ni2,13.0,57.0,44.0,44.654,15.463876,57.0,13.0,73.0,60.0,33.493,25.41132,13.0,26.9815386,138.90547,111.9239314,106.42317130400002,40.373422276976,138.90547,933.47,1768.0,834.53,1207.76608,95.11284159999992,1193.0,3.0,13.0,10.0,6.26,4.0424,3.0,3.0,6.0,3.0,5.132999999999999,1.07508,6.0,121.0,207.0,86.0,177.109,37.06484,207.0,1.1,1.93,0.8299999999999998,1.3641899999999998,0.3275955999999999,1.1,1.0,2.0,1.0,1.8,0.3199999999999999,2.0,0.0,1.0,1.0,0.14,0.2408,0.0,0.0,10.0,10.0,2.92,3.1984,1.0,0.0,0.0,0.0,0.0,0.0,0.0,3.0,11.0,8.0,4.86,2.8272000000000004,3.0,0.0,1.0,1.0,0.2,0.32,0.0,0.0,5.0,5.0,0.7,1.204,0.0,0.0,9.0,9.0,5.68,4.1168000000000005,9.0,0.0,0.0,0.0,0.0,0.0,0.0,1.0,9.0,8.0,6.58,3.0008,9.0,10.245,36.8975,26.652500000000003,27.98253,11.0545628,36.8975,0.0,0.0,0.0,0.0,0.0,0.0,0.0,1.5484712,1.5484712,0.042877318,0.08232445056,0.0,194.0,225.0,31.0,205.16,14.2848,194.0
Ag3.3 Cu29.7 Mg56 Y11,12.0,47.0,35.0,21.174,10.274879999999998,12.0,12.0,68.0,56.0,60.553,10.681659999999995,68.0,24.305,107.8682,83.5632,45.8232561,24.100446832000003,24.305,923.0,1799.0,876.0,1158.78038,264.0740256,923.0,2.0,11.0,9.0,5.08,3.907200000000001,2.0,3.0,5.0,2.0,3.583,0.6529600000000001,3.0,132.0,190.0,58.0,143.849,10.229185999999991,141.0,1.22,1.93,0.71,1.4957899999999995,0.2687585999999998,1.31,1.0,2.0,1.0,1.67,0.4422,2.0,0.0,0.0,0.0,0.0,0.0,0.0,0.0,10.0,10.0,3.41,4.349399999999999,0.0,0.0,0.0,0.0,0.0,0.0,0.0,2.0,11.0,9.0,5.08,3.907200000000001,2.0,0.0,1.0,1.0,0.33,0.4422,0.0,0.0,0.0,0.0,0.0,0.0,0.0,0.0,9.0,9.0,0.99,1.7622,0.0,0.0,0.0,0.0,0.0,0.0,0.0,0.0,9.0,9.0,1.32,1.6895999999999998,0.0,11.07,32.365,21.295,20.205230000000004,5.682091799999999,22.89,0.0,0.0,0.0,0.0,0.0,0.0,0.0,0.0,0.0,0.0,0.0,0.0,194.0,225.0,31.0,204.23,13.708199999999998,194.0
Ag3.33 Al14 Co2 Cu16.67 La62 Ni2,13.0,57.0,44.0,44.659400000000005,15.45822796,57.0,13.0,73.0,60.0,33.4933,25.411692,13.0,26.9815386,138.90547,111.9239314,106.43646796400002,40.3569158782376,138.90547,933.47,1768.0,834.53,1207.729228,95.05682655999996,1193.0,3.0,13.0,10.0,6.26,4.0424,3.0,3.0,6.0,3.0,5.1333,1.0747079999999998,6.0,121.0,207.0,86.0,177.1129,37.060004000000006,207.0,1.1,1.93,0.8299999999999998,1.364199,0.3276067599999999,1.1,1.0,2.0,1.0,1.8,0.32,2.0,0.0,1.0,1.0,0.14,0.2408,0.0,0.0,10.0,10.0,2.92,3.1984000000000004,1.0,0.0,0.0,0.0,0.0,0.0,0.0,3.0,11.0,8.0,4.86,2.8272000000000004,3.0,0.0,1.0,1.0,0.2,0.32,0.0,0.0,5.0,5.0,0.7,1.204,0.0,0.0,9.0,9.0,5.68,4.1168000000000005,9.0,0.0,0.0,0.0,0.0,0.0,0.0,1.0,9.0,8.0,6.58,3.0008,9.0,10.245,36.8975,26.652500000000003,27.984108000000003,11.052606080000002,36.8975,0.0,0.0,0.0,0.0,0.0,0.0,0.0,1.5484712,1.5484712,0.042877318,0.08232445056,0.0,194.0,225.0,31.0,205.16,14.2848,194.0
Ag30.77 Ca30.77 Cu15.38 Mg23.08,12.0,47.0,35.0,27.8457,12.1426189,20.0,7.0,68.0,61.0,47.692,25.041856799999994,7.0,24.305,107.8682,83.5632,60.90601454,29.71258845958,40.078,923.0,1357.77,434.77,1144.926887,120.85845729900002,1115.0,2.0,11.0,9.0,6.1535,4.4733195,2.0,3.0,5.0,2.0,4.0769,0.56807574,4.0,132.0,176.0,44.0,151.61609999999996,15.005852059999985,145.0,1.0,1.93,0.93,1.496129,0.3912349329999999,1.0,1.0,2.0,1.0,1.5385,0.4970355,1.0,0.0,0.0,0.0,0.0,0.0,0.0,0.0,10.0,10.0,4.615,4.9703550000000005,0.0,0.0,0.0,0.0,0.0,0.0,0.0,2.0,11.0,9.0,6.1535,4.4733195,2.0,0.0,1.0,1.0,0.4614999999999999,0.4970354999999999,0.0,0.0,0.0,0.0,0.0,0.0,0.0,0.0,0.0,0.0,0.0,0.0,0.0,0.0,0.0,0.0,0.0,0.0,0.0,0.0,1.0,1.0,0.4614999999999999,0.4970354999999999,0.0,11.07,37.77,26.700000000000003,23.632148,8.700434120799999,16.33,0.0,0.0,0.0,0.0,0.0,0.0,0.0,0.0,0.0,0.0,0.0,0.0,194.0,225.0,31.0,217.8452,11.006944319999995,225.0
Ag30.77 Ca30.77 Cu7.69 Mg30.77,12.0,47.0,35.0,26.538400000000003,12.97066272,12.0,7.0,68.0,61.0,47.9996,25.23115384,7.0,24.305,107.8682,83.5632,57.88838164,31.627721922512,24.305,923.0,1357.77,434.77,1111.493074,115.9986377396,923.0,2.0,11.0,9.0,5.4614,4.26029112,2.0,3.0,5.0,2.0,4.0,0.6154,3.0,132.0,176.0,44.0,152.30819999999997,14.57993371999999,141.0,1.0,1.93,0.93,1.4507580000000002,0.3640189463999999,1.0,1.0,2.0,1.0,1.6154,0.47336568,1.0,0.0,0.0,0.0,0.0,0.0,0.0,0.0,10.0,10.0,3.846,4.7336568,0.0,0.0,0.0,0.0,0.0,0.0,0.0,2.0,11.0,9.0,5.4614,4.26029112,2.0,0.0,1.0,1.0,0.3846,0.47336568,0.0,0.0,0.0,0.0,0.0,0.0,0.0,0.0,0.0,0.0,0.0,0.0,0.0,0.0,0.0,0.0,0.0,0.0,0.0,0.0,1.0,1.0,0.3846,0.47336568,0.0,11.07,37.77,26.700000000000003,24.541106,8.1410613676,16.33,0.0,0.0,0.0,0.0,0.0,0.0,0.0,0.0,0.0,0.0,0.0,0.0,194.0,225.0,31.0,215.4613,13.20728401999999,194.0
Ag38.4 Ca23.2 Mg38.4,12.0,47.0,35.0,27.296000000000003,15.132672,12.0,7.0,68.0,61.0,52.696000000000005,21.202944,65.0,24.305,107.8682,83.5632,60.05260479999999,36.7223771136,24.305,923.0,1234.93,311.93000000000006,1087.32512,126.20169216000002,923.0,2.0,11.0,9.0,5.456,4.257791999999999,2.0,3.0,5.0,2.0,4.0,0.768,3.0,141.0,176.0,35.0,150.656,11.759616,141.0,1.0,1.93,0.93,1.47616,0.3485491199999999,1.31,1.0,2.0,1.0,1.616,0.4730879999999999,1.0,0.0,0.0,0.0,0.0,0.0,0.0,0.0,10.0,10.0,3.84,4.73088,0.0,0.0,0.0,0.0,0.0,0.0,0.0,2.0,11.0,9.0,5.456,4.257791999999999,2.0,0.0,1.0,1.0,0.384,0.4730879999999999,0.0,0.0,0.0,0.0,0.0,0.0,0.0,0.0,0.0,0.0,0.0,0.0,0.0,0.0,0.0,0.0,0.0,0.0,0.0,0.0,1.0,1.0,0.384,0.4730879999999999,0.0,16.33,37.77,21.440000000000005,23.82312,6.471352320000001,16.33,0.0,0.0,0.0,0.0,0.0,0.0,0.0,0.0,0.0,0.0,0.0,0.0,194.0,225.0,31.0,213.096,14.665728000000009,194.0
Ag38.46 Ca23.08 Cu7.69 Mg30.77,12.0,47.0,35.0,28.614700000000003,14.2012319,47.0,7.0,68.0,61.0,52.4598,20.98424368000001,65.0,24.305,107.8682,83.5632,63.10144802000001,34.50295771754,107.8682,923.0,1357.77,434.77,1120.715691,124.312599207,1234.93,2.0,11.0,9.0,6.1535,4.4733195,11.0,3.0,5.0,2.0,4.0769,0.71004852,5.0,132.0,176.0,44.0,149.9243,12.036543119999992,145.0,1.0,1.93,0.93,1.5222750000000005,0.371716175,1.93,1.0,2.0,1.0,1.5385,0.4970355,1.0,0.0,0.0,0.0,0.0,0.0,0.0,0.0,10.0,10.0,4.615,4.9703550000000005,10.0,0.0,0.0,0.0,0.0,0.0,0.0,2.0,11.0,9.0,6.1535,4.4733195,11.0,0.0,1.0,1.0,0.4614999999999999,0.4970354999999999,1.0,0.0,0.0,0.0,0.0,0.0,0.0,0.0,0.0,0.0,0.0,0.0,0.0,0.0,0.0,0.0,0.0,0.0,0.0,0.0,1.0,1.0,0.4614999999999999,0.4970354999999999,1.0,11.07,37.77,26.700000000000003,22.89237,6.8675140080000014,16.33,0.0,0.0,0.0,0.0,0.0,0.0,0.0,0.0,0.0,0.0,0.0,0.0,194.0,225.0,31.0,215.4613,13.207284019999992,225.0
Ag38.5 Ca30.8 Cu7.7 Mg23,12.0,47.0,35.0,29.248,13.66904,47.0,7.0,68.0,61.0,47.749,25.101384000000003,65.0,24.305,107.8682,83.5632,64.356473,33.50402979,107.8682,923.0,1357.77,434.77,1135.70634,110.60002184,1234.93,2.0,11.0,9.0,6.158,4.474008,11.0,3.0,5.0,2.0,4.155,0.65065,5.0,132.0,176.0,44.0,152.62699999999998,14.397767999999992,145.0,1.0,1.93,0.93,1.4986499999999998,0.3939474,1.93,1.0,2.0,1.0,1.538,0.497112,1.0,0.0,0.0,0.0,0.0,0.0,0.0,0.0,10.0,10.0,4.62,4.97112,10.0,0.0,0.0,0.0,0.0,0.0,0.0,2.0,11.0,9.0,6.158,4.474008,11.0,0.0,1.0,1.0,0.462,0.497112,1.0,0.0,0.0,0.0,0.0,0.0,0.0,0.0,0.0,0.0,0.0,0.0,0.0,0.0,0.0,0.0,0.0,0.0,0.0,0.0,1.0,1.0,0.462,0.497112,1.0,11.07,37.77,26.700000000000003,24.0373,8.459343200000003,16.33,0.0,0.0,0.0,0.0,0.0,0.0,0.0,0.0,0.0,0.0,0.0,0.0,194.0,225.0,31.0,217.87,10.980199999999998,225.0
Ag4 Al14 Cu20 La62,13.0,57.0,44.0,44.84,15.2512,57.0,13.0,73.0,60.0,33.68,25.6432,13.0,26.9815386,138.90547,111.9239314,106.92273480400002,39.73422885872,138.90547,933.47,1357.77,424.3,1191.297,72.19155999999998,1193.0,3.0,13.0,10.0,6.32,4.1168000000000005,3.0,3.0,6.0,3.0,5.14,1.0664000000000002,6.0,121.0,207.0,86.0,177.48,36.6048,207.0,1.1,1.93,0.8299999999999998,1.3646,0.328104,1.1,1.0,2.0,1.0,1.76,0.3648,2.0,0.0,1.0,1.0,0.14,0.2408,0.0,0.0,10.0,10.0,3.02,3.3504,1.0,0.0,0.0,0.0,0.0,0.0,0.0,3.0,11.0,8.0,4.92,2.9184,3.0,0.0,1.0,1.0,0.24,0.3648,0.0,0.0,5.0,5.0,0.7,1.204,0.0,0.0,9.0,9.0,5.58,4.2408,9.0,0.0,0.0,0.0,0.0,0.0,0.0,1.0,9.0,8.0,6.52,3.0752,9.0,11.07,36.8975,25.8275,28.05085,10.969846,36.8975,0.0,0.0,0.0,0.0,0.0,0.0,0.0,0.0,0.0,0.0,0.0,0.0,194.0,225.0,31.0,205.78,14.6072,194.0
Ag4 Al4 Cu47 Zr45,13.0,47.0,34.0,34.03,6.4106000000000005,29.0,44.0,73.0,29.0,55.4,10.26,64.0,26.9815386,107.8682,80.88666140000001,76.311409544,15.945874646880002,63.546,933.47,2128.0,1194.53,1682.4879,400.96089,1357.77,4.0,13.0,9.0,7.93,3.5370000000000004,11.0,3.0,5.0,2.0,4.45,0.539,4.0,121.0,175.0,54.0,151.43,21.213,132.0,1.33,1.93,0.5999999999999999,1.6331,0.2746379999999999,1.9,1.0,2.0,1.0,1.49,0.4998,1.0,0.0,1.0,1.0,0.04,0.0768,0.0,0.0,10.0,10.0,6.0,4.08,10.0,0.0,0.0,0.0,0.0,0.0,0.0,3.0,11.0,8.0,7.53,3.5394,11.0,0.0,1.0,1.0,0.51,0.4998,1.0,0.0,5.0,5.0,0.2,0.384,0.0,0.0,8.0,8.0,3.6,3.96,0.0,0.0,0.0,0.0,0.0,0.0,0.0,1.0,8.0,7.0,4.31,3.3762,1.0,11.07,23.195,12.125,16.95305,5.617755,11.07,0.0,0.0,0.0,0.0,0.0,0.0,0.0,0.0,0.0,0.0,0.0,0.0,194.0,225.0,31.0,211.05,15.344999999999995,225.0
Ag4 Al4 Cu48 Zr44,13.0,47.0,34.0,33.92,6.396800000000001,29.0,44.0,73.0,29.0,55.6,10.208,64.0,26.9815386,107.8682,80.88666140000001,76.034629544,15.913331637760002,63.546,933.47,2128.0,1194.53,1674.7856,398.828672,1357.77,4.0,13.0,9.0,8.0,3.52,11.0,3.0,5.0,2.0,4.44,0.5376000000000001,4.0,121.0,175.0,54.0,151.0,21.12,132.0,1.33,1.93,0.5999999999999999,1.6388,0.2740479999999999,1.9,1.0,2.0,1.0,1.48,0.4992,1.0,0.0,1.0,1.0,0.04,0.0768,0.0,0.0,10.0,10.0,6.08,4.0768,10.0,0.0,0.0,0.0,0.0,0.0,0.0,3.0,11.0,8.0,7.6,3.536,11.0,0.0,1.0,1.0,0.52,0.4992,1.0,0.0,5.0,5.0,0.2,0.384,0.0,0.0,8.0,8.0,3.52,3.9424,0.0,0.0,0.0,0.0,0.0,0.0,0.0,1.0,8.0,7.0,4.24,3.3696,1.0,11.07,23.195,12.125,16.8318,5.599616,11.07,0.0,0.0,0.0,0.0,0.0,0.0,0.0,0.0,0.0,0.0,0.0,0.0,194.0,225.0,31.0,211.36,15.276799999999998,225.0
Ag4 Al4 Cu49 Zr43,13.0,47.0,34.0,33.81,6.3786000000000005,29.0,44.0,73.0,29.0,55.8,10.148,64.0,26.9815386,107.8682,80.88666140000001,75.757849544,15.86971742864,63.546,933.47,2128.0,1194.53,1667.0833000000002,396.388362,1357.77,4.0,13.0,9.0,8.07,3.5002,11.0,3.0,5.0,2.0,4.43,0.5357999999999999,4.0,121.0,175.0,54.0,150.57,21.009799999999995,132.0,1.33,1.93,0.5999999999999999,1.6445,0.2732299999999999,1.9,1.0,2.0,1.0,1.47,0.4982,1.0,0.0,1.0,1.0,0.04,0.0768,0.0,0.0,10.0,10.0,6.16,4.070399999999999,10.0,0.0,0.0,0.0,0.0,0.0,0.0,3.0,11.0,8.0,7.67,3.5298000000000003,11.0,0.0,1.0,1.0,0.53,0.4982,1.0,0.0,5.0,5.0,0.2,0.384,0.0,0.0,8.0,8.0,3.44,3.9216,0.0,0.0,0.0,0.0,0.0,0.0,0.0,1.0,8.0,7.0,4.17,3.3602,1.0,11.07,23.195,12.125,16.71055,5.576627000000001,11.07,0.0,0.0,0.0,0.0,0.0,0.0,0.0,0.0,0.0,0.0,0.0,0.0,194.0,225.0,31.0,211.67,15.196200000000005,225.0
Ag4 Al6 Cu48 Zr42,13.0,47.0,34.0,33.38,6.650399999999999,29.0,44.0,73.0,29.0,56.18,10.2312,64.0,26.9815386,107.8682,80.88666140000001,74.749780316,16.487818109280003,63.546,933.47,2128.0,1194.53,1650.895,400.7682,1357.77,4.0,13.0,9.0,8.18,3.5112,11.0,3.0,5.0,2.0,4.4,0.552,4.0,121.0,175.0,54.0,149.92,21.0672,132.0,1.33,1.93,0.5999999999999999,1.6444,0.2682239999999999,1.9,1.0,2.0,1.0,1.48,0.4992,1.0,0.0,1.0,1.0,0.06,0.1128,0.0,0.0,10.0,10.0,6.04,4.118399999999999,10.0,0.0,0.0,0.0,0.0,0.0,0.0,3.0,11.0,8.0,7.58,3.5568,11.0,0.0,1.0,1.0,0.52,0.4992,1.0,0.0,5.0,5.0,0.3,0.564,0.0,0.0,8.0,8.0,3.36,3.8976,0.0,0.0,0.0,0.0,0.0,0.0,0.0,1.0,8.0,7.0,4.18,3.3072,1.0,11.07,23.195,12.125,16.6975,5.4579,11.07,0.0,0.0,0.0,0.0,0.0,0.0,0.0,0.0,0.0,0.0,0.0,0.0,194.0,225.0,31.0,211.98,15.1032,225.0
Ag4 Cu2 P5 Pd79 Si10,14.0,47.0,33.0,40.95,8.462999999999997,46.0,62.0,83.0,21.0,64.81,4.472200000000002,62.0,28.0855,107.8682,79.7827,94.0146861,20.708677074,106.42,317.3,1828.05,1510.75,1705.2771,193.981182,1828.05,10.0,15.0,5.0,10.71,1.1218000000000006,10.0,3.0,5.0,2.0,4.68,0.5312000000000002,5.0,107.0,145.0,38.0,134.7,7.618000000000007,139.0,1.9,2.2,0.3000000000000002,2.1527000000000003,0.0784639999999999,2.2,0.0,2.0,2.0,0.36,0.5688,0.0,0.0,3.0,3.0,0.35,0.595,0.0,0.0,10.0,10.0,8.5,2.55,10.0,0.0,0.0,0.0,0.0,0.0,0.0,4.0,11.0,7.0,9.21,1.4629999999999996,10.0,0.0,1.0,1.0,0.06,0.1128,0.0,0.0,4.0,4.0,0.55,0.935,0.0,0.0,0.0,0.0,0.0,0.0,0.0,0.0,0.0,0.0,0.0,0.0,0.0,0.0,4.0,4.0,0.61,0.9638,0.0,11.07,22.5702380952,11.5002380952,15.431011904760004,1.7876392857112022,14.41,0.0,1.625,1.625,0.15855,0.2695349999999999,0.0,0.0,0.0,0.0,0.0,0.0,0.0,2.0,227.0,225.0,214.05,21.204999999999988,225.0
Ag4 Cu48 Zr48,29.0,47.0,18.0,35.0,5.76,29.0,44.0,65.0,21.0,54.44,10.0224,44.0,63.546,107.8682,44.3222,78.60432800000001,14.455994880000002,63.546,1234.93,2128.0,893.0699999999999,1722.5667999999998,389.21587199999993,1357.77,4.0,11.0,7.0,7.64,3.4944,4.0,4.0,5.0,1.0,4.52,0.4992,4.0,132.0,175.0,43.0,153.16,20.9664,132.0,1.33,1.93,0.5999999999999999,1.6276,0.2856959999999999,1.33,1.0,2.0,1.0,1.48,0.4992,1.0,0.0,0.0,0.0,0.0,0.0,0.0,2.0,10.0,8.0,6.16,3.9936,2.0,0.0,0.0,0.0,0.0,0.0,0.0,4.0,11.0,7.0,7.64,3.4944,4.0,0.0,1.0,1.0,0.52,0.4992,0.0,0.0,0.0,0.0,0.0,0.0,0.0,0.0,8.0,8.0,3.84,3.9936,0.0,0.0,0.0,0.0,0.0,0.0,0.0,1.0,8.0,7.0,4.36,3.4944,1.0,11.07,23.195,12.125,17.1004,5.850816,11.07,0.0,0.0,0.0,0.0,0.0,0.0,0.0,0.0,0.0,0.0,0.0,0.0,194.0,225.0,31.0,210.12,15.4752,194.0
Ag4 Gd10 Mg71 Ni15,12.0,64.0,52.0,21.0,12.78,12.0,27.0,68.0,41.0,62.73,7.665000000000001,68.0,24.305,157.25,132.945,46.100288,30.94930896,24.305,923.0,1728.0,805.0,1122.5272,283.328624,923.0,2.0,11.0,9.0,3.66,2.4892000000000003,2.0,3.0,6.0,3.0,3.53,0.7525999999999999,3.0,124.0,196.0,72.0,144.11,10.44920000000001,141.0,1.2,1.93,0.73,1.4138,0.1901559999999999,1.31,1.0,2.0,1.0,1.96,0.0768,2.0,0.0,0.0,0.0,0.0,0.0,0.0,0.0,10.0,10.0,1.7,2.5540000000000003,0.0,0.0,7.0,7.0,0.7,1.26,0.0,2.0,11.0,9.0,4.36,3.3512,2.0,0.0,1.0,1.0,0.04,0.0768,0.0,0.0,0.0,0.0,0.0,0.0,0.0,0.0,9.0,9.0,1.2,1.8,0.0,0.0,7.0,7.0,0.7,1.26,0.0,0.0,16.0,16.0,1.94,2.83,0.0,10.32,32.05,21.73,21.6581,3.827678,22.89,0.0,0.0,0.0,0.0,0.0,0.0,0.0,0.5953947,0.5953947,0.089309205,0.1518256485,0.0,194.0,225.0,31.0,199.89,9.541799999999991,194.0
Ag4.6 Al7 Cu41.4 Zr47,13.0,47.0,34.0,33.878,6.961904,40.0,44.0,73.0,29.0,55.276,10.59944,44.0,26.9815386,107.8682,80.88666140000001,76.033968902,17.207378493136,91.224,933.47,2128.0,1194.53,1684.42646,416.9591276,2128.0,4.0,13.0,9.0,7.85,3.619,4.0,3.0,5.0,2.0,4.446000000000001,0.5717279999999999,5.0,121.0,175.0,54.0,152.03799999999998,21.58428,175.0,1.33,1.93,0.5999999999999999,1.6131799999999998,0.2666343999999999,1.33,1.0,2.0,1.0,1.54,0.4968,2.0,0.0,1.0,1.0,0.07,0.1302,0.0,0.0,10.0,10.0,5.54,4.1032,2.0,0.0,0.0,0.0,0.0,0.0,0.0,3.0,11.0,8.0,7.15,3.542,4.0,0.0,1.0,1.0,0.46,0.4968000000000001,0.0,0.0,5.0,5.0,0.35,0.6510000000000001,0.0,0.0,8.0,8.0,3.76,3.9856,8.0,0.0,0.0,0.0,0.0,0.0,0.0,1.0,8.0,7.0,4.57,3.2843999999999998,8.0,11.07,23.195,12.125,17.389409999999998,5.4572546,23.195,0.0,0.0,0.0,0.0,0.0,0.0,0.0,0.0,0.0,0.0,0.0,0.0,194.0,225.0,31.0,210.43,15.4442,194.0
Ag46.15 Ca22.98 Cu7.69 Mg23.18,12.0,47.0,35.0,31.2982,14.4927614,47.0,7.0,68.0,61.0,52.2901,20.81532996,65.0,24.305,107.8682,83.5632,69.51168510000001,35.4030632527,107.8682,923.0,1357.77,434.77,1144.511108,116.25585490560005,1234.93,2.0,11.0,9.0,6.845600000000001,4.47345792,11.0,3.0,5.0,2.0,4.2297,0.7109869000000001,5.0,132.0,176.0,44.0,150.1969,11.85910476,145.0,1.0,1.93,0.93,1.570263,0.3827508016,1.93,1.0,2.0,1.0,1.4616,0.49705088,1.0,0.0,0.0,0.0,0.0,0.0,0.0,0.0,10.0,10.0,5.384,4.9705088,10.0,0.0,0.0,0.0,0.0,0.0,0.0,2.0,11.0,9.0,6.845600000000001,4.47345792,11.0,0.0,1.0,1.0,0.5384,0.49705088,1.0,0.0,0.0,0.0,0.0,0.0,0.0,0.0,0.0,0.0,0.0,0.0,0.0,0.0,0.0,0.0,0.0,0.0,0.0,0.0,1.0,1.0,0.5384,0.49705088,1.0,11.07,37.77,26.700000000000003,22.373026,7.316118396800002,16.33,0.0,0.0,0.0,0.0,0.0,0.0,0.0,0.0,0.0,0.0,0.0,0.0,194.0,225.0,31.0,217.8142,11.040263120000017,225.0
Ag46.2 Ca30.7 Mg23.1,12.0,47.0,35.0,30.626000000000005,15.129576000000002,47.0,7.0,68.0,61.0,47.88700000000001,25.104618,65.0,24.305,107.8682,83.5632,67.7535094,37.06597411440001,107.8682,923.0,1234.93,311.93000000000006,1126.05566,100.59989016000004,1234.93,2.0,11.0,9.0,6.158,4.474008,11.0,3.0,5.0,2.0,4.231,0.710556,5.0,141.0,176.0,35.0,153.59300000000002,13.757898000000004,145.0,1.0,1.93,0.93,1.50127,0.39614652,1.93,1.0,2.0,1.0,1.538,0.497112,1.0,0.0,0.0,0.0,0.0,0.0,0.0,0.0,10.0,10.0,4.62,4.97112,10.0,0.0,0.0,0.0,0.0,0.0,0.0,2.0,11.0,9.0,6.158,4.474008,11.0,0.0,1.0,1.0,0.462,0.497112,1.0,0.0,0.0,0.0,0.0,0.0,0.0,0.0,0.0,0.0,0.0,0.0,0.0,0.0,0.0,0.0,0.0,0.0,0.0,0.0,1.0,1.0,0.462,0.497112,1.0,16.33,37.77,21.440000000000005,24.42744,8.192331840000001,16.33,0.0,0.0,0.0,0.0,0.0,0.0,0.0,0.0,0.0,0.0,0.0,0.0,194.0,225.0,31.0,217.83900000000003,11.013617999999983,225.0
Ag46.29 Ca30.56 Cu7.72 Mg15.43,12.0,47.0,35.0,31.9587,13.92523554,47.0,7.0,68.0,61.0,47.6609,24.85194208,65.0,24.305,107.8682,83.5632,70.83603927999998,34.284374394576,107.8682,923.0,1357.77,434.77,1159.631841,100.3035673518,1234.93,2.0,11.0,9.0,6.860899999999999,4.47105582,11.0,3.0,5.0,2.0,4.3086,0.6400981200000001,5.0,132.0,176.0,44.0,152.85280000000003,14.14756864000001,145.0,1.0,1.93,0.93,1.54781,0.4082096379999999,1.93,1.0,2.0,1.0,1.4599000000000002,0.49678398,1.0,0.0,0.0,0.0,0.0,0.0,0.0,0.0,10.0,10.0,5.401,4.9678398,10.0,0.0,0.0,0.0,0.0,0.0,0.0,2.0,11.0,9.0,6.860899999999999,4.47105582,11.0,0.0,1.0,1.0,0.5401,0.4967839799999998,1.0,0.0,0.0,0.0,0.0,0.0,0.0,0.0,0.0,0.0,0.0,0.0,0.0,0.0,0.0,0.0,0.0,0.0,0.0,0.0,1.0,1.0,0.5401,0.4967839799999998,1.0,11.07,37.77,26.700000000000003,23.488200000000003,8.729036160000001,16.33,0.0,0.0,0.0,0.0,0.0,0.0,0.0,0.0,0.0,0.0,0.0,0.0,194.0,225.0,31.0,220.2167,8.090473620000019,225.0
Ag46.43 Ca28.6 Cu7.15 Mg17.83,12.0,47.0,35.0,31.75202479752025,14.157853987623932,47.0,7.0,68.0,61.0,48.87701229877012,23.95125590930558,65.0,24.305,107.8682,83.5632,70.41559220077993,34.77501410094567,107.8682,923.0,1357.77,434.77,1153.8040735926409,104.49021371675452,1234.93,2.0,11.0,9.0,6.821717828217178,4.476999475334938,11.0,3.0,5.0,2.0,4.2859714028597145,0.6629806572387458,5.0,132.0,176.0,44.0,152.22257774222575,13.599325598886953,145.0,1.0,1.93,0.93,1.5513668633136688,0.4014131279602765,1.93,1.0,2.0,1.0,1.4642535746425356,0.4974443861483265,1.0,0.0,0.0,0.0,0.0,0.0,0.0,0.0,10.0,10.0,5.3574642535746415,4.974443861483264,10.0,0.0,0.0,0.0,0.0,0.0,0.0,2.0,11.0,9.0,6.821717828217178,4.476999475334938,11.0,0.0,1.0,1.0,0.5357464253574642,0.4974443861483265,1.0,0.0,0.0,0.0,0.0,0.0,0.0,0.0,0.0,0.0,0.0,0.0,0.0,0.0,0.0,0.0,0.0,0.0,0.0,0.0,1.0,1.0,0.5357464253574642,0.4974443861483265,1.0,11.07,37.77,26.700000000000003,23.25470552944705,8.301918245331752,16.33,0.0,0.0,0.0,0.0,0.0,0.0,0.0,0.0,0.0,0.0,0.0,0.0,194.0,225.0,31.0,219.4732526747325,9.082853618447777,225.0
Ag5 Al10 Cu20 La65,13.0,57.0,44.0,46.5,13.7,57.0,13.0,73.0,60.0,31.8,24.44,13.0,26.9815386,138.90547,111.9239314,111.08931936,36.160995832,138.90547,933.47,1357.77,424.3,1202.0975,65.55225000000004,1193.0,3.0,13.0,10.0,6.0,3.9,3.0,3.0,6.0,3.0,5.25,0.975,6.0,121.0,207.0,86.0,180.3,34.71,207.0,1.1,1.93,0.8299999999999998,1.3525,0.3282499999999999,1.1,1.0,2.0,1.0,1.75,0.375,2.0,0.0,1.0,1.0,0.1,0.18,0.0,0.0,10.0,10.0,3.15,3.425,1.0,0.0,0.0,0.0,0.0,0.0,0.0,3.0,11.0,8.0,5.0,3.0,3.0,0.0,1.0,1.0,0.25,0.375,0.0,0.0,5.0,5.0,0.5,0.9,0.0,0.0,9.0,9.0,5.85,4.095,9.0,0.0,0.0,0.0,0.0,0.0,0.0,1.0,9.0,8.0,6.6,3.12,9.0,11.07,36.8975,25.8275,28.661875,10.7063125,36.8975,0.0,0.0,0.0,0.0,0.0,0.0,0.0,0.0,0.0,0.0,0.0,0.0,194.0,225.0,31.0,204.85,14.105,194.0
Ag5 Al12.5 Co2.5 Cu17.5 La62.5,13.0,57.0,44.0,45.35,14.7275,57.0,13.0,73.0,60.0,33.15,25.1875,13.0,26.9815386,138.90547,111.9239314,108.17590095,38.4119613125,138.90547,933.47,1768.0,834.53,1205.865,84.18,1193.0,3.0,13.0,10.0,6.2,4.0,3.0,3.0,6.0,3.0,5.175,1.03125,6.0,121.0,207.0,86.0,178.0,36.25,207.0,1.1,1.93,0.8299999999999998,1.36475,0.3309374999999999,1.1,1.0,2.0,1.0,1.775,0.34875,2.0,0.0,1.0,1.0,0.125,0.21875,0.0,0.0,10.0,10.0,3.05,3.325,1.0,0.0,0.0,0.0,0.0,0.0,0.0,3.0,11.0,8.0,4.95,2.925,3.0,0.0,1.0,1.0,0.225,0.34875,0.0,0.0,5.0,5.0,0.625,1.09375,0.0,0.0,9.0,9.0,5.7,4.125,9.0,0.0,0.0,0.0,0.0,0.0,0.0,1.0,9.0,8.0,6.55,3.0625,9.0,10.245,36.8975,26.652500000000003,28.1308125,10.958359375,36.8975,0.0,0.0,0.0,0.0,0.0,0.0,0.0,1.5484712,1.5484712,0.03871178,0.075487971,0.0,194.0,225.0,31.0,204.85,14.105,194.0
Ag5 Al12.5 Co5 Cu10 La62.5 Ni5,13.0,57.0,44.0,45.25,14.8625,57.0,13.0,73.0,60.0,32.85,24.8125,13.0,26.9815386,138.90547,111.9239314,107.817950825,38.86442388625,138.90547,933.47,1768.0,834.53,1234.63225,127.33087500000003,1193.0,3.0,13.0,10.0,6.1,3.875,3.0,3.0,6.0,3.0,5.175,1.03125,6.0,121.0,207.0,86.0,177.45,36.9375,207.0,1.1,1.93,0.8299999999999998,1.36475,0.3309374999999999,1.1,1.0,2.0,1.0,1.85,0.2549999999999999,2.0,0.0,1.0,1.0,0.125,0.21875,0.0,0.0,10.0,10.0,2.875,3.0625,1.0,0.0,0.0,0.0,0.0,0.0,0.0,3.0,11.0,8.0,4.85,2.775,3.0,0.0,1.0,1.0,0.15,0.255,0.0,0.0,5.0,5.0,0.625,1.09375,0.0,0.0,9.0,9.0,5.875,3.90625,9.0,0.0,0.0,0.0,0.0,0.0,0.0,1.0,9.0,8.0,6.65,2.9375,9.0,10.245,36.8975,26.652500000000003,28.0726875,11.031015625000002,36.8975,0.0,0.0,0.0,0.0,0.0,0.0,0.0,1.5484712,1.5484712,0.107193295,0.192947931,0.0,194.0,225.0,31.0,204.075,13.601249999999997,194.0
Ag5 Al12.5 Co5 Cu15 La62.5,13.0,57.0,44.0,45.3,14.795,57.0,13.0,73.0,60.0,33.0,25.0,13.0,26.9815386,138.90547,111.9239314,108.060580825,38.55611146875,138.90547,933.47,1768.0,834.53,1216.12075,99.56362500000004,1193.0,3.0,13.0,10.0,6.15,3.9375,3.0,3.0,6.0,3.0,5.175,1.03125,6.0,121.0,207.0,86.0,177.85,36.43750000000001,207.0,1.1,1.93,0.8299999999999998,1.3642500000000002,0.3303125,1.1,1.0,2.0,1.0,1.8,0.3199999999999999,2.0,0.0,1.0,1.0,0.125,0.21875,0.0,0.0,10.0,10.0,2.975,3.2125,1.0,0.0,0.0,0.0,0.0,0.0,0.0,3.0,11.0,8.0,4.9,2.85,3.0,0.0,1.0,1.0,0.2,0.32,0.0,0.0,5.0,5.0,0.625,1.09375,0.0,0.0,9.0,9.0,5.775,4.03125,9.0,0.0,0.0,0.0,0.0,0.0,0.0,1.0,9.0,8.0,6.6,3.0,9.0,10.245,36.8975,26.652500000000003,28.1101875,10.984140625,36.8975,0.0,0.0,0.0,0.0,0.0,0.0,0.0,1.5484712,1.5484712,0.07742356,0.147104764,0.0,194.0,225.0,31.0,204.075,13.601249999999997,194.0
Ag5 Al12.5 Cu15 Fe5 La62.5,13.0,57.0,44.0,45.25,14.8625,57.0,13.0,73.0,60.0,32.85,24.8125,13.0,26.9815386,138.90547,111.9239314,107.906171075,38.749123656250006,138.90547,933.47,1811.0,877.53,1218.27075,102.78862499999995,1193.0,3.0,13.0,10.0,6.1,3.875,3.0,3.0,6.0,3.0,5.175,1.03125,6.0,121.0,207.0,86.0,178.15,36.0625,207.0,1.1,1.93,0.8299999999999998,1.36175,0.3271875,1.1,1.0,2.0,1.0,1.8,0.3199999999999999,2.0,0.0,1.0,1.0,0.125,0.21875,0.0,0.0,10.0,10.0,2.925,3.1375,1.0,0.0,0.0,0.0,0.0,0.0,0.0,3.0,11.0,8.0,4.85,2.775,3.0,0.0,1.0,1.0,0.2,0.32,0.0,0.0,5.0,5.0,0.625,1.09375,0.0,0.0,9.0,9.0,5.825,3.96875,9.0,0.0,0.0,0.0,0.0,0.0,0.0,1.0,9.0,8.0,6.65,2.9375,9.0,10.73,36.8975,26.1675,28.1344375,10.953828125,36.8975,0.0,0.0,0.0,0.0,0.0,0.0,0.0,2.1106628,2.1106628,0.10553314,0.200512966,0.0,194.0,229.0,35.0,205.825,14.781249999999998,194.0
Ag5 Al12.5 Cu15 La62.5 Ni5,13.0,57.0,44.0,45.35,14.7275,57.0,13.0,73.0,60.0,33.15,25.1875,13.0,26.9815386,138.90547,111.9239314,108.048591075,38.57109865625001,138.90547,933.47,1728.0,794.53,1214.12075,96.56362500000004,1193.0,3.0,13.0,10.0,6.2,4.0,3.0,3.0,6.0,3.0,5.175,1.03125,6.0,121.0,207.0,86.0,177.75,36.5625,207.0,1.1,1.93,0.8299999999999998,1.3657500000000002,0.3321875,1.1,1.0,2.0,1.0,1.8,0.3199999999999999,2.0,0.0,1.0,1.0,0.125,0.21875,0.0,0.0,10.0,10.0,3.025,3.2875,1.0,0.0,0.0,0.0,0.0,0.0,0.0,3.0,11.0,8.0,4.95,2.925,3.0,0.0,1.0,1.0,0.2,0.32,0.0,0.0,5.0,5.0,0.625,1.09375,0.0,0.0,9.0,9.0,5.725,4.09375,9.0,0.0,0.0,0.0,0.0,0.0,0.0,1.0,9.0,8.0,6.55,3.0625,9.0,10.32,36.8975,26.5775,28.1139375,10.979453125,36.8975,0.0,0.0,0.0,0.0,0.0,0.0,0.0,0.5953947,0.5953947,0.029769735,0.0565624965,0.0,194.0,225.0,31.0,205.625,14.53125,194.0
Ag5 Al12.5 Cu17.5 Fe2.5 La62.5,13.0,57.0,44.0,45.325,14.76125,57.0,13.0,73.0,60.0,33.075,25.09375,13.0,26.9815386,138.90547,111.9239314,108.098696075,38.50846740625,138.90547,933.47,1811.0,877.53,1206.94,85.79250000000002,1193.0,3.0,13.0,10.0,6.175,3.96875,3.0,3.0,6.0,3.0,5.175,1.03125,6.0,121.0,207.0,86.0,178.15,36.0625,207.0,1.1,1.93,0.8299999999999998,1.3635,0.3293749999999999,1.1,1.0,2.0,1.0,1.775,0.34875,2.0,0.0,1.0,1.0,0.125,0.21875,0.0,0.0,10.0,10.0,3.025,3.2875,1.0,0.0,0.0,0.0,0.0,0.0,0.0,3.0,11.0,8.0,4.925,2.8875,3.0,0.0,1.0,1.0,0.225,0.34875,0.0,0.0,5.0,5.0,0.625,1.09375,0.0,0.0,9.0,9.0,5.725,4.09375,9.0,0.0,0.0,0.0,0.0,0.0,0.0,1.0,9.0,8.0,6.575,3.03125,9.0,10.73,36.8975,26.1675,28.1429375,10.943203125,36.8975,0.0,0.0,0.0,0.0,0.0,0.0,0.0,2.1106628,2.1106628,0.05276657,0.1028948115,0.0,194.0,229.0,35.0,205.725,14.65625,194.0
Ag5 Al12.5 Cu20 La62.5,13.0,57.0,44.0,45.4,14.66,57.0,13.0,73.0,60.0,33.3,25.375,13.0,26.9815386,138.90547,111.9239314,108.291221075,38.267811156250005,138.90547,933.47,1357.77,424.3,1195.60925,68.79637499999998,1193.0,3.0,13.0,10.0,6.25,4.0625,3.0,3.0,6.0,3.0,5.175,1.03125,6.0,121.0,207.0,86.0,178.15,36.0625,207.0,1.1,1.93,0.8299999999999998,1.36525,0.3315625,1.1,1.0,2.0,1.0,1.75,0.375,2.0,0.0,1.0,1.0,0.125,0.21875,0.0,0.0,10.0,10.0,3.125,3.4375,1.0,0.0,0.0,0.0,0.0,0.0,0.0,3.0,11.0,8.0,5.0,3.0,3.0,0.0,1.0,1.0,0.25,0.375,0.0,0.0,5.0,5.0,0.625,1.09375,0.0,0.0,9.0,9.0,5.625,4.21875,9.0,0.0,0.0,0.0,0.0,0.0,0.0,1.0,9.0,8.0,6.5,3.125,9.0,11.07,36.8975,25.8275,28.1514375,10.932578125,36.8975,0.0,0.0,0.0,0.0,0.0,0.0,0.0,0.0,0.0,0.0,0.0,0.0,194.0,225.0,31.0,205.625,14.53125,194.0
Ag5 Al14 Cu19 La62,13.0,57.0,44.0,45.02,15.053199999999997,57.0,13.0,73.0,60.0,33.69,25.6556,13.0,26.9815386,138.90547,111.9239314,107.36595680400002,39.15922068264,138.90547,933.47,1357.77,424.3,1190.0686,71.84760799999995,1193.0,3.0,13.0,10.0,6.32,4.1168000000000005,3.0,3.0,6.0,3.0,5.15,1.0539999999999998,6.0,121.0,207.0,86.0,177.61,36.4436,207.0,1.1,1.93,0.8299999999999998,1.3649,0.3284759999999999,1.1,1.0,2.0,1.0,1.76,0.3648,2.0,0.0,1.0,1.0,0.14,0.2408,0.0,0.0,10.0,10.0,3.02,3.3504,1.0,0.0,0.0,0.0,0.0,0.0,0.0,3.0,11.0,8.0,4.92,2.9184,3.0,0.0,1.0,1.0,0.24,0.3648,0.0,0.0,5.0,5.0,0.7,1.204,0.0,0.0,9.0,9.0,5.58,4.2408,9.0,0.0,0.0,0.0,0.0,0.0,0.0,1.0,9.0,8.0,6.52,3.0752,9.0,11.07,36.8975,25.8275,28.10345,10.904622,36.8975,0.0,0.0,0.0,0.0,0.0,0.0,0.0,0.0,0.0,0.0,0.0,0.0,194.0,225.0,31.0,205.78,14.6072,194.0
Ag5 Al15 Cu20 La60,13.0,57.0,44.0,44.3,15.51,57.0,13.0,73.0,60.0,34.8,26.16,13.0,26.9815386,138.90547,111.9239314,105.49312279,40.332324373000006,138.90547,933.47,1357.77,424.3,1189.121,76.69529999999993,1193.0,3.0,13.0,10.0,6.5,4.2,3.0,3.0,6.0,3.0,5.1,1.08,6.0,121.0,207.0,86.0,176.0,37.2,207.0,1.1,1.93,0.8299999999999998,1.378,0.3335999999999999,1.1,1.0,2.0,1.0,1.75,0.375,2.0,0.0,1.0,1.0,0.15,0.255,0.0,0.0,10.0,10.0,3.1,3.45,1.0,0.0,0.0,0.0,0.0,0.0,0.0,3.0,11.0,8.0,5.0,3.0,3.0,0.0,1.0,1.0,0.25,0.375,0.0,0.0,5.0,5.0,0.75,1.275,0.0,0.0,9.0,9.0,5.4,4.32,9.0,0.0,0.0,0.0,0.0,0.0,0.0,1.0,9.0,8.0,6.4,3.12,9.0,11.07,36.8975,25.8275,27.641,11.1078,36.8975,0.0,0.0,0.0,0.0,0.0,0.0,0.0,0.0,0.0,0.0,0.0,0.0,194.0,225.0,31.0,206.4,14.88,194.0
Ag5 Al19 Co19 Cu4.75 Zr52.25,13.0,47.0,34.0,32.2275,9.599512499999998,40.0,44.0,73.0,29.0,54.17,10.62765,44.0,26.9815386,107.8682,80.88666140000001,72.400184384,23.21768888032,91.224,933.47,2128.0,1194.53,1751.3998749999998,399.855178125,2128.0,4.0,13.0,9.0,7.3425,3.4929125,4.0,3.0,5.0,2.0,4.3825,0.7070375,5.0,121.0,175.0,54.0,151.8875,24.1525625,175.0,1.33,1.93,0.5999999999999999,1.5447750000000002,0.2244398749999999,1.33,1.0,2.0,1.0,1.9025,0.1759874999999999,2.0,0.0,1.0,1.0,0.19,0.3078,0.0,0.0,10.0,10.0,3.35,2.68375,2.0,0.0,0.0,0.0,0.0,0.0,0.0,3.0,11.0,8.0,5.4425,2.4355625,4.0,0.0,1.0,1.0,0.0975,0.1759875,0.0,0.0,5.0,5.0,0.95,1.539,0.0,0.0,8.0,8.0,4.75,3.39625,8.0,0.0,0.0,0.0,0.0,0.0,0.0,1.0,8.0,7.0,5.7975,2.3016125,8.0,10.245,23.195,12.95,18.5394625,4.865036687500001,23.195,0.0,0.0,0.0,0.0,0.0,0.0,0.0,1.5484712,1.5484712,0.294209528,0.47661943536,0.0,194.0,225.0,31.0,202.9125,12.700312499999995,194.0
Ag5 Al20 Cu20 La55,13.0,57.0,44.0,42.1,16.88,57.0,13.0,73.0,60.0,37.8,27.28,13.0,26.9815386,138.90547,111.9239314,99.89692622,43.70652553600001,138.90547,933.47,1357.77,424.3,1176.1445,97.06979999999992,1193.0,3.0,13.0,10.0,7.0,4.4,3.0,3.0,6.0,3.0,4.95,1.16,6.0,121.0,207.0,86.0,171.7,38.83,207.0,1.1,1.93,0.8299999999999998,1.4035,0.3338499999999999,1.1,1.0,2.0,1.0,1.75,0.375,2.0,0.0,1.0,1.0,0.2,0.32,0.0,0.0,10.0,10.0,3.05,3.475,1.0,0.0,0.0,0.0,0.0,0.0,0.0,3.0,11.0,8.0,5.0,3.0,3.0,0.0,1.0,1.0,0.25,0.375,0.0,0.0,5.0,5.0,1.0,1.6,0.0,0.0,9.0,9.0,4.95,4.455,9.0,0.0,0.0,0.0,0.0,0.0,0.0,1.0,9.0,8.0,6.2,3.08,9.0,11.07,36.8975,25.8275,26.620125,11.3051125,36.8975,0.0,0.0,0.0,0.0,0.0,0.0,0.0,0.0,0.0,0.0,0.0,0.0,194.0,225.0,31.0,207.95,15.344999999999995,194.0
Ag5 Al25 Cu15 La55,13.0,57.0,44.0,41.3,17.84,57.0,13.0,73.0,60.0,38.25,27.775,13.0,26.9815386,138.90547,111.9239314,98.06870315,45.900393220000005,138.90547,933.47,1357.77,424.3,1154.9295,110.72975000000002,1193.0,3.0,13.0,10.0,7.1,4.51,3.0,3.0,6.0,3.0,4.9,1.22,6.0,121.0,207.0,86.0,171.15,39.435,207.0,1.1,1.93,0.8299999999999998,1.389,0.3178999999999999,1.1,1.0,2.0,1.0,1.8,0.32,2.0,0.0,1.0,1.0,0.25,0.375,0.0,0.0,10.0,10.0,2.55,2.98,1.0,0.0,0.0,0.0,0.0,0.0,0.0,3.0,11.0,8.0,4.6,2.56,3.0,0.0,1.0,1.0,0.2,0.32,0.0,0.0,5.0,5.0,1.25,1.875,0.0,0.0,9.0,9.0,4.95,4.455,9.0,0.0,0.0,0.0,0.0,0.0,0.0,1.0,9.0,8.0,6.4,2.86,9.0,11.07,36.8975,25.8275,26.890625,11.0075625,36.8975,0.0,0.0,0.0,0.0,0.0,0.0,0.0,0.0,0.0,0.0,0.0,0.0,194.0,225.0,31.0,207.95,15.344999999999995,194.0
Ag5 Al27.5 Ca57.5 Mg10,12.0,47.0,35.0,18.625,4.41875,20.0,7.0,73.0,66.0,34.15,31.2225,7.0,24.305,107.8682,83.5632,38.288683115000005,9.01566610625,40.078,923.0,1234.93,311.93000000000006,1051.87575,90.89831250000002,1115.0,2.0,13.0,11.0,5.475,4.69125,2.0,3.0,5.0,2.0,3.675,0.5062500000000001,4.0,121.0,176.0,55.0,155.825,23.20125,176.0,1.0,1.93,0.93,1.24525,0.2820375,1.0,1.0,2.0,1.0,1.95,0.095,2.0,0.0,1.0,1.0,0.275,0.39875,0.0,0.0,10.0,10.0,0.5,0.95,0.0,0.0,0.0,0.0,0.0,0.0,0.0,2.0,11.0,9.0,2.725,0.97875,2.0,0.0,1.0,1.0,0.05,0.095,0.0,0.0,5.0,5.0,1.375,1.99375,0.0,0.0,0.0,0.0,0.0,0.0,0.0,0.0,0.0,0.0,0.0,0.0,0.0,0.0,5.0,5.0,1.425,1.96625,0.0,16.33,37.77,21.440000000000005,29.35525,9.676962500000002,37.77,0.0,0.0,0.0,0.0,0.0,0.0,0.0,0.0,0.0,0.0,0.0,0.0,194.0,225.0,31.0,221.9,5.579999999999996,225.0
Ag5 Al28.5 Ca56.5 Mg10,12.0,47.0,35.0,18.555,4.47735,20.0,7.0,73.0,66.0,34.81,31.425300000000004,7.0,24.305,107.8682,83.5632,38.157718501000005,9.140966243770002,40.078,923.0,1234.93,311.93000000000006,1050.06045,91.8686465,1115.0,2.0,13.0,11.0,5.585,4.768050000000001,2.0,3.0,5.0,2.0,3.665,0.51205,4.0,121.0,176.0,55.0,155.275,23.41925,176.0,1.0,1.93,0.93,1.25135,0.2840255,1.0,1.0,2.0,1.0,1.95,0.095,2.0,0.0,1.0,1.0,0.285,0.40755,0.0,0.0,10.0,10.0,0.5,0.95,0.0,0.0,0.0,0.0,0.0,0.0,0.0,2.0,11.0,9.0,2.735,0.97755,2.0,0.0,1.0,1.0,0.05,0.095,0.0,0.0,5.0,5.0,1.425,2.03775,0.0,0.0,0.0,0.0,0.0,0.0,0.0,0.0,0.0,0.0,0.0,0.0,0.0,0.0,5.0,5.0,1.475,2.00925,0.0,16.33,37.77,21.440000000000005,29.14235,9.7492445,37.77,0.0,0.0,0.0,0.0,0.0,0.0,0.0,0.0,0.0,0.0,0.0,0.0,194.0,225.0,31.0,221.9,5.579999999999996,225.0
Ag5 Al29.5 Ca55.5 Mg10,12.0,47.0,35.0,18.485,4.533149999999999,20.0,7.0,73.0,66.0,35.47,31.6017,7.0,24.305,107.8682,83.5632,38.026753887000005,9.26102779673,40.078,923.0,1234.93,311.93000000000006,1048.24515,92.76636849999998,1115.0,2.0,13.0,11.0,5.695,4.840450000000001,2.0,3.0,5.0,2.0,3.655,0.5174500000000001,4.0,121.0,176.0,55.0,154.725,23.61525,176.0,1.0,1.93,0.93,1.25745,0.2857695,1.0,1.0,2.0,1.0,1.95,0.095,2.0,0.0,1.0,1.0,0.295,0.41595,0.0,0.0,10.0,10.0,0.5,0.95,0.0,0.0,0.0,0.0,0.0,0.0,0.0,2.0,11.0,9.0,2.745,0.97595,2.0,0.0,1.0,1.0,0.05,0.095,0.0,0.0,5.0,5.0,1.475,2.07975,0.0,0.0,0.0,0.0,0.0,0.0,0.0,0.0,0.0,0.0,0.0,0.0,0.0,0.0,5.0,5.0,1.525,2.05025,0.0,16.33,37.77,21.440000000000005,28.929450000000003,9.8130105,37.77,0.0,0.0,0.0,0.0,0.0,0.0,0.0,0.0,0.0,0.0,0.0,0.0,194.0,225.0,31.0,221.9,5.579999999999996,225.0
Ag5 Al32 Ca63,13.0,47.0,34.0,19.11,3.9104,20.0,7.0,73.0,66.0,31.02,30.265200000000004,7.0,26.9815386,107.8682,80.88666140000001,39.276642352,7.868866401279999,40.078,933.47,1234.93,301.46000000000004,1062.9069,82.83961600000002,1115.0,2.0,13.0,11.0,5.97,5.0022,2.0,3.0,5.0,2.0,3.73,0.4672,4.0,121.0,176.0,55.0,156.85,24.129,176.0,1.0,1.93,0.93,1.2417,0.304542,1.0,1.0,2.0,1.0,1.95,0.095,2.0,0.0,1.0,1.0,0.32,0.4352,0.0,0.0,10.0,10.0,0.5,0.95,0.0,0.0,0.0,0.0,0.0,0.0,0.0,2.0,11.0,9.0,2.77,0.9702,2.0,0.0,1.0,1.0,0.05,0.095,0.0,0.0,5.0,5.0,1.6,2.176,0.0,0.0,0.0,0.0,0.0,0.0,0.0,0.0,0.0,0.0,0.0,0.0,0.0,0.0,5.0,5.0,1.65,2.144,0.0,16.33,37.77,21.440000000000005,29.885200000000005,9.934848000000002,37.77,0.0,0.0,0.0,0.0,0.0,0.0,0.0,0.0,0.0,0.0,0.0,0.0,225.0,225.0,0.0,225.0,0.0,225.0
Ag5 Al5 Cu45 Zr45,13.0,47.0,34.0,34.05,6.65,29.0,44.0,73.0,29.0,55.5,10.35,44.0,26.9815386,107.8682,80.88666140000001,76.38898693,16.499433070000002,63.546,933.47,2128.0,1194.53,1677.0165,405.88515,1357.77,4.0,13.0,9.0,7.95,3.555,4.0,3.0,5.0,2.0,4.45,0.55,4.0,121.0,175.0,54.0,151.45,21.195,132.0,1.33,1.93,0.5999999999999999,1.6305,0.2724999999999999,1.33,1.0,2.0,1.0,1.5,0.5,1.0,0.0,1.0,1.0,0.05,0.095,0.0,0.0,10.0,10.0,5.9,4.1,2.0,0.0,0.0,0.0,0.0,0.0,0.0,3.0,11.0,8.0,7.45,3.55,4.0,0.0,1.0,1.0,0.5,0.5,0.0,0.0,5.0,5.0,0.25,0.475,0.0,0.0,8.0,8.0,3.6,3.96,0.0,0.0,0.0,0.0,0.0,0.0,0.0,1.0,8.0,7.0,4.35,3.35,1.0,11.07,23.195,12.125,17.05975,5.521725,11.07,0.0,0.0,0.0,0.0,0.0,0.0,0.0,0.0,0.0,0.0,0.0,0.0,194.0,225.0,31.0,211.05,15.345,194.0
Ag5 Al7 Cu40 Zr48,13.0,47.0,34.0,34.06,6.9964,40.0,44.0,73.0,29.0,55.08,10.6368,44.0,26.9815386,107.8682,80.88666140000001,76.488037702,17.284540035880003,91.224,933.47,2128.0,1194.53,1691.6373999999998,418.908096,2128.0,4.0,13.0,9.0,7.78,3.6288,4.0,3.0,5.0,2.0,4.46,0.5723999999999999,5.0,121.0,175.0,54.0,152.52,21.5808,175.0,1.33,1.93,0.5999999999999999,1.6076,0.2664959999999999,1.33,1.0,2.0,1.0,1.55,0.495,2.0,0.0,1.0,1.0,0.07,0.1301999999999999,0.0,0.0,10.0,10.0,5.46,4.085999999999999,2.0,0.0,0.0,0.0,0.0,0.0,0.0,3.0,11.0,8.0,7.08,3.528,4.0,0.0,1.0,1.0,0.45,0.495,0.0,0.0,5.0,5.0,0.35,0.6509999999999999,0.0,0.0,8.0,8.0,3.84,3.9936,8.0,0.0,0.0,0.0,0.0,0.0,0.0,1.0,8.0,7.0,4.64,3.276,8.0,11.07,23.195,12.125,17.5317,5.436768,23.195,0.0,0.0,0.0,0.0,0.0,0.0,0.0,0.0,0.0,0.0,0.0,0.0,194.0,225.0,31.0,210.12,15.4752,194.0
Ag5 Al9.5 Cu21.85 Fe4.75 Zr58.9,13.0,47.0,34.0,34.7165,7.452312999999999,40.0,44.0,73.0,29.0,52.6975,10.245655,44.0,26.9815386,107.8682,80.88666140000001,78.225030667,18.277102807574,91.224,933.47,2128.0,1194.53,1786.513395,404.597448165,2128.0,4.0,13.0,9.0,6.9245,3.445061,4.0,3.0,5.0,2.0,4.544,0.5827680000000001,5.0,121.0,175.0,54.0,156.93200000000002,21.284104,175.0,1.33,1.93,0.5999999999999999,1.534895,0.2413663099999999,1.33,1.0,2.0,1.0,1.7315,0.3928155,2.0,0.0,1.0,1.0,0.095,0.17195,0.0,0.0,10.0,10.0,4.148,3.318464,2.0,0.0,0.0,0.0,0.0,0.0,0.0,3.0,11.0,8.0,5.974500000000001,2.8911160000000007,4.0,0.0,1.0,1.0,0.2685,0.3928155,0.0,0.0,5.0,5.0,0.475,0.8597500000000001,0.0,0.0,8.0,8.0,4.902,3.649444,8.0,0.0,0.0,0.0,0.0,0.0,0.0,1.0,8.0,7.0,5.645499999999999,2.7736010000000006,8.0,10.73,23.195,12.465,18.972425,4.97419335,23.195,0.0,0.0,0.0,0.0,0.0,0.0,0.0,2.1106628,2.1106628,0.100256483,0.190988600115,0.0,194.0,229.0,35.0,206.931,15.232717999999997,194.0
Ag5 Au46 Cu29 Si20,14.0,79.0,65.0,49.9,26.772,79.0,64.0,78.0,14.0,67.77,4.091999999999998,66.0,28.0855,196.966569,168.881069,120.04347174000004,70.76924947920001,196.966569,1234.93,1687.0,452.07,1408.0715999999998,111.5713599999999,1337.33,11.0,14.0,3.0,11.6,0.9599999999999996,11.0,3.0,6.0,3.0,4.77,1.1545999999999998,6.0,111.0,145.0,34.0,130.29,7.716000000000005,136.0,1.9,2.54,0.6400000000000001,2.1959,0.316572,2.54,1.0,2.0,1.0,1.2,0.3199999999999999,1.0,0.0,2.0,2.0,0.4,0.64,0.0,0.0,10.0,10.0,8.0,3.2,10.0,0.0,14.0,14.0,6.44,6.9552,14.0,4.0,25.0,21.0,16.04,8.2432,25.0,0.0,1.0,1.0,0.8,0.3199999999999999,1.0,0.0,4.0,4.0,0.8,1.28,0.0,0.0,0.0,0.0,0.0,0.0,0.0,0.0,0.0,0.0,0.0,0.0,0.0,1.0,4.0,3.0,1.6,0.96,1.0,11.07,20.44,9.37,15.796799999999998,2.7415440000000006,16.7,0.0,0.773,0.773,0.1546,0.24736,0.0,0.0,0.0,0.0,0.0,0.0,0.0,225.0,227.0,2.0,225.4,0.6400000000000035,225.0
Ag5 Cu15 Gd10 Mg65 Pd5,12.0,64.0,52.0,23.2,14.56,12.0,27.0,68.0,41.0,62.85,7.254999999999999,68.0,24.305,157.25,132.945,51.76956,35.703928,24.305,923.0,1828.05,905.05,1115.3645,250.07385,923.0,2.0,11.0,9.0,4.3,3.25,2.0,3.0,6.0,3.0,3.65,0.845,3.0,132.0,196.0,64.0,145.25,10.15,141.0,1.2,2.2,1.0000000000000002,1.463,0.2515,1.31,0.0,2.0,2.0,1.7,0.45,2.0,0.0,0.0,0.0,0.0,0.0,0.0,0.0,10.0,10.0,2.6,3.7,0.0,0.0,7.0,7.0,0.7,1.26,0.0,2.0,11.0,9.0,5.0,3.9,2.0,0.0,1.0,1.0,0.2,0.32,0.0,0.0,0.0,0.0,0.0,0.0,0.0,0.0,9.0,9.0,0.9,1.62,0.0,0.0,7.0,7.0,0.7,1.26,0.0,0.0,16.0,16.0,1.8,2.84,0.0,11.07,32.05,20.98,21.281,4.245499999999999,22.89,0.0,0.0,0.0,0.0,0.0,0.0,0.0,0.0,0.0,0.0,0.0,0.0,194.0,225.0,31.0,201.75,11.625,194.0
Ag5 Cu20 Gd10 Mg65,12.0,64.0,52.0,22.35,13.455,12.0,27.0,68.0,41.0,62.95,7.189999999999998,68.0,24.305,157.25,132.945,49.62586,32.917118,24.305,923.0,1586.0,663.0,1091.8505,219.50565000000003,923.0,2.0,11.0,9.0,4.35,3.325,2.0,3.0,6.0,3.0,3.6,0.78,3.0,132.0,196.0,64.0,144.9,10.230000000000004,141.0,1.2,1.93,0.73,1.4480000000000002,0.229,1.31,1.0,2.0,1.0,1.75,0.375,2.0,0.0,0.0,0.0,0.0,0.0,0.0,0.0,10.0,10.0,2.6,3.7,0.0,0.0,7.0,7.0,0.7,1.26,0.0,2.0,11.0,9.0,5.05,3.965,2.0,0.0,1.0,1.0,0.25,0.375,0.0,0.0,0.0,0.0,0.0,0.0,0.0,0.0,9.0,9.0,0.9,1.62,0.0,0.0,7.0,7.0,0.7,1.26,0.0,0.0,16.0,16.0,1.85,2.83,0.0,11.07,32.05,20.98,21.114,4.496,22.89,0.0,0.0,0.0,0.0,0.0,0.0,0.0,0.0,0.0,0.0,0.0,0.0,194.0,225.0,31.0,201.75,11.625,194.0
Ag5 Cu20 Mg65 Tb10,12.0,65.0,53.0,22.45,13.585,12.0,29.0,68.0,39.0,63.15,6.830000000000002,68.0,24.305,158.92535,134.62035,49.793395,33.1349135,24.305,923.0,1629.0,706.0,1096.1505,225.09565000000003,923.0,2.0,11.0,9.0,4.35,3.325,2.0,3.0,6.0,3.0,3.6,0.78,3.0,132.0,194.0,62.0,144.7,9.889999999999992,141.0,1.21,1.93,0.72,1.449,0.2284999999999999,1.31,1.0,2.0,1.0,1.75,0.375,2.0,0.0,0.0,0.0,0.0,0.0,0.0,0.0,10.0,10.0,2.5,3.75,0.0,0.0,9.0,9.0,0.9,1.62,0.0,2.0,11.0,9.0,5.15,4.095,2.0,0.0,1.0,1.0,0.25,0.375,0.0,0.0,0.0,0.0,0.0,0.0,0.0,0.0,0.0,0.0,0.0,0.0,0.0,0.0,5.0,5.0,0.5,0.9,0.0,0.0,5.0,5.0,0.75,0.975,0.0,11.07,31.7366666667,20.6666666667,21.08266666667,4.480333333335,22.89,0.0,0.0,0.0,0.0,0.0,0.0,0.0,0.0,0.0,0.0,0.0,0.0,194.0,225.0,31.0,201.75,11.625,194.0
Ag5 Cu45 Zr50,29.0,47.0,18.0,35.4,5.76,40.0,44.0,65.0,21.0,54.05,10.05,44.0,63.546,107.8682,44.3222,79.60111,14.449599,91.224,1234.93,2128.0,893.0699999999999,1736.743,391.257,2128.0,4.0,11.0,7.0,7.5,3.5,4.0,4.0,5.0,1.0,4.55,0.495,5.0,132.0,175.0,43.0,154.15,20.85,175.0,1.33,1.93,0.5999999999999999,1.6165,0.2864999999999999,1.33,1.0,2.0,1.0,1.5,0.5,2.0,0.0,0.0,0.0,0.0,0.0,0.0,2.0,10.0,8.0,6.0,4.0,2.0,0.0,0.0,0.0,0.0,0.0,0.0,4.0,11.0,7.0,7.5,3.5,4.0,0.0,1.0,1.0,0.5,0.5,0.0,0.0,0.0,0.0,0.0,0.0,0.0,0.0,8.0,8.0,4.0,4.0,8.0,0.0,0.0,0.0,0.0,0.0,0.0,1.0,8.0,7.0,4.5,3.5,8.0,11.07,23.195,12.125,17.395500000000002,5.7995,23.195,0.0,0.0,0.0,0.0,0.0,0.0,0.0,0.0,0.0,0.0,0.0,0.0,194.0,225.0,31.0,209.5,15.5,194.0
Ag5 Cu55 Ti10 Zr30,22.0,47.0,25.0,32.5,5.95,29.0,43.0,65.0,22.0,55.95,9.76,64.0,47.867,107.8682,60.0012,72.49761,14.772893,63.546,1234.93,2128.0,893.0699999999999,1641.02,352.184,1357.77,4.0,11.0,7.0,8.2,3.36,11.0,4.0,5.0,1.0,4.35,0.4549999999999998,4.0,132.0,175.0,43.0,148.35,18.32,132.0,1.33,1.93,0.5999999999999999,1.6945,0.2495999999999999,1.9,1.0,2.0,1.0,1.4,0.48,1.0,0.0,0.0,0.0,0.0,0.0,0.0,2.0,10.0,8.0,6.8,3.84,10.0,0.0,0.0,0.0,0.0,0.0,0.0,4.0,11.0,7.0,8.2,3.36,11.0,0.0,1.0,1.0,0.6,0.48,1.0,0.0,0.0,0.0,0.0,0.0,0.0,0.0,8.0,8.0,3.2,3.84,0.0,0.0,0.0,0.0,0.0,0.0,0.0,1.0,8.0,7.0,3.8,3.36,1.0,11.07,23.195,12.125,15.5325,4.90875,11.07,0.0,0.0,0.0,0.0,0.0,0.0,0.0,2.25333333333e-05,2.25333333333e-05,2.25333333333e-06,4.055999999994e-06,0.0,194.0,225.0,31.0,212.6,14.88,225.0
Ag5 Cu7.5 Gd10 Mg65 Ni7.5 Zn5,12.0,64.0,52.0,22.325,13.4225,12.0,27.0,69.0,42.0,62.975,7.491249999999999,68.0,24.305,157.25,132.945,49.35361499999999,32.5631995,24.305,692.68,1728.0,1035.3200000000002,1086.36325,251.74055,923.0,2.0,12.0,10.0,4.325,3.2875,2.0,3.0,6.0,3.0,3.6,0.78,3.0,122.0,196.0,74.0,143.8,10.56000000000001,141.0,1.2,1.93,0.73,1.43625,0.2113749999999999,1.31,1.0,2.0,1.0,1.875,0.21875,2.0,0.0,0.0,0.0,0.0,0.0,0.0,0.0,10.0,10.0,2.45,3.475,0.0,0.0,7.0,7.0,0.7,1.26,0.0,2.0,12.0,10.0,5.025,3.9325,2.0,0.0,1.0,1.0,0.125,0.21875,0.0,0.0,0.0,0.0,0.0,0.0,0.0,0.0,9.0,9.0,1.05,1.7325,0.0,0.0,7.0,7.0,0.7,1.26,0.0,0.0,16.0,16.0,1.875,2.84375,0.0,10.32,32.05,21.73,21.202250000000003,4.363624999999999,22.89,0.0,0.0,0.0,0.0,0.0,0.0,0.0,0.5953947,0.5953947,0.0446546025,0.082611014625,0.0,194.0,225.0,31.0,200.2,9.919999999999993,194.0
Ag5 Cu7.5 Gd2.5 Mg65 Ni7.5 Y7.5 Zn5,12.0,64.0,52.0,20.45,10.985,12.0,12.0,69.0,57.0,61.85,9.347499999999998,68.0,24.305,157.25,132.945,44.22780374999999,25.899644875,24.305,692.68,1799.0,1106.3200000000002,1102.33825,274.10555000000005,923.0,2.0,12.0,10.0,4.325,3.2875,2.0,3.0,6.0,3.0,3.525,0.6825,3.0,122.0,196.0,74.0,143.35,9.794999999999996,141.0,1.2,1.93,0.73,1.43775,0.2106249999999999,1.31,1.0,2.0,1.0,1.875,0.21875,2.0,0.0,0.0,0.0,0.0,0.0,0.0,0.0,10.0,10.0,2.45,3.475,0.0,0.0,7.0,7.0,0.175,0.34125,0.0,2.0,12.0,10.0,4.5,3.475,2.0,0.0,1.0,1.0,0.125,0.21875,0.0,0.0,0.0,0.0,0.0,0.0,0.0,0.0,9.0,9.0,1.05,1.7325,0.0,0.0,7.0,7.0,0.175,0.34125,0.0,0.0,16.0,16.0,1.35,1.9775,0.0,10.32,32.365,22.045,21.22587500000001,4.375437499999998,22.89,0.0,0.0,0.0,0.0,0.0,0.0,0.0,0.5953947,0.5953947,0.0446546025,0.082611014625,0.0,194.0,225.0,31.0,200.2,9.919999999999993,194.0
Ag5 Cu7.5 Gd5 Mg65 Ni7.5 Y5 Zn5,12.0,64.0,52.0,21.075,11.7975,12.0,12.0,69.0,57.0,62.225,8.728749999999998,68.0,24.305,157.25,132.945,45.9364075,28.120829749999995,24.305,692.68,1799.0,1106.3200000000002,1097.01325,266.65055,923.0,2.0,12.0,10.0,4.325,3.2875,2.0,3.0,6.0,3.0,3.55,0.7149999999999999,3.0,122.0,196.0,74.0,143.5,10.05,141.0,1.2,1.93,0.73,1.43725,0.2108749999999999,1.31,1.0,2.0,1.0,1.875,0.21875,2.0,0.0,0.0,0.0,0.0,0.0,0.0,0.0,10.0,10.0,2.45,3.475,0.0,0.0,7.0,7.0,0.35,0.665,0.0,2.0,12.0,10.0,4.675,3.645,2.0,0.0,1.0,1.0,0.125,0.21875,0.0,0.0,0.0,0.0,0.0,0.0,0.0,0.0,9.0,9.0,1.05,1.7325,0.0,0.0,7.0,7.0,0.35,0.665,0.0,0.0,16.0,16.0,1.525,2.26625,0.0,10.32,32.365,22.045,21.218000000000004,4.371499999999999,22.89,0.0,0.0,0.0,0.0,0.0,0.0,0.0,0.5953947,0.5953947,0.0446546025,0.082611014625,0.0,194.0,225.0,31.0,200.2,9.919999999999993,194.0
Ag5 Cu7.5 Gd7.5 Mg65 Ni7.5 Y2.5 Zn5,12.0,64.0,52.0,21.7,12.61,12.0,12.0,69.0,57.0,62.6,8.11,68.0,24.305,157.25,132.945,47.64501124999999,30.342014625,24.305,692.68,1799.0,1106.3200000000002,1091.68825,259.19555,923.0,2.0,12.0,10.0,4.325,3.2875,2.0,3.0,6.0,3.0,3.575,0.7475000000000002,3.0,122.0,196.0,74.0,143.65,10.305000000000003,141.0,1.2,1.93,0.73,1.4367500000000002,0.211125,1.31,1.0,2.0,1.0,1.875,0.21875,2.0,0.0,0.0,0.0,0.0,0.0,0.0,0.0,10.0,10.0,2.45,3.475,0.0,0.0,7.0,7.0,0.525,0.97125,0.0,2.0,12.0,10.0,4.85,3.7975,2.0,0.0,1.0,1.0,0.125,0.21875,0.0,0.0,0.0,0.0,0.0,0.0,0.0,0.0,9.0,9.0,1.05,1.7325,0.0,0.0,7.0,7.0,0.525,0.97125,0.0,0.0,16.0,16.0,1.7,2.555,0.0,10.32,32.365,22.045,21.210125,4.367562499999999,22.89,0.0,0.0,0.0,0.0,0.0,0.0,0.0,0.5953947,0.5953947,0.0446546025,0.082611014625,0.0,194.0,225.0,31.0,200.2,9.919999999999993,194.0
Ag5 Cu7.5 Mg65 Ni7.5 Y10 Zn5,12.0,47.0,35.0,19.825,10.1725,12.0,12.0,69.0,57.0,61.475,9.96625,68.0,24.305,107.8682,83.5632,42.5192,23.678459999999998,24.305,692.68,1799.0,1106.3200000000002,1107.66325,281.56055000000003,923.0,2.0,12.0,10.0,4.325,3.2875,2.0,3.0,5.0,2.0,3.5,0.65,3.0,122.0,190.0,68.0,143.2,9.539999999999994,141.0,1.22,1.93,0.71,1.4382500000000005,0.2103750000000001,1.31,1.0,2.0,1.0,1.875,0.21875,2.0,0.0,0.0,0.0,0.0,0.0,0.0,0.0,10.0,10.0,2.45,3.475,0.0,0.0,0.0,0.0,0.0,0.0,0.0,2.0,12.0,10.0,4.325,3.2875,2.0,0.0,1.0,1.0,0.125,0.21875,0.0,0.0,0.0,0.0,0.0,0.0,0.0,0.0,9.0,9.0,1.05,1.7325,0.0,0.0,0.0,0.0,0.0,0.0,0.0,0.0,9.0,9.0,1.175,1.68875,0.0,10.32,32.365,22.045,21.233750000000004,4.379374999999999,22.89,0.0,0.0,0.0,0.0,0.0,0.0,0.0,0.5953947,0.5953947,0.0446546025,0.082611014625,0.0,194.0,225.0,31.0,200.2,9.919999999999993,194.0
Ag5 Gd10 Mg70 Ni15,12.0,64.0,52.0,21.35,13.09,12.0,27.0,68.0,41.0,62.7,7.649999999999998,68.0,24.305,157.25,132.945,46.93592,31.683288,24.305,923.0,1728.0,805.0,1125.6464999999998,283.7050999999999,923.0,2.0,11.0,9.0,3.75,2.6,2.0,3.0,6.0,3.0,3.55,0.7699999999999999,3.0,124.0,196.0,72.0,144.15,10.455000000000004,141.0,1.2,1.93,0.73,1.42,0.1979999999999999,1.31,1.0,2.0,1.0,1.95,0.095,2.0,0.0,0.0,0.0,0.0,0.0,0.0,0.0,10.0,10.0,1.8,2.68,0.0,0.0,7.0,7.0,0.7,1.26,0.0,2.0,11.0,9.0,4.45,3.43,2.0,0.0,1.0,1.0,0.05,0.095,0.0,0.0,0.0,0.0,0.0,0.0,0.0,0.0,9.0,9.0,1.2,1.8,0.0,0.0,7.0,7.0,0.7,1.26,0.0,0.0,16.0,16.0,1.95,2.825,0.0,10.32,32.05,21.73,21.5925,3.908,22.89,0.0,0.0,0.0,0.0,0.0,0.0,0.0,0.5953947,0.5953947,0.089309205,0.1518256485,0.0,194.0,225.0,31.0,200.2,9.919999999999993,194.0
Ag5.5 Au49 Cu26.9 Pd2.3 Si16.3,14.0,79.0,65.0,52.43600000000001,26.03272,79.0,62.0,78.0,16.0,67.271,3.497654000000001,66.0,28.0855,196.966569,168.881069,126.56584030999998,68.99271411619999,196.966569,1234.93,1828.05,593.1199999999999,1405.47913,111.21406364,1337.33,10.0,14.0,4.0,11.466,0.8260839999999996,11.0,3.0,6.0,3.0,4.895,1.09928,6.0,111.0,145.0,34.0,131.41299999999998,6.654638000000011,136.0,1.9,2.54,0.6400000000000001,2.22215,0.311493,2.54,0.0,2.0,2.0,1.14,0.2803599999999999,1.0,0.0,2.0,2.0,0.326,0.545724,0.0,0.0,10.0,10.0,8.37,2.7286200000000003,10.0,0.0,14.0,14.0,6.86,6.9972,14.0,4.0,25.0,21.0,16.696,8.13792,25.0,0.0,1.0,1.0,0.8140000000000001,0.3028079999999999,1.0,0.0,4.0,4.0,0.652,1.091448,0.0,0.0,0.0,0.0,0.0,0.0,0.0,0.0,0.0,0.0,0.0,0.0,0.0,0.0,4.0,4.0,1.4660000000000002,0.8260840000000002,1.0,11.07,20.44,9.37,15.722130000000002,2.5632039199999985,16.7,0.0,0.773,0.773,0.125999,0.210922326,0.0,0.0,0.0,0.0,0.0,0.0,0.0,225.0,227.0,2.0,225.326,0.5457239999999955,225.0
Ag50 Ca30.8 Cu7.7 Mg11.5,12.0,47.0,35.0,33.273,13.727,47.0,7.0,68.0,61.0,47.404,24.888864,65.0,24.305,107.8682,83.5632,73.966241,33.901959,107.8682,923.0,1357.77,434.77,1171.57829,92.02523334000006,1234.93,2.0,11.0,9.0,7.1930000000000005,4.393278,11.0,3.0,5.0,2.0,4.385,0.615,5.0,132.0,176.0,44.0,153.087,14.114407999999996,145.0,1.0,1.93,0.93,1.56995,0.4108776999999999,1.93,1.0,2.0,1.0,1.423,0.488142,1.0,0.0,0.0,0.0,0.0,0.0,0.0,0.0,10.0,10.0,5.77,4.88142,10.0,0.0,0.0,0.0,0.0,0.0,0.0,2.0,11.0,9.0,7.1930000000000005,4.393278,11.0,0.0,1.0,1.0,0.5770000000000001,0.488142,1.0,0.0,0.0,0.0,0.0,0.0,0.0,0.0,0.0,0.0,0.0,0.0,0.0,0.0,0.0,0.0,0.0,0.0,0.0,0.0,1.0,1.0,0.5770000000000001,0.488142,1.0,11.07,37.77,26.700000000000003,23.2829,8.9240536,16.33,0.0,0.0,0.0,0.0,0.0,0.0,0.0,0.0,0.0,0.0,0.0,0.0,194.0,225.0,31.0,221.435,6.310049999999999,225.0
Ag53.8 Ca23.1 Mg23.1,12.0,47.0,35.0,32.678000000000004,15.410472,47.0,7.0,68.0,61.0,52.295,20.92629,65.0,24.305,107.8682,83.5632,72.90556459999999,37.6197956904,107.8682,923.0,1234.93,311.93000000000006,1135.17034,107.34139416000004,1234.93,2.0,11.0,9.0,6.8420000000000005,4.474008,11.0,3.0,5.0,2.0,4.307,0.745668,5.0,141.0,176.0,35.0,151.237,11.440505999999996,145.0,1.0,1.93,0.93,1.57195,0.3852618,1.93,1.0,2.0,1.0,1.462,0.497112,1.0,0.0,0.0,0.0,0.0,0.0,0.0,0.0,10.0,10.0,5.38,4.97112,10.0,0.0,0.0,0.0,0.0,0.0,0.0,2.0,11.0,9.0,6.8420000000000005,4.474008,11.0,0.0,1.0,1.0,0.5379999999999999,0.497112,1.0,0.0,0.0,0.0,0.0,0.0,0.0,0.0,0.0,0.0,0.0,0.0,0.0,0.0,0.0,0.0,0.0,0.0,0.0,0.0,1.0,1.0,0.5379999999999999,0.497112,1.0,16.33,37.77,21.440000000000005,22.798,6.959568000000002,16.33,0.0,0.0,0.0,0.0,0.0,0.0,0.0,0.0,0.0,0.0,0.0,0.0,194.0,225.0,31.0,217.83900000000003,11.013617999999983,225.0
Ag53.8 Ca30.8 Mg15.4,12.0,47.0,35.0,33.294000000000004,14.747656,47.0,7.0,68.0,61.0,47.598,25.008368,65.0,24.305,107.8682,83.5632,74.1200856,36.312971094400005,107.8682,923.0,1234.93,311.93000000000006,1149.95434,91.43381016000004,1234.93,2.0,11.0,9.0,6.842,4.474008,11.0,3.0,5.0,2.0,4.384,0.662816,5.0,141.0,176.0,35.0,153.932,13.593887999999998,145.0,1.0,1.93,0.93,1.54808,0.4109459199999999,1.93,1.0,2.0,1.0,1.4620000000000002,0.497112,1.0,0.0,0.0,0.0,0.0,0.0,0.0,0.0,10.0,10.0,5.38,4.97112,10.0,0.0,0.0,0.0,0.0,0.0,0.0,2.0,11.0,9.0,6.842,4.474008,11.0,0.0,1.0,1.0,0.5379999999999999,0.497112,1.0,0.0,0.0,0.0,0.0,0.0,0.0,0.0,0.0,0.0,0.0,0.0,0.0,0.0,0.0,0.0,0.0,0.0,0.0,0.0,1.0,1.0,0.5379999999999999,0.497112,1.0,16.33,37.77,21.440000000000005,23.94376,8.516963840000003,16.33,0.0,0.0,0.0,0.0,0.0,0.0,0.0,0.0,0.0,0.0,0.0,0.0,194.0,225.0,31.0,220.226,8.077608,225.0
Ag6 Al14 Cu18 La62,13.0,57.0,44.0,45.2,14.847999999999995,57.0,13.0,73.0,60.0,33.7,25.668000000000003,13.0,26.9815386,138.90547,111.9239314,107.809178804,38.56648362656001,138.90547,933.47,1357.77,424.3,1188.8402,71.50365599999992,1193.0,3.0,13.0,10.0,6.32,4.1168000000000005,3.0,3.0,6.0,3.0,5.16,1.0416,6.0,121.0,207.0,86.0,177.74,36.2824,207.0,1.1,1.93,0.8299999999999998,1.3651999999999995,0.3288479999999998,1.1,1.0,2.0,1.0,1.76,0.3648,2.0,0.0,1.0,1.0,0.14,0.2408,0.0,0.0,10.0,10.0,3.02,3.3504,1.0,0.0,0.0,0.0,0.0,0.0,0.0,3.0,11.0,8.0,4.92,2.9184,3.0,0.0,1.0,1.0,0.24,0.3648,0.0,0.0,5.0,5.0,0.7,1.2039999999999995,0.0,0.0,9.0,9.0,5.58,4.2408,9.0,0.0,0.0,0.0,0.0,0.0,0.0,1.0,9.0,8.0,6.52,3.0752,9.0,11.07,36.8975,25.8275,28.15605,10.839398,36.8975,0.0,0.0,0.0,0.0,0.0,0.0,0.0,0.0,0.0,0.0,0.0,0.0,194.0,225.0,31.0,205.78,14.6072,194.0
Ag6 Al6 Cu44 Zr44,13.0,47.0,34.0,33.96,6.88,29.0,44.0,73.0,29.0,55.8,10.384,44.0,26.9815386,107.8682,80.88666140000001,76.189784316,17.031519684000003,63.546,933.47,2128.0,1194.53,1663.8428,408.458336,1357.77,4.0,13.0,9.0,8.04,3.5552,4.0,3.0,5.0,2.0,4.44,0.56,4.0,121.0,175.0,54.0,151.04,21.084799999999998,132.0,1.33,1.93,0.5999999999999999,1.6336000000000002,0.2699999999999999,1.33,1.0,2.0,1.0,1.5,0.5,1.0,0.0,1.0,1.0,0.06,0.1128,0.0,0.0,10.0,10.0,5.88,4.12,2.0,0.0,0.0,0.0,0.0,0.0,0.0,3.0,11.0,8.0,7.44,3.56,4.0,0.0,1.0,1.0,0.5,0.5,0.0,0.0,5.0,5.0,0.3,0.5640000000000001,0.0,0.0,8.0,8.0,3.52,3.9424,0.0,0.0,0.0,0.0,0.0,0.0,0.0,1.0,8.0,7.0,4.32,3.32,1.0,11.07,23.195,12.125,17.0452,5.411824,11.07,0.0,0.0,0.0,0.0,0.0,0.0,0.0,0.0,0.0,0.0,0.0,0.0,194.0,225.0,31.0,211.36,15.276799999999998,194.0
Ag6 Be23 Cu9 Ni10 Ti24 Zr28,4.0,47.0,43.0,25.63,11.6922,40.0,43.0,67.0,24.0,53.81,10.6824,44.0,9.012182,107.8682,98.856018,57.16417386,26.6125597084,91.224,1234.93,2128.0,893.0699999999999,1789.5751,262.201896,2128.0,2.0,11.0,9.0,5.19,2.705,4.0,2.0,5.0,3.0,3.88,0.8648,5.0,96.0,175.0,79.0,142.46,26.9464,175.0,1.33,1.93,0.5999999999999999,1.5809,0.1651499999999999,1.33,1.0,2.0,1.0,1.85,0.2549999999999999,2.0,0.0,0.0,0.0,0.0,0.0,0.0,0.0,10.0,10.0,3.34,2.93,2.0,0.0,0.0,0.0,0.0,0.0,0.0,2.0,11.0,9.0,5.19,2.705,4.0,0.0,1.0,1.0,0.15,0.2549999999999999,0.0,0.0,0.0,0.0,0.0,0.0,0.0,0.0,8.0,8.0,4.36,3.7856,8.0,0.0,0.0,0.0,0.0,0.0,0.0,0.0,8.0,8.0,4.51,3.6296,8.0,7.89,23.195,15.305,15.323000000000002,5.185319999999999,23.195,0.0,0.0,0.0,0.0,0.0,0.0,0.0,0.5953947,0.5953947,0.0595448779999999,0.1071699644,0.0,194.0,225.0,31.0,201.75,11.625,194.0
Ag6 Be26 Cu10 Ti27 Zr31,4.0,47.0,43.0,25.1,12.646,40.0,43.0,67.0,24.0,52.97,10.9452,44.0,9.012182,107.8682,98.856018,56.37338932000001,29.2212780392,91.224,1234.93,2128.0,893.0699999999999,1799.2228,280.40155200000004,2128.0,2.0,11.0,9.0,4.6,2.048,4.0,2.0,5.0,3.0,3.85,0.962,5.0,96.0,175.0,79.0,144.31,27.5832,175.0,1.33,1.93,0.5999999999999999,1.5421,0.1326359999999999,1.33,1.0,2.0,1.0,1.84,0.2687999999999999,2.0,0.0,0.0,0.0,0.0,0.0,0.0,0.0,10.0,10.0,2.76,2.3168,2.0,0.0,0.0,0.0,0.0,0.0,0.0,2.0,11.0,9.0,4.6,2.048,4.0,0.0,1.0,1.0,0.16,0.2688,0.0,0.0,0.0,0.0,0.0,0.0,0.0,0.0,8.0,8.0,4.64,3.8976000000000006,8.0,0.0,0.0,0.0,0.0,0.0,0.0,0.0,8.0,8.0,4.8,3.712,8.0,7.89,23.195,15.305,15.83495,5.084364000000001,23.195,0.0,0.0,0.0,0.0,0.0,0.0,0.0,2.25333333333e-05,2.25333333333e-05,6.083999999991001e-06,8.88263999998686e-06,0.0,194.0,225.0,31.0,198.96,8.332800000000006,194.0
Ag6 Cu54 Ti7 Zr33,22.0,47.0,25.0,33.22,6.128399999999999,29.0,43.0,65.0,22.0,55.99,9.732,64.0,47.867,107.8682,60.0012,74.241542,15.24362124,63.546,1234.93,2128.0,893.0699999999999,1645.4016,359.89872,1357.77,4.0,11.0,7.0,8.2,3.36,11.0,4.0,5.0,1.0,4.39,0.4757999999999999,4.0,132.0,175.0,43.0,148.93,18.756,132.0,1.33,1.93,0.5999999999999999,1.6885,0.2573999999999999,1.9,1.0,2.0,1.0,1.4,0.48,1.0,0.0,0.0,0.0,0.0,0.0,0.0,2.0,10.0,8.0,6.8,3.84,10.0,0.0,0.0,0.0,0.0,0.0,0.0,4.0,11.0,7.0,8.2,3.36,11.0,0.0,1.0,1.0,0.6,0.48,1.0,0.0,0.0,0.0,0.0,0.0,0.0,0.0,8.0,8.0,3.2,3.84,0.0,0.0,0.0,0.0,0.0,0.0,0.0,1.0,8.0,7.0,3.8,3.36,1.0,11.07,23.195,12.125,15.78025,5.08707,11.07,0.0,0.0,0.0,0.0,0.0,0.0,0.0,2.25333333333e-05,2.25333333333e-05,1.5773333333310002e-06,2.93383999999566e-06,0.0,194.0,225.0,31.0,212.6,14.880000000000004,225.0
Ag6 Gd10 Mg69 Ni15,12.0,64.0,52.0,21.7,13.386,12.0,27.0,68.0,41.0,62.67,7.635,68.0,24.305,157.25,132.945,47.771552,32.38384176,24.305,923.0,1728.0,805.0,1128.7658,283.95680400000003,923.0,2.0,11.0,9.0,3.84,2.7072000000000003,2.0,3.0,6.0,3.0,3.57,0.7866,3.0,124.0,196.0,72.0,144.19,10.4592,141.0,1.2,1.93,0.73,1.4262,0.205596,1.31,1.0,2.0,1.0,1.94,0.1128,2.0,0.0,0.0,0.0,0.0,0.0,0.0,0.0,10.0,10.0,1.9,2.802,0.0,0.0,7.0,7.0,0.7,1.26,0.0,2.0,11.0,9.0,4.54,3.5052,2.0,0.0,1.0,1.0,0.06,0.1128,0.0,0.0,0.0,0.0,0.0,0.0,0.0,0.0,9.0,9.0,1.2,1.8,0.0,0.0,7.0,7.0,0.7,1.26,0.0,0.0,16.0,16.0,1.96,2.82,0.0,10.32,32.05,21.73,21.5269,3.985698,22.89,0.0,0.0,0.0,0.0,0.0,0.0,0.0,0.5953947,0.5953947,0.089309205,0.1518256485,0.0,194.0,225.0,31.0,200.51,10.285799999999997,194.0
Ag6.6 Cu23 Gd11 Mg59.4,12.0,64.0,52.0,23.94,14.18472,12.0,27.0,68.0,41.0,62.372,7.78184,68.0,24.305,157.25,132.945,53.4695512,34.6474868256,24.305,923.0,1586.0,663.0,1116.51448,229.89520224,923.0,2.0,11.0,9.0,4.774,3.685792,2.0,3.0,6.0,3.0,3.692,0.8220959999999999,3.0,132.0,196.0,64.0,145.244,11.16632,141.0,1.2,1.93,0.73,1.47452,0.25584416,1.31,1.0,2.0,1.0,1.704,0.416768,2.0,0.0,0.0,0.0,0.0,0.0,0.0,0.0,10.0,10.0,3.07,4.10256,0.0,0.0,7.0,7.0,0.77,1.3706,0.0,2.0,11.0,9.0,5.544,4.210272,2.0,0.0,1.0,1.0,0.296,0.416768,0.0,0.0,0.0,0.0,0.0,0.0,0.0,0.0,9.0,9.0,0.99,1.7622,0.0,0.0,7.0,7.0,0.77,1.3706,0.0,0.0,16.0,16.0,2.056,3.06768,0.0,11.07,32.05,20.98,20.74604,5.033895680000001,22.89,0.0,0.0,0.0,0.0,0.0,0.0,0.0,0.0,0.0,0.0,0.0,0.0,194.0,225.0,31.0,203.176,12.919807999999996,194.0
Ag61.5 Ca23.1 Mg15.4,12.0,47.0,35.0,35.373000000000005,14.30121,47.0,7.0,68.0,61.0,52.06399999999999,20.819568000000004,65.0,24.305,107.8682,83.5632,79.33993099999999,35.08977087,107.8682,923.0,1234.93,311.93000000000006,1159.18895,93.16149150000004,1234.93,2.0,11.0,9.0,7.535,4.261950000000001,11.0,3.0,5.0,2.0,4.460999999999999,0.6629700000000001,5.0,141.0,176.0,35.0,151.545,11.298209999999994,145.0,1.0,1.93,0.93,1.61969,0.3816813,1.93,1.0,2.0,1.0,1.385,0.47355,1.0,0.0,0.0,0.0,0.0,0.0,0.0,0.0,10.0,10.0,6.15,4.735500000000001,10.0,0.0,0.0,0.0,0.0,0.0,0.0,2.0,11.0,9.0,7.535,4.261950000000001,11.0,0.0,1.0,1.0,0.615,0.47355,1.0,0.0,0.0,0.0,0.0,0.0,0.0,0.0,0.0,0.0,0.0,0.0,0.0,0.0,0.0,0.0,0.0,0.0,0.0,0.0,1.0,1.0,0.615,0.47355,1.0,16.33,37.77,21.440000000000005,22.29288,7.3343424000000015,16.33,0.0,0.0,0.0,0.0,0.0,0.0,0.0,0.0,0.0,0.0,0.0,0.0,194.0,225.0,31.0,220.226,8.077608,225.0
Ag7 Al14 Cu17 La62,13.0,57.0,44.0,45.38,14.6356,57.0,13.0,73.0,60.0,33.71,25.6804,13.0,26.9815386,138.90547,111.9239314,108.252400804,38.00980580304,138.90547,933.47,1357.77,424.3,1187.6118,71.15970400000006,1193.0,3.0,13.0,10.0,6.32,4.1168000000000005,3.0,3.0,6.0,3.0,5.17,1.0292,6.0,121.0,207.0,86.0,177.87,36.1212,207.0,1.1,1.93,0.8299999999999998,1.3655000000000002,0.3292199999999999,1.1,1.0,2.0,1.0,1.76,0.3648,2.0,0.0,1.0,1.0,0.14,0.2408,0.0,0.0,10.0,10.0,3.02,3.3504,1.0,0.0,0.0,0.0,0.0,0.0,0.0,3.0,11.0,8.0,4.92,2.9184,3.0,0.0,1.0,1.0,0.24,0.3648,0.0,0.0,5.0,5.0,0.7,1.204,0.0,0.0,9.0,9.0,5.58,4.2408,9.0,0.0,0.0,0.0,0.0,0.0,0.0,1.0,9.0,8.0,6.52,3.0752,9.0,11.07,36.8975,25.8275,28.20865,10.774174,36.8975,0.0,0.0,0.0,0.0,0.0,0.0,0.0,0.0,0.0,0.0,0.0,0.0,194.0,225.0,31.0,205.78,14.607200000000002,194.0
Ag7 Al18.6 Co18.6 Cu4.65 Zr51.15,13.0,47.0,34.0,32.5385,9.657724500000002,40.0,44.0,73.0,29.0,54.398,10.637154,44.0,26.9815386,107.8682,80.88666140000001,73.14687944960001,23.3538792001152,91.224,933.47,2128.0,1194.53,1740.526825,406.605079125,2128.0,4.0,13.0,9.0,7.4195,3.4981485000000005,4.0,3.0,5.0,2.0,4.3955,0.7030335,5.0,121.0,175.0,54.0,151.7425,23.7924225,175.0,1.33,1.93,0.5999999999999999,1.552885,0.2280113549999999,1.33,1.0,2.0,1.0,1.8835,0.2058554999999998,2.0,0.0,1.0,1.0,0.186,0.3028079999999999,0.0,0.0,10.0,10.0,3.49,2.82255,2.0,0.0,0.0,0.0,0.0,0.0,0.0,3.0,11.0,8.0,5.559500000000001,2.5475025,4.0,0.0,1.0,1.0,0.1165,0.2058554999999999,0.0,0.0,5.0,5.0,0.93,1.5140400000000005,0.0,0.0,8.0,8.0,4.65,3.42705,8.0,0.0,0.0,0.0,0.0,0.0,0.0,1.0,8.0,7.0,5.6965,2.3564805,8.0,10.245,23.195,12.95,18.4929475,4.810199707500001,23.195,0.0,0.0,0.0,0.0,0.0,0.0,0.0,1.5484712,1.5484712,0.2880156432,0.4688894671296,0.0,194.0,225.0,31.0,203.3775,13.0816125,194.0
Ag7 Al3 Cu45 Zr45,13.0,47.0,34.0,34.73,6.460799999999999,29.0,44.0,73.0,29.0,55.34,10.206,44.0,26.9815386,107.8682,80.88666140000001,78.006720158,16.076159035680003,63.546,933.47,2128.0,1194.53,1683.0457,400.4588700000001,1357.77,4.0,13.0,9.0,7.91,3.519,4.0,3.0,5.0,2.0,4.49,0.5304,4.0,121.0,175.0,54.0,151.93,20.763,132.0,1.33,1.93,0.5999999999999999,1.6369,0.2778239999999999,1.33,1.0,2.0,1.0,1.48,0.4992,1.0,0.0,1.0,1.0,0.03,0.0581999999999999,0.0,0.0,10.0,10.0,6.1,4.056,2.0,0.0,0.0,0.0,0.0,0.0,0.0,3.0,11.0,8.0,7.61,3.5256,4.0,0.0,1.0,1.0,0.52,0.4992,0.0,0.0,5.0,5.0,0.15,0.291,0.0,0.0,8.0,8.0,3.6,3.96,0.0,0.0,0.0,0.0,0.0,0.0,0.0,1.0,8.0,7.0,4.27,3.4008,1.0,11.07,23.195,12.125,17.05675,5.524425,11.07,0.0,0.0,0.0,0.0,0.0,0.0,0.0,0.0,0.0,0.0,0.0,0.0,194.0,225.0,31.0,211.05,15.345,194.0
Ag7 Al7 Cu43 Zr43,13.0,47.0,34.0,33.87,7.11,29.0,44.0,73.0,29.0,56.1,10.406,44.0,26.9815386,107.8682,80.88666140000001,75.990581702,17.563606298,63.546,933.47,2128.0,1194.53,1650.6691,410.504574,1357.77,4.0,13.0,9.0,8.13,3.5518,4.0,3.0,5.0,2.0,4.43,0.57,4.0,121.0,175.0,54.0,150.63,20.9582,132.0,1.33,1.93,0.5999999999999999,1.6367000000000005,0.2674999999999999,1.33,1.0,2.0,1.0,1.5,0.5,1.0,0.0,1.0,1.0,0.07,0.1301999999999999,0.0,0.0,10.0,10.0,5.86,4.14,2.0,0.0,0.0,0.0,0.0,0.0,0.0,3.0,11.0,8.0,7.43,3.57,4.0,0.0,1.0,1.0,0.5,0.5,0.0,0.0,5.0,5.0,0.35,0.6510000000000001,0.0,0.0,8.0,8.0,3.44,3.9216,0.0,0.0,0.0,0.0,0.0,0.0,0.0,1.0,8.0,7.0,4.29,3.29,1.0,11.07,23.195,12.125,17.03065,5.301341,11.07,0.0,0.0,0.0,0.0,0.0,0.0,0.0,0.0,0.0,0.0,0.0,0.0,194.0,225.0,31.0,211.67,15.1962,194.0
Ag7 Al9.3 Cu21.39 Fe4.65 Zr57.66,13.0,47.0,34.0,34.9751,7.47820068,40.0,44.0,73.0,29.0,52.9565,10.3286358,44.0,26.9815386,107.8682,80.88666140000001,78.8490973898,18.33341205551064,91.224,933.47,2128.0,1194.53,1774.901113,410.5508329794,2128.0,4.0,13.0,9.0,7.0103,3.47147796,4.0,3.0,5.0,2.0,4.553599999999999,0.5772844800000001,5.0,121.0,175.0,54.0,156.6808,21.125701440000004,175.0,1.33,1.93,0.5999999999999999,1.5432130000000002,0.2458772315999999,1.33,1.0,2.0,1.0,1.7161000000000002,0.4066015799999999,2.0,0.0,1.0,1.0,0.093,0.168702,0.0,0.0,10.0,10.0,4.271199999999999,3.41359104,2.0,0.0,0.0,0.0,0.0,0.0,0.0,3.0,11.0,8.0,6.080299999999999,2.9719377599999994,4.0,0.0,1.0,1.0,0.2839,0.4066015799999999,0.0,0.0,5.0,5.0,0.465,0.8435100000000001,0.0,0.0,8.0,8.0,4.7988,3.69162384,8.0,0.0,0.0,0.0,0.0,0.0,0.0,1.0,8.0,7.0,5.5477,2.82799236,8.0,10.73,23.195,12.465,18.916795,4.933626006000001,23.195,0.0,0.0,0.0,0.0,0.0,0.0,0.0,2.1106628,2.1106628,0.0981458202,0.1871640791214,0.0,194.0,229.0,35.0,207.3114,15.35070648,194.0
Ag7 Cu28 Mg54 Y11,12.0,47.0,35.0,22.18,10.9944,12.0,12.0,68.0,56.0,60.51,10.672200000000002,68.0,24.305,107.8682,83.5632,48.2479975,25.8584373,24.305,923.0,1799.0,876.0,1162.9307,259.125156,923.0,2.0,11.0,9.0,5.26,4.018,2.0,3.0,5.0,2.0,3.64,0.6912,3.0,132.0,190.0,58.0,144.15,10.206000000000005,141.0,1.22,1.93,0.71,1.5086999999999997,0.2781099999999998,1.31,1.0,2.0,1.0,1.65,0.455,2.0,0.0,0.0,0.0,0.0,0.0,0.0,0.0,10.0,10.0,3.61,4.473,0.0,0.0,0.0,0.0,0.0,0.0,0.0,2.0,11.0,9.0,5.26,4.018,2.0,0.0,1.0,1.0,0.35,0.455,0.0,0.0,0.0,0.0,0.0,0.0,0.0,0.0,9.0,9.0,0.99,1.7622,0.0,0.0,0.0,0.0,0.0,0.0,0.0,0.0,9.0,9.0,1.34,1.6852,0.0,11.07,32.365,21.295,20.16345,5.629014999999999,22.89,0.0,0.0,0.0,0.0,0.0,0.0,0.0,0.0,0.0,0.0,0.0,0.0,194.0,225.0,31.0,204.85,14.104999999999997,194.0
Ag7 Cu43 In7 Zr43,29.0,49.0,20.0,36.39,6.3554,29.0,44.0,75.0,31.0,56.24,10.5264,44.0,63.546,114.818,51.272,82.139134,15.99009524,63.546,429.75,2128.0,1698.25,1615.4087,440.828518,1357.77,4.0,13.0,9.0,8.13,3.5518,4.0,4.0,5.0,1.0,4.57,0.4901999999999999,4.0,132.0,175.0,43.0,152.1,19.694,132.0,1.33,1.93,0.5999999999999999,1.6486,0.2739959999999999,1.33,1.0,2.0,1.0,1.5,0.5,1.0,0.0,1.0,1.0,0.07,0.1301999999999999,0.0,2.0,10.0,8.0,6.56,3.9216,2.0,0.0,0.0,0.0,0.0,0.0,0.0,4.0,13.0,9.0,8.13,3.5518,4.0,0.0,1.0,1.0,0.5,0.5,0.0,0.0,5.0,5.0,0.35,0.6510000000000001,0.0,0.0,8.0,8.0,3.44,3.9216,0.0,0.0,0.0,0.0,0.0,0.0,0.0,1.0,8.0,7.0,4.29,3.29,1.0,11.07,24.26,13.19,17.57525,5.76885,11.07,0.0,0.0,0.0,0.0,0.0,0.0,0.0,0.0,0.0,0.0,0.0,0.0,139.0,225.0,86.0,205.65,19.35,194.0
Ag7 Cu43 Ti10 Zr40,22.0,47.0,25.0,33.96,6.6576,29.0,43.0,65.0,22.0,53.97,10.17,64.0,47.867,107.8682,60.0012,76.151854,16.49800524,63.546,1234.93,2128.0,893.0699999999999,1715.5862,375.01380000000006,1357.77,4.0,11.0,7.0,7.5,3.5,11.0,4.0,5.0,1.0,4.47,0.4982,4.0,132.0,175.0,43.0,152.91,19.09,132.0,1.33,1.93,0.5999999999999999,1.6381,0.2660999999999999,1.9,1.0,2.0,1.0,1.5,0.5,1.0,0.0,0.0,0.0,0.0,0.0,0.0,2.0,10.0,8.0,6.0,4.0,10.0,0.0,0.0,0.0,0.0,0.0,0.0,4.0,11.0,7.0,7.5,3.5,11.0,0.0,1.0,1.0,0.5,0.5,1.0,0.0,0.0,0.0,0.0,0.0,0.0,0.0,8.0,8.0,4.0,4.0,0.0,0.0,0.0,0.0,0.0,0.0,0.0,1.0,8.0,7.0,4.5,3.5,1.0,11.07,23.195,12.125,16.8502,5.07584,11.07,0.0,0.0,0.0,0.0,0.0,0.0,0.0,2.25333333333e-05,2.25333333333e-05,2.25333333333e-06,4.055999999994e-06,0.0,194.0,225.0,31.0,209.5,15.5,225.0
Ag7 Cu43 Ti7 Zr43,22.0,47.0,25.0,34.5,6.48,29.0,43.0,65.0,22.0,54.0,10.14,44.0,47.867,107.8682,60.0012,77.452564,16.101624,63.546,1234.93,2128.0,893.0699999999999,1721.1962,380.6238000000001,1357.77,4.0,11.0,7.0,7.5,3.5,4.0,4.0,5.0,1.0,4.5,0.5,4.0,132.0,175.0,43.0,153.36,19.54,132.0,1.33,1.93,0.5999999999999999,1.6318,0.2723999999999999,1.33,1.0,2.0,1.0,1.5,0.5,1.0,0.0,0.0,0.0,0.0,0.0,0.0,2.0,10.0,8.0,6.0,4.0,2.0,0.0,0.0,0.0,0.0,0.0,0.0,4.0,11.0,7.0,7.5,3.5,4.0,0.0,1.0,1.0,0.5,0.5,0.0,0.0,0.0,0.0,0.0,0.0,0.0,0.0,8.0,8.0,4.0,4.0,0.0,0.0,0.0,0.0,0.0,0.0,0.0,1.0,8.0,7.0,4.5,3.5,1.0,11.07,23.195,12.125,17.04535,5.288698999999999,11.07,0.0,0.0,0.0,0.0,0.0,0.0,0.0,2.25333333333e-05,2.25333333333e-05,1.5773333333310002e-06,2.93383999999566e-06,0.0,194.0,225.0,31.0,209.5,15.5,194.0
Ag7 Cu43 Zr50,29.0,47.0,18.0,35.76,5.8136,40.0,44.0,65.0,21.0,54.07,10.07,44.0,63.546,107.8682,44.3222,80.487554,14.569736440000002,91.224,1234.93,2128.0,893.0699999999999,1734.2862,393.7138000000001,2128.0,4.0,11.0,7.0,7.5,3.5,4.0,4.0,5.0,1.0,4.57,0.4901999999999999,5.0,132.0,175.0,43.0,154.41,20.59,175.0,1.33,1.93,0.5999999999999999,1.6171,0.2870999999999999,1.33,1.0,2.0,1.0,1.5,0.5,2.0,0.0,0.0,0.0,0.0,0.0,0.0,2.0,10.0,8.0,6.0,4.0,2.0,0.0,0.0,0.0,0.0,0.0,0.0,4.0,11.0,7.0,7.5,3.5,4.0,0.0,1.0,1.0,0.5,0.5,0.0,0.0,0.0,0.0,0.0,0.0,0.0,0.0,8.0,8.0,4.0,4.0,8.0,0.0,0.0,0.0,0.0,0.0,0.0,1.0,8.0,7.0,4.5,3.5,8.0,11.07,23.195,12.125,17.5007,5.694300000000001,23.195,0.0,0.0,0.0,0.0,0.0,0.0,0.0,0.0,0.0,0.0,0.0,0.0,194.0,225.0,31.0,209.5,15.5,194.0
Ag7 Cu57 Zr36,29.0,47.0,18.0,34.22,5.9508,29.0,44.0,65.0,21.0,56.87,9.2664,64.0,63.546,107.8682,44.3222,76.612634,14.895962760000002,63.546,1234.93,2128.0,893.0699999999999,1626.454,361.11312,1357.77,4.0,11.0,7.0,8.48,3.2256,11.0,4.0,5.0,1.0,4.43,0.4901999999999999,4.0,132.0,175.0,43.0,148.39,19.159199999999995,132.0,1.33,1.93,0.5999999999999999,1.6969,0.2641679999999999,1.9,1.0,2.0,1.0,1.36,0.4608,1.0,0.0,0.0,0.0,0.0,0.0,0.0,2.0,10.0,8.0,7.12,3.6864,10.0,0.0,0.0,0.0,0.0,0.0,0.0,4.0,11.0,7.0,8.48,3.2256,11.0,0.0,1.0,1.0,0.64,0.4608,1.0,0.0,0.0,0.0,0.0,0.0,0.0,0.0,8.0,8.0,2.88,3.6864,0.0,0.0,0.0,0.0,0.0,0.0,0.0,1.0,8.0,7.0,3.52,3.2256000000000005,1.0,11.07,23.195,12.125,15.8032,5.395848,11.07,0.0,0.0,0.0,0.0,0.0,0.0,0.0,0.0,0.0,0.0,0.0,0.0,194.0,225.0,31.0,213.84,14.2848,225.0
Ag7 Gd10 Mg68 Ni15,12.0,64.0,52.0,22.05,13.668,12.0,27.0,68.0,41.0,62.64,7.619999999999999,68.0,24.305,157.25,132.945,48.607184,33.05097024,24.305,923.0,1728.0,805.0,1131.8851000000002,284.08373600000004,923.0,2.0,11.0,9.0,3.93,2.8108000000000004,2.0,3.0,6.0,3.0,3.59,0.8024,3.0,124.0,196.0,72.0,144.23,10.461799999999991,141.0,1.2,1.93,0.73,1.4324,0.212944,1.31,1.0,2.0,1.0,1.93,0.1302,2.0,0.0,0.0,0.0,0.0,0.0,0.0,0.0,10.0,10.0,2.0,2.92,0.0,0.0,7.0,7.0,0.7,1.26,0.0,2.0,11.0,9.0,4.63,3.5768,2.0,0.0,1.0,1.0,0.07,0.1302,0.0,0.0,0.0,0.0,0.0,0.0,0.0,0.0,9.0,9.0,1.2,1.8,0.0,0.0,7.0,7.0,0.7,1.26,0.0,0.0,16.0,16.0,1.97,2.8149999999999995,0.0,10.32,32.05,21.73,21.4613,4.060771999999999,22.89,0.0,0.0,0.0,0.0,0.0,0.0,0.0,0.5953947,0.5953947,0.089309205,0.1518256485,0.0,194.0,225.0,31.0,200.82,10.639199999999995,194.0
Ag7.5 Al17.5 Cu20 La55,13.0,57.0,44.0,42.95,16.0625,57.0,13.0,73.0,60.0,37.6,27.06,13.0,26.9815386,138.90547,111.9239314,101.919092755,41.57738105625,138.90547,933.47,1357.77,424.3,1183.681,87.57384999999998,1193.0,3.0,13.0,10.0,6.95,4.345,3.0,3.0,6.0,3.0,5.0,1.1,6.0,121.0,207.0,86.0,172.3,38.17,207.0,1.1,1.93,0.8299999999999998,1.4115,0.3426499999999999,1.1,1.0,2.0,1.0,1.725,0.3987499999999999,2.0,0.0,1.0,1.0,0.175,0.28875,0.0,0.0,10.0,10.0,3.3,3.685,1.0,0.0,0.0,0.0,0.0,0.0,0.0,3.0,11.0,8.0,5.2,3.19,3.0,0.0,1.0,1.0,0.275,0.39875,0.0,0.0,5.0,5.0,0.875,1.44375,0.0,0.0,9.0,9.0,4.95,4.455,9.0,0.0,0.0,0.0,0.0,0.0,0.0,1.0,9.0,8.0,6.1,3.19,9.0,11.07,36.8975,25.8275,26.616375,11.309237500000002,36.8975,0.0,0.0,0.0,0.0,0.0,0.0,0.0,0.0,0.0,0.0,0.0,0.0,194.0,225.0,31.0,207.95,15.345,194.0
Ag7.5 Cu17.5 Mg65 Tb10,12.0,65.0,53.0,22.9,14.17,12.0,29.0,68.0,39.0,63.175,6.835000000000003,68.0,24.305,158.92535,134.62035,50.90145,34.575385000000004,24.305,923.0,1629.0,706.0,1093.0795,221.10335,923.0,2.0,11.0,9.0,4.35,3.325,2.0,3.0,6.0,3.0,3.625,0.8125,3.0,132.0,194.0,62.0,145.025,9.795000000000003,141.0,1.21,1.93,0.72,1.44975,0.2296249999999999,1.31,1.0,2.0,1.0,1.75,0.375,2.0,0.0,0.0,0.0,0.0,0.0,0.0,0.0,10.0,10.0,2.5,3.75,0.0,0.0,9.0,9.0,0.9,1.62,0.0,2.0,11.0,9.0,5.15,4.095,2.0,0.0,1.0,1.0,0.25,0.375,0.0,0.0,0.0,0.0,0.0,0.0,0.0,0.0,0.0,0.0,0.0,0.0,0.0,0.0,5.0,5.0,0.5,0.9,0.0,0.0,5.0,5.0,0.75,0.975,0.0,11.07,31.7366666667,20.6666666667,21.214166666670003,4.283083333334998,22.89,0.0,0.0,0.0,0.0,0.0,0.0,0.0,0.0,0.0,0.0,0.0,0.0,194.0,225.0,31.0,201.75,11.625,194.0
Ag7.6 Al9 Cu30.4 Zr53,13.0,47.0,34.0,34.758,7.417303999999999,40.0,44.0,73.0,29.0,54.286,10.90316,44.0,26.9815386,107.8682,80.88666140000001,78.293025674,18.202259283112003,91.224,933.47,2128.0,1194.53,1718.46906,434.10279639999993,2128.0,4.0,13.0,9.0,7.47,3.6782,4.0,3.0,5.0,2.0,4.516,0.586608,5.0,121.0,175.0,54.0,154.78799999999998,21.42472,175.0,1.33,1.93,0.5999999999999999,1.57408,0.2587248,1.33,1.0,2.0,1.0,1.62,0.4711999999999999,2.0,0.0,1.0,1.0,0.09,0.1638,0.0,0.0,10.0,10.0,4.86,3.9064,2.0,0.0,0.0,0.0,0.0,0.0,0.0,3.0,11.0,8.0,6.57,3.3668,4.0,0.0,1.0,1.0,0.38,0.4711999999999999,0.0,0.0,5.0,5.0,0.45,0.8190000000000001,0.0,0.0,8.0,8.0,4.24,3.9856,8.0,0.0,0.0,0.0,0.0,0.0,0.0,1.0,8.0,7.0,5.07,3.1058000000000003,8.0,11.07,23.195,12.125,18.382910000000003,5.1008154,23.195,0.0,0.0,0.0,0.0,0.0,0.0,0.0,0.0,0.0,0.0,0.0,0.0,194.0,225.0,31.0,208.57,15.4442,194.0
Ag8 Al14 Cu16 La62,13.0,57.0,44.0,45.56,14.416,57.0,13.0,73.0,60.0,33.72,25.6928,13.0,26.9815386,138.90547,111.9239314,108.695622804,37.46021052304,138.90547,933.47,1357.77,424.3,1186.3834,70.81575200000005,1193.0,3.0,13.0,10.0,6.32,4.1168000000000005,3.0,3.0,6.0,3.0,5.18,1.0168,6.0,121.0,207.0,86.0,178.0,35.96,207.0,1.1,1.93,0.8299999999999998,1.3658,0.3295919999999999,1.1,1.0,2.0,1.0,1.76,0.3648,2.0,0.0,1.0,1.0,0.14,0.2408,0.0,0.0,10.0,10.0,3.02,3.3504,1.0,0.0,0.0,0.0,0.0,0.0,0.0,3.0,11.0,8.0,4.92,2.9184,3.0,0.0,1.0,1.0,0.24,0.3648,0.0,0.0,5.0,5.0,0.7,1.204,0.0,0.0,9.0,9.0,5.58,4.2408,9.0,0.0,0.0,0.0,0.0,0.0,0.0,1.0,9.0,8.0,6.52,3.0752,9.0,11.07,36.8975,25.8275,28.26125,10.70895,36.8975,0.0,0.0,0.0,0.0,0.0,0.0,0.0,0.0,0.0,0.0,0.0,0.0,194.0,225.0,31.0,205.78,14.6072,194.0
Ag8 Al7 Cu37 Zr48,13.0,47.0,34.0,34.6,7.167999999999999,40.0,44.0,73.0,29.0,55.11,10.6656,44.0,26.9815386,107.8682,80.88666140000001,77.817703702,17.678123853760003,91.224,933.47,2128.0,1194.53,1687.9522,422.445888,2128.0,4.0,13.0,9.0,7.78,3.6288,4.0,3.0,5.0,2.0,4.49,0.5711999999999999,5.0,121.0,175.0,54.0,152.91,21.2064,175.0,1.33,1.93,0.5999999999999999,1.6085,0.2673599999999999,1.33,1.0,2.0,1.0,1.55,0.495,2.0,0.0,1.0,1.0,0.07,0.1301999999999999,0.0,0.0,10.0,10.0,5.46,4.085999999999999,2.0,0.0,0.0,0.0,0.0,0.0,0.0,3.0,11.0,8.0,7.08,3.528,4.0,0.0,1.0,1.0,0.45,0.495,0.0,0.0,5.0,5.0,0.35,0.6509999999999999,0.0,0.0,8.0,8.0,3.84,3.9936,8.0,0.0,0.0,0.0,0.0,0.0,0.0,1.0,8.0,7.0,4.64,3.276,8.0,11.07,23.195,12.125,17.689500000000002,5.28528,23.195,0.0,0.0,0.0,0.0,0.0,0.0,0.0,0.0,0.0,0.0,0.0,0.0,194.0,225.0,31.0,210.12,15.4752,194.0
Ag8 Al8 Au2 Cu36 Zr46,13.0,79.0,66.0,35.22,8.033600000000002,40.0,44.0,73.0,29.0,55.64,10.708800000000002,44.0,26.9815386,196.966569,169.9850304,79.566910468,19.948715035840003,91.224,933.47,2128.0,1194.53,1667.8958000000002,423.295864,2128.0,4.0,13.0,9.0,7.94,3.6248,4.0,3.0,6.0,3.0,4.5,0.6,5.0,121.0,175.0,54.0,152.02,21.1416,175.0,1.33,2.54,1.21,1.6298,0.2789839999999999,1.33,1.0,2.0,1.0,1.54,0.4968,2.0,0.0,1.0,1.0,0.08,0.1472,0.0,0.0,10.0,10.0,5.52,4.1216,2.0,0.0,14.0,14.0,0.28,0.5488000000000001,0.0,3.0,25.0,22.0,7.42,3.8536,4.0,0.0,1.0,1.0,0.46,0.4968000000000001,0.0,0.0,5.0,5.0,0.4,0.736,0.0,0.0,8.0,8.0,3.68,3.9744000000000006,8.0,0.0,0.0,0.0,0.0,0.0,0.0,1.0,8.0,7.0,4.54,3.2568,8.0,11.07,23.195,12.125,17.613699999999998,5.134796,23.195,0.0,0.0,0.0,0.0,0.0,0.0,0.0,0.0,0.0,0.0,0.0,0.0,194.0,225.0,31.0,210.74,15.400799999999998,194.0
Ag8 Al8 Au4 Cu36 Zr44,13.0,79.0,66.0,36.0,8.72,40.0,44.0,73.0,29.0,56.08,10.6304,44.0,26.9815386,196.966569,169.9850304,81.68176184800001,21.80978425024,91.224,933.47,2128.0,1194.53,1652.0824,418.807488,2128.0,4.0,13.0,9.0,8.08,3.5904000000000003,4.0,3.0,6.0,3.0,4.52,0.6176,5.0,121.0,175.0,54.0,151.24,20.9088,175.0,1.33,2.54,1.21,1.654,0.2921599999999999,1.33,1.0,2.0,1.0,1.52,0.4991999999999999,2.0,0.0,1.0,1.0,0.08,0.1472,0.0,0.0,10.0,10.0,5.68,4.147200000000001,2.0,0.0,14.0,14.0,0.56,1.0752,0.0,3.0,25.0,22.0,7.84,4.1536,4.0,0.0,1.0,1.0,0.48,0.4991999999999999,0.0,0.0,5.0,5.0,0.4,0.736,0.0,0.0,8.0,8.0,3.52,3.9424,8.0,0.0,0.0,0.0,0.0,0.0,0.0,1.0,8.0,7.0,4.4,3.264,8.0,11.07,23.195,12.125,17.483800000000002,5.025856,23.195,0.0,0.0,0.0,0.0,0.0,0.0,0.0,0.0,0.0,0.0,0.0,0.0,194.0,225.0,31.0,211.36,15.276799999999998,194.0
Ag8 Al8 Au6 Cu36 Zr42,13.0,79.0,66.0,36.78,9.406399999999998,40.0,44.0,73.0,29.0,56.52,10.516799999999998,44.0,26.9815386,196.966569,169.9850304,83.79661322800001,23.670853464640004,91.224,933.47,2128.0,1194.53,1636.269,413.05403999999993,2128.0,4.0,13.0,9.0,8.22,3.5448000000000004,4.0,3.0,6.0,3.0,4.54,0.6352,5.0,121.0,175.0,54.0,150.46,20.6136,175.0,1.33,2.54,1.21,1.6782,0.3033999999999999,1.33,1.0,2.0,1.0,1.5,0.5,2.0,0.0,1.0,1.0,0.08,0.1472,0.0,0.0,10.0,10.0,5.84,4.16,2.0,0.0,14.0,14.0,0.84,1.5792000000000002,0.0,3.0,25.0,22.0,8.26,4.42,4.0,0.0,1.0,1.0,0.5,0.5,0.0,0.0,5.0,5.0,0.4,0.736,0.0,0.0,8.0,8.0,3.36,3.8976,8.0,0.0,0.0,0.0,0.0,0.0,0.0,1.0,8.0,7.0,4.26,3.26,8.0,11.07,23.195,12.125,17.3539,4.906524,23.195,0.0,0.0,0.0,0.0,0.0,0.0,0.0,0.0,0.0,0.0,0.0,0.0,194.0,225.0,31.0,211.98,15.1032,194.0
Ag8 Al8 Cu34 Pd2 Zr48,13.0,47.0,34.0,34.78,7.4152,40.0,44.0,73.0,29.0,55.16,10.7136,44.0,26.9815386,107.8682,80.88666140000001,78.30953908800001,18.25168665792,91.224,933.47,2128.0,1194.53,1693.1148,422.8872,2128.0,4.0,13.0,9.0,7.78,3.6288,4.0,3.0,5.0,2.0,4.5,0.58,5.0,121.0,175.0,54.0,152.94,21.1776,175.0,1.33,2.2,0.8700000000000001,1.6116,0.2705919999999999,1.33,0.0,2.0,2.0,1.54,0.5152,2.0,0.0,1.0,1.0,0.08,0.1472,0.0,0.0,10.0,10.0,5.36,4.083200000000001,2.0,0.0,0.0,0.0,0.0,0.0,0.0,3.0,11.0,8.0,6.98,3.4976,4.0,0.0,1.0,1.0,0.42,0.4871999999999999,0.0,0.0,5.0,5.0,0.4,0.736,0.0,0.0,8.0,8.0,3.84,3.9936,8.0,0.0,0.0,0.0,0.0,0.0,0.0,0.0,8.0,8.0,4.66,3.2608,8.0,11.07,23.195,12.125,17.8104,5.1692160000000005,23.195,0.0,0.0,0.0,0.0,0.0,0.0,0.0,0.0,0.0,0.0,0.0,0.0,194.0,225.0,31.0,210.12,15.4752,194.0
Ag8 Al8 Cu34 Zr50,13.0,47.0,34.0,34.66,7.314400000000001,40.0,44.0,73.0,29.0,54.8,10.8,44.0,26.9815386,107.8682,80.88666140000001,78.00561908799999,17.996393857920005,91.224,933.47,2128.0,1194.53,1699.1138,428.8862,2128.0,4.0,13.0,9.0,7.66,3.66,4.0,3.0,5.0,2.0,4.5,0.58,5.0,121.0,175.0,54.0,153.66,21.34,175.0,1.33,1.93,0.5999999999999999,1.5941999999999998,0.2641999999999999,1.33,1.0,2.0,1.0,1.58,0.4871999999999999,2.0,0.0,1.0,1.0,0.08,0.1472,0.0,0.0,10.0,10.0,5.2,4.032,2.0,0.0,0.0,0.0,0.0,0.0,0.0,3.0,11.0,8.0,6.86,3.4776,4.0,0.0,1.0,1.0,0.42,0.4871999999999999,0.0,0.0,5.0,5.0,0.4,0.736,0.0,0.0,8.0,8.0,4.0,4.0,8.0,0.0,0.0,0.0,0.0,0.0,0.0,1.0,8.0,7.0,4.82,3.2088,8.0,11.07,23.195,12.125,17.9861,5.208900000000001,23.195,0.0,0.0,0.0,0.0,0.0,0.0,0.0,0.0,0.0,0.0,0.0,0.0,194.0,225.0,31.0,209.5,15.5,194.0
Ag8 Al8 Cu36 Fe2 Zr46,13.0,47.0,34.0,34.16,7.4272,40.0,44.0,73.0,29.0,55.42,10.5232,44.0,26.9815386,107.8682,80.88666140000001,76.744479088,18.300954584960003,91.224,933.47,2128.0,1194.53,1677.3692,419.925568,2128.0,4.0,13.0,9.0,7.88,3.5696000000000003,4.0,3.0,5.0,2.0,4.46,0.5832,5.0,121.0,175.0,54.0,151.94,21.2152,175.0,1.33,1.93,0.5999999999999999,1.6156,0.2636479999999999,1.33,1.0,2.0,1.0,1.56,0.4928,2.0,0.0,1.0,1.0,0.08,0.1472,0.0,0.0,10.0,10.0,5.44,4.0352,2.0,0.0,0.0,0.0,0.0,0.0,0.0,3.0,11.0,8.0,7.08,3.4864,4.0,0.0,1.0,1.0,0.44,0.4928,0.0,0.0,5.0,5.0,0.4,0.736,0.0,0.0,8.0,8.0,3.76,3.9104,8.0,0.0,0.0,0.0,0.0,0.0,0.0,1.0,8.0,7.0,4.6,3.192,8.0,10.73,23.195,12.465,17.4943,5.244644000000001,23.195,0.0,0.0,0.0,0.0,0.0,0.0,0.0,2.1106628,2.1106628,0.042213256,0.08273798176,0.0,194.0,229.0,35.0,210.82,15.4744,194.0
Ag8 Al8 Cu36 Fe4 Zr44,13.0,47.0,34.0,33.88,7.484799999999999,40.0,44.0,73.0,29.0,55.64,10.2944,44.0,26.9815386,107.8682,80.88666140000001,76.03689908800001,18.45765694848,91.224,933.47,2128.0,1194.53,1671.0292,413.331968,2128.0,4.0,13.0,9.0,7.96,3.4848000000000003,4.0,3.0,5.0,2.0,4.44,0.5823999999999999,5.0,121.0,175.0,54.0,151.08,21.0496,175.0,1.33,1.93,0.5999999999999999,1.6256,0.2626239999999999,1.33,1.0,2.0,1.0,1.56,0.4928,2.0,0.0,1.0,1.0,0.08,0.1472,0.0,0.0,10.0,10.0,5.52,3.9808,2.0,0.0,0.0,0.0,0.0,0.0,0.0,3.0,11.0,8.0,7.16,3.446400000000001,4.0,0.0,1.0,1.0,0.44,0.4928,0.0,0.0,5.0,5.0,0.4,0.736,0.0,0.0,8.0,8.0,3.68,3.8272,8.0,0.0,0.0,0.0,0.0,0.0,0.0,1.0,8.0,7.0,4.52,3.1392,8.0,10.73,23.195,12.465,17.245,5.236000000000001,23.195,0.0,0.0,0.0,0.0,0.0,0.0,0.0,2.1106628,2.1106628,0.084426512,0.16209890304,0.0,194.0,229.0,35.0,211.52,15.417599999999998,194.0
Ag8 Al8 Cu36 Fe6 Zr42,13.0,47.0,34.0,33.6,7.52,40.0,44.0,73.0,29.0,55.86,10.0656,44.0,26.9815386,107.8682,80.88666140000001,75.329319088,18.557752912,91.224,933.47,2128.0,1194.53,1664.6891999999998,406.738368,2128.0,4.0,13.0,9.0,8.04,3.3984,4.0,3.0,5.0,2.0,4.42,0.58,5.0,121.0,175.0,54.0,150.22,20.8152,175.0,1.33,1.93,0.5999999999999999,1.6356,0.2607999999999999,1.33,1.0,2.0,1.0,1.56,0.4928,2.0,0.0,1.0,1.0,0.08,0.1472,0.0,0.0,10.0,10.0,5.6,3.92,2.0,0.0,0.0,0.0,0.0,0.0,0.0,3.0,11.0,8.0,7.24,3.4,4.0,0.0,1.0,1.0,0.44,0.4928,0.0,0.0,5.0,5.0,0.4,0.736,0.0,0.0,8.0,8.0,3.6,3.744,8.0,0.0,0.0,0.0,0.0,0.0,0.0,1.0,8.0,7.0,4.44,3.08,8.0,10.73,23.195,12.465,16.995700000000003,5.2074120000000015,23.195,0.0,0.0,0.0,0.0,0.0,0.0,0.0,2.1106628,2.1106628,0.126639768,0.23808276384,0.0,194.0,229.0,35.0,212.22,15.3048,194.0
Ag8 Al8 Cu36 Hf2 Zr46,13.0,72.0,59.0,35.08,7.910399999999999,40.0,44.0,73.0,29.0,55.22,10.7312,44.0,26.9815386,178.49,151.50846140000002,79.19737908799999,19.62352742144001,91.224,933.47,2506.0,1572.53,1691.2691999999995,434.381568,2128.0,4.0,13.0,9.0,7.8,3.648,4.0,3.0,6.0,3.0,4.5,0.6,5.0,121.0,175.0,54.0,152.8,21.312,175.0,1.3,1.93,0.6299999999999999,1.605,0.2651999999999999,1.33,1.0,2.0,1.0,1.56,0.4928,2.0,0.0,1.0,1.0,0.08,0.1472,0.0,0.0,10.0,10.0,5.36,4.0832,2.0,0.0,14.0,14.0,0.28,0.5488000000000001,0.0,3.0,18.0,15.0,7.28,3.7024,4.0,0.0,1.0,1.0,0.44,0.4928,0.0,0.0,5.0,5.0,0.4,0.736,0.0,0.0,8.0,8.0,3.84,3.9936,8.0,0.0,0.0,0.0,0.0,0.0,0.0,1.0,8.0,7.0,4.68,3.2384000000000004,8.0,11.07,23.195,12.125,17.723699999999997,5.212648000000001,23.195,0.0,0.0,0.0,0.0,0.0,0.0,0.0,0.0,0.0,0.0,0.0,0.0,194.0,225.0,31.0,210.12,15.4752,194.0
Ag8 Al8 Cu36 Hf4 Zr44,13.0,72.0,59.0,35.72,8.4736,40.0,44.0,73.0,29.0,55.24,10.7104,44.0,26.9815386,178.49,151.50846140000002,80.94269908800001,21.15940902144,91.224,933.47,2506.0,1572.53,1698.8292,442.243968,2128.0,4.0,13.0,9.0,7.8,3.648,4.0,3.0,6.0,3.0,4.52,0.6176,5.0,121.0,175.0,54.0,152.8,21.312,175.0,1.3,1.93,0.6299999999999999,1.6044,0.2658239999999999,1.33,1.0,2.0,1.0,1.56,0.4928,2.0,0.0,1.0,1.0,0.08,0.1472,0.0,0.0,10.0,10.0,5.36,4.083200000000001,2.0,0.0,14.0,14.0,0.56,1.0752,0.0,3.0,18.0,15.0,7.56,3.8624,4.0,0.0,1.0,1.0,0.44,0.4928,0.0,0.0,5.0,5.0,0.4,0.736,0.0,0.0,8.0,8.0,3.84,3.9936,8.0,0.0,0.0,0.0,0.0,0.0,0.0,1.0,8.0,7.0,4.68,3.2384000000000004,8.0,11.07,23.195,12.125,17.7038,5.191952,23.195,0.0,0.0,0.0,0.0,0.0,0.0,0.0,0.0,0.0,0.0,0.0,0.0,194.0,225.0,31.0,210.12,15.4752,194.0
Ag8 Al8 Cu36 Nb2 Zr46,13.0,47.0,34.0,34.46,7.3648,40.0,44.0,73.0,29.0,55.26,10.6896,44.0,26.9815386,107.8682,80.88666140000001,77.485706688,18.11725570944,91.224,933.47,2750.0,1816.53,1696.1491999999998,439.456768,2128.0,4.0,13.0,9.0,7.82,3.6272,4.0,3.0,5.0,2.0,4.48,0.5823999999999999,5.0,121.0,175.0,54.0,152.58,21.0832,175.0,1.33,1.93,0.5999999999999999,1.6110000000000002,0.2591199999999999,1.33,1.0,2.0,1.0,1.54,0.4968,2.0,0.0,1.0,1.0,0.08,0.1472,0.0,0.0,10.0,10.0,5.4,4.048,2.0,0.0,0.0,0.0,0.0,0.0,0.0,3.0,11.0,8.0,7.02,3.5024,4.0,0.0,1.0,1.0,0.46,0.4968000000000001,0.0,0.0,5.0,5.0,0.4,0.736,0.0,0.0,8.0,8.0,3.8,3.952,8.0,0.0,0.0,0.0,0.0,0.0,0.0,1.0,8.0,7.0,4.66,3.2208,8.0,11.07,23.195,12.125,17.6433,5.129032,23.195,0.0,0.0,0.0,0.0,0.0,0.0,0.0,0.0,0.0,0.0,0.0,0.0,194.0,229.0,35.0,210.82,15.4744,194.0
Ag8 Al8 Cu36 Nb4 Zr44,13.0,47.0,34.0,34.48,7.3824,40.0,44.0,73.0,29.0,55.32,10.6272,44.0,26.9815386,107.8682,80.88666140000001,77.519354288,18.14686559744,91.224,933.47,2750.0,1816.53,1708.5892,452.394368,2128.0,4.0,13.0,9.0,7.84,3.6064,4.0,3.0,5.0,2.0,4.48,0.5823999999999999,5.0,121.0,175.0,54.0,152.36,20.8544,175.0,1.33,1.93,0.5999999999999999,1.6164,0.2543679999999999,1.33,1.0,2.0,1.0,1.52,0.4991999999999999,2.0,0.0,1.0,1.0,0.08,0.1472,0.0,0.0,10.0,10.0,5.44,4.0128,2.0,0.0,0.0,0.0,0.0,0.0,0.0,3.0,11.0,8.0,7.04,3.4848000000000003,4.0,0.0,1.0,1.0,0.48,0.4991999999999999,0.0,0.0,5.0,5.0,0.4,0.736,0.0,0.0,8.0,8.0,3.76,3.9104,8.0,0.0,0.0,0.0,0.0,0.0,0.0,1.0,8.0,7.0,4.64,3.2032,8.0,11.07,23.195,12.125,17.543000000000003,5.024719999999999,23.195,0.0,0.0,0.0,0.0,0.0,0.0,0.0,0.0,0.0,0.0,0.0,0.0,194.0,229.0,35.0,211.52,15.417599999999998,194.0
Ag8 Al8 Cu36 Ni2 Zr46,13.0,47.0,34.0,34.2,7.383999999999999,40.0,44.0,73.0,29.0,55.54,10.616799999999998,44.0,26.9815386,107.8682,80.88666140000001,76.801447088,18.239429144960003,91.224,933.47,2128.0,1194.53,1675.7091999999998,418.199168,2128.0,4.0,13.0,9.0,7.92,3.6064,4.0,3.0,5.0,2.0,4.46,0.5832,5.0,121.0,175.0,54.0,151.78,21.3624,175.0,1.33,1.93,0.5999999999999999,1.6172,0.2653759999999999,1.33,1.0,2.0,1.0,1.56,0.4928,2.0,0.0,1.0,1.0,0.08,0.1472,0.0,0.0,10.0,10.0,5.48,4.078399999999999,2.0,0.0,0.0,0.0,0.0,0.0,0.0,3.0,11.0,8.0,7.12,3.5296000000000003,4.0,0.0,1.0,1.0,0.44,0.4928,0.0,0.0,5.0,5.0,0.4,0.736,0.0,0.0,8.0,8.0,3.72,3.9376,8.0,0.0,0.0,0.0,0.0,0.0,0.0,1.0,8.0,7.0,4.56,3.2352,8.0,10.32,23.195,12.875,17.4861,5.252188000000001,23.195,0.0,0.0,0.0,0.0,0.0,0.0,0.0,0.5953947,0.5953947,0.011907894,0.02333947224,0.0,194.0,225.0,31.0,210.74,15.400799999999998,194.0
Ag8 Al8 Cu36 Ni4 Zr44,13.0,47.0,34.0,33.96,7.401600000000001,40.0,44.0,73.0,29.0,55.88,10.4544,44.0,26.9815386,107.8682,80.88666140000001,76.15083508800001,18.33916350848,91.224,933.47,2128.0,1194.53,1667.7091999999998,409.879168,2128.0,4.0,13.0,9.0,8.04,3.5552,4.0,3.0,5.0,2.0,4.44,0.5823999999999999,5.0,121.0,175.0,54.0,150.76,21.3312,175.0,1.33,1.93,0.5999999999999999,1.6288,0.2659519999999999,1.33,1.0,2.0,1.0,1.56,0.4928,2.0,0.0,1.0,1.0,0.08,0.1472,0.0,0.0,10.0,10.0,5.6,4.064,2.0,0.0,0.0,0.0,0.0,0.0,0.0,3.0,11.0,8.0,7.24,3.5296,4.0,0.0,1.0,1.0,0.44,0.4928,0.0,0.0,5.0,5.0,0.4,0.736,0.0,0.0,8.0,8.0,3.6,3.872,8.0,0.0,0.0,0.0,0.0,0.0,0.0,1.0,8.0,7.0,4.44,3.2224,8.0,10.32,23.195,12.875,17.2286,5.250432000000001,23.195,0.0,0.0,0.0,0.0,0.0,0.0,0.0,0.5953947,0.5953947,0.023815788,0.04572631296,0.0,194.0,225.0,31.0,211.36,15.276799999999998,194.0
Ag8 Al8 Cu36 Ni6 Zr42,13.0,47.0,34.0,33.72,7.4,40.0,44.0,73.0,29.0,56.22,10.2648,44.0,26.9815386,107.8682,80.88666140000001,75.500223088,18.386848912,91.224,933.47,2128.0,1194.53,1659.7091999999998,401.559168,2128.0,4.0,13.0,9.0,8.16,3.4944,4.0,3.0,5.0,2.0,4.42,0.58,5.0,121.0,175.0,54.0,149.74,21.218400000000003,175.0,1.33,1.93,0.5999999999999999,1.6404,0.2655999999999999,1.33,1.0,2.0,1.0,1.56,0.4928,2.0,0.0,1.0,1.0,0.08,0.1472,0.0,0.0,10.0,10.0,5.72,4.04,2.0,0.0,0.0,0.0,0.0,0.0,0.0,3.0,11.0,8.0,7.36,3.52,4.0,0.0,1.0,1.0,0.44,0.4928,0.0,0.0,5.0,5.0,0.4,0.736,0.0,0.0,8.0,8.0,3.48,3.7967999999999993,8.0,0.0,0.0,0.0,0.0,0.0,0.0,1.0,8.0,7.0,4.32,3.2,8.0,10.32,23.195,12.875,16.9711,5.228076000000001,23.195,0.0,0.0,0.0,0.0,0.0,0.0,0.0,0.5953947,0.5953947,0.035723682,0.06716052216,0.0,194.0,225.0,31.0,211.98,15.1032,194.0
Ag8 Al8 Cu36 Pd2 Zr46,13.0,47.0,34.0,34.56,7.4528,40.0,44.0,73.0,29.0,55.56,10.6352,44.0,26.9815386,107.8682,80.88666140000001,77.755979088,18.35509542144,91.224,933.47,2128.0,1194.53,1677.7102000000002,420.280208,2128.0,4.0,13.0,9.0,7.92,3.6064,4.0,3.0,5.0,2.0,4.48,0.5823999999999999,5.0,121.0,175.0,54.0,152.08,21.086400000000005,175.0,1.33,2.2,0.8700000000000001,1.6230000000000002,0.2716399999999999,1.33,0.0,2.0,2.0,1.52,0.5184,2.0,0.0,1.0,1.0,0.08,0.1472,0.0,0.0,10.0,10.0,5.52,4.1216,2.0,0.0,0.0,0.0,0.0,0.0,0.0,3.0,11.0,8.0,7.12,3.5296000000000003,4.0,0.0,1.0,1.0,0.44,0.4928,0.0,0.0,5.0,5.0,0.4,0.736,0.0,0.0,8.0,8.0,3.68,3.9744000000000006,8.0,0.0,0.0,0.0,0.0,0.0,0.0,0.0,8.0,8.0,4.52,3.2783999999999995,8.0,11.07,23.195,12.125,17.567899999999998,5.176931999999999,23.195,0.0,0.0,0.0,0.0,0.0,0.0,0.0,0.0,0.0,0.0,0.0,0.0,194.0,225.0,31.0,210.74,15.400799999999998,194.0
Ag8 Al8 Cu36 Pd4 Zr44,13.0,47.0,34.0,34.68,7.558400000000001,40.0,44.0,73.0,29.0,55.92,10.4896,44.0,26.9815386,107.8682,80.88666140000001,78.05989908800001,18.622545021440004,91.224,933.47,2128.0,1194.53,1671.7112,414.04124800000005,2128.0,4.0,13.0,9.0,8.04,3.5552,4.0,3.0,5.0,2.0,4.48,0.5823999999999999,5.0,121.0,175.0,54.0,151.36,20.8032,175.0,1.33,2.2,0.8700000000000001,1.6404,0.2780159999999999,1.33,0.0,2.0,2.0,1.48,0.5408000000000001,2.0,0.0,1.0,1.0,0.08,0.1472,0.0,0.0,10.0,10.0,5.68,4.147200000000001,2.0,0.0,0.0,0.0,0.0,0.0,0.0,3.0,11.0,8.0,7.24,3.5296,4.0,0.0,1.0,1.0,0.44,0.4928,0.0,0.0,5.0,5.0,0.4,0.736,0.0,0.0,8.0,8.0,3.52,3.9424,8.0,0.0,0.0,0.0,0.0,0.0,0.0,0.0,8.0,8.0,4.36,3.3056,8.0,11.07,23.195,12.125,17.3922,5.106464,23.195,0.0,0.0,0.0,0.0,0.0,0.0,0.0,0.0,0.0,0.0,0.0,0.0,194.0,225.0,31.0,211.36,15.276799999999998,194.0
Ag8 Al8 Cu36 Pd6 Zr42,13.0,47.0,34.0,34.8,7.664,40.0,44.0,73.0,29.0,56.28,10.3152,44.0,26.9815386,107.8682,80.88666140000001,78.363819088,18.889994621440003,91.224,933.47,2128.0,1194.53,1665.7122,407.802288,2128.0,4.0,13.0,9.0,8.16,3.4944,4.0,3.0,5.0,2.0,4.48,0.5823999999999999,5.0,121.0,175.0,54.0,150.64,20.4624,175.0,1.33,2.2,0.8700000000000001,1.6578,0.2829999999999999,1.33,0.0,2.0,2.0,1.44,0.56,2.0,0.0,1.0,1.0,0.08,0.1472,0.0,0.0,10.0,10.0,5.84,4.16,2.0,0.0,0.0,0.0,0.0,0.0,0.0,3.0,11.0,8.0,7.36,3.52,4.0,0.0,1.0,1.0,0.44,0.4928,0.0,0.0,5.0,5.0,0.4,0.736,0.0,0.0,8.0,8.0,3.36,3.8976,8.0,0.0,0.0,0.0,0.0,0.0,0.0,0.0,8.0,8.0,4.2,3.32,8.0,11.07,23.195,12.125,17.2165,5.02194,23.195,0.0,0.0,0.0,0.0,0.0,0.0,0.0,0.0,0.0,0.0,0.0,0.0,194.0,225.0,31.0,211.98,15.1032,194.0
Ag8 Al8 Cu36 Ti2 Zr46,13.0,47.0,34.0,34.08,7.5136,40.0,43.0,73.0,30.0,55.18,10.7728,44.0,26.9815386,107.8682,80.88666140000001,76.584919088,18.47327938496,91.224,933.47,2128.0,1194.53,1679.9691999999998,422.629568,2128.0,4.0,13.0,9.0,7.8,3.648,4.0,3.0,5.0,2.0,4.46,0.5832,5.0,121.0,175.0,54.0,152.5,21.0,175.0,1.33,1.93,0.5999999999999999,1.6098,0.2602079999999999,1.33,1.0,2.0,1.0,1.56,0.4928,2.0,0.0,1.0,1.0,0.08,0.1472,0.0,0.0,10.0,10.0,5.36,4.0832,2.0,0.0,0.0,0.0,0.0,0.0,0.0,3.0,11.0,8.0,7.0,3.52,4.0,0.0,1.0,1.0,0.44,0.4928,0.0,0.0,5.0,5.0,0.4,0.736,0.0,0.0,8.0,8.0,3.84,3.9936,8.0,0.0,0.0,0.0,0.0,0.0,0.0,1.0,8.0,7.0,4.68,3.2384000000000004,8.0,11.07,23.195,12.125,17.6135,5.1349800000000005,23.195,0.0,0.0,0.0,0.0,0.0,0.0,0.0,2.25333333333e-05,2.25333333333e-05,4.50666666666e-07,8.8330666666536e-07,0.0,194.0,225.0,31.0,210.12,15.4752,194.0
Ag8 Al8 Cu36 Ti4 Zr44,13.0,47.0,34.0,33.72,7.6512,40.0,43.0,73.0,30.0,55.16,10.7936,44.0,26.9815386,107.8682,80.88666140000001,75.717779088,18.789541748480005,91.224,933.47,2128.0,1194.53,1676.2291999999998,418.739968,2128.0,4.0,13.0,9.0,7.8,3.648,4.0,3.0,5.0,2.0,4.44,0.5823999999999999,5.0,121.0,175.0,54.0,152.2,20.688,175.0,1.33,1.93,0.5999999999999999,1.614,0.2564799999999999,1.33,1.0,2.0,1.0,1.56,0.4928,2.0,0.0,1.0,1.0,0.08,0.1472,0.0,0.0,10.0,10.0,5.36,4.083200000000001,2.0,0.0,0.0,0.0,0.0,0.0,0.0,3.0,11.0,8.0,7.0,3.52,4.0,0.0,1.0,1.0,0.44,0.4928,0.0,0.0,5.0,5.0,0.4,0.736,0.0,0.0,8.0,8.0,3.84,3.9936,8.0,0.0,0.0,0.0,0.0,0.0,0.0,1.0,8.0,7.0,4.68,3.2384000000000004,8.0,11.07,23.195,12.125,17.483400000000003,5.0262080000000005,23.195,0.0,0.0,0.0,0.0,0.0,0.0,0.0,2.25333333333e-05,2.25333333333e-05,9.01333333332e-07,1.7305599999974398e-06,0.0,194.0,225.0,31.0,210.12,15.4752,194.0
Ag8 Al8 Cu36 Ti6 Zr42,13.0,47.0,34.0,33.36,7.76,40.0,43.0,73.0,30.0,55.14,10.8144,44.0,26.9815386,107.8682,80.88666140000001,74.85063908800001,19.03643291200001,91.224,933.47,2128.0,1194.53,1672.4891999999998,414.850368,2128.0,4.0,13.0,9.0,7.8,3.648,4.0,3.0,5.0,2.0,4.42,0.58,5.0,121.0,175.0,54.0,151.9,20.376,175.0,1.33,1.93,0.5999999999999999,1.6182,0.2527839999999999,1.33,1.0,2.0,1.0,1.56,0.4928,2.0,0.0,1.0,1.0,0.08,0.1472,0.0,0.0,10.0,10.0,5.36,4.0832,2.0,0.0,0.0,0.0,0.0,0.0,0.0,3.0,11.0,8.0,7.0,3.52,4.0,0.0,1.0,1.0,0.44,0.4928,0.0,0.0,5.0,5.0,0.4,0.736,0.0,0.0,8.0,8.0,3.84,3.9936,8.0,0.0,0.0,0.0,0.0,0.0,0.0,1.0,8.0,7.0,4.68,3.2384,8.0,11.07,23.195,12.125,17.3533,4.907028,23.195,0.0,0.0,0.0,0.0,0.0,0.0,0.0,2.25333333333e-05,2.25333333333e-05,1.351999999998e-06,2.54175999999624e-06,0.0,194.0,225.0,31.0,210.12,15.4752,194.0
Ag8 Al8 Cu36 Zr48,13.0,47.0,34.0,34.44,7.3472,40.0,44.0,73.0,29.0,55.2,10.752,44.0,26.9815386,107.8682,80.88666140000001,77.452059088,18.08764582144,91.224,933.47,2128.0,1194.53,1683.7091999999998,426.519168,2128.0,4.0,13.0,9.0,7.8,3.648,4.0,3.0,5.0,2.0,4.48,0.5823999999999999,5.0,121.0,175.0,54.0,152.8,21.312,175.0,1.33,1.93,0.5999999999999999,1.6056,0.2645759999999999,1.33,1.0,2.0,1.0,1.56,0.4928,2.0,0.0,1.0,1.0,0.08,0.1472,0.0,0.0,10.0,10.0,5.36,4.083200000000001,2.0,0.0,0.0,0.0,0.0,0.0,0.0,3.0,11.0,8.0,7.0,3.52,4.0,0.0,1.0,1.0,0.44,0.4928,0.0,0.0,5.0,5.0,0.4,0.736,0.0,0.0,8.0,8.0,3.84,3.9936,8.0,0.0,0.0,0.0,0.0,0.0,0.0,1.0,8.0,7.0,4.68,3.2384000000000004,8.0,11.07,23.195,12.125,17.7436,5.233344,23.195,0.0,0.0,0.0,0.0,0.0,0.0,0.0,0.0,0.0,0.0,0.0,0.0,194.0,225.0,31.0,210.12,15.4752,194.0
Ag8 Al8 Cu38 Zr46,13.0,47.0,34.0,34.22,7.3624,40.0,44.0,73.0,29.0,55.6,10.672,44.0,26.9815386,107.8682,80.88666140000001,76.898499088,18.134612984960004,91.224,933.47,2128.0,1194.53,1668.3046000000002,422.919768,2128.0,4.0,13.0,9.0,7.94,3.6248,4.0,3.0,5.0,2.0,4.46,0.5832,5.0,121.0,175.0,54.0,151.94,21.2152,175.0,1.33,1.93,0.5999999999999999,1.6170000000000002,0.2651599999999999,1.33,1.0,2.0,1.0,1.54,0.4968,2.0,0.0,1.0,1.0,0.08,0.1472,0.0,0.0,10.0,10.0,5.52,4.1216,2.0,0.0,0.0,0.0,0.0,0.0,0.0,3.0,11.0,8.0,7.14,3.5512,4.0,0.0,1.0,1.0,0.46,0.4968000000000001,0.0,0.0,5.0,5.0,0.4,0.7360000000000001,0.0,0.0,8.0,8.0,3.68,3.9744000000000006,8.0,0.0,0.0,0.0,0.0,0.0,0.0,1.0,8.0,7.0,4.54,3.2568,8.0,11.07,23.195,12.125,17.5011,5.238388,23.195,0.0,0.0,0.0,0.0,0.0,0.0,0.0,0.0,0.0,0.0,0.0,0.0,194.0,225.0,31.0,210.74,15.400799999999998,194.0
Ag8 Al8 Cu40 Zr44,13.0,47.0,34.0,34.0,7.36,40.0,44.0,73.0,29.0,56.0,10.56,44.0,26.9815386,107.8682,80.88666140000001,76.344939088,18.13729534848,91.224,933.47,2128.0,1194.53,1652.9,418.088,2128.0,4.0,13.0,9.0,8.08,3.5904,4.0,3.0,5.0,2.0,4.44,0.5823999999999999,5.0,121.0,175.0,54.0,151.08,21.0496,175.0,1.33,1.93,0.5999999999999999,1.6284,0.2655359999999999,1.33,1.0,2.0,1.0,1.52,0.4992,2.0,0.0,1.0,1.0,0.08,0.1472,0.0,0.0,10.0,10.0,5.68,4.147200000000001,2.0,0.0,0.0,0.0,0.0,0.0,0.0,3.0,11.0,8.0,7.28,3.5712,4.0,0.0,1.0,1.0,0.48,0.4992,0.0,0.0,5.0,5.0,0.4,0.736,0.0,0.0,8.0,8.0,3.52,3.9424,8.0,0.0,0.0,0.0,0.0,0.0,0.0,1.0,8.0,7.0,4.4,3.264,8.0,11.07,23.195,12.125,17.2586,5.224032000000001,23.195,0.0,0.0,0.0,0.0,0.0,0.0,0.0,0.0,0.0,0.0,0.0,0.0,194.0,225.0,31.0,211.36,15.276799999999998,194.0
Ag8 Al8 Cu42 Zr42,13.0,47.0,34.0,33.78,7.34,29.0,44.0,73.0,29.0,56.4,10.416,44.0,26.9815386,107.8682,80.88666140000001,75.791379088,18.095692912000004,63.546,933.47,2128.0,1194.53,1637.4953999999998,412.023864,1357.77,4.0,13.0,9.0,8.22,3.5448000000000004,4.0,3.0,5.0,2.0,4.42,0.58,4.0,121.0,175.0,54.0,150.22,20.8152,132.0,1.33,1.93,0.5999999999999999,1.6398,0.2649999999999999,1.33,1.0,2.0,1.0,1.5,0.5,1.0,0.0,1.0,1.0,0.08,0.1472,0.0,0.0,10.0,10.0,5.84,4.16,2.0,0.0,0.0,0.0,0.0,0.0,0.0,3.0,11.0,8.0,7.42,3.58,4.0,0.0,1.0,1.0,0.5,0.5,0.0,0.0,5.0,5.0,0.4,0.736,0.0,0.0,8.0,8.0,3.36,3.8976,0.0,0.0,0.0,0.0,0.0,0.0,0.0,1.0,8.0,7.0,4.26,3.26,1.0,11.07,23.195,12.125,17.0161,5.190276,11.07,0.0,0.0,0.0,0.0,0.0,0.0,0.0,0.0,0.0,0.0,0.0,0.0,194.0,225.0,31.0,211.98,15.1032,194.0
Ag8 Al9 Cu32 Zr51,13.0,47.0,34.0,34.61,7.4802,40.0,44.0,73.0,29.0,54.69,10.9038,44.0,26.9815386,107.8682,80.88666140000001,77.916754474,18.36562172068,91.224,933.47,2128.0,1194.53,1702.5731,433.935438,2128.0,4.0,13.0,9.0,7.61,3.6822,4.0,3.0,5.0,2.0,4.5,0.59,5.0,121.0,175.0,54.0,153.98,21.4404,175.0,1.33,1.93,0.5999999999999999,1.5856,0.2607119999999999,1.33,1.0,2.0,1.0,1.6,0.48,2.0,0.0,1.0,1.0,0.09,0.1638,0.0,0.0,10.0,10.0,5.02,3.984,2.0,0.0,0.0,0.0,0.0,0.0,0.0,3.0,11.0,8.0,6.71,3.4320000000000004,4.0,0.0,1.0,1.0,0.4,0.48,0.0,0.0,5.0,5.0,0.45,0.819,0.0,0.0,8.0,8.0,4.08,3.9984,8.0,0.0,0.0,0.0,0.0,0.0,0.0,1.0,8.0,7.0,4.93,3.144,8.0,11.07,23.195,12.125,18.16145,5.134221,23.195,0.0,0.0,0.0,0.0,0.0,0.0,0.0,0.0,0.0,0.0,0.0,0.0,194.0,225.0,31.0,209.19,15.493799999999998,194.0
Ag8 Cu46 Zr46,29.0,47.0,18.0,35.5,5.98,29.0,44.0,65.0,21.0,54.88,10.0096,44.0,63.546,107.8682,44.3222,79.823656,14.975443520000004,63.546,1234.93,2128.0,893.0699999999999,1702.2486,391.691288,1357.77,4.0,11.0,7.0,7.78,3.4776,4.0,4.0,5.0,1.0,4.54,0.4968,4.0,132.0,175.0,43.0,152.82,20.4056,132.0,1.33,1.93,0.5999999999999999,1.6402,0.2853839999999999,1.33,1.0,2.0,1.0,1.46,0.4968,1.0,0.0,0.0,0.0,0.0,0.0,0.0,2.0,10.0,8.0,6.32,3.9744,2.0,0.0,0.0,0.0,0.0,0.0,0.0,4.0,11.0,7.0,7.78,3.4776,4.0,0.0,1.0,1.0,0.54,0.4968,0.0,0.0,0.0,0.0,0.0,0.0,0.0,0.0,8.0,8.0,3.68,3.9744000000000006,0.0,0.0,0.0,0.0,0.0,0.0,0.0,1.0,8.0,7.0,4.22,3.4776,1.0,11.07,23.195,12.125,17.0683,5.636564000000001,11.07,0.0,0.0,0.0,0.0,0.0,0.0,0.0,0.0,0.0,0.0,0.0,0.0,194.0,225.0,31.0,210.74,15.400799999999998,194.0
Ag8.36 Al8 Be10 Cu27.64 Zr46,4.0,47.0,43.0,31.7848,10.10196544,40.0,44.0,73.0,29.0,55.9036,10.951311999999998,44.0,9.012182,107.8682,98.856018,71.604677208,24.1130379794624,91.224,933.47,2128.0,1194.53,1688.0853759999998,404.72145408,2128.0,2.0,13.0,11.0,7.04,3.8048,4.0,2.0,5.0,3.0,4.2636,0.80061408,5.0,96.0,175.0,79.0,148.3868,24.484144,175.0,1.33,1.93,0.5999999999999999,1.5841079999999998,0.2366009599999999,1.33,1.0,2.0,1.0,1.64,0.4608,2.0,0.0,1.0,1.0,0.08,0.1472,0.0,0.0,10.0,10.0,4.52,3.9455999999999993,2.0,0.0,0.0,0.0,0.0,0.0,0.0,2.0,11.0,9.0,6.24,3.4272000000000005,4.0,0.0,1.0,1.0,0.36,0.4608,0.0,0.0,5.0,5.0,0.4,0.7360000000000001,0.0,0.0,8.0,8.0,3.68,3.9744000000000006,8.0,0.0,0.0,0.0,0.0,0.0,0.0,0.0,8.0,8.0,4.44,3.3648,8.0,7.89,23.195,15.305,17.202036,5.51352688,23.195,0.0,0.0,0.0,0.0,0.0,0.0,0.0,0.0,0.0,0.0,0.0,0.0,194.0,225.0,31.0,207.64,15.276799999999998,194.0
Ag8.4 Al8 Cu33.6 Zr50,13.0,47.0,34.0,34.732,7.329023999999999,40.0,44.0,73.0,29.0,54.804,10.804,44.0,26.9815386,107.8682,80.88666140000001,78.182907888,18.028221186816,91.224,933.47,2128.0,1194.53,1698.62244,429.37756,2128.0,4.0,13.0,9.0,7.66,3.66,4.0,3.0,5.0,2.0,4.504,0.5793280000000002,5.0,121.0,175.0,54.0,153.71200000000002,21.288,175.0,1.33,1.93,0.5999999999999999,1.59432,0.2643199999999999,1.33,1.0,2.0,1.0,1.58,0.4871999999999999,2.0,0.0,1.0,1.0,0.08,0.1472,0.0,0.0,10.0,10.0,5.2,4.032,2.0,0.0,0.0,0.0,0.0,0.0,0.0,3.0,11.0,8.0,6.86,3.4776,4.0,0.0,1.0,1.0,0.42,0.4872000000000001,0.0,0.0,5.0,5.0,0.4,0.736,0.0,0.0,8.0,8.0,4.0,4.0,8.0,0.0,0.0,0.0,0.0,0.0,0.0,1.0,8.0,7.0,4.82,3.2088,8.0,11.07,23.195,12.125,18.00714,5.187860000000001,23.195,0.0,0.0,0.0,0.0,0.0,0.0,0.0,0.0,0.0,0.0,0.0,0.0,194.0,225.0,31.0,209.5,15.5,194.0
Ag8.7 Al8.7 Cu41.3 Zr41.3,13.0,47.0,34.0,33.717,7.500999999999999,29.0,44.0,73.0,29.0,56.61,10.41586,44.0,26.9815386,107.8682,80.88666140000001,75.6519372582,18.468153541800003,63.546,933.47,2128.0,1194.53,1628.27381,412.77383294,1357.77,4.0,13.0,9.0,8.283,3.537758,4.0,3.0,5.0,2.0,4.412999999999999,0.5870000000000001,4.0,121.0,175.0,54.0,149.933,20.705342,132.0,1.33,1.93,0.5999999999999999,1.6419699999999997,0.2632499999999999,1.33,1.0,2.0,1.0,1.5,0.5,1.0,0.0,1.0,1.0,0.087,0.1588619999999999,0.0,0.0,10.0,10.0,5.8260000000000005,4.174,2.0,0.0,0.0,0.0,0.0,0.0,0.0,3.0,11.0,8.0,7.412999999999999,3.5869999999999997,4.0,0.0,1.0,1.0,0.5,0.5,0.0,0.0,5.0,5.0,0.435,0.79431,0.0,0.0,8.0,8.0,3.304,3.878896,0.0,0.0,0.0,0.0,0.0,0.0,0.0,1.0,8.0,7.0,4.239,3.239,1.0,11.07,23.195,12.125,17.005915,5.112184210000001,11.07,0.0,0.0,0.0,0.0,0.0,0.0,0.0,0.0,0.0,0.0,0.0,0.0,194.0,225.0,31.0,212.197,15.030722,194.0
Ag8.7 Cu20.3 Er10 Mg61,12.0,68.0,56.0,24.096,14.75712,12.0,35.0,68.0,33.0,63.627,5.725400000000004,68.0,24.305,167.259,142.95399999999998,53.8363214,36.028212108,24.305,923.0,1770.0,847.0,1123.09622,244.11738840000007,923.0,2.0,11.0,9.0,4.71,3.648200000000001,2.0,3.0,6.0,3.0,3.677,0.8259399999999999,3.0,132.0,189.0,57.0,144.321,9.053945999999998,141.0,1.24,1.93,0.69,1.47671,0.2507281999999999,1.31,1.0,2.0,1.0,1.71,0.4118,2.0,0.0,0.0,0.0,0.0,0.0,0.0,0.0,10.0,10.0,2.9,4.117999999999999,0.0,0.0,12.0,12.0,1.2,2.16,0.0,2.0,14.0,12.0,5.81,4.6482,2.0,0.0,1.0,1.0,0.29,0.4117999999999999,0.0,0.0,0.0,0.0,0.0,0.0,0.0,0.0,0.0,0.0,0.0,0.0,0.0,0.0,2.0,2.0,0.2,0.36,0.0,0.0,2.0,2.0,0.49,0.5978,0.0,11.07,30.585,19.515,20.68932,4.663965600000001,22.89,0.0,0.0,0.0,0.0,0.0,0.0,0.0,0.0,0.0,0.0,0.0,0.0,194.0,225.0,31.0,202.99,12.765800000000004,194.0
Ag8.8 Al8 Cu35.2 Zr48,13.0,47.0,34.0,34.584,7.384575999999999,40.0,44.0,73.0,29.0,55.208,10.75968,44.0,26.9815386,107.8682,80.88666140000001,77.80663668800001,18.171503922432,91.224,933.47,2128.0,1194.53,1682.7264799999998,427.4625792000001,2128.0,4.0,13.0,9.0,7.8,3.648,4.0,3.0,5.0,2.0,4.488,0.5816319999999999,5.0,121.0,175.0,54.0,152.90400000000002,21.212160000000004,175.0,1.33,1.93,0.5999999999999999,1.60584,0.2648063999999999,1.33,1.0,2.0,1.0,1.56,0.4928,2.0,0.0,1.0,1.0,0.08,0.1472,0.0,0.0,10.0,10.0,5.36,4.083200000000001,2.0,0.0,0.0,0.0,0.0,0.0,0.0,3.0,11.0,8.0,7.0,3.52,4.0,0.0,1.0,1.0,0.44,0.4928,0.0,0.0,5.0,5.0,0.4,0.7360000000000001,0.0,0.0,8.0,8.0,3.84,3.9936,8.0,0.0,0.0,0.0,0.0,0.0,0.0,1.0,8.0,7.0,4.68,3.2384000000000004,8.0,11.07,23.195,12.125,17.785680000000003,5.192947200000001,23.195,0.0,0.0,0.0,0.0,0.0,0.0,0.0,0.0,0.0,0.0,0.0,0.0,194.0,225.0,31.0,210.12,15.4752,194.0
Ag9.6 Al7 Cu38.4 Zr45,13.0,47.0,34.0,34.558,7.286663999999999,40.0,44.0,73.0,29.0,55.726000000000006,10.5534,44.0,26.9815386,107.8682,80.88666140000001,77.696518902,17.967695759016003,91.224,933.47,2128.0,1194.53,1662.8798599999998,418.608126,2128.0,4.0,13.0,9.0,7.99,3.591,4.0,3.0,5.0,2.0,4.476,0.5722079999999999,5.0,121.0,175.0,54.0,151.828,20.8548,175.0,1.33,1.93,0.5999999999999999,1.62608,0.2687231999999999,1.33,1.0,2.0,1.0,1.52,0.4992,2.0,0.0,1.0,1.0,0.07,0.1301999999999999,0.0,0.0,10.0,10.0,5.7,4.127999999999999,2.0,0.0,0.0,0.0,0.0,0.0,0.0,3.0,11.0,8.0,7.29,3.5616000000000003,4.0,0.0,1.0,1.0,0.48,0.4992,0.0,0.0,5.0,5.0,0.35,0.6509999999999999,0.0,0.0,8.0,8.0,3.6,3.96,8.0,0.0,0.0,0.0,0.0,0.0,0.0,1.0,8.0,7.0,4.43,3.2928,8.0,11.07,23.195,12.125,17.40991,5.206581,23.195,0.0,0.0,0.0,0.0,0.0,0.0,0.0,0.0,0.0,0.0,0.0,0.0,194.0,225.0,31.0,211.05,15.344999999999995,194.0
Ag9.83 Cu19.67 Er10 Mg60.5,12.0,68.0,56.0,24.3844,14.985124,12.0,35.0,68.0,33.0,63.6183,5.723660000000002,68.0,24.305,167.259,142.95399999999998,54.53336726,36.5763243846,24.305,923.0,1770.0,847.0,1123.881978,243.06719338,923.0,2.0,11.0,9.0,4.755,3.68455,2.0,3.0,6.0,3.0,3.6933,0.8388930000000002,3.0,132.0,189.0,57.0,144.4229,9.02887786,141.0,1.24,1.93,0.69,1.4799990000000005,0.25369859,1.31,1.0,2.0,1.0,1.705,0.41595,2.0,0.0,0.0,0.0,0.0,0.0,0.0,0.0,10.0,10.0,2.95,4.1595,0.0,0.0,12.0,12.0,1.2,2.16,0.0,2.0,14.0,12.0,5.855,4.66455,2.0,0.0,1.0,1.0,0.295,0.41595,0.0,0.0,0.0,0.0,0.0,0.0,0.0,0.0,0.0,0.0,0.0,0.0,0.0,0.0,2.0,2.0,0.2,0.36,0.0,0.0,2.0,2.0,0.495,0.59895,0.0,11.07,30.585,19.515,20.689658,4.641482220000001,22.89,0.0,0.0,0.0,0.0,0.0,0.0,0.0,0.0,0.0,0.0,0.0,0.0,194.0,225.0,31.0,203.145,12.894450000000006,194.0
Al1 B15 Co6 Fe61 Mo7 Y2 Zr8,5.0,42.0,37.0,25.28,6.329599999999998,26.0,12.0,73.0,61.0,55.82,5.459200000000001,55.0,10.811,95.96,85.149,55.28614408600001,13.908635335519994,55.845,933.47,2896.0,1962.53,1981.2647,261.56118000000004,1811.0,3.0,13.0,10.0,8.3,1.5880000000000003,8.0,2.0,5.0,3.0,3.86,0.5752000000000002,4.0,84.0,190.0,106.0,130.47,14.6668,132.0,1.22,2.16,0.9400000000000002,1.8332,0.1134079999999999,1.83,1.0,2.0,1.0,1.93,0.1302,2.0,0.0,1.0,1.0,0.16,0.2688,0.0,0.0,7.0,7.0,4.61,2.0372,6.0,0.0,0.0,0.0,0.0,0.0,0.0,3.0,9.0,6.0,6.7,1.862,8.0,0.0,1.0,1.0,0.07,0.1302,0.0,0.0,5.0,5.0,0.8,1.344,0.0,0.0,9.0,9.0,3.79,1.3076,4.0,0.0,0.0,0.0,0.0,0.0,0.0,3.0,9.0,6.0,4.66,1.0044,4.0,7.1725,32.365,25.192500000000003,12.001875,3.211325,10.73,0.0,1.524,1.524,0.2286,0.38862,0.0,0.0,2.1106628,2.1106628,1.38041258,0.9110723028,2.1106628,166.0,229.0,63.0,213.91,20.7442,229.0
Al1 Cu54 Hf25 Ti20,13.0,72.0,59.0,38.19,16.904999999999998,29.0,43.0,73.0,30.0,55.14,9.925999999999998,64.0,26.9815386,178.49,151.50846140000002,88.780555386,44.854722307,63.546,933.47,2506.0,1572.53,1757.2305,447.89255,1357.77,4.0,13.0,9.0,7.87,3.483,11.0,3.0,6.0,3.0,4.49,0.755,4.0,121.0,175.0,54.0,148.24,18.084,132.0,1.3,1.9,0.5999999999999999,1.6750999999999998,0.2428919999999999,1.9,1.0,2.0,1.0,1.46,0.4967999999999999,1.0,0.0,1.0,1.0,0.01,0.0197999999999999,0.0,0.0,10.0,10.0,6.3,3.996,10.0,0.0,14.0,14.0,3.5,5.25,0.0,3.0,18.0,15.0,11.27,3.3649999999999998,11.0,0.0,1.0,1.0,0.54,0.4967999999999999,1.0,0.0,5.0,5.0,0.05,0.099,0.0,0.0,8.0,8.0,3.6,3.96,0.0,0.0,0.0,0.0,0.0,0.0,0.0,1.0,8.0,7.0,4.19,3.4452,1.0,11.07,22.2,11.13,15.0306,4.277448,11.07,0.0,0.0,0.0,0.0,0.0,0.0,0.0,2.25333333333e-05,2.25333333333e-05,4.50666666666e-06,7.210666666655999e-06,0.0,194.0,225.0,31.0,211.05,15.344999999999995,225.0
Al10 B2 Ce68 Cu20,5.0,58.0,53.0,46.64,15.449599999999998,58.0,15.0,73.0,58.0,31.74,22.766400000000004,15.0,10.811,140.116,129.305,110.90245386,39.73042275040001,140.116,933.47,2348.0,1414.53,1140.141,135.36596000000003,1071.0,3.0,13.0,10.0,5.8,3.808,3.0,2.0,6.0,4.0,5.22,1.0608,6.0,84.0,204.0,120.0,178.9,34.136,204.0,1.12,2.04,0.92,1.3434,0.3038239999999998,1.12,1.0,2.0,1.0,1.8,0.3199999999999999,2.0,0.0,1.0,1.0,0.12,0.2111999999999999,0.0,0.0,10.0,10.0,2.68,2.928,1.0,0.0,1.0,1.0,0.68,0.4352,1.0,3.0,11.0,8.0,5.28,2.2880000000000003,4.0,0.0,1.0,1.0,0.2,0.32,0.0,0.0,5.0,5.0,0.6,1.056,0.0,0.0,9.0,9.0,6.12,3.9168,9.0,0.0,13.0,13.0,8.84,5.6576,13.0,1.0,22.0,21.0,15.76,8.486400000000001,22.0,7.1725,37.24,30.067500000000003,29.328650000000003,10.759436,37.24,0.0,1.524,1.524,0.03048,0.0597408,0.0,0.0,0.0,0.0,0.0,0.0,0.0,166.0,225.0,59.0,202.74,13.356000000000003,194.0
Al10 Bi2 Ce70 Cu18,13.0,83.0,70.0,48.78,14.276799999999998,58.0,15.0,86.0,71.0,31.04,22.456,15.0,26.9815386,208.9804,181.9988614,116.39724186,36.90958772160001,140.116,544.4,1357.77,813.37,1098.3336,93.39710399999996,1071.0,3.0,15.0,12.0,5.68,3.7519999999999993,3.0,3.0,6.0,3.0,5.34,0.9504000000000002,6.0,121.0,204.0,83.0,181.62,31.332,204.0,1.12,2.02,0.8999999999999999,1.3274,0.2903599999999999,1.12,1.0,2.0,1.0,1.82,0.2951999999999999,2.0,0.0,3.0,3.0,0.16,0.2816,0.0,0.0,10.0,10.0,2.7,2.92,1.0,0.0,14.0,14.0,0.98,0.5488000000000001,1.0,3.0,29.0,26.0,5.66,2.8560000000000003,4.0,0.0,1.0,1.0,0.18,0.2952,0.0,0.0,5.0,5.0,0.56,0.9856,0.0,0.0,9.0,9.0,6.3,3.78,9.0,0.0,13.0,13.0,9.1,5.46,13.0,1.0,22.0,21.0,16.14,8.203999999999999,22.0,11.07,37.24,26.17,30.367600000000003,9.724656,37.24,0.0,0.0,0.0,0.0,0.0,0.0,0.0,0.0,0.0,0.0,0.0,0.0,12.0,225.0,213.0,199.04,14.537599999999998,194.0
Al10 C2 Ce68 Cu20,6.0,58.0,52.0,46.66,15.422400000000003,58.0,15.0,77.0,62.0,31.84,22.9024,15.0,12.0107,140.116,128.1053,110.92644786,39.6977909104,140.116,933.47,3823.0,2889.53,1169.641,181.38596000000004,1071.0,3.0,14.0,11.0,5.82,3.8352,3.0,2.0,6.0,4.0,5.22,1.0608,6.0,76.0,204.0,128.0,178.74,34.3536,204.0,1.12,2.55,1.4299999999999995,1.3536,0.317696,1.12,1.0,2.0,1.0,1.8,0.3199999999999999,2.0,0.0,2.0,2.0,0.14,0.2464,0.0,0.0,10.0,10.0,2.68,2.928,1.0,0.0,1.0,1.0,0.68,0.4352,1.0,3.0,11.0,8.0,5.3,2.28,4.0,0.0,1.0,1.0,0.2,0.32,0.0,0.0,5.0,5.0,0.58,1.0208,0.0,0.0,9.0,9.0,6.12,3.9168,9.0,0.0,13.0,13.0,8.84,5.6576,13.0,1.0,22.0,21.0,15.74,8.513599999999999,22.0,5.64,37.24,31.6,29.298,10.80112,37.24,0.0,4.496,4.496,0.08992,0.1762432,0.0,0.0,0.0,0.0,0.0,0.0,0.0,194.0,225.0,31.0,203.3,13.020000000000003,194.0
Al10 Ca50 Cu20 Mg20,12.0,29.0,17.0,19.5,4.3,20.0,7.0,73.0,66.0,37.2,30.2,7.0,24.305,63.546,39.241,40.30735386,9.295458456,40.078,923.0,1357.77,434.77,1107.001,108.3066,1115.0,2.0,13.0,11.0,4.9,4.06,2.0,3.0,4.0,1.0,3.7,0.4199999999999999,4.0,121.0,176.0,55.0,154.7,21.3,176.0,1.0,1.9,0.8999999999999999,1.3030000000000002,0.303,1.0,1.0,2.0,1.0,1.8,0.32,2.0,0.0,1.0,1.0,0.1,0.18,0.0,0.0,10.0,10.0,2.0,3.2,0.0,0.0,0.0,0.0,0.0,0.0,0.0,2.0,11.0,9.0,3.9,2.84,2.0,0.0,1.0,1.0,0.2,0.32,0.0,0.0,5.0,5.0,0.5,0.9,0.0,0.0,0.0,0.0,0.0,0.0,0.0,0.0,0.0,0.0,0.0,0.0,0.0,0.0,5.0,5.0,0.7,0.98,0.0,11.07,37.77,26.700000000000003,27.325000000000003,10.445,37.77,0.0,0.0,0.0,0.0,0.0,0.0,0.0,0.0,0.0,0.0,0.0,0.0,194.0,225.0,31.0,218.8,9.919999999999993,225.0
Al10 Ca55 Mg20 Zn15,12.0,30.0,18.0,19.2,4.12,20.0,7.0,73.0,66.0,35.1,30.91,7.0,24.305,65.38,41.075,39.40905386,8.527124596,40.078,692.68,1115.0,422.3200000000001,995.099,131.8911,1115.0,2.0,13.0,11.0,4.6,3.9,2.0,3.0,4.0,1.0,3.7,0.42,4.0,121.0,176.0,55.0,155.4,22.66,176.0,1.0,1.65,0.6499999999999999,1.2205,0.24255,1.0,2.0,2.0,0.0,2.0,0.0,2.0,0.0,1.0,1.0,0.1,0.18,0.0,0.0,10.0,10.0,1.5,2.55,0.0,0.0,0.0,0.0,0.0,0.0,0.0,2.0,12.0,10.0,3.6,2.52,2.0,0.0,0.0,0.0,0.0,0.0,0.0,0.0,5.0,5.0,0.5,0.9,0.0,0.0,0.0,0.0,0.0,0.0,0.0,0.0,0.0,0.0,0.0,0.0,0.0,0.0,5.0,5.0,0.5,0.9,0.0,13.96,37.77,23.81,29.09350000000001,9.54415,37.77,0.0,0.0,0.0,0.0,0.0,0.0,0.0,0.0,0.0,0.0,0.0,0.0,194.0,225.0,31.0,214.15,14.104999999999997,225.0
Al10 Ca60 Cu10 Mg20,12.0,29.0,17.0,18.6,3.76,20.0,7.0,73.0,66.0,31.5,29.4,7.0,24.305,63.546,39.241,37.960553860000005,7.658024596000001,40.078,923.0,1357.77,434.77,1082.724,93.7404,1115.0,2.0,13.0,11.0,4.0,3.2,2.0,3.0,4.0,1.0,3.7,0.42,4.0,121.0,176.0,55.0,159.1,20.28,176.0,1.0,1.9,0.8999999999999999,1.213,0.2556,1.0,1.0,2.0,1.0,1.9,0.18,2.0,0.0,1.0,1.0,0.1,0.18,0.0,0.0,10.0,10.0,1.0,1.8,0.0,0.0,0.0,0.0,0.0,0.0,0.0,2.0,11.0,9.0,3.0,1.6,2.0,0.0,1.0,1.0,0.1,0.18,0.0,0.0,5.0,5.0,0.5,0.9,0.0,0.0,0.0,0.0,0.0,0.0,0.0,0.0,0.0,0.0,0.0,0.0,0.0,0.0,5.0,5.0,0.6,0.96,0.0,11.07,37.77,26.700000000000003,29.995000000000005,9.33,37.77,0.0,0.0,0.0,0.0,0.0,0.0,0.0,0.0,0.0,0.0,0.0,0.0,194.0,225.0,31.0,218.8,9.919999999999993,225.0
Al10 Ca60 Mg20 Zn10,12.0,30.0,18.0,18.7,3.82,20.0,7.0,73.0,66.0,32.0,30.0,7.0,24.305,65.38,41.075,38.14395386,7.768064595999999,40.078,692.68,1115.0,422.3200000000001,1016.215,118.542,1115.0,2.0,13.0,11.0,4.1,3.3599999999999994,2.0,3.0,4.0,1.0,3.7,0.42,4.0,121.0,176.0,55.0,158.1,21.480000000000004,176.0,1.0,1.65,0.6499999999999999,1.188,0.2256,1.0,2.0,2.0,0.0,2.0,0.0,2.0,0.0,1.0,1.0,0.1,0.18,0.0,0.0,10.0,10.0,1.0,1.8,0.0,0.0,0.0,0.0,0.0,0.0,0.0,2.0,12.0,10.0,3.1,1.78,2.0,0.0,0.0,0.0,0.0,0.0,0.0,0.0,5.0,5.0,0.5,0.9,0.0,0.0,0.0,0.0,0.0,0.0,0.0,0.0,0.0,0.0,0.0,0.0,0.0,0.0,5.0,5.0,0.5,0.9,0.0,13.96,37.77,23.81,30.28400000000001,8.983200000000002,37.77,0.0,0.0,0.0,0.0,0.0,0.0,0.0,0.0,0.0,0.0,0.0,0.0,194.0,225.0,31.0,215.7,13.020000000000003,225.0
Al10 Ca75 Mg15,12.0,20.0,8.0,18.1,2.8499999999999988,20.0,7.0,73.0,66.0,22.75,23.625,7.0,24.305,40.078,15.773000000000003,36.40240386000001,5.513394209999999,40.078,923.0,1115.0,192.0,1068.047,70.42949999999999,1115.0,2.0,13.0,11.0,3.1,1.98,2.0,3.0,4.0,1.0,3.75,0.375,4.0,121.0,176.0,55.0,165.25,16.125,176.0,1.0,1.61,0.6100000000000001,1.1075,0.16125,1.0,2.0,2.0,0.0,2.0,0.0,2.0,0.0,1.0,1.0,0.1,0.18,0.0,0.0,0.0,0.0,0.0,0.0,0.0,0.0,0.0,0.0,0.0,0.0,0.0,2.0,3.0,1.0,2.1,0.18,2.0,0.0,0.0,0.0,0.0,0.0,0.0,0.0,5.0,5.0,0.5,0.9,0.0,0.0,0.0,0.0,0.0,0.0,0.0,0.0,0.0,0.0,0.0,0.0,0.0,0.0,5.0,5.0,0.5,0.9,0.0,16.48,37.77,21.290000000000003,33.409000000000006,6.541499999999998,37.77,0.0,0.0,0.0,0.0,0.0,0.0,0.0,0.0,0.0,0.0,0.0,0.0,194.0,225.0,31.0,220.35,7.905000000000005,225.0
Al10 Ce13 Co25 La52,13.0,58.0,45.0,45.23,15.561000000000002,57.0,13.0,73.0,60.0,30.51,22.243,13.0,26.9815386,140.116,113.13446140000002,107.87737701,40.65125868700001,138.90547,933.47,1768.0,834.53,1294.937,236.53149999999997,1193.0,3.0,13.0,10.0,5.5,3.25,3.0,3.0,6.0,3.0,5.2,1.04,6.0,121.0,207.0,86.0,177.76,37.232,207.0,1.1,1.88,0.7799999999999998,1.3486000000000002,0.31798,1.1,2.0,2.0,0.0,2.0,0.0,2.0,0.0,1.0,1.0,0.1,0.18,0.0,0.0,7.0,7.0,2.4,2.3,1.0,0.0,1.0,1.0,0.13,0.2262,0.0,3.0,9.0,6.0,4.63,2.185,3.0,0.0,0.0,0.0,0.0,0.0,0.0,0.0,5.0,5.0,0.5,0.9,0.0,0.0,9.0,9.0,6.6,3.12,9.0,0.0,13.0,13.0,1.69,2.9406,0.0,3.0,22.0,19.0,8.79,3.653000000000001,9.0,10.245,37.24,26.995000000000005,28.23715,11.347505000000002,36.8975,0.0,0.0,0.0,0.0,0.0,0.0,0.0,1.5484712,1.5484712,0.3871178,0.5806766999999999,0.0,194.0,225.0,31.0,197.1,5.579999999999996,194.0
Al10 Ce19.5 Co25 La45.5,13.0,58.0,45.0,45.295,15.6065,57.0,13.0,73.0,60.0,30.64,22.152,13.0,26.9815386,140.116,113.13446140000002,107.95606146000002,40.706337802,138.90547,933.47,1768.0,834.53,1287.007,240.49650000000003,1193.0,3.0,13.0,10.0,5.5,3.25,3.0,3.0,6.0,3.0,5.2,1.0399999999999998,6.0,121.0,207.0,86.0,177.565,37.0955,207.0,1.1,1.88,0.7799999999999998,1.3499,0.3170699999999999,1.1,2.0,2.0,0.0,2.0,0.0,2.0,0.0,1.0,1.0,0.1,0.18,0.0,0.0,7.0,7.0,2.4,2.3,1.0,0.0,1.0,1.0,0.195,0.3139499999999999,0.0,3.0,9.0,6.0,4.695,2.1525,3.0,0.0,0.0,0.0,0.0,0.0,0.0,0.0,5.0,5.0,0.5,0.9,0.0,0.0,9.0,9.0,6.6,3.12,9.0,0.0,13.0,13.0,2.535,4.08135,0.0,3.0,22.0,19.0,9.635,4.822349999999999,9.0,10.245,37.24,26.995000000000005,28.2594125,11.36308875,36.8975,0.0,0.0,0.0,0.0,0.0,0.0,0.0,1.5484712,1.5484712,0.3871178,0.5806767,0.0,194.0,225.0,31.0,197.1,5.579999999999996,194.0
Al10 Ce26 Co25 La39,13.0,58.0,45.0,45.36,15.652,57.0,13.0,73.0,60.0,30.77,22.061000000000003,13.0,26.9815386,140.116,113.13446140000002,108.03474591000004,40.761416917,138.90547,933.47,1768.0,834.53,1279.077,244.4615,1193.0,3.0,13.0,10.0,5.5,3.25,3.0,3.0,6.0,3.0,5.2,1.0399999999999998,6.0,121.0,207.0,86.0,177.37,36.959,207.0,1.1,1.88,0.7799999999999998,1.3512,0.3161599999999999,1.1,2.0,2.0,0.0,2.0,0.0,2.0,0.0,1.0,1.0,0.1,0.18,0.0,0.0,7.0,7.0,2.4,2.3,1.0,0.0,1.0,1.0,0.26,0.3848,0.0,3.0,9.0,6.0,4.76,2.12,3.0,0.0,0.0,0.0,0.0,0.0,0.0,0.0,5.0,5.0,0.5,0.9,0.0,0.0,9.0,9.0,6.6,3.12,9.0,0.0,13.0,13.0,3.38,5.0024,0.0,3.0,22.0,19.0,10.48,5.990399999999999,9.0,10.245,37.24,26.995000000000005,28.281675,11.378672500000002,36.8975,0.0,0.0,0.0,0.0,0.0,0.0,0.0,1.5484712,1.5484712,0.3871178,0.5806767,0.0,194.0,225.0,31.0,197.1,5.579999999999996,194.0
Al10 Ce27.5 Co35 La27.5,13.0,58.0,45.0,42.375,16.6375,27.0,13.0,73.0,60.0,35.3,23.43,58.0,26.9815386,140.116,113.13446140000002,100.05567636000002,43.400564504,58.933195,933.47,1768.0,834.53,1334.747,303.2771000000001,1768.0,3.0,13.0,10.0,6.1,3.41,9.0,3.0,6.0,3.0,5.0,1.1,4.0,121.0,207.0,86.0,169.225,39.9025,126.0,1.1,1.88,0.7799999999999998,1.4295000000000002,0.3514499999999999,1.88,2.0,2.0,0.0,2.0,0.0,2.0,0.0,1.0,1.0,0.1,0.18,0.0,0.0,7.0,7.0,3.0,2.8,7.0,0.0,1.0,1.0,0.275,0.39875,0.0,3.0,9.0,6.0,5.375,2.5375,9.0,0.0,0.0,0.0,0.0,0.0,0.0,0.0,5.0,5.0,0.5,0.9,0.0,0.0,9.0,9.0,6.0,3.3,3.0,0.0,13.0,13.0,3.575,5.18375,0.0,3.0,22.0,19.0,10.075,6.55875,3.0,10.245,37.24,26.995000000000005,25.6215625,12.59190625,10.245,0.0,0.0,0.0,0.0,0.0,0.0,0.0,1.5484712,1.5484712,0.54196492,0.704554396,1.5484712,194.0,225.0,31.0,197.1,5.579999999999996,194.0
Al10 Ce27.5 Cu35 La27.5,13.0,58.0,45.0,43.075,15.8675,29.0,13.0,73.0,60.0,37.4,25.74,64.0,26.9815386,140.116,113.13446140000002,101.67015811000002,41.624634579,63.546,933.47,1357.77,424.3,1191.1665,117.63087499999996,1357.77,3.0,13.0,10.0,6.8,4.18,11.0,3.0,6.0,3.0,5.0,1.1,4.0,121.0,207.0,86.0,171.325,37.5925,132.0,1.1,1.9,0.7999999999999998,1.4365,0.3591499999999999,1.9,1.0,2.0,1.0,1.65,0.455,1.0,0.0,1.0,1.0,0.1,0.18,0.0,0.0,10.0,10.0,4.05,4.165,10.0,0.0,1.0,1.0,0.275,0.39875,0.0,3.0,11.0,8.0,6.075,3.4475,11.0,0.0,1.0,1.0,0.35,0.455,1.0,0.0,5.0,5.0,0.5,0.9,0.0,0.0,9.0,9.0,4.95,4.455,0.0,0.0,13.0,13.0,3.575,5.18375,0.0,1.0,22.0,21.0,9.375,6.94375,1.0,11.07,37.24,26.17,25.9103125,12.27428125,11.07,0.0,0.0,0.0,0.0,0.0,0.0,0.0,0.0,0.0,0.0,0.0,0.0,194.0,225.0,31.0,207.95,15.345,225.0
Al10 Ce30 Co30 La30,13.0,58.0,45.0,43.9,16.32,27.0,13.0,73.0,60.0,33.1,22.92,13.0,26.9815386,140.116,113.13446140000002,104.08455336000002,42.511417968,58.933195,933.47,1768.0,834.53,1302.947,279.0317999999999,1071.0,3.0,13.0,10.0,5.8,3.36,3.0,3.0,6.0,3.0,5.1,1.08,4.0,121.0,207.0,86.0,173.2,38.760000000000005,126.0,1.1,1.88,0.7799999999999998,1.391,0.3371999999999999,1.1,2.0,2.0,0.0,2.0,0.0,2.0,0.0,1.0,1.0,0.1,0.18,0.0,0.0,7.0,7.0,2.7,2.58,1.0,0.0,1.0,1.0,0.3,0.42,0.0,3.0,9.0,6.0,5.1,2.34,3.0,0.0,0.0,0.0,0.0,0.0,0.0,0.0,5.0,5.0,0.5,0.9,0.0,0.0,9.0,9.0,6.3,3.24,3.0,0.0,13.0,13.0,3.9,5.46,0.0,3.0,22.0,19.0,10.7,6.78,3.0,10.245,37.24,26.995000000000005,26.96275,12.127200000000002,10.245,0.0,0.0,0.0,0.0,0.0,0.0,0.0,1.5484712,1.5484712,0.4645413599999999,0.6503579039999999,0.0,194.0,225.0,31.0,197.1,5.579999999999996,194.0
Al10 Ce30 Cu30 La30,13.0,58.0,45.0,44.5,15.6,29.0,13.0,73.0,60.0,34.9,25.08,13.0,26.9815386,140.116,113.13446140000002,105.46839486,40.850808168,63.546,933.47,1357.77,424.3,1179.878,114.6084,1071.0,3.0,13.0,10.0,6.4,4.08,3.0,3.0,6.0,3.0,5.1,1.08,4.0,121.0,207.0,86.0,175.0,36.6,132.0,1.1,1.9,0.7999999999999998,1.3969999999999998,0.3443999999999999,1.1,1.0,2.0,1.0,1.7,0.42,1.0,0.0,1.0,1.0,0.1,0.18,0.0,0.0,10.0,10.0,3.6,3.84,1.0,0.0,1.0,1.0,0.3,0.42,0.0,3.0,11.0,8.0,5.7,3.18,3.0,0.0,1.0,1.0,0.3,0.42,0.0,0.0,5.0,5.0,0.5,0.9,0.0,0.0,9.0,9.0,5.4,4.32,0.0,0.0,13.0,13.0,3.9,5.46,0.0,1.0,22.0,21.0,10.1,7.14,1.0,11.07,37.24,26.17,27.210249999999995,11.8302,11.07,0.0,0.0,0.0,0.0,0.0,0.0,0.0,0.0,0.0,0.0,0.0,0.0,194.0,225.0,31.0,206.4,14.880000000000004,194.0
Al10 Ce32.5 Co25 La32.5,13.0,58.0,45.0,45.425,15.6975,57.0,13.0,73.0,60.0,30.9,21.97,13.0,26.9815386,140.116,113.13446140000002,108.11343036,40.81649603200001,138.90547,933.47,1768.0,834.53,1271.147,248.42649999999995,1071.0,3.0,13.0,10.0,5.5,3.25,3.0,3.0,6.0,3.0,5.2,1.04,6.0,121.0,207.0,86.0,177.175,36.8225,204.0,1.1,1.88,0.7799999999999998,1.3525,0.3152499999999999,1.1,2.0,2.0,0.0,2.0,0.0,2.0,0.0,1.0,1.0,0.1,0.18,0.0,0.0,7.0,7.0,2.4,2.3,1.0,0.0,1.0,1.0,0.325,0.43875,0.0,3.0,9.0,6.0,4.825,2.0875,3.0,0.0,0.0,0.0,0.0,0.0,0.0,0.0,5.0,5.0,0.5,0.9,0.0,0.0,9.0,9.0,6.6,3.12,9.0,0.0,13.0,13.0,4.225,5.70375,0.0,3.0,22.0,19.0,11.325,6.93875,9.0,10.245,37.24,26.995000000000005,28.303937500000004,11.394256250000002,36.8975,0.0,0.0,0.0,0.0,0.0,0.0,0.0,1.5484712,1.5484712,0.3871178,0.5806766999999999,0.0,194.0,225.0,31.0,197.1,5.579999999999996,194.0
Al10 Ce32.5 Co25 La32.5,13.0,58.0,45.0,45.425,15.6975,57.0,13.0,73.0,60.0,30.9,21.97,13.0,26.9815386,140.116,113.13446140000002,108.11343036,40.81649603200001,138.90547,933.47,1768.0,834.53,1271.147,248.42649999999995,1071.0,3.0,13.0,10.0,5.5,3.25,3.0,3.0,6.0,3.0,5.2,1.04,6.0,121.0,207.0,86.0,177.175,36.8225,204.0,1.1,1.88,0.7799999999999998,1.3525,0.3152499999999999,1.1,2.0,2.0,0.0,2.0,0.0,2.0,0.0,1.0,1.0,0.1,0.18,0.0,0.0,7.0,7.0,2.4,2.3,1.0,0.0,1.0,1.0,0.325,0.43875,0.0,3.0,9.0,6.0,4.825,2.0875,3.0,0.0,0.0,0.0,0.0,0.0,0.0,0.0,5.0,5.0,0.5,0.9,0.0,0.0,9.0,9.0,6.6,3.12,9.0,0.0,13.0,13.0,4.225,5.70375,0.0,3.0,22.0,19.0,11.325,6.93875,9.0,10.245,37.24,26.995000000000005,28.303937500000004,11.394256250000002,36.8975,0.0,0.0,0.0,0.0,0.0,0.0,0.0,1.5484712,1.5484712,0.3871178,0.5806766999999999,0.0,194.0,225.0,31.0,197.1,5.579999999999996,194.0
Al10 Ce32.5 Cu25 La32.5,13.0,58.0,45.0,45.925,15.0475,57.0,13.0,73.0,60.0,32.4,23.92,13.0,26.9815386,140.116,113.13446140000002,109.26663161,39.317334407,138.90547,933.47,1357.77,424.3,1168.5895,110.457075,1071.0,3.0,13.0,10.0,6.0,3.9,3.0,3.0,6.0,3.0,5.2,1.04,6.0,121.0,207.0,86.0,178.675,34.872499999999995,204.0,1.1,1.9,0.7999999999999998,1.3575,0.32175,1.1,1.0,2.0,1.0,1.75,0.375,2.0,0.0,1.0,1.0,0.1,0.18,0.0,0.0,10.0,10.0,3.15,3.425,1.0,0.0,1.0,1.0,0.325,0.43875,0.0,3.0,11.0,8.0,5.325,2.8375,3.0,0.0,1.0,1.0,0.25,0.375,0.0,0.0,5.0,5.0,0.5,0.9,0.0,0.0,9.0,9.0,5.85,4.095,9.0,0.0,13.0,13.0,4.225,5.70375,0.0,1.0,22.0,21.0,10.825,7.26375,9.0,11.07,37.24,26.17,28.5101875,11.12613125,36.8975,0.0,0.0,0.0,0.0,0.0,0.0,0.0,0.0,0.0,0.0,0.0,0.0,194.0,225.0,31.0,204.85,14.104999999999997,194.0
Al10 Ce35 Co20 La35,13.0,58.0,45.0,46.95,14.77,57.0,13.0,73.0,60.0,28.7,20.58,13.0,26.9815386,140.116,113.13446140000002,112.14230736000002,38.315798696,138.90547,933.47,1768.0,834.53,1239.347,211.4612,1071.0,3.0,13.0,10.0,5.2,3.08,3.0,3.0,6.0,3.0,5.3,0.98,6.0,121.0,207.0,86.0,181.15,34.09,204.0,1.1,1.88,0.7799999999999998,1.314,0.2855999999999999,1.1,2.0,2.0,0.0,2.0,0.0,2.0,0.0,1.0,1.0,0.1,0.18,0.0,0.0,7.0,7.0,2.1,1.96,1.0,0.0,1.0,1.0,0.35,0.455,0.0,3.0,9.0,6.0,4.55,1.78,3.0,0.0,0.0,0.0,0.0,0.0,0.0,0.0,5.0,5.0,0.5,0.9,0.0,0.0,9.0,9.0,6.9,2.94,9.0,0.0,13.0,13.0,4.55,5.915,0.0,3.0,22.0,19.0,11.95,7.035,9.0,10.245,37.24,26.995000000000005,29.645125,10.393075,36.8975,0.0,0.0,0.0,0.0,0.0,0.0,0.0,1.5484712,1.5484712,0.30969424,0.4955107840000001,0.0,194.0,225.0,31.0,197.1,5.579999999999996,194.0
Al10 Ce35 Cu20 La35,13.0,58.0,45.0,47.35,14.21,57.0,13.0,73.0,60.0,29.9,22.26,13.0,26.9815386,140.116,113.13446140000002,113.06486836,37.024213296000006,138.90547,933.47,1357.77,424.3,1157.3010000000002,105.17689999999996,1071.0,3.0,13.0,10.0,5.6,3.64,3.0,3.0,6.0,3.0,5.3,0.98,6.0,121.0,207.0,86.0,182.35,32.41,204.0,1.1,1.9,0.7999999999999998,1.318,0.2911999999999999,1.1,1.0,2.0,1.0,1.8,0.32,2.0,0.0,1.0,1.0,0.1,0.18,0.0,0.0,10.0,10.0,2.7,2.92,1.0,0.0,1.0,1.0,0.35,0.455,0.0,3.0,11.0,8.0,4.95,2.42,3.0,0.0,1.0,1.0,0.2,0.32,0.0,0.0,5.0,5.0,0.5,0.9,0.0,0.0,9.0,9.0,6.3,3.78,9.0,0.0,13.0,13.0,4.55,5.915,0.0,1.0,22.0,21.0,11.55,7.315,9.0,11.07,37.24,26.17,29.810125000000003,10.162075,36.8975,0.0,0.0,0.0,0.0,0.0,0.0,0.0,0.0,0.0,0.0,0.0,0.0,194.0,225.0,31.0,203.3,13.020000000000003,194.0
Al10 Ce37.5 Cu15 La37.5,13.0,58.0,45.0,48.775,13.0875,57.0,13.0,73.0,60.0,27.4,20.1,13.0,26.9815386,140.116,113.13446140000002,116.86310511,33.971444835000014,138.90547,933.47,1357.77,424.3,1146.0125,98.767875,1071.0,3.0,13.0,10.0,5.2,3.3,3.0,3.0,6.0,3.0,5.4,0.8999999999999999,6.0,121.0,207.0,86.0,186.025,29.2125,204.0,1.1,1.9,0.7999999999999998,1.2785000000000002,0.25275,1.1,1.0,2.0,1.0,1.85,0.2549999999999999,2.0,0.0,1.0,1.0,0.1,0.18,0.0,0.0,10.0,10.0,2.25,2.325,1.0,0.0,1.0,1.0,0.375,0.46875,0.0,3.0,11.0,8.0,4.575,1.9275,3.0,0.0,1.0,1.0,0.15,0.255,0.0,0.0,5.0,5.0,0.5,0.9,0.0,0.0,9.0,9.0,6.75,3.375,9.0,0.0,13.0,13.0,4.875,6.09375,0.0,1.0,22.0,21.0,12.275,7.29375,9.0,11.07,37.24,26.17,31.1100625,8.938031250000002,36.8975,0.0,0.0,0.0,0.0,0.0,0.0,0.0,0.0,0.0,0.0,0.0,0.0,194.0,225.0,31.0,201.75,11.625,194.0
Al10 Ce39 Co25 La26,13.0,58.0,45.0,45.49,15.743,58.0,13.0,73.0,60.0,31.03,21.879,15.0,26.9815386,140.116,113.13446140000002,108.19211481000002,40.871575147,140.116,933.47,1768.0,834.53,1263.217,252.3914999999999,1071.0,3.0,13.0,10.0,5.5,3.25,3.0,3.0,6.0,3.0,5.2,1.0399999999999998,6.0,121.0,207.0,86.0,176.98,36.68600000000001,204.0,1.1,1.88,0.7799999999999998,1.3538,0.3143399999999999,1.12,2.0,2.0,0.0,2.0,0.0,2.0,0.0,1.0,1.0,0.1,0.18,0.0,0.0,7.0,7.0,2.4,2.3,1.0,0.0,1.0,1.0,0.39,0.4758,1.0,3.0,9.0,6.0,4.89,2.055,4.0,0.0,0.0,0.0,0.0,0.0,0.0,0.0,5.0,5.0,0.5,0.9,0.0,0.0,9.0,9.0,6.6,3.12,9.0,0.0,13.0,13.0,5.07,6.1854,13.0,3.0,22.0,19.0,12.17,7.667399999999999,22.0,10.245,37.24,26.995000000000005,28.3262,11.40984,37.24,0.0,0.0,0.0,0.0,0.0,0.0,0.0,1.5484712,1.5484712,0.3871178,0.5806767,0.0,194.0,225.0,31.0,197.1,5.579999999999996,194.0
Al10 Ce45.5 Co25 La19.5,13.0,58.0,45.0,45.555,15.7885,58.0,13.0,73.0,60.0,31.16,21.788,15.0,26.9815386,140.116,113.13446140000002,108.27079926,40.92665426200001,140.116,933.47,1768.0,834.53,1255.287,256.35650000000004,1071.0,3.0,13.0,10.0,5.5,3.25,3.0,3.0,6.0,3.0,5.2,1.0399999999999998,6.0,121.0,207.0,86.0,176.785,36.5495,204.0,1.1,1.88,0.7799999999999998,1.3551,0.3134299999999999,1.12,2.0,2.0,0.0,2.0,0.0,2.0,0.0,1.0,1.0,0.1,0.18,0.0,0.0,7.0,7.0,2.4,2.3,1.0,0.0,1.0,1.0,0.455,0.49595,1.0,3.0,9.0,6.0,4.955,2.0225,4.0,0.0,0.0,0.0,0.0,0.0,0.0,0.0,5.0,5.0,0.5,0.9,0.0,0.0,9.0,9.0,6.6,3.12,9.0,0.0,13.0,13.0,5.915,6.447349999999999,13.0,3.0,22.0,19.0,13.015,8.17635,22.0,10.245,37.24,26.995000000000005,28.348462500000004,11.42542375,37.24,0.0,0.0,0.0,0.0,0.0,0.0,0.0,1.5484712,1.5484712,0.3871178,0.5806767,0.0,194.0,225.0,31.0,197.1,5.579999999999996,194.0
Al10 Ce52 Co25 La13,13.0,58.0,45.0,45.62,15.834,58.0,13.0,73.0,60.0,31.29,21.697,15.0,26.9815386,140.116,113.13446140000002,108.34948371,40.98173337700001,140.116,933.47,1768.0,834.53,1247.357,260.3215,1071.0,3.0,13.0,10.0,5.5,3.25,3.0,3.0,6.0,3.0,5.2,1.04,6.0,121.0,207.0,86.0,176.59,36.413,204.0,1.1,1.88,0.7799999999999998,1.3564,0.3125199999999999,1.12,2.0,2.0,0.0,2.0,0.0,2.0,0.0,1.0,1.0,0.1,0.18,0.0,0.0,7.0,7.0,2.4,2.3,1.0,0.0,1.0,1.0,0.52,0.4991999999999999,1.0,3.0,9.0,6.0,5.02,1.99,4.0,0.0,0.0,0.0,0.0,0.0,0.0,0.0,5.0,5.0,0.5,0.9,0.0,0.0,9.0,9.0,6.6,3.12,9.0,0.0,13.0,13.0,6.76,6.4896,13.0,3.0,22.0,19.0,13.86,8.4656,22.0,10.245,37.24,26.995000000000005,28.370725000000004,11.441007499999998,37.24,0.0,0.0,0.0,0.0,0.0,0.0,0.0,1.5484712,1.5484712,0.3871178,0.5806767,0.0,194.0,225.0,31.0,197.1,5.579999999999996,194.0
Al10 Ce57.6 Cu22.4 Fe10,13.0,58.0,45.0,43.804,16.353792,58.0,15.0,73.0,58.0,35.776,23.933952,15.0,26.9815386,140.116,113.13446140000002,103.22377386,42.49984451328,140.116,933.47,1811.0,877.53,1195.48348,195.80766495999995,1071.0,3.0,13.0,10.0,6.292000000000001,3.792384,3.0,3.0,6.0,3.0,5.0520000000000005,1.092096,6.0,121.0,204.0,83.0,172.37199999999996,36.435456,204.0,1.12,1.9,0.7799999999999998,1.4147200000000004,0.33951744,1.12,1.0,2.0,1.0,1.776,0.347648,2.0,0.0,1.0,1.0,0.1,0.18,0.0,0.0,10.0,10.0,3.4160000000000004,3.466432,1.0,0.0,1.0,1.0,0.5760000000000001,0.488448,1.0,3.0,11.0,8.0,5.867999999999999,2.7255359999999995,4.0,0.0,1.0,1.0,0.2239999999999999,0.347648,0.0,0.0,5.0,5.0,0.5,0.9,0.0,0.0,9.0,9.0,5.584,3.935232,9.0,0.0,13.0,13.0,7.488,6.349824,13.0,1.0,22.0,21.0,13.796,9.451008,22.0,10.73,37.24,26.51,26.650920000000006,12.198620159999995,37.24,0.0,0.0,0.0,0.0,0.0,0.0,0.0,2.1106628,2.1106628,0.21106628,0.379919304,0.0,194.0,229.0,35.0,207.544,15.602688000000002,194.0
Al10 Ce57.6 Cu22.4 Zn10,13.0,58.0,45.0,44.20399999999999,15.892992,58.0,15.0,73.0,58.0,37.176,25.546752,15.0,26.9815386,140.116,113.13446140000002,104.17727386,41.40141251328001,140.116,692.68,1357.77,665.09,1083.65148,122.80509696,1071.0,3.0,13.0,10.0,6.692,4.253184,3.0,3.0,6.0,3.0,5.0520000000000005,1.092096,6.0,121.0,204.0,83.0,171.37199999999996,37.58745600000001,204.0,1.12,1.9,0.7799999999999998,1.3967200000000002,0.3187814399999999,1.12,1.0,2.0,1.0,1.776,0.347648,2.0,0.0,1.0,1.0,0.1,0.18,0.0,0.0,10.0,10.0,3.816,4.007231999999999,1.0,0.0,1.0,1.0,0.5760000000000001,0.488448,1.0,3.0,12.0,9.0,6.268,3.266336,4.0,0.0,1.0,1.0,0.2239999999999999,0.347648,0.0,0.0,5.0,5.0,0.5,0.9,0.0,0.0,9.0,9.0,5.184,4.396032,9.0,0.0,13.0,13.0,7.488,6.349824,13.0,0.0,22.0,22.0,13.396,9.911808,22.0,11.07,37.24,26.17,26.973920000000003,11.826524160000002,37.24,0.0,0.0,0.0,0.0,0.0,0.0,0.0,0.0,0.0,0.0,0.0,0.0,194.0,225.0,31.0,204.044,13.579488000000005,194.0
Al10 Ce58.5 Co25 La6.5,13.0,58.0,45.0,45.685,15.879499999999998,58.0,13.0,73.0,60.0,31.42,21.606,15.0,26.9815386,140.116,113.13446140000002,108.42816816,41.03681249200001,140.116,933.47,1768.0,834.53,1239.427,264.2865,1071.0,3.0,13.0,10.0,5.5,3.25,3.0,3.0,6.0,3.0,5.2,1.0399999999999998,6.0,121.0,207.0,86.0,176.395,36.2765,204.0,1.1,1.88,0.7799999999999998,1.3577,0.3116099999999999,1.12,2.0,2.0,0.0,2.0,0.0,2.0,0.0,1.0,1.0,0.1,0.18,0.0,0.0,7.0,7.0,2.4,2.3,1.0,0.0,1.0,1.0,0.585,0.4855500000000001,1.0,3.0,9.0,6.0,5.085,1.9575,4.0,0.0,0.0,0.0,0.0,0.0,0.0,0.0,5.0,5.0,0.5,0.9,0.0,0.0,9.0,9.0,6.6,3.120000000000001,9.0,0.0,13.0,13.0,7.605,6.31215,13.0,3.0,22.0,19.0,14.705,8.53515,22.0,10.245,37.24,26.995000000000005,28.3929875,11.45659125,37.24,0.0,0.0,0.0,0.0,0.0,0.0,0.0,1.5484712,1.5484712,0.3871178,0.5806767,0.0,194.0,225.0,31.0,197.1,5.579999999999996,194.0
Al10 Ce59.4 Cu23.1 Fe7.5,13.0,58.0,45.0,44.401,16.155611999999998,58.0,15.0,73.0,58.0,35.119,23.901372,15.0,26.9815386,140.116,113.13446140000002,104.79455886,41.961872074320006,140.116,933.47,1811.0,877.53,1178.99087,177.39732756000004,1071.0,3.0,13.0,10.0,6.223,3.8289239999999993,3.0,3.0,6.0,3.0,5.087999999999999,1.0834560000000002,6.0,121.0,204.0,83.0,173.66800000000003,36.03441599999999,204.0,1.12,1.9,0.7799999999999998,1.4024300000000005,0.33552684,1.12,1.0,2.0,1.0,1.769,0.355278,2.0,0.0,1.0,1.0,0.1,0.18,0.0,0.0,10.0,10.0,3.354,3.467352000000001,1.0,0.0,1.0,1.0,0.594,0.482328,1.0,3.0,11.0,8.0,5.817,2.7219960000000003,4.0,0.0,1.0,1.0,0.231,0.355278,0.0,0.0,5.0,5.0,0.5,0.9,0.0,0.0,9.0,9.0,5.646,3.984552,9.0,0.0,13.0,13.0,7.721999999999999,6.270264,13.0,1.0,22.0,21.0,14.098999999999998,9.386388,22.0,10.73,37.24,26.51,27.13048,12.01010976,37.24,0.0,0.0,0.0,0.0,0.0,0.0,0.0,2.1106628,2.1106628,0.15829971,0.2928544635,0.0,194.0,229.0,35.0,206.886,15.308567999999998,194.0
Al10 Ce59.4 Cu23.1 Zn7.5,13.0,58.0,45.0,44.701,15.799212,58.0,15.0,73.0,58.0,36.169,25.148772,15.0,26.9815386,140.116,113.13446140000002,105.50968386,41.11230357432,140.116,692.68,1357.77,665.09,1095.11687,121.34574606000004,1071.0,3.0,13.0,10.0,6.523,4.185324,3.0,3.0,6.0,3.0,5.087999999999999,1.0834560000000002,6.0,121.0,204.0,83.0,172.91800000000003,36.925416,204.0,1.12,1.9,0.7799999999999998,1.3889300000000002,0.31948884,1.12,1.0,2.0,1.0,1.769,0.355278,2.0,0.0,1.0,1.0,0.1,0.18,0.0,0.0,10.0,10.0,3.654,3.883752,1.0,0.0,1.0,1.0,0.594,0.482328,1.0,3.0,12.0,9.0,6.117000000000001,3.1383960000000006,4.0,0.0,1.0,1.0,0.231,0.355278,0.0,0.0,5.0,5.0,0.5,0.9,0.0,0.0,9.0,9.0,5.346,4.340952,9.0,0.0,13.0,13.0,7.721999999999999,6.270264,13.0,0.0,22.0,22.0,13.799,9.742788,22.0,11.07,37.24,26.17,27.37273,11.722316760000002,37.24,0.0,0.0,0.0,0.0,0.0,0.0,0.0,0.0,0.0,0.0,0.0,0.0,194.0,225.0,31.0,204.261,13.729217999999998,194.0
Al10 Ce6.5 Co25 La58.5,13.0,58.0,45.0,45.165,15.5155,57.0,13.0,73.0,60.0,30.38,22.334,13.0,26.9815386,140.116,113.13446140000002,107.79869256,40.59617957200001,138.90547,933.47,1768.0,834.53,1302.867,232.5665,1193.0,3.0,13.0,10.0,5.5,3.25,3.0,3.0,6.0,3.0,5.2,1.04,6.0,121.0,207.0,86.0,177.955,37.3685,207.0,1.1,1.88,0.7799999999999998,1.3473000000000002,0.31889,1.1,2.0,2.0,0.0,2.0,0.0,2.0,0.0,1.0,1.0,0.1,0.18,0.0,0.0,7.0,7.0,2.4,2.3,1.0,0.0,1.0,1.0,0.065,0.12155,0.0,3.0,9.0,6.0,4.565,2.2175,3.0,0.0,0.0,0.0,0.0,0.0,0.0,0.0,5.0,5.0,0.5,0.9,0.0,0.0,9.0,9.0,6.6,3.12,9.0,0.0,13.0,13.0,0.845,1.58015,0.0,3.0,22.0,19.0,7.945,3.0615,9.0,10.245,37.24,26.995000000000005,28.2148875,11.33192125,36.8975,0.0,0.0,0.0,0.0,0.0,0.0,0.0,1.5484712,1.5484712,0.3871178,0.5806767,0.0,194.0,225.0,31.0,197.1,5.579999999999996,194.0
Al10 Ce60 Cu20 Ni10,13.0,58.0,45.0,44.7,15.959999999999996,58.0,15.0,73.0,58.0,35.2,24.24,15.0,26.9815386,140.116,113.13446140000002,105.34629386,41.72364736800001,140.116,933.47,1728.0,794.53,1180.3010000000002,180.52740000000009,1071.0,3.0,13.0,10.0,6.3,3.96,3.0,3.0,6.0,3.0,5.1,1.08,6.0,121.0,204.0,83.0,173.3,36.84,204.0,1.12,1.91,0.7899999999999998,1.404,0.3407999999999999,1.12,1.0,2.0,1.0,1.8,0.3199999999999999,2.0,0.0,1.0,1.0,0.1,0.18,0.0,0.0,10.0,10.0,3.4,3.56,1.0,0.0,1.0,1.0,0.6,0.48,1.0,3.0,11.0,8.0,5.9,2.86,4.0,0.0,1.0,1.0,0.2,0.32,0.0,0.0,5.0,5.0,0.5,0.9,0.0,0.0,9.0,9.0,5.6,4.08,9.0,0.0,13.0,13.0,7.8,6.24,13.0,1.0,22.0,21.0,14.1,9.48,22.0,10.32,37.24,26.92,27.238000000000003,12.0024,37.24,0.0,0.0,0.0,0.0,0.0,0.0,0.0,0.5953947,0.5953947,0.05953947,0.107171046,0.0,194.0,225.0,31.0,206.4,14.88,194.0
Al10 Ce61.2 Cu23.8 Fe5,13.0,58.0,45.0,44.998000000000005,15.914447999999998,58.0,15.0,73.0,58.0,34.462,23.821488,15.0,26.9815386,140.116,113.13446140000002,106.36534386,41.31080311536,140.116,933.47,1811.0,877.53,1162.49826,157.79952224000002,1071.0,3.0,13.0,10.0,6.154000000000001,3.860496,3.0,3.0,6.0,3.0,5.1240000000000006,1.0722239999999998,6.0,121.0,204.0,83.0,174.96400000000003,35.540063999999994,204.0,1.12,1.9,0.7799999999999998,1.3901400000000002,0.3306513599999999,1.12,1.0,2.0,1.0,1.7620000000000002,0.3627119999999999,2.0,0.0,1.0,1.0,0.1,0.18,0.0,0.0,10.0,10.0,3.292,3.4638080000000007,1.0,0.0,1.0,1.0,0.612,0.474912,1.0,3.0,11.0,8.0,5.766,2.7147840000000003,4.0,0.0,1.0,1.0,0.238,0.362712,0.0,0.0,5.0,5.0,0.5,0.9,0.0,0.0,9.0,9.0,5.708000000000001,4.029408,9.0,0.0,13.0,13.0,7.956,6.173856,13.0,1.0,22.0,21.0,14.402,9.299952,22.0,10.73,37.24,26.51,27.610040000000005,11.78707104,37.24,0.0,0.0,0.0,0.0,0.0,0.0,0.0,2.1106628,2.1106628,0.10553314,0.200512966,0.0,194.0,229.0,35.0,206.22800000000004,14.967072000000009,194.0
Al10 Ce61.2 Cu23.8 Zn5,13.0,58.0,45.0,45.198,15.669648,58.0,15.0,73.0,58.0,35.162,24.678288,15.0,26.9815386,140.116,113.13446140000002,106.84209386,40.72726111536001,140.116,692.68,1357.77,665.09,1106.58226,119.56536423999997,1071.0,3.0,13.0,10.0,6.354000000000001,4.105296000000001,3.0,3.0,6.0,3.0,5.1240000000000006,1.0722239999999998,6.0,121.0,204.0,83.0,174.46400000000003,36.152064,204.0,1.12,1.9,0.7799999999999998,1.38114,0.3196353599999999,1.12,1.0,2.0,1.0,1.7620000000000002,0.3627119999999999,2.0,0.0,1.0,1.0,0.1,0.18,0.0,0.0,10.0,10.0,3.492,3.748608,1.0,0.0,1.0,1.0,0.612,0.474912,1.0,3.0,12.0,9.0,5.966,2.9995840000000005,4.0,0.0,1.0,1.0,0.238,0.362712,0.0,0.0,5.0,5.0,0.5,0.9,0.0,0.0,9.0,9.0,5.508000000000001,4.274208000000001,9.0,0.0,13.0,13.0,7.956,6.173856,13.0,0.0,22.0,22.0,14.202,9.544752,22.0,11.07,37.24,26.17,27.771540000000005,11.58939504,37.24,0.0,0.0,0.0,0.0,0.0,0.0,0.0,0.0,0.0,0.0,0.0,0.0,194.0,225.0,31.0,204.47800000000004,13.872872000000012,194.0
Al10 Ce63 Cu24.5 Zn2.5,13.0,58.0,45.0,45.695,15.5043,58.0,15.0,73.0,58.0,34.155,24.1353,15.0,26.9815386,140.116,113.13446140000002,108.17450386000002,40.2462851364,140.116,692.68,1357.77,665.09,1118.04765,117.46395149999998,1071.0,3.0,13.0,10.0,6.185,4.0131,3.0,3.0,6.0,3.0,5.16,1.0583999999999998,6.0,121.0,204.0,83.0,176.01,35.2674,204.0,1.12,1.9,0.7799999999999998,1.3733499999999998,0.3192209999999999,1.12,1.0,2.0,1.0,1.755,0.36995,2.0,0.0,1.0,1.0,0.1,0.18,0.0,0.0,10.0,10.0,3.33,3.6018,1.0,0.0,1.0,1.0,0.63,0.4662,1.0,3.0,12.0,9.0,5.815,2.8499,4.0,0.0,1.0,1.0,0.245,0.36995,0.0,0.0,5.0,5.0,0.5,0.9,0.0,0.0,9.0,9.0,5.67,4.1958,9.0,0.0,13.0,13.0,8.19,6.060600000000001,13.0,0.0,22.0,22.0,14.605,9.3177,22.0,11.07,37.24,26.17,28.17035000000001,11.427758999999998,37.24,0.0,0.0,0.0,0.0,0.0,0.0,0.0,0.0,0.0,0.0,0.0,0.0,194.0,225.0,31.0,204.695,14.01045,194.0
Al10 Ce64.8 Cu25.2,13.0,58.0,45.0,46.192,15.303167999999998,58.0,15.0,73.0,58.0,33.148,23.519808,15.0,26.9815386,140.116,113.13446140000002,109.50691386000004,39.669375637440005,140.116,933.47,1357.77,424.3,1129.51304,115.04150784,1071.0,3.0,13.0,10.0,6.015999999999999,3.908736,3.0,3.0,6.0,3.0,5.195999999999999,1.0419840000000002,6.0,121.0,204.0,83.0,177.55599999999998,34.271424,204.0,1.12,1.9,0.7799999999999998,1.36556,0.3182457599999999,1.12,1.0,2.0,1.0,1.7479999999999998,0.3769920000000001,2.0,0.0,1.0,1.0,0.1,0.18,0.0,0.0,10.0,10.0,3.168,3.443328,1.0,0.0,1.0,1.0,0.648,0.4561919999999999,1.0,3.0,11.0,8.0,5.664,2.689344,4.0,0.0,1.0,1.0,0.252,0.376992,0.0,0.0,5.0,5.0,0.5,0.9,0.0,0.0,9.0,9.0,5.831999999999999,4.105728,9.0,0.0,13.0,13.0,8.424,5.930496000000001,13.0,1.0,22.0,21.0,15.008,9.061632,22.0,11.07,37.24,26.17,28.56916,11.237408640000002,37.24,0.0,0.0,0.0,0.0,0.0,0.0,0.0,0.0,0.0,0.0,0.0,0.0,194.0,225.0,31.0,204.912,14.141951999999996,194.0
Al10 Ce65 Co25,13.0,58.0,45.0,45.75,15.925,58.0,15.0,73.0,58.0,31.55,21.515,15.0,26.9815386,140.116,113.13446140000002,108.50685261,41.09189160700001,140.116,933.47,1768.0,834.53,1231.497,268.2515,1071.0,3.0,13.0,10.0,5.5,3.25,3.0,3.0,6.0,3.0,5.2,1.0399999999999998,6.0,121.0,204.0,83.0,176.2,36.14,204.0,1.12,1.88,0.7599999999999998,1.359,0.3106999999999999,1.12,2.0,2.0,0.0,2.0,0.0,2.0,0.0,1.0,1.0,0.1,0.18,0.0,0.0,7.0,7.0,2.4,2.3,1.0,0.0,1.0,1.0,0.65,0.455,1.0,3.0,9.0,6.0,5.15,1.925,4.0,0.0,0.0,0.0,0.0,0.0,0.0,0.0,5.0,5.0,0.5,0.9,0.0,0.0,9.0,9.0,6.6,3.12,9.0,0.0,13.0,13.0,8.45,5.915,13.0,3.0,22.0,19.0,15.55,8.385,22.0,10.245,37.24,26.995000000000005,28.41525,11.472175000000002,37.24,0.0,0.0,0.0,0.0,0.0,0.0,0.0,1.5484712,1.5484712,0.3871178,0.5806767,0.0,194.0,225.0,31.0,197.1,5.579999999999996,194.0
Al10 Ce65 Co5 Cu20,13.0,58.0,45.0,46.15,15.405,58.0,15.0,73.0,58.0,32.75,23.075,15.0,26.9815386,140.116,113.13446140000002,109.42941361,39.892562307000006,140.116,933.47,1768.0,834.53,1149.451,145.1825,1071.0,3.0,13.0,10.0,5.9,3.77,3.0,3.0,6.0,3.0,5.2,1.0399999999999998,6.0,121.0,204.0,83.0,177.4,34.58,204.0,1.12,1.9,0.7799999999999998,1.3630000000000002,0.3159,1.12,1.0,2.0,1.0,1.8,0.3199999999999999,2.0,0.0,1.0,1.0,0.1,0.18,0.0,0.0,10.0,10.0,3.0,3.2,1.0,0.0,1.0,1.0,0.65,0.455,1.0,3.0,11.0,8.0,5.55,2.525,4.0,0.0,1.0,1.0,0.2,0.32,0.0,0.0,5.0,5.0,0.5,0.9,0.0,0.0,9.0,9.0,6.0,3.9,9.0,0.0,13.0,13.0,8.45,5.915,13.0,1.0,22.0,21.0,15.15,8.905,22.0,10.245,37.24,26.995000000000005,28.58025,11.257675,37.24,0.0,0.0,0.0,0.0,0.0,0.0,0.0,1.5484712,1.5484712,0.07742356,0.147104764,0.0,194.0,225.0,31.0,203.3,13.020000000000003,194.0
Al10 Ce67 Cu20 Nb3,13.0,58.0,45.0,47.19,14.4854,58.0,15.0,73.0,58.0,31.56,22.190400000000004,15.0,26.9815386,140.116,113.13446140000002,112.07226526,37.57860455160001,140.116,933.47,2750.0,1816.53,1164.971,172.22133999999997,1071.0,3.0,13.0,10.0,5.66,3.604000000000001,3.0,3.0,6.0,3.0,5.27,0.9782,6.0,121.0,204.0,83.0,180.1,32.026,204.0,1.12,1.9,0.7799999999999998,1.3394000000000004,0.293996,1.12,1.0,2.0,1.0,1.77,0.3542,2.0,0.0,1.0,1.0,0.1,0.18,0.0,0.0,10.0,10.0,2.79,2.9566,1.0,0.0,1.0,1.0,0.67,0.4421999999999999,1.0,3.0,11.0,8.0,5.33,2.268,4.0,0.0,1.0,1.0,0.23,0.3542,0.0,0.0,5.0,5.0,0.5,0.9,0.0,0.0,9.0,9.0,6.21,3.7386,9.0,0.0,13.0,13.0,8.71,5.7486,13.0,1.0,22.0,21.0,15.65,8.509,22.0,11.07,37.24,26.17,29.3582,10.561612000000002,37.24,0.0,0.0,0.0,0.0,0.0,0.0,0.0,0.0,0.0,0.0,0.0,0.0,194.0,229.0,35.0,204.35,13.868999999999998,194.0
Al10 Ce68 Co2 Cu20,13.0,58.0,45.0,47.08,14.8512,58.0,15.0,73.0,58.0,31.46,22.3856,15.0,26.9815386,140.116,113.13446140000002,111.86489776,38.42149904640001,140.116,933.47,1768.0,834.53,1128.5410000000002,117.26996000000008,1071.0,3.0,13.0,10.0,5.72,3.6992,3.0,3.0,6.0,3.0,5.26,1.0064000000000002,6.0,121.0,204.0,83.0,179.74,32.993599999999994,204.0,1.12,1.9,0.7799999999999998,1.3402000000000005,0.299472,1.12,1.0,2.0,1.0,1.8,0.32,2.0,0.0,1.0,1.0,0.1,0.18,0.0,0.0,10.0,10.0,2.82,3.0392,1.0,0.0,1.0,1.0,0.68,0.4352,1.0,3.0,11.0,8.0,5.4,2.3840000000000003,4.0,0.0,1.0,1.0,0.2,0.32,0.0,0.0,5.0,5.0,0.5,0.9,0.0,0.0,9.0,9.0,6.18,3.8352,9.0,0.0,13.0,13.0,8.84,5.6576,13.0,1.0,22.0,21.0,15.72,8.5408,22.0,10.245,37.24,26.995000000000005,29.390100000000004,10.675864,37.24,0.0,0.0,0.0,0.0,0.0,0.0,0.0,1.5484712,1.5484712,0.030969424,0.06070007104,0.0,194.0,225.0,31.0,203.3,13.020000000000003,194.0
Al10 Ce68 Cu20 Fe2,13.0,58.0,45.0,47.06,14.8784,58.0,15.0,73.0,58.0,31.4,22.303999999999995,15.0,26.9815386,140.116,113.13446140000002,111.80313386000002,38.505497950400006,140.116,933.47,1811.0,877.53,1129.401,118.61156000000004,1071.0,3.0,13.0,10.0,5.7,3.6720000000000006,3.0,3.0,6.0,3.0,5.26,1.0064,6.0,121.0,204.0,83.0,179.86,32.83039999999999,204.0,1.12,1.9,0.7799999999999998,1.3392000000000002,0.2981119999999999,1.12,1.0,2.0,1.0,1.8,0.3199999999999999,2.0,0.0,1.0,1.0,0.1,0.18,0.0,0.0,10.0,10.0,2.8,3.008,1.0,0.0,1.0,1.0,0.68,0.4352,1.0,3.0,11.0,8.0,5.38,2.3528,4.0,0.0,1.0,1.0,0.2,0.32,0.0,0.0,5.0,5.0,0.5,0.9,0.0,0.0,9.0,9.0,6.2,3.808,9.0,0.0,13.0,13.0,8.84,5.657599999999999,13.0,1.0,22.0,21.0,15.74,8.513600000000002,22.0,10.73,37.24,26.51,29.39980000000001,10.662672,37.24,0.0,0.0,0.0,0.0,0.0,0.0,0.0,2.1106628,2.1106628,0.042213256,0.08273798176,0.0,194.0,229.0,35.0,204.0,13.6,194.0
Al10 Ce68 Cu20 Nb2,13.0,58.0,45.0,47.36,14.4704,58.0,15.0,73.0,58.0,31.24,22.0864,15.0,26.9815386,140.116,113.13446140000002,112.54436146000002,37.4974284144,140.116,933.47,2750.0,1816.53,1148.181,147.90836000000002,1071.0,3.0,13.0,10.0,5.64,3.616,3.0,3.0,6.0,3.0,5.28,0.9792,6.0,121.0,204.0,83.0,180.5,31.96,204.0,1.12,1.9,0.7799999999999998,1.3346,0.2918559999999999,1.12,1.0,2.0,1.0,1.78,0.3432,2.0,0.0,1.0,1.0,0.1,0.18,0.0,0.0,10.0,10.0,2.76,2.9456,1.0,0.0,1.0,1.0,0.68,0.4352,1.0,3.0,11.0,8.0,5.32,2.272,4.0,0.0,1.0,1.0,0.22,0.3432,0.0,0.0,5.0,5.0,0.5,0.9,0.0,0.0,9.0,9.0,6.24,3.7536,9.0,0.0,13.0,13.0,8.84,5.657599999999999,13.0,1.0,22.0,21.0,15.8,8.431999999999999,22.0,11.07,37.24,26.17,29.548800000000007,10.460031999999998,37.24,0.0,0.0,0.0,0.0,0.0,0.0,0.0,0.0,0.0,0.0,0.0,0.0,194.0,229.0,35.0,204.0,13.6,194.0
Al10 Ce68 Cu20 Ni2,13.0,58.0,45.0,47.1,14.823999999999998,58.0,15.0,73.0,58.0,31.52,22.4672,15.0,26.9815386,140.116,113.13446140000002,111.86010186,38.42802147040001,140.116,933.47,1728.0,794.53,1127.741,116.02195999999998,1071.0,3.0,13.0,10.0,5.74,3.7264,3.0,3.0,6.0,3.0,5.26,1.0064,6.0,121.0,204.0,83.0,179.7,33.04800000000001,204.0,1.12,1.91,0.7899999999999998,1.3408000000000002,0.300288,1.12,1.0,2.0,1.0,1.8,0.3199999999999999,2.0,0.0,1.0,1.0,0.1,0.18,0.0,0.0,10.0,10.0,2.84,3.0704,1.0,0.0,1.0,1.0,0.68,0.4352,1.0,3.0,11.0,8.0,5.42,2.4152,4.0,0.0,1.0,1.0,0.2,0.32,0.0,0.0,5.0,5.0,0.5,0.9,0.0,0.0,9.0,9.0,6.16,3.8624,9.0,0.0,13.0,13.0,8.84,5.657599999999999,13.0,1.0,22.0,21.0,15.7,8.568000000000001,22.0,10.32,37.24,26.92,29.391600000000004,10.673824,37.24,0.0,0.0,0.0,0.0,0.0,0.0,0.0,0.5953947,0.5953947,0.011907894,0.02333947224,0.0,194.0,225.0,31.0,203.92,13.491199999999996,194.0
Al10 Ce68 Cu20 Si2,13.0,58.0,45.0,46.82,15.204800000000002,58.0,15.0,78.0,63.0,31.86,22.929600000000004,15.0,26.9815386,140.116,113.13446140000002,111.24794386000002,39.26055635040001,140.116,933.47,1687.0,753.53,1126.921,114.74276000000002,1071.0,3.0,14.0,11.0,5.82,3.8352,3.0,3.0,6.0,3.0,5.24,1.0336,6.0,111.0,204.0,93.0,179.44,33.4016,204.0,1.12,1.9,0.7799999999999998,1.3406000000000002,0.300016,1.12,1.0,2.0,1.0,1.8,0.3199999999999999,2.0,0.0,2.0,2.0,0.14,0.2464,0.0,0.0,10.0,10.0,2.68,2.928000000000001,1.0,0.0,1.0,1.0,0.68,0.4352,1.0,3.0,11.0,8.0,5.3,2.28,4.0,0.0,1.0,1.0,0.2,0.32,0.0,0.0,5.0,5.0,0.58,1.0208,0.0,0.0,9.0,9.0,6.12,3.9168000000000007,9.0,0.0,13.0,13.0,8.84,5.657599999999999,13.0,1.0,22.0,21.0,15.74,8.513600000000002,22.0,11.07,37.24,26.17,29.594000000000005,10.398559999999998,37.24,0.0,0.773,0.773,0.01546,0.0303015999999999,0.0,0.0,0.0,0.0,0.0,0.0,0.0,194.0,227.0,33.0,203.96,13.545600000000004,194.0
Al10 Ce69 Co1 Cu20,13.0,58.0,45.0,47.39,14.641799999999998,58.0,15.0,73.0,58.0,31.03,22.121400000000005,15.0,26.9815386,140.116,113.13446140000002,112.67672581,37.8661983822,140.116,933.47,1768.0,834.53,1121.571,107.40818000000009,1071.0,3.0,13.0,10.0,5.66,3.6708,3.0,3.0,6.0,3.0,5.28,0.9936,6.0,121.0,204.0,83.0,180.52,32.40239999999999,204.0,1.12,1.9,0.7799999999999998,1.3326,0.2933879999999999,1.12,1.0,2.0,1.0,1.8,0.3199999999999999,2.0,0.0,1.0,1.0,0.1,0.18,0.0,0.0,10.0,10.0,2.76,2.9808000000000003,1.0,0.0,1.0,1.0,0.69,0.4278,1.0,3.0,11.0,8.0,5.35,2.333,4.0,0.0,1.0,1.0,0.2,0.32,0.0,0.0,5.0,5.0,0.5,0.9,0.0,0.0,9.0,9.0,6.24,3.8088,9.0,0.0,13.0,13.0,8.97,5.5614,13.0,1.0,22.0,21.0,15.91,8.404199999999998,22.0,10.245,37.24,26.995000000000005,29.66005,10.460331000000002,37.24,0.0,0.0,0.0,0.0,0.0,0.0,0.0,1.5484712,1.5484712,0.015484712,0.03065972976,0.0,194.0,225.0,31.0,203.3,13.020000000000003,194.0
Al10 Ce69 Cu20 Nb1,13.0,58.0,45.0,47.53,14.4486,58.0,15.0,73.0,58.0,30.92,21.9696,15.0,26.9815386,140.116,113.13446140000002,113.01645766,37.39736842920001,140.116,933.47,2750.0,1816.53,1131.391,122.92378000000004,1071.0,3.0,13.0,10.0,5.62,3.628,3.0,3.0,6.0,3.0,5.29,0.9798,6.0,121.0,204.0,83.0,180.9,31.878,204.0,1.12,1.9,0.7799999999999998,1.3298,0.2895239999999999,1.12,1.0,2.0,1.0,1.79,0.3318,2.0,0.0,1.0,1.0,0.1,0.18,0.0,0.0,10.0,10.0,2.73,2.9334,1.0,0.0,1.0,1.0,0.69,0.4278,1.0,3.0,11.0,8.0,5.31,2.276,4.0,0.0,1.0,1.0,0.21,0.3318,0.0,0.0,5.0,5.0,0.5,0.9,0.0,0.0,9.0,9.0,6.27,3.7674,9.0,0.0,13.0,13.0,8.97,5.5614,13.0,1.0,22.0,21.0,15.95,8.349,22.0,11.07,37.24,26.17,29.7394,10.350828000000002,37.24,0.0,0.0,0.0,0.0,0.0,0.0,0.0,0.0,0.0,0.0,0.0,0.0,194.0,229.0,35.0,203.65,13.317000000000002,194.0
Al10 Ce69.5 Co0.5 Cu20,13.0,58.0,45.0,47.545,14.53245,58.0,15.0,73.0,58.0,30.815,21.982850000000003,15.0,26.9815386,140.116,113.13446140000002,113.08263983500002,37.57637062935,140.116,933.47,1768.0,834.53,1118.086,102.37274,1071.0,3.0,13.0,10.0,5.63,3.6557,3.0,3.0,6.0,3.0,5.29,0.9869,6.0,121.0,204.0,83.0,180.91,32.0951,204.0,1.12,1.9,0.7799999999999998,1.3288,0.2902319999999999,1.12,1.0,2.0,1.0,1.8,0.3199999999999999,2.0,0.0,1.0,1.0,0.1,0.18,0.0,0.0,10.0,10.0,2.73,2.9506999999999994,1.0,0.0,1.0,1.0,0.695,0.42395,1.0,3.0,11.0,8.0,5.325,2.30675,4.0,0.0,1.0,1.0,0.2,0.32,0.0,0.0,5.0,5.0,0.5,0.9,0.0,0.0,9.0,9.0,6.27,3.7947,9.0,0.0,13.0,13.0,9.035,5.51135,13.0,1.0,22.0,21.0,16.005,8.33305,22.0,10.245,37.24,26.995000000000005,29.79502500000001,10.348515249999998,37.24,0.0,0.0,0.0,0.0,0.0,0.0,0.0,1.5484712,1.5484712,0.007742356,0.0154072884399999,0.0,194.0,225.0,31.0,203.3,13.020000000000003,194.0
Al10 Ce69.8 Co0.2 Cu20,13.0,58.0,45.0,47.63799999999999,14.465352000000005,58.0,15.0,73.0,58.0,30.686,21.897656,15.0,26.9815386,140.116,113.13446140000002,113.32618825000002,37.398577203,140.116,933.47,1768.0,834.53,1115.995,99.31801999999992,1071.0,3.0,13.0,10.0,5.612,3.646352,3.0,3.0,6.0,3.0,5.295999999999999,0.9827840000000004,6.0,121.0,204.0,83.0,181.144,31.906976,204.0,1.12,1.9,0.7799999999999998,1.32652,0.28830192,1.12,1.0,2.0,1.0,1.8,0.3199999999999999,2.0,0.0,1.0,1.0,0.1,0.18,0.0,0.0,10.0,10.0,2.712,2.932352,1.0,0.0,1.0,1.0,0.698,0.4215920000000001,1.0,3.0,11.0,8.0,5.31,2.29076,4.0,0.0,1.0,1.0,0.2,0.32,0.0,0.0,5.0,5.0,0.5,0.9,0.0,0.0,9.0,9.0,6.287999999999999,3.785952,9.0,0.0,13.0,13.0,9.074,5.480696,13.0,1.0,22.0,21.0,16.061999999999998,8.289448,22.0,10.245,37.24,26.995000000000005,29.87601,10.28013004,37.24,0.0,0.0,0.0,0.0,0.0,0.0,0.0,1.5484712,1.5484712,0.0030969424,0.0061814970304,0.0,194.0,225.0,31.0,203.3,13.020000000000003,194.0
Al10 Ce70 Cu17 Zn3,13.0,58.0,45.0,47.73,14.378000000000002,58.0,15.0,73.0,58.0,30.75,22.05,15.0,26.9815386,140.116,113.13446140000002,113.54357386,37.201396596000016,140.116,692.68,1357.77,665.09,1094.6482999999998,89.46137799999988,1071.0,3.0,13.0,10.0,5.63,3.682,3.0,3.0,6.0,3.0,5.3,0.98,6.0,121.0,204.0,83.0,181.0,32.2,204.0,1.12,1.9,0.7799999999999998,1.3175,0.2764999999999998,1.12,1.0,2.0,1.0,1.83,0.2821999999999999,2.0,0.0,1.0,1.0,0.1,0.18,0.0,0.0,10.0,10.0,2.7,2.92,1.0,0.0,1.0,1.0,0.7,0.4200000000000001,1.0,3.0,12.0,9.0,5.33,2.3280000000000003,4.0,0.0,1.0,1.0,0.17,0.2822,0.0,0.0,5.0,5.0,0.5,0.9,0.0,0.0,9.0,9.0,6.3,3.78,9.0,0.0,13.0,13.0,9.1,5.46,13.0,0.0,22.0,22.0,16.07,8.302,22.0,11.07,37.24,26.17,30.016700000000004,10.11262,37.24,0.0,0.0,0.0,0.0,0.0,0.0,0.0,0.0,0.0,0.0,0.0,0.0,194.0,225.0,31.0,202.37,12.220200000000004,194.0
Al10 Ce70 Cu18 Zn2,13.0,58.0,45.0,47.72,14.392000000000005,58.0,15.0,73.0,58.0,30.7,21.98,15.0,26.9815386,140.116,113.13446140000002,113.52523386,37.227072596,140.116,692.68,1357.77,665.09,1101.2992,92.32948799999994,1071.0,3.0,13.0,10.0,5.62,3.668,3.0,3.0,6.0,3.0,5.3,0.98,6.0,121.0,204.0,83.0,181.1,32.06,204.0,1.12,1.9,0.7799999999999998,1.32,0.2799999999999999,1.12,1.0,2.0,1.0,1.82,0.2951999999999999,2.0,0.0,1.0,1.0,0.1,0.18,0.0,0.0,10.0,10.0,2.7,2.92,1.0,0.0,1.0,1.0,0.7,0.42,1.0,3.0,12.0,9.0,5.32,2.3120000000000003,4.0,0.0,1.0,1.0,0.18,0.2952,0.0,0.0,5.0,5.0,0.5,0.9,0.0,0.0,9.0,9.0,6.3,3.78,9.0,0.0,13.0,13.0,9.1,5.46,13.0,0.0,22.0,22.0,16.08,8.288,22.0,11.07,37.24,26.17,29.987800000000007,10.15308,37.24,0.0,0.0,0.0,0.0,0.0,0.0,0.0,0.0,0.0,0.0,0.0,0.0,194.0,225.0,31.0,202.68,12.499200000000004,194.0
Al10 Ce70 Cu19 Zn1,13.0,58.0,45.0,47.71,14.406,58.0,15.0,73.0,58.0,30.65,21.91,15.0,26.9815386,140.116,113.13446140000002,113.50689386,37.252748596,140.116,692.68,1357.77,665.09,1107.9501,94.931562,1071.0,3.0,13.0,10.0,5.61,3.654,3.0,3.0,6.0,3.0,5.3,0.98,6.0,121.0,204.0,83.0,181.2,31.920000000000005,204.0,1.12,1.9,0.7799999999999998,1.3225,0.2834999999999999,1.12,1.0,2.0,1.0,1.81,0.3077999999999999,2.0,0.0,1.0,1.0,0.1,0.18,0.0,0.0,10.0,10.0,2.7,2.92,1.0,0.0,1.0,1.0,0.7,0.4200000000000001,1.0,3.0,12.0,9.0,5.31,2.296,4.0,0.0,1.0,1.0,0.19,0.3078000000000001,0.0,0.0,5.0,5.0,0.5,0.9,0.0,0.0,9.0,9.0,6.3,3.78,9.0,0.0,13.0,13.0,9.1,5.46,13.0,0.0,22.0,22.0,16.09,8.274,22.0,11.07,37.24,26.17,29.958900000000003,10.19354,37.24,0.0,0.0,0.0,0.0,0.0,0.0,0.0,0.0,0.0,0.0,0.0,0.0,194.0,225.0,31.0,202.99,12.765800000000004,194.0
Al10 Ce70 Cu20,13.0,58.0,45.0,47.7,14.419999999999998,58.0,15.0,73.0,58.0,30.6,21.84,15.0,26.9815386,140.116,113.13446140000002,113.48855386,37.27842459600001,140.116,933.47,1357.77,424.3,1114.601,97.26760000000006,1071.0,3.0,13.0,10.0,5.6,3.64,3.0,3.0,6.0,3.0,5.3,0.98,6.0,121.0,204.0,83.0,181.3,31.77999999999999,204.0,1.12,1.9,0.7799999999999998,1.325,0.2869999999999998,1.12,1.0,2.0,1.0,1.8,0.3199999999999999,2.0,0.0,1.0,1.0,0.1,0.18,0.0,0.0,10.0,10.0,2.7,2.92,1.0,0.0,1.0,1.0,0.7,0.42,1.0,3.0,11.0,8.0,5.3,2.28,4.0,0.0,1.0,1.0,0.2,0.32,0.0,0.0,5.0,5.0,0.5,0.9,0.0,0.0,9.0,9.0,6.3,3.78,9.0,0.0,13.0,13.0,9.1,5.46,13.0,1.0,22.0,21.0,16.1,8.259999999999998,22.0,11.07,37.24,26.17,29.930000000000003,10.234,37.24,0.0,0.0,0.0,0.0,0.0,0.0,0.0,0.0,0.0,0.0,0.0,0.0,194.0,225.0,31.0,203.3,13.020000000000003,194.0
Al10 Ce70 Ni20,13.0,58.0,45.0,47.5,14.7,58.0,15.0,73.0,58.0,30.0,21.0,15.0,26.9815386,140.116,113.13446140000002,112.51803386000002,38.637152596,140.116,933.47,1728.0,794.53,1188.647,215.7412,1071.0,3.0,13.0,10.0,5.4,3.36,3.0,3.0,6.0,3.0,5.3,0.98,6.0,121.0,204.0,83.0,179.7,34.02000000000001,204.0,1.12,1.91,0.7899999999999998,1.327,0.2897999999999999,1.12,2.0,2.0,0.0,2.0,0.0,2.0,0.0,1.0,1.0,0.1,0.18,0.0,0.0,8.0,8.0,2.3,2.28,1.0,0.0,1.0,1.0,0.7,0.42,1.0,3.0,10.0,7.0,5.1,1.96,4.0,0.0,0.0,0.0,0.0,0.0,0.0,0.0,5.0,5.0,0.5,0.9,0.0,0.0,9.0,9.0,6.7,3.22,9.0,0.0,13.0,13.0,9.1,5.46,13.0,2.0,22.0,20.0,16.3,7.98,22.0,10.32,37.24,26.92,29.780000000000005,10.444,37.24,0.0,0.0,0.0,0.0,0.0,0.0,0.0,0.5953947,0.5953947,0.11907894,0.190526304,0.0,194.0,225.0,31.0,203.3,13.020000000000003,194.0
Al10 Co30 Gd60,13.0,64.0,51.0,47.8,19.44,64.0,27.0,73.0,46.0,40.9,16.68,27.0,26.9815386,157.25,130.2684614,114.72811236,51.026265168,157.25,933.47,1768.0,834.53,1575.3470000000002,128.37539999999984,1586.0,3.0,13.0,10.0,5.8,3.36,3.0,3.0,6.0,3.0,5.1,1.08,6.0,121.0,196.0,75.0,167.5,34.2,196.0,1.2,1.88,0.6799999999999999,1.445,0.294,1.2,2.0,2.0,0.0,2.0,0.0,2.0,0.0,1.0,1.0,0.1,0.18,0.0,0.0,7.0,7.0,2.7,2.58,1.0,0.0,7.0,7.0,4.2,3.36,7.0,3.0,10.0,7.0,9.0,1.2,10.0,0.0,0.0,0.0,0.0,0.0,0.0,0.0,5.0,5.0,0.5,0.9,0.0,0.0,9.0,9.0,6.3,3.24,9.0,0.0,7.0,7.0,4.2,3.36,7.0,3.0,16.0,13.0,11.0,6.0,16.0,10.245,32.05,21.805,23.9515,9.7182,32.05,0.0,0.0,0.0,0.0,0.0,0.0,0.0,1.5484712,1.5484712,0.4645413599999999,0.6503579039999999,0.0,194.0,225.0,31.0,197.1,5.579999999999996,194.0
Al10 Cu15.4 Nb5 Ni12.6 Zr57,13.0,41.0,28.0,34.144,7.36144,40.0,44.0,73.0,29.0,52.272,9.95728,44.0,26.9815386,92.90638,65.92484139999999,76.52260526,18.3979674776,91.224,933.47,2750.0,1816.53,1870.63158,381.3368408,2128.0,4.0,13.0,9.0,6.784,3.35216,4.0,3.0,5.0,2.0,4.52,0.5952000000000001,5.0,121.0,175.0,54.0,156.002,22.457519999999995,175.0,1.33,1.91,0.5799999999999998,1.53236,0.2306903999999999,1.33,1.0,2.0,1.0,1.796,0.3247679999999999,2.0,0.0,1.0,1.0,0.1,0.18,0.0,0.0,10.0,10.0,3.888,2.92992,2.0,0.0,0.0,0.0,0.0,0.0,0.0,3.0,11.0,8.0,5.784,2.66896,4.0,0.0,1.0,1.0,0.204,0.3247679999999999,0.0,0.0,5.0,5.0,0.5,0.9,0.0,0.0,8.0,8.0,5.112,3.38112,8.0,0.0,0.0,0.0,0.0,0.0,0.0,1.0,8.0,7.0,5.816,2.60816,8.0,10.32,23.195,12.875,18.78325,5.029395,23.195,0.0,0.0,0.0,0.0,0.0,0.0,0.0,0.5953947,0.5953947,0.0750197322,0.1311344918856,0.0,194.0,229.0,35.0,207.53,15.4242,194.0
Al10 Cu17.9 Ni14.6 Ti5 Zr52.5,13.0,40.0,27.0,32.678999999999995,7.68705,40.0,43.0,73.0,30.0,52.912,10.3488,44.0,26.9815386,91.224,64.2424614,72.92807426,19.210722027000003,91.224,933.47,2128.0,1194.53,1802.92583,355.1352955,2128.0,4.0,13.0,9.0,7.029,3.48335,4.0,3.0,5.0,2.0,4.425,0.60375,5.0,121.0,175.0,54.0,153.707,22.98695,175.0,1.33,1.91,0.5799999999999998,1.5552100000000002,0.2379914999999999,1.33,1.0,2.0,1.0,1.821,0.293918,2.0,0.0,1.0,1.0,0.1,0.18,0.0,0.0,10.0,10.0,4.1080000000000005,3.2458,2.0,0.0,0.0,0.0,0.0,0.0,0.0,3.0,11.0,8.0,6.029,2.93915,4.0,0.0,1.0,1.0,0.179,0.2939179999999999,0.0,0.0,5.0,5.0,0.5,0.9,0.0,0.0,8.0,8.0,4.892,3.5742,8.0,0.0,0.0,0.0,0.0,0.0,0.0,1.0,8.0,7.0,5.571000000000001,2.79335,8.0,10.32,23.195,12.875,18.148125,5.29921875,23.195,0.0,0.0,0.0,0.0,0.0,0.0,0.0,0.5953947,0.5953947,0.0869287528666666,0.1484720565629333,0.0,194.0,225.0,31.0,207.175,15.15125,194.0
Al10 Cu20 Fe10 Zr60,13.0,40.0,27.0,33.7,7.56,40.0,44.0,73.0,29.0,52.0,9.6,44.0,26.9815386,91.224,64.2424614,75.72625386,18.597295368,91.224,933.47,2128.0,1194.53,1822.801,366.2388,2128.0,4.0,13.0,9.0,6.7,3.24,4.0,3.0,5.0,2.0,4.5,0.6,5.0,121.0,175.0,54.0,156.7,21.96,175.0,1.33,1.9,0.5699999999999998,1.5220000000000002,0.2304,1.33,1.0,2.0,1.0,1.8,0.3199999999999999,2.0,0.0,1.0,1.0,0.1,0.18,0.0,0.0,10.0,10.0,3.8,2.92,2.0,0.0,0.0,0.0,0.0,0.0,0.0,3.0,11.0,8.0,5.7,2.58,4.0,0.0,1.0,1.0,0.2,0.32,0.0,0.0,5.0,5.0,0.5,0.9,0.0,0.0,8.0,8.0,5.2,3.36,8.0,0.0,0.0,0.0,0.0,0.0,0.0,1.0,8.0,7.0,5.9,2.52,8.0,10.73,23.195,12.465,18.852,5.2116,23.195,0.0,0.0,0.0,0.0,0.0,0.0,0.0,2.1106628,2.1106628,0.21106628,0.379919304,0.0,194.0,229.0,35.0,206.8,15.360000000000005,194.0
Al10 Cu20 Ni8 Ti5 Zr57,13.0,40.0,27.0,33.24,7.706399999999999,40.0,43.0,73.0,30.0,52.21,10.2804,44.0,26.9815386,91.224,64.2424614,74.49385586,19.0723643196,91.224,933.47,2128.0,1194.53,1813.151,371.71276,2128.0,4.0,13.0,9.0,6.78,3.4472000000000005,4.0,3.0,5.0,2.0,4.47,0.6042000000000001,5.0,121.0,175.0,54.0,156.17,21.8492,175.0,1.33,1.91,0.5799999999999998,1.5289,0.2267459999999999,1.33,1.0,2.0,1.0,1.8,0.32,2.0,0.0,1.0,1.0,0.1,0.18,0.0,0.0,10.0,10.0,3.88,3.1072,2.0,0.0,0.0,0.0,0.0,0.0,0.0,3.0,11.0,8.0,5.78,2.7632,4.0,0.0,1.0,1.0,0.2,0.32,0.0,0.0,5.0,5.0,0.5,0.9,0.0,0.0,8.0,8.0,5.12,3.5712,8.0,0.0,0.0,0.0,0.0,0.0,0.0,1.0,8.0,7.0,5.82,2.7032000000000007,8.0,10.32,23.195,12.875,18.74325,5.074995,23.195,0.0,0.0,0.0,0.0,0.0,0.0,0.0,0.5953947,0.5953947,0.0476327026666666,0.0876419195733333,0.0,194.0,225.0,31.0,205.78,14.6072,194.0
Al10 Cu22.5 Fe7.5 Zr60,13.0,40.0,27.0,33.775,7.4700000000000015,40.0,44.0,73.0,29.0,52.225,9.87,44.0,26.9815386,91.224,64.2424614,75.91877886,18.366265368,91.224,933.47,2128.0,1194.53,1811.47025,379.8357000000001,2128.0,4.0,13.0,9.0,6.775,3.33,4.0,3.0,5.0,2.0,4.5,0.6,5.0,121.0,175.0,54.0,156.7,21.96,175.0,1.33,1.9,0.5699999999999998,1.52375,0.2324999999999999,1.33,1.0,2.0,1.0,1.775,0.34875,2.0,0.0,1.0,1.0,0.1,0.18,0.0,0.0,10.0,10.0,3.9,3.06,2.0,0.0,0.0,0.0,0.0,0.0,0.0,3.0,11.0,8.0,5.775,2.685,4.0,0.0,1.0,1.0,0.225,0.34875,0.0,0.0,5.0,5.0,0.5,0.9,0.0,0.0,8.0,8.0,5.1,3.48,8.0,0.0,0.0,0.0,0.0,0.0,0.0,1.0,8.0,7.0,5.825,2.61,8.0,10.73,23.195,12.465,18.8605,5.2014,23.195,0.0,0.0,0.0,0.0,0.0,0.0,0.0,2.1106628,2.1106628,0.15829971,0.2928544635,0.0,194.0,229.0,35.0,206.7,15.239999999999998,194.0
Al10 Cu23 Fe5 Zr62,13.0,40.0,27.0,34.07,7.353199999999999,40.0,44.0,73.0,29.0,52.05,9.982,44.0,26.9815386,91.224,64.2424614,76.66486386000001,18.0533288136,91.224,933.47,2128.0,1194.53,1815.5441,387.44531599999993,2128.0,4.0,13.0,9.0,6.71,3.3604,4.0,3.0,5.0,2.0,4.52,0.5952000000000001,5.0,121.0,175.0,54.0,157.56,21.6256,175.0,1.33,1.9,0.5699999999999998,1.5141000000000002,0.228284,1.33,1.0,2.0,1.0,1.77,0.3542,2.0,0.0,1.0,1.0,0.1,0.18,0.0,0.0,10.0,10.0,3.84,3.0496000000000003,2.0,0.0,0.0,0.0,0.0,0.0,0.0,3.0,11.0,8.0,5.71,2.6624,4.0,0.0,1.0,1.0,0.23,0.3542,0.0,0.0,5.0,5.0,0.5,0.9,0.0,0.0,8.0,8.0,5.16,3.5216,8.0,0.0,0.0,0.0,0.0,0.0,0.0,1.0,8.0,7.0,5.89,2.6164,8.0,10.73,23.195,12.465,19.1115,5.063540000000001,23.195,0.0,0.0,0.0,0.0,0.0,0.0,0.0,2.1106628,2.1106628,0.10553314,0.200512966,0.0,194.0,229.0,35.0,205.98,14.855199999999996,194.0
Al10 Cu25 Fe5 Zr60,13.0,40.0,27.0,33.85,7.379999999999999,40.0,44.0,73.0,29.0,52.45,10.14,44.0,26.9815386,91.224,64.2424614,76.11130386,18.135235368000004,91.224,933.47,2128.0,1194.53,1800.1395000000002,394.5186499999999,2128.0,4.0,13.0,9.0,6.85,3.42,4.0,3.0,5.0,2.0,4.5,0.6,5.0,121.0,175.0,54.0,156.7,21.96,175.0,1.33,1.9,0.5699999999999998,1.5255,0.2345999999999999,1.33,1.0,2.0,1.0,1.75,0.375,2.0,0.0,1.0,1.0,0.1,0.18,0.0,0.0,10.0,10.0,4.0,3.2,2.0,0.0,0.0,0.0,0.0,0.0,0.0,3.0,11.0,8.0,5.85,2.79,4.0,0.0,1.0,1.0,0.25,0.375,0.0,0.0,5.0,5.0,0.5,0.9,0.0,0.0,8.0,8.0,5.0,3.6,8.0,0.0,0.0,0.0,0.0,0.0,0.0,1.0,8.0,7.0,5.75,2.7,8.0,10.73,23.195,12.465,18.869,5.1912,23.195,0.0,0.0,0.0,0.0,0.0,0.0,0.0,2.1106628,2.1106628,0.10553314,0.200512966,0.0,194.0,229.0,35.0,206.6,15.12,194.0
Al10 Cu27.5 Fe2.5 Zr60,13.0,40.0,27.0,33.925,7.29,40.0,44.0,73.0,29.0,52.675,10.41,44.0,26.9815386,91.224,64.2424614,76.30382886000001,17.904205368,91.224,933.47,2128.0,1194.53,1788.80875,408.1390625,2128.0,4.0,13.0,9.0,6.925,3.51,4.0,3.0,5.0,2.0,4.5,0.6,5.0,121.0,175.0,54.0,156.7,21.96,175.0,1.33,1.9,0.5699999999999998,1.5272500000000002,0.2367,1.33,1.0,2.0,1.0,1.725,0.39875,2.0,0.0,1.0,1.0,0.1,0.18,0.0,0.0,10.0,10.0,4.1,3.34,2.0,0.0,0.0,0.0,0.0,0.0,0.0,3.0,11.0,8.0,5.925,2.895,4.0,0.0,1.0,1.0,0.275,0.39875,0.0,0.0,5.0,5.0,0.5,0.9,0.0,0.0,8.0,8.0,4.9,3.72,8.0,0.0,0.0,0.0,0.0,0.0,0.0,1.0,8.0,7.0,5.675,2.79,8.0,10.73,23.195,12.465,18.8775,5.180999999999999,23.195,0.0,0.0,0.0,0.0,0.0,0.0,0.0,2.1106628,2.1106628,0.05276657,0.1028948115,0.0,194.0,229.0,35.0,206.5,15.0,194.0
Al10 Cu30 Ni5 Zr55,13.0,40.0,27.0,33.4,7.26,40.0,44.0,73.0,29.0,53.75,10.725,44.0,26.9815386,91.224,64.2424614,74.86982386000001,17.989593754,91.224,933.47,2128.0,1194.53,1757.4779999999998,407.5742,2128.0,4.0,13.0,9.0,7.3,3.63,4.0,3.0,5.0,2.0,4.45,0.605,5.0,121.0,175.0,54.0,154.15,22.935,175.0,1.33,1.91,0.5799999999999998,1.558,0.2507999999999999,1.33,1.0,2.0,1.0,1.7,0.42,2.0,0.0,1.0,1.0,0.1,0.18,0.0,0.0,10.0,10.0,4.5,3.65,2.0,0.0,0.0,0.0,0.0,0.0,0.0,3.0,11.0,8.0,6.3,3.19,4.0,0.0,1.0,1.0,0.3,0.42,0.0,0.0,5.0,5.0,0.5,0.9,0.0,0.0,8.0,8.0,4.5,3.85,8.0,0.0,0.0,0.0,0.0,0.0,0.0,1.0,8.0,7.0,5.3,2.97,8.0,10.32,23.195,12.875,18.24225,5.448025,23.195,0.0,0.0,0.0,0.0,0.0,0.0,0.0,0.5953947,0.5953947,0.029769735,0.0565624965,0.0,194.0,225.0,31.0,207.95,15.344999999999995,194.0
Al10 Cu30 Zr60,13.0,40.0,27.0,34.0,7.2,40.0,44.0,73.0,29.0,52.9,10.68,44.0,26.9815386,91.224,64.2424614,76.49635386,17.673175368000003,91.224,933.47,2128.0,1194.53,1777.4779999999998,420.6264,2128.0,4.0,13.0,9.0,7.0,3.6,4.0,3.0,5.0,2.0,4.5,0.6,5.0,121.0,175.0,54.0,156.7,21.96,175.0,1.33,1.9,0.5699999999999998,1.529,0.2387999999999999,1.33,1.0,2.0,1.0,1.7,0.42,2.0,0.0,1.0,1.0,0.1,0.18,0.0,0.0,10.0,10.0,4.2,3.48,2.0,0.0,0.0,0.0,0.0,0.0,0.0,3.0,11.0,8.0,6.0,3.0,4.0,0.0,1.0,1.0,0.3,0.42,0.0,0.0,5.0,5.0,0.5,0.9,0.0,0.0,8.0,8.0,4.8,3.84,8.0,0.0,0.0,0.0,0.0,0.0,0.0,1.0,8.0,7.0,5.6,2.88,8.0,11.07,23.195,12.125,18.886000000000003,5.170799999999999,23.195,0.0,0.0,0.0,0.0,0.0,0.0,0.0,0.0,0.0,0.0,0.0,0.0,194.0,225.0,31.0,206.4,14.88,194.0
Al10 Cu38 Ti2 Zr50,13.0,40.0,27.0,32.76,7.24,40.0,43.0,73.0,30.0,54.48,10.9392,44.0,26.9815386,91.224,64.2424614,73.41497385999999,17.80902614,91.224,933.47,2128.0,1194.53,1712.1196000000002,425.035616,2128.0,4.0,13.0,9.0,7.56,3.7024,4.0,3.0,5.0,2.0,4.4,0.6,5.0,121.0,175.0,54.0,152.96,22.3216,175.0,1.33,1.9,0.5699999999999998,1.5788,0.2503519999999999,1.33,1.0,2.0,1.0,1.62,0.4711999999999999,2.0,0.0,1.0,1.0,0.1,0.18,0.0,0.0,10.0,10.0,4.84,3.9216,2.0,0.0,0.0,0.0,0.0,0.0,0.0,3.0,11.0,8.0,6.56,3.3744,4.0,0.0,1.0,1.0,0.38,0.4712,0.0,0.0,5.0,5.0,0.5,0.9,0.0,0.0,8.0,8.0,4.16,3.9936,8.0,0.0,0.0,0.0,0.0,0.0,0.0,1.0,8.0,7.0,5.04,3.0784,8.0,11.07,23.195,12.125,17.7859,5.4091,23.195,0.0,0.0,0.0,0.0,0.0,0.0,0.0,2.25333333333e-05,2.25333333333e-05,4.50666666666e-07,8.8330666666536e-07,0.0,194.0,225.0,31.0,208.88,15.4752,194.0
Al10 Cu40 Zr50,13.0,40.0,27.0,32.9,7.1,40.0,44.0,73.0,29.0,54.9,10.9,44.0,26.9815386,91.224,64.2424614,73.72855386,17.495446140000002,91.224,933.47,2128.0,1194.53,1700.455,427.545,2128.0,4.0,13.0,9.0,7.7,3.7,4.0,3.0,5.0,2.0,4.4,0.6,5.0,121.0,175.0,54.0,152.4,22.6,175.0,1.33,1.9,0.5699999999999998,1.586,0.2559999999999999,1.33,1.0,2.0,1.0,1.6,0.48,2.0,0.0,1.0,1.0,0.1,0.18,0.0,0.0,10.0,10.0,5.0,4.0,2.0,0.0,0.0,0.0,0.0,0.0,0.0,3.0,11.0,8.0,6.7,3.44,4.0,0.0,1.0,1.0,0.4,0.48,0.0,0.0,5.0,5.0,0.5,0.9,0.0,0.0,8.0,8.0,4.0,4.0,8.0,0.0,0.0,0.0,0.0,0.0,0.0,1.0,8.0,7.0,4.9,3.12,8.0,11.07,23.195,12.125,17.6735,5.5215,23.195,0.0,0.0,0.0,0.0,0.0,0.0,0.0,0.0,0.0,0.0,0.0,0.0,194.0,225.0,31.0,209.5,15.5,194.0
Al10 Cu45 Zr45,13.0,40.0,27.0,32.35,6.885,29.0,44.0,73.0,29.0,55.9,10.71,44.0,26.9815386,91.224,64.2424614,72.34465386,16.991411526,63.546,933.47,2128.0,1194.53,1661.9435,419.45085,1357.77,4.0,13.0,9.0,8.05,3.645,4.0,3.0,5.0,2.0,4.35,0.585,4.0,121.0,175.0,54.0,150.25,22.275,132.0,1.33,1.9,0.5699999999999998,1.6144999999999998,0.2569499999999999,1.33,1.0,2.0,1.0,1.55,0.495,1.0,0.0,1.0,1.0,0.1,0.18,0.0,0.0,10.0,10.0,5.4,4.14,2.0,0.0,0.0,0.0,0.0,0.0,0.0,3.0,11.0,8.0,7.05,3.555,4.0,0.0,1.0,1.0,0.45,0.495,0.0,0.0,5.0,5.0,0.5,0.9,0.0,0.0,8.0,8.0,3.6,3.96,0.0,0.0,0.0,0.0,0.0,0.0,0.0,1.0,8.0,7.0,4.55,3.195,1.0,11.07,23.195,12.125,17.06725,5.514975,11.07,0.0,0.0,0.0,0.0,0.0,0.0,0.0,0.0,0.0,0.0,0.0,0.0,194.0,225.0,31.0,211.05,15.345,194.0
Al10 Fe25 Mn5 Pr60,13.0,59.0,46.0,44.45,17.459999999999997,59.0,17.0,73.0,56.0,33.85,20.22,17.0,26.9815386,140.90765,113.9261114,103.95089611,44.348104668,140.90765,933.47,1811.0,877.53,1344.447,250.73180000000005,1204.0,3.0,13.0,10.0,5.45,2.94,3.0,3.0,6.0,3.0,5.1,1.08,6.0,121.0,203.0,82.0,173.85,34.98,203.0,1.13,1.83,0.7000000000000002,1.3739999999999997,0.2928,1.13,2.0,2.0,0.0,2.0,0.0,2.0,0.0,1.0,1.0,0.1,0.18,0.0,0.0,6.0,6.0,1.75,2.45,0.0,0.0,3.0,3.0,1.8,1.44,3.0,3.0,8.0,5.0,5.65,1.3100000000000005,5.0,0.0,0.0,0.0,0.0,0.0,0.0,0.0,5.0,5.0,0.5,0.9,0.0,0.0,5.0,5.0,1.25,1.75,0.0,0.0,11.0,11.0,6.6,5.28,11.0,4.0,11.0,7.0,8.35,3.18,11.0,10.4875862069,35.675,25.1874137931,26.259879310345,11.298144827585997,35.675,0.0,0.0,0.0,0.0,0.0,0.0,0.0,2.1106628,2.1106628,0.5276812060344828,0.7914907969827587,0.0,194.0,229.0,35.0,207.0,15.6,194.0
Al10 Fe30 Pr60,13.0,59.0,46.0,44.5,17.4,59.0,17.0,73.0,56.0,34.0,20.4,17.0,26.9815386,140.90765,113.9261114,103.99624386,44.29368736799999,140.90765,933.47,1811.0,877.53,1359.047,271.1718,1204.0,3.0,13.0,10.0,5.5,3.0,3.0,3.0,6.0,3.0,5.1,1.08,6.0,121.0,203.0,82.0,173.5,35.4,203.0,1.13,1.83,0.7000000000000002,1.388,0.3096000000000001,1.13,2.0,2.0,0.0,2.0,0.0,2.0,0.0,1.0,1.0,0.1,0.18,0.0,0.0,6.0,6.0,1.8,2.52,0.0,0.0,3.0,3.0,1.8,1.44,3.0,3.0,8.0,5.0,5.7,1.38,5.0,0.0,0.0,0.0,0.0,0.0,0.0,0.0,5.0,5.0,0.5,0.9,0.0,0.0,4.0,4.0,1.2,1.68,0.0,0.0,11.0,11.0,6.6,5.28,11.0,4.0,11.0,7.0,8.3,3.24,11.0,10.73,35.675,24.945,26.272,11.2836,35.675,0.0,0.0,0.0,0.0,0.0,0.0,0.0,2.1106628,2.1106628,0.63319884,0.886478376,0.0,194.0,229.0,35.0,207.6,16.32,194.0
Al10 Fe30 Y60,13.0,39.0,26.0,32.5,7.8,39.0,12.0,73.0,61.0,31.0,22.8,12.0,26.9815386,88.90585,61.9243114,72.79516385999999,19.332823368000003,88.90585,933.47,1811.0,877.53,1716.047,156.5154,1799.0,3.0,13.0,10.0,5.5,3.0,3.0,3.0,5.0,2.0,4.5,0.6,5.0,121.0,190.0,69.0,165.7,29.16,190.0,1.22,1.83,0.6100000000000001,1.442,0.2664,1.22,2.0,2.0,0.0,2.0,0.0,2.0,0.0,1.0,1.0,0.1,0.18,0.0,0.0,6.0,6.0,2.4,2.16,1.0,0.0,0.0,0.0,0.0,0.0,0.0,3.0,8.0,5.0,4.5,2.1,3.0,0.0,0.0,0.0,0.0,0.0,0.0,0.0,5.0,5.0,0.5,0.9,0.0,0.0,9.0,9.0,6.6,2.88,9.0,0.0,0.0,0.0,0.0,0.0,0.0,4.0,9.0,5.0,7.1,2.28,9.0,10.73,32.365,21.635,24.286000000000005,9.6948,32.365,0.0,0.0,0.0,0.0,0.0,0.0,0.0,2.1106628,2.1106628,0.63319884,0.886478376,0.0,194.0,229.0,35.0,207.6,16.32,194.0
Al10 Ni45 Ti20 Zr25,13.0,40.0,27.0,28.3,5.85,28.0,43.0,73.0,30.0,54.35,9.715,61.0,26.9815386,91.224,64.2424614,61.48958386,14.867208070000006,58.6934,933.47,2128.0,1194.53,1791.1470000000002,228.3677,1728.0,4.0,13.0,9.0,7.6,3.24,10.0,3.0,5.0,2.0,4.15,0.4250000000000002,4.0,121.0,175.0,54.0,143.65,22.215,124.0,1.33,1.91,0.5799999999999998,1.6610000000000005,0.2240999999999999,1.91,2.0,2.0,0.0,2.0,0.0,2.0,0.0,1.0,1.0,0.1,0.18,0.0,0.0,8.0,8.0,4.5,3.15,8.0,0.0,0.0,0.0,0.0,0.0,0.0,3.0,10.0,7.0,6.6,3.06,10.0,0.0,0.0,0.0,0.0,0.0,0.0,0.0,5.0,5.0,0.5,0.9,0.0,0.0,8.0,8.0,4.5,3.15,2.0,0.0,0.0,0.0,0.0,0.0,0.0,2.0,8.0,6.0,5.0,2.7,2.0,10.32,23.195,12.875,15.42875,4.597875,10.32,0.0,0.0,0.0,0.0,0.0,0.0,0.0,0.5953947,0.5953947,0.2679321216666667,0.2947163205,0.5953947,194.0,225.0,31.0,211.05,15.344999999999995,225.0
Al10.1 Cu11.7 Ni14.2 Zr64,13.0,40.0,27.0,34.282,7.319040000000001,40.0,44.0,73.0,29.0,51.68299999999999,9.834239999999998,44.0,26.9815386,91.224,64.2424614,76.8778401986,18.363084545792,91.224,933.47,2128.0,1194.53,1860.43556,342.4824832,2128.0,4.0,13.0,9.0,6.58,3.3024,4.0,3.0,5.0,2.0,4.539,0.59008,5.0,121.0,175.0,54.0,157.273,22.69056,175.0,1.33,1.91,0.5799999999999998,1.50733,0.2269823999999999,1.33,1.0,2.0,1.0,1.883,0.2066219999999999,2.0,0.0,1.0,1.0,0.1009999999999999,0.181598,0.0,0.0,10.0,10.0,3.5860000000000003,2.754452,2.0,0.0,0.0,0.0,0.0,0.0,0.0,3.0,11.0,8.0,5.57,2.5287400000000004,4.0,0.0,1.0,1.0,0.1169999999999999,0.2066219999999999,0.0,0.0,5.0,5.0,0.505,0.90799,0.0,0.0,8.0,8.0,5.404,3.32288,8.0,0.0,0.0,0.0,0.0,0.0,0.0,1.0,8.0,7.0,6.026,2.52672,8.0,10.32,23.195,12.875,19.26991,5.0241152,23.195,0.0,0.0,0.0,0.0,0.0,0.0,0.0,0.5953947,0.5953947,0.0845460474,0.1450810173384,0.0,194.0,225.0,31.0,205.16,14.284799999999995,194.0
Al10.3 Cu15.6 Nb2.8 Ni12.8 Zr58.5,13.0,41.0,28.0,33.995,7.4181300000000014,40.0,44.0,73.0,29.0,52.367,10.089942,44.0,26.9815386,92.90638,65.92484139999999,76.1724483158,18.5474156448292,91.224,933.47,2750.0,1816.53,1851.02353,374.40515222,2128.0,4.0,13.0,9.0,6.815,3.39519,4.0,3.0,5.0,2.0,4.51,0.6007400000000002,5.0,121.0,175.0,54.0,155.894,22.807955999999997,175.0,1.33,1.91,0.5799999999999998,1.5295600000000005,0.2334852,1.33,1.0,2.0,1.0,1.816,0.3002880000000001,2.0,0.0,1.0,1.0,0.103,0.184782,0.0,0.0,10.0,10.0,3.866,2.979616,2.0,0.0,0.0,0.0,0.0,0.0,0.0,3.0,11.0,8.0,5.785,2.7061200000000003,4.0,0.0,1.0,1.0,0.184,0.300288,0.0,0.0,5.0,5.0,0.515,0.92391,0.0,0.0,8.0,8.0,5.104,3.438496,8.0,0.0,0.0,0.0,0.0,0.0,0.0,1.0,8.0,7.0,5.803,2.637522,8.0,10.32,23.195,12.875,18.823435,5.11473105,23.195,0.0,0.0,0.0,0.0,0.0,0.0,0.0,0.5953947,0.5953947,0.0762105216,0.1329111496704,0.0,194.0,229.0,35.0,206.977,15.183090000000002,194.0
Al10.5 Cu24 La62 Mg3.5,12.0,57.0,45.0,44.085,16.014599999999998,57.0,13.0,73.0,60.0,33.465,25.376600000000003,13.0,24.305,138.90547,114.60047,105.056167953,41.97313453828001,138.90547,923.0,1357.77,434.77,1195.84415,77.72440800000005,1193.0,2.0,13.0,11.0,5.935,3.91485,3.0,3.0,6.0,3.0,5.1,1.116,6.0,121.0,207.0,86.0,177.66,36.381600000000006,207.0,1.1,1.9,0.7999999999999998,1.3529,0.3165989999999999,1.1,1.0,2.0,1.0,1.76,0.3648,2.0,0.0,1.0,1.0,0.105,0.18795,0.0,0.0,10.0,10.0,3.02,3.3504,1.0,0.0,0.0,0.0,0.0,0.0,0.0,2.0,11.0,9.0,4.885,2.9352,3.0,0.0,1.0,1.0,0.24,0.3648,0.0,0.0,5.0,5.0,0.525,0.93975,0.0,0.0,9.0,9.0,5.58,4.2408,9.0,0.0,0.0,0.0,0.0,0.0,0.0,0.0,9.0,9.0,6.345,3.2922,9.0,11.07,36.8975,25.8275,28.064799999999995,10.952548,36.8975,0.0,0.0,0.0,0.0,0.0,0.0,0.0,0.0,0.0,0.0,0.0,0.0,194.0,225.0,31.0,204.695,14.010449999999995,194.0
Al10.7 Cu10.7 Ni15.1 Zr63.5,13.0,40.0,27.0,34.122,7.465059999999999,40.0,44.0,73.0,29.0,51.81,9.9187,44.0,26.9815386,91.224,64.2424614,76.4763900302,18.729464661646,91.224,933.47,2128.0,1194.53,1857.37068,343.6992364,2128.0,4.0,13.0,9.0,6.617999999999999,3.32486,4.0,3.0,5.0,2.0,4.528,0.5994400000000001,5.0,121.0,175.0,54.0,156.92,22.961600000000004,175.0,1.33,1.91,0.5799999999999998,1.50853,0.2267331,1.33,1.0,2.0,1.0,1.893,0.191102,2.0,0.0,1.0,1.0,0.107,0.191102,0.0,0.0,10.0,10.0,3.548,2.725232,2.0,0.0,0.0,0.0,0.0,0.0,0.0,3.0,11.0,8.0,5.547999999999999,2.5112319999999992,4.0,0.0,1.0,1.0,0.107,0.191102,0.0,0.0,5.0,5.0,0.535,0.95551,0.0,0.0,8.0,8.0,5.382000000000001,3.32486,8.0,0.0,0.0,0.0,0.0,0.0,0.0,1.0,8.0,7.0,6.024,2.50952,8.0,10.32,23.195,12.875,19.234995,5.029206350000001,23.195,0.0,0.0,0.0,0.0,0.0,0.0,0.0,0.5953947,0.5953947,0.0899045997,0.1526580102906,0.0,194.0,225.0,31.0,205.315,14.37005,194.0
Al10.7 Cu13.65 Ni14.15 Zr61.5,13.0,40.0,27.0,33.911500000000004,7.488854999999998,40.0,44.0,73.0,29.0,52.2385,10.133355,44.0,26.9815386,91.224,64.2424614,75.9689297302,18.763736431854003,91.224,933.47,2128.0,1194.53,1838.448895,356.14785915,2128.0,4.0,13.0,9.0,6.7675,3.4040250000000003,4.0,3.0,5.0,2.0,4.507999999999999,0.6051600000000001,5.0,121.0,175.0,54.0,156.136,23.20272,175.0,1.33,1.91,0.5799999999999998,1.5198349999999998,0.2334970499999999,1.33,1.0,2.0,1.0,1.8635,0.2357355,2.0,0.0,1.0,1.0,0.107,0.191102,0.0,0.0,10.0,10.0,3.727,2.9217880000000003,2.0,0.0,0.0,0.0,0.0,0.0,0.0,3.0,11.0,8.0,5.6975,2.66519,4.0,0.0,1.0,1.0,0.1365,0.2357355,0.0,0.0,5.0,5.0,0.535,0.95551,0.0,0.0,8.0,8.0,5.202999999999999,3.44031,8.0,0.0,0.0,0.0,0.0,0.0,0.0,1.0,8.0,7.0,5.8745,2.6143650000000003,8.0,10.32,23.195,12.875,18.99962,5.1603174,23.195,0.0,0.0,0.0,0.0,0.0,0.0,0.0,0.5953947,0.5953947,0.08424835005,0.14465441703585,0.0,194.0,225.0,31.0,205.935,14.68005,194.0
Al10.8 Cu24 La62 Mg3.2,12.0,57.0,45.0,44.088,16.01088,57.0,13.0,73.0,60.0,33.48,25.3952,13.0,24.305,138.90547,114.60047,105.0641975688,41.96317781468801,138.90547,923.0,1357.77,434.77,1195.8755600000002,77.70933120000008,1193.0,2.0,13.0,11.0,5.968,3.934272,3.0,3.0,6.0,3.0,5.1,1.116,6.0,121.0,207.0,86.0,177.6,36.456,207.0,1.1,1.9,0.7999999999999998,1.3538,0.3175151999999999,1.1,1.0,2.0,1.0,1.76,0.3648,2.0,0.0,1.0,1.0,0.108,0.192672,0.0,0.0,10.0,10.0,3.02,3.3504,1.0,0.0,0.0,0.0,0.0,0.0,0.0,2.0,11.0,9.0,4.888,2.93376,3.0,0.0,1.0,1.0,0.24,0.3648,0.0,0.0,5.0,5.0,0.54,0.96336,0.0,0.0,9.0,9.0,5.58,4.2408,9.0,0.0,0.0,0.0,0.0,0.0,0.0,0.0,9.0,9.0,6.36,3.2736,9.0,11.07,36.8975,25.8275,28.04557,10.976393200000002,36.8975,0.0,0.0,0.0,0.0,0.0,0.0,0.0,0.0,0.0,0.0,0.0,0.0,194.0,225.0,31.0,204.788,14.067551999999996,194.0
Al11 Ca60 Cu20 Mg9,12.0,29.0,17.0,20.31,3.475999999999999,20.0,7.0,73.0,66.0,31.15,28.98,7.0,24.305,63.546,39.241,41.91141924600001,8.653832301600003,40.078,923.0,1357.77,434.77,1126.3057,92.58572000000008,1115.0,2.0,13.0,11.0,5.01,4.1538,2.0,3.0,4.0,1.0,3.8,0.32,4.0,121.0,176.0,55.0,158.0,21.6,176.0,1.0,1.9,0.8999999999999999,1.275,0.33,1.0,1.0,2.0,1.0,1.8,0.3199999999999999,2.0,0.0,1.0,1.0,0.11,0.1957999999999999,0.0,0.0,10.0,10.0,2.0,3.2,0.0,0.0,0.0,0.0,0.0,0.0,0.0,2.0,11.0,9.0,3.91,2.8360000000000003,2.0,0.0,1.0,1.0,0.2,0.32,0.0,0.0,5.0,5.0,0.55,0.979,0.0,0.0,0.0,0.0,0.0,0.0,0.0,0.0,0.0,0.0,0.0,0.0,0.0,0.0,5.0,5.0,0.75,1.035,0.0,11.07,37.77,26.700000000000003,28.748900000000003,10.82532,37.77,0.0,0.0,0.0,0.0,0.0,0.0,0.0,0.0,0.0,0.0,0.0,0.0,194.0,225.0,31.0,222.21,5.077799999999994,225.0
Al11 Cu43 Y4.6 Zr41.4,13.0,40.0,27.0,32.254,7.03432,29.0,12.0,73.0,61.0,54.31799999999999,12.436560000000002,64.0,26.9815386,91.224,64.2424614,72.149154346,17.335588201680004,63.546,933.47,2128.0,1194.53,1650.2688,409.244704,1357.77,3.0,13.0,10.0,7.954,3.72968,11.0,3.0,5.0,2.0,4.35,0.598,4.0,121.0,190.0,69.0,151.26,23.2208,132.0,1.22,1.9,0.6799999999999999,1.60084,0.2592927999999999,1.9,1.0,2.0,1.0,1.57,0.4901999999999999,1.0,0.0,1.0,1.0,0.11,0.1958,0.0,0.0,10.0,10.0,5.174,4.15036,10.0,0.0,0.0,0.0,0.0,0.0,0.0,3.0,11.0,8.0,6.854,3.56556,11.0,0.0,1.0,1.0,0.43,0.4902,1.0,0.0,5.0,5.0,0.55,0.979,0.0,0.0,9.0,9.0,3.726,4.0240800000000005,0.0,0.0,0.0,0.0,0.0,0.0,0.0,1.0,9.0,8.0,4.706,3.18716,1.0,11.07,32.365,21.295,17.66442,5.931773599999999,11.07,0.0,0.0,0.0,0.0,0.0,0.0,0.0,0.0,0.0,0.0,0.0,0.0,194.0,225.0,31.0,210.74,15.400799999999998,225.0
Al11.4 Cu9.3 Ni16.3 Zr63,13.0,40.0,27.0,33.943000000000005,7.631819999999999,40.0,44.0,73.0,29.0,51.937000000000005,10.00062,44.0,26.9815386,91.224,64.2424614,76.0238176004,19.152229823496004,91.224,933.47,2128.0,1194.53,1854.99219,343.98984060000004,2128.0,4.0,13.0,9.0,6.655,3.3453,4.0,3.0,5.0,2.0,4.516,0.6098399999999999,5.0,121.0,175.0,54.0,156.532,23.26968,175.0,1.33,1.91,0.5799999999999998,1.50947,0.2261321999999999,1.33,1.0,2.0,1.0,1.907,0.1687020000000001,2.0,0.0,1.0,1.0,0.114,0.202008,0.0,0.0,10.0,10.0,3.494,2.679072,2.0,0.0,0.0,0.0,0.0,0.0,0.0,3.0,11.0,8.0,5.515,2.48232,4.0,0.0,1.0,1.0,0.093,0.168702,0.0,0.0,5.0,5.0,0.57,1.0100399999999998,0.0,0.0,8.0,8.0,5.3660000000000005,3.31884,8.0,0.0,0.0,0.0,0.0,0.0,0.0,1.0,8.0,7.0,6.029,2.48346,8.0,10.32,23.195,12.875,19.20324,5.0296176,23.195,0.0,0.0,0.0,0.0,0.0,0.0,0.0,0.5953947,0.5953947,0.0970493361,0.1624605886314,0.0,194.0,225.0,31.0,205.47,14.4522,194.0
Al12 Cu27.75 Hf51 Ni9.25,13.0,72.0,59.0,48.9175,23.544150000000005,72.0,45.0,73.0,28.0,55.1125,10.314749999999998,45.0,26.9815386,178.49,151.50846140000002,117.330839132,62.38234408536001,178.49,933.47,2506.0,1572.53,1926.697575,590.8884734999999,2506.0,4.0,13.0,9.0,7.5775,3.64905,4.0,3.0,6.0,3.0,4.9,1.122,6.0,121.0,175.0,54.0,151.87,23.5926,175.0,1.3,1.91,0.6099999999999999,1.5601249999999995,0.2653274999999999,1.3,1.0,2.0,1.0,1.7225,0.4009875,2.0,0.0,1.0,1.0,0.12,0.2112,0.0,0.0,10.0,10.0,4.535,3.6741,2.0,0.0,14.0,14.0,7.14,6.997199999999999,14.0,3.0,18.0,15.0,13.5175,4.572150000000001,18.0,0.0,1.0,1.0,0.2775,0.4009875,0.0,0.0,5.0,5.0,0.6,1.056,0.0,0.0,8.0,8.0,4.265,3.8097,8.0,0.0,0.0,0.0,0.0,0.0,0.0,1.0,8.0,7.0,5.1425,2.9146500000000004,8.0,10.32,22.2,11.88,17.326125,4.971352499999999,22.2,0.0,0.0,0.0,0.0,0.0,0.0,0.0,0.5953947,0.5953947,0.05507400975,0.09995932769625,0.0,194.0,225.0,31.0,209.19,15.493799999999998,194.0
Al12.1 Cu7.95 Ni17.45 Zr62.5,13.0,40.0,27.0,33.7645,7.794375,40.0,44.0,73.0,29.0,52.0655,10.081875,44.0,26.9815386,91.224,64.2424614,75.5736714706,19.562910661750003,91.224,933.47,2128.0,1194.53,1852.428585,344.4642687499999,2128.0,4.0,13.0,9.0,6.6925,3.365625,4.0,3.0,5.0,2.0,4.504,0.6200000000000001,5.0,121.0,175.0,54.0,156.148,23.565,175.0,1.33,1.91,0.5799999999999998,1.510405,0.2255062499999999,1.33,1.0,2.0,1.0,1.9205,0.1463594999999999,2.0,0.0,1.0,1.0,0.121,0.212718,0.0,0.0,10.0,10.0,3.4410000000000003,2.633972,2.0,0.0,0.0,0.0,0.0,0.0,0.0,3.0,11.0,8.0,5.4825,2.45389,4.0,0.0,1.0,1.0,0.0795,0.1463595,0.0,0.0,5.0,5.0,0.605,1.06359,0.0,0.0,8.0,8.0,5.349,3.31375,8.0,0.0,0.0,0.0,0.0,0.0,0.0,1.0,8.0,7.0,6.0335,2.458125,8.0,10.32,23.195,12.875,19.17186,5.028925,23.195,0.0,0.0,0.0,0.0,0.0,0.0,0.0,0.5953947,0.5953947,0.10389637515,0.17153291537265,0.0,194.0,225.0,31.0,205.625,14.53125,194.0
Al12.3 Cu28 Ni9 Zr50.7,13.0,40.0,27.0,32.519,7.585733999999999,40.0,44.0,73.0,29.0,54.69700000000001,10.846758,44.0,26.9815386,91.224,64.2424614,72.6445832478,18.839528586730804,91.224,933.47,2128.0,1194.53,1729.4084100000002,404.17187226,2128.0,4.0,13.0,9.0,7.607,3.657498,4.0,3.0,5.0,2.0,4.384,0.6246240000000001,5.0,121.0,175.0,54.0,151.72799999999998,23.597808000000004,175.0,1.33,1.91,0.5799999999999998,1.5762400000000003,0.2496873599999999,1.33,1.0,2.0,1.0,1.72,0.4032,2.0,0.0,1.0,1.0,0.123,0.215742,0.0,0.0,10.0,10.0,4.534,3.68484,2.0,0.0,0.0,0.0,0.0,0.0,0.0,3.0,11.0,8.0,6.377000000000001,3.24102,4.0,0.0,1.0,1.0,0.28,0.4032,0.0,0.0,5.0,5.0,0.615,1.0787099999999998,0.0,0.0,8.0,8.0,4.236000000000001,3.816696,8.0,0.0,0.0,0.0,0.0,0.0,0.0,1.0,8.0,7.0,5.131,2.9091660000000004,8.0,10.32,23.195,12.875,17.815305,5.455010730000001,23.195,0.0,0.0,0.0,0.0,0.0,0.0,0.0,0.5953947,0.5953947,0.053585523,0.09752565186,0.0,194.0,225.0,31.0,209.283,15.496962000000002,194.0
Al12.4 Cu8.8 La70 Ni8.8,13.0,57.0,44.0,46.52799999999999,14.660800000000004,57.0,13.0,73.0,60.0,29.152,22.612800000000004,13.0,26.9815386,138.90547,111.9239314,111.3366069864,38.59640821903999,138.90547,933.47,1728.0,794.53,1222.39804,112.81140992000002,1193.0,3.0,13.0,10.0,5.56,3.584,3.0,3.0,6.0,3.0,5.276,1.0136,6.0,121.0,207.0,86.0,182.432,34.3952,207.0,1.1,1.91,0.8099999999999998,1.30492,0.2868879999999999,1.1,1.0,2.0,1.0,1.912,0.1605120000000001,2.0,0.0,1.0,1.0,0.124,0.217248,0.0,0.0,10.0,10.0,2.2840000000000003,2.3640320000000004,1.0,0.0,0.0,0.0,0.0,0.0,0.0,3.0,11.0,8.0,4.32,2.1753600000000004,3.0,0.0,1.0,1.0,0.088,0.160512,0.0,0.0,5.0,5.0,0.62,1.08624,0.0,0.0,9.0,9.0,6.476,3.5336000000000003,9.0,0.0,0.0,0.0,0.0,0.0,0.0,1.0,9.0,8.0,7.184,2.5424,9.0,10.32,36.8975,26.5775,29.75409,10.000774,36.8975,0.0,0.0,0.0,0.0,0.0,0.0,0.0,0.5953947,0.5953947,0.0523947336,0.0955679940864,0.0,194.0,225.0,31.0,203.3,13.020000000000003,194.0
Al13 Cu29.25 Hf48 Ni9.75,13.0,72.0,59.0,47.4625,23.556,72.0,45.0,73.0,28.0,55.7575,10.3272,45.0,26.9815386,178.49,151.50846140000002,113.49261151800002,62.39749294272,178.49,933.47,2506.0,1572.53,1889.858825,591.495528,2506.0,4.0,13.0,9.0,7.8025,3.6504,4.0,3.0,6.0,3.0,4.83,1.1232,6.0,121.0,175.0,54.0,150.43,23.587200000000003,175.0,1.3,1.91,0.6099999999999999,1.575275,0.2642639999999999,1.3,1.0,2.0,1.0,1.7075,0.4138874999999999,2.0,0.0,1.0,1.0,0.13,0.2261999999999999,0.0,0.0,10.0,10.0,4.665,3.771300000000001,2.0,0.0,14.0,14.0,6.72,6.9888,14.0,3.0,18.0,15.0,13.2225,4.5864,18.0,0.0,1.0,1.0,0.2925,0.4138874999999999,0.0,0.0,5.0,5.0,0.65,1.131,0.0,0.0,8.0,8.0,4.035,3.8064,8.0,0.0,0.0,0.0,0.0,0.0,0.0,1.0,8.0,7.0,4.9775,2.90745,8.0,10.32,22.2,11.88,17.042574999999996,4.951128,22.2,0.0,0.0,0.0,0.0,0.0,0.0,0.0,0.5953947,0.5953947,0.05805098325,0.10478202476625,0.0,194.0,225.0,31.0,210.12,15.4752,194.0
Al13.2 Cu9.4 La68 Ni9.4,13.0,57.0,44.0,45.834,15.18576,57.0,13.0,73.0,60.0,30.226,23.42736,13.0,26.9815386,138.90547,111.9239314,109.5077862952,39.980849838528,138.90547,933.47,1728.0,794.53,1224.52042,119.70508208000004,1193.0,3.0,13.0,10.0,5.73,3.7128,3.0,3.0,6.0,3.0,5.228,1.04992,6.0,121.0,207.0,86.0,180.796,35.63744,207.0,1.1,1.91,0.8099999999999998,1.3186600000000002,0.2973775999999999,1.1,1.0,2.0,1.0,1.906,0.1703279999999998,2.0,0.0,1.0,1.0,0.132,0.229152,0.0,0.0,10.0,10.0,2.372,2.492128,1.0,0.0,0.0,0.0,0.0,0.0,0.0,3.0,11.0,8.0,4.41,2.28984,3.0,0.0,1.0,1.0,0.094,0.170328,0.0,0.0,5.0,5.0,0.66,1.14576,0.0,0.0,9.0,9.0,6.308,3.66112,9.0,0.0,0.0,0.0,0.0,0.0,0.0,1.0,9.0,8.0,7.061999999999999,2.63568,9.0,10.32,36.8975,26.5775,29.27632,10.3648048,36.8975,0.0,0.0,0.0,0.0,0.0,0.0,0.0,0.5953947,0.5953947,0.0559671018,0.1014123884616,0.0,194.0,225.0,31.0,203.92,13.491199999999994,194.0
Al14 Cu10 La66 Ni10,13.0,57.0,44.0,45.14,15.6552,57.0,13.0,73.0,60.0,31.3,24.156,13.0,26.9815386,138.90547,111.9239314,107.67896560399998,41.21898580272002,138.90547,933.47,1728.0,794.53,1226.6428,126.49688000000005,1193.0,3.0,13.0,10.0,5.9,3.828,3.0,3.0,6.0,3.0,5.18,1.0824,6.0,121.0,207.0,86.0,179.16,36.7488,207.0,1.1,1.91,0.8099999999999998,1.3324,0.306768,1.1,1.0,2.0,1.0,1.9,0.18,2.0,0.0,1.0,1.0,0.14,0.2408,0.0,0.0,10.0,10.0,2.46,2.616,1.0,0.0,0.0,0.0,0.0,0.0,0.0,3.0,11.0,8.0,4.5,2.4,3.0,0.0,1.0,1.0,0.1,0.18,0.0,0.0,5.0,5.0,0.7,1.2039999999999995,0.0,0.0,9.0,9.0,6.14,3.7752,9.0,0.0,0.0,0.0,0.0,0.0,0.0,1.0,9.0,8.0,6.94,2.7191999999999994,9.0,10.32,36.8975,26.5775,28.79855,10.690614,36.8975,0.0,0.0,0.0,0.0,0.0,0.0,0.0,0.5953947,0.5953947,0.05953947,0.107171046,0.0,194.0,225.0,31.0,204.54,13.912799999999995,194.0
Al14 Cu12 La62 Ni12,13.0,57.0,44.0,44.0,16.12,57.0,13.0,73.0,60.0,33.28,25.1472,13.0,26.9815386,138.90547,111.9239314,104.567534804,42.579039643040005,138.90547,933.47,1728.0,794.53,1240.6382,145.07846400000005,1193.0,3.0,13.0,10.0,6.2,3.968000000000001,3.0,3.0,6.0,3.0,5.1,1.1160000000000003,6.0,121.0,207.0,86.0,176.0,38.44,207.0,1.1,1.91,0.8099999999999998,1.3646,0.3281039999999999,1.1,1.0,2.0,1.0,1.88,0.2112,2.0,0.0,1.0,1.0,0.14,0.2408,0.0,0.0,10.0,10.0,2.78,2.9856,1.0,0.0,0.0,0.0,0.0,0.0,0.0,3.0,11.0,8.0,4.8,2.736,3.0,0.0,1.0,1.0,0.12,0.2112,0.0,0.0,5.0,5.0,0.7,1.204,0.0,0.0,9.0,9.0,5.82,3.943199999999999,9.0,0.0,0.0,0.0,0.0,0.0,0.0,1.0,9.0,8.0,6.64,2.9264,9.0,10.32,36.8975,26.5775,27.75045,11.342342,36.8975,0.0,0.0,0.0,0.0,0.0,0.0,0.0,0.5953947,0.5953947,0.071447364,0.12574736064,0.0,194.0,225.0,31.0,205.78,14.607200000000002,194.0
Al14 Cu19 Ni10 Y4 Zr53,13.0,40.0,27.0,32.89,8.025400000000001,40.0,12.0,73.0,61.0,52.28,11.9992,44.0,26.9815386,91.224,64.2424614,73.62544940400001,19.87689567944,91.224,933.47,2128.0,1194.53,1761.2621,391.761206,2128.0,3.0,13.0,10.0,7.15,3.671,4.0,3.0,5.0,2.0,4.43,0.6498,5.0,121.0,190.0,69.0,154.77,24.262199999999996,175.0,1.22,1.91,0.69,1.5311,0.2380539999999999,1.33,1.0,2.0,1.0,1.81,0.3077999999999999,2.0,0.0,1.0,1.0,0.14,0.2408,0.0,0.0,10.0,10.0,3.8,3.196,2.0,0.0,0.0,0.0,0.0,0.0,0.0,3.0,11.0,8.0,5.75,2.845,4.0,0.0,1.0,1.0,0.19,0.3078,0.0,0.0,5.0,5.0,0.7,1.204,0.0,0.0,9.0,9.0,4.8,3.7280000000000006,8.0,0.0,0.0,0.0,0.0,0.0,0.0,1.0,9.0,8.0,5.69,2.7134000000000005,8.0,10.32,32.365,22.045,19.03045,5.481187,23.195,0.0,0.0,0.0,0.0,0.0,0.0,0.0,0.5953947,0.5953947,0.05953947,0.107171046,0.0,194.0,225.0,31.0,207.33,15.196200000000005,194.0
Al14 Cu20 La66,13.0,57.0,44.0,45.24,15.5232,57.0,13.0,73.0,60.0,31.6,24.552,13.0,26.9815386,138.90547,111.9239314,108.164225604,40.57844260272,138.90547,933.47,1357.77,424.3,1189.6198000000002,71.72194399999988,1193.0,3.0,13.0,10.0,6.0,3.96,3.0,3.0,6.0,3.0,5.18,1.0824,6.0,121.0,207.0,86.0,179.96,35.6928,207.0,1.1,1.9,0.7999999999999998,1.3314,0.305448,1.1,1.0,2.0,1.0,1.8,0.32,2.0,0.0,1.0,1.0,0.14,0.2408,0.0,0.0,10.0,10.0,2.66,2.9360000000000004,1.0,0.0,0.0,0.0,0.0,0.0,0.0,3.0,11.0,8.0,4.6,2.56,3.0,0.0,1.0,1.0,0.2,0.32,0.0,0.0,5.0,5.0,0.7,1.2039999999999995,0.0,0.0,9.0,9.0,5.94,4.0392,9.0,0.0,0.0,0.0,0.0,0.0,0.0,1.0,9.0,8.0,6.84,2.8512,9.0,11.07,36.8975,25.8275,28.87355,10.591614,36.8975,0.0,0.0,0.0,0.0,0.0,0.0,0.0,0.0,0.0,0.0,0.0,0.0,194.0,225.0,31.0,204.54,13.912799999999995,194.0
Al14 Cu24 La62,13.0,57.0,44.0,44.12,15.9712,57.0,13.0,73.0,60.0,33.64,25.593599999999995,13.0,26.9815386,138.90547,111.9239314,105.149846804,41.856972763040005,138.90547,933.47,1357.77,424.3,1196.2106,77.54851199999993,1193.0,3.0,13.0,10.0,6.32,4.1168000000000005,3.0,3.0,6.0,3.0,5.1,1.116,6.0,121.0,207.0,86.0,176.96,37.2496,207.0,1.1,1.9,0.7999999999999998,1.3634,0.3266159999999999,1.1,1.0,2.0,1.0,1.76,0.3648,2.0,0.0,1.0,1.0,0.14,0.2408,0.0,0.0,10.0,10.0,3.02,3.3504,1.0,0.0,0.0,0.0,0.0,0.0,0.0,3.0,11.0,8.0,4.92,2.9184,3.0,0.0,1.0,1.0,0.24,0.3648,0.0,0.0,5.0,5.0,0.7,1.204,0.0,0.0,9.0,9.0,5.58,4.2408,9.0,0.0,0.0,0.0,0.0,0.0,0.0,1.0,9.0,8.0,6.52,3.0752,9.0,11.07,36.8975,25.8275,27.84045,11.230742,36.8975,0.0,0.0,0.0,0.0,0.0,0.0,0.0,0.0,0.0,0.0,0.0,0.0,194.0,225.0,31.0,205.78,14.6072,194.0
Al14 Cu29.25 Hf47 Ni9.75,13.0,72.0,59.0,46.8725,23.61985,72.0,45.0,73.0,28.0,56.0375,10.37525,45.0,26.9815386,178.49,151.50846140000002,111.977526904,62.52172471024001,178.49,933.47,2506.0,1572.53,1874.133525,593.9544865,2506.0,4.0,13.0,9.0,7.8925,3.65895,4.0,3.0,6.0,3.0,4.8,1.128,6.0,121.0,175.0,54.0,149.89,23.6034,175.0,1.3,1.91,0.6099999999999999,1.578375,0.2616725,1.3,1.0,2.0,1.0,1.7075,0.4138874999999999,2.0,0.0,1.0,1.0,0.14,0.2408,0.0,0.0,10.0,10.0,4.645,3.7869,2.0,0.0,14.0,14.0,6.58,6.9748,14.0,3.0,18.0,15.0,13.0725,4.631849999999999,18.0,0.0,1.0,1.0,0.2925,0.4138874999999999,0.0,0.0,5.0,5.0,0.7,1.204,0.0,0.0,8.0,8.0,3.955,3.8023,8.0,0.0,0.0,0.0,0.0,0.0,0.0,1.0,8.0,7.0,4.9475,2.88405,8.0,10.32,22.2,11.88,16.985374999999998,4.9017475,22.2,0.0,0.0,0.0,0.0,0.0,0.0,0.0,0.5953947,0.5953947,0.05805098325,0.10478202476625,0.0,194.0,225.0,31.0,210.43,15.4442,194.0
Al14.3 Cu23.3 Ni10.5 Zr51.9,13.0,40.0,27.0,32.316,7.975992,40.0,44.0,73.0,29.0,54.592000000000006,10.994496,44.0,26.9815386,91.224,64.2424614,72.1726410198,19.7753106214476,91.224,933.47,2128.0,1194.53,1735.71862,407.18807244,2128.0,4.0,13.0,9.0,7.548000000000001,3.682824,4.0,3.0,5.0,2.0,4.376,0.647712,5.0,121.0,175.0,54.0,151.904,23.973648000000004,175.0,1.33,1.91,0.5799999999999998,1.56375,0.2426324999999999,1.33,1.0,2.0,1.0,1.767,0.357422,2.0,0.0,1.0,1.0,0.143,0.245102,0.0,0.0,10.0,10.0,4.208,3.495392,2.0,0.0,0.0,0.0,0.0,0.0,0.0,3.0,11.0,8.0,6.118,3.090232,4.0,0.0,1.0,1.0,0.233,0.357422,0.0,0.0,5.0,5.0,0.715,1.22551,0.0,0.0,8.0,8.0,4.362,3.776244,8.0,0.0,0.0,0.0,0.0,0.0,0.0,1.0,8.0,7.0,5.31,2.79222,8.0,10.32,23.195,12.875,18.057755,5.33246031,23.195,0.0,0.0,0.0,0.0,0.0,0.0,0.0,0.5953947,0.5953947,0.0625164435,0.111904433865,0.0,194.0,225.0,31.0,208.911,15.477617999999998,194.0
Al14.6 Cu10.4 La64.6 Ni10.4,13.0,57.0,44.0,44.648,15.958784,57.0,13.0,73.0,60.0,32.056,24.620352,13.0,26.9815386,138.90547,111.9239314,106.3851358556,42.0162717145648,138.90547,933.47,1728.0,794.53,1227.8846999999998,131.04012479999992,1193.0,3.0,13.0,10.0,6.02,3.90184,3.0,3.0,6.0,3.0,5.146,1.103368,6.0,121.0,207.0,86.0,178.01199999999997,37.45249600000001,207.0,1.1,1.91,0.8099999999999998,1.3419,0.3125347999999999,1.1,1.0,2.0,1.0,1.896,0.1863680000000001,2.0,0.0,1.0,1.0,0.146,0.2493679999999999,0.0,0.0,10.0,10.0,2.518,2.696512,1.0,0.0,0.0,0.0,0.0,0.0,0.0,3.0,11.0,8.0,4.56,2.47104,3.0,0.0,1.0,1.0,0.104,0.186368,0.0,0.0,5.0,5.0,0.73,1.2468399999999995,0.0,0.0,9.0,9.0,6.021999999999999,3.847576,9.0,0.0,0.0,0.0,0.0,0.0,0.0,1.0,9.0,8.0,6.855999999999999,2.7700480000000005,9.0,10.32,36.8975,26.5775,28.466424999999997,10.8929489,36.8975,0.0,0.0,0.0,0.0,0.0,0.0,0.0,0.5953947,0.5953947,0.0619210488,0.1109625194495999,0.0,194.0,225.0,31.0,204.974,14.178408000000006,194.0
Al15 Ca55 Mg20 Zn10,12.0,30.0,18.0,18.35,4.145,20.0,7.0,73.0,66.0,35.3,31.13,7.0,24.305,65.38,41.075,37.48913079,8.425929973000002,40.078,692.68,1115.0,422.3200000000001,1007.1385,118.64765,1115.0,2.0,13.0,11.0,4.65,3.975,2.0,3.0,4.0,1.0,3.65,0.455,4.0,121.0,176.0,55.0,155.35,22.715,176.0,1.0,1.65,0.6499999999999999,1.2185,0.24035,1.0,2.0,2.0,0.0,2.0,0.0,2.0,0.0,1.0,1.0,0.15,0.255,0.0,0.0,10.0,10.0,1.0,1.8,0.0,0.0,0.0,0.0,0.0,0.0,0.0,2.0,12.0,10.0,3.15,1.77,2.0,0.0,0.0,0.0,0.0,0.0,0.0,0.0,5.0,5.0,0.75,1.275,0.0,0.0,0.0,0.0,0.0,0.0,0.0,0.0,0.0,0.0,0.0,0.0,0.0,0.0,5.0,5.0,0.75,1.275,0.0,13.96,37.77,23.81,29.219500000000004,9.40555,37.77,0.0,0.0,0.0,0.0,0.0,0.0,0.0,0.0,0.0,0.0,0.0,0.0,194.0,225.0,31.0,215.7,13.020000000000003,225.0
Al15 Ca60 Mg18 Zn7,12.0,30.0,18.0,18.21,3.7986,20.0,7.0,73.0,66.0,32.22,30.264,7.0,24.305,65.38,41.075,37.04553079,7.605788741400001,40.078,692.68,1115.0,422.3200000000001,1023.6481,109.62228,1115.0,2.0,13.0,11.0,4.35,3.666,2.0,3.0,4.0,1.0,3.67,0.4422,4.0,121.0,176.0,55.0,157.67,21.996,176.0,1.0,1.65,0.6499999999999999,1.1928,0.23136,1.0,2.0,2.0,0.0,2.0,0.0,2.0,0.0,1.0,1.0,0.15,0.255,0.0,0.0,10.0,10.0,0.7,1.3019999999999998,0.0,0.0,0.0,0.0,0.0,0.0,0.0,2.0,12.0,10.0,2.85,1.3260000000000003,2.0,0.0,0.0,0.0,0.0,0.0,0.0,0.0,5.0,5.0,0.75,1.275,0.0,0.0,0.0,0.0,0.0,0.0,0.0,0.0,0.0,0.0,0.0,0.0,0.0,0.0,5.0,5.0,0.75,1.275,0.0,13.96,37.77,23.81,30.2314,9.046320000000003,37.77,0.0,0.0,0.0,0.0,0.0,0.0,0.0,0.0,0.0,0.0,0.0,0.0,194.0,225.0,31.0,217.25,11.625,225.0
Al15 Ca70 Mg15,12.0,20.0,8.0,17.75,3.15,20.0,7.0,73.0,66.0,26.05,26.67,7.0,24.305,40.078,15.773000000000003,35.74758079,6.0625868940000025,40.078,923.0,1115.0,192.0,1058.9705,78.44129999999994,1115.0,2.0,13.0,11.0,3.65,2.805,2.0,3.0,4.0,1.0,3.7,0.4199999999999999,4.0,121.0,176.0,55.0,162.5,18.9,176.0,1.0,1.61,0.6100000000000001,1.138,0.1932,1.0,2.0,2.0,0.0,2.0,0.0,2.0,0.0,1.0,1.0,0.15,0.255,0.0,0.0,0.0,0.0,0.0,0.0,0.0,0.0,0.0,0.0,0.0,0.0,0.0,2.0,3.0,1.0,2.15,0.2549999999999999,2.0,0.0,0.0,0.0,0.0,0.0,0.0,0.0,5.0,5.0,0.75,1.275,0.0,0.0,0.0,0.0,0.0,0.0,0.0,0.0,0.0,0.0,0.0,0.0,0.0,0.0,5.0,5.0,0.75,1.275,0.0,16.48,37.77,21.290000000000003,32.3445,7.595700000000004,37.77,0.0,0.0,0.0,0.0,0.0,0.0,0.0,0.0,0.0,0.0,0.0,0.0,194.0,225.0,31.0,220.35,7.905000000000004,225.0
Al15 Ce25 Co35 La25,13.0,58.0,45.0,40.15,17.35,27.0,13.0,73.0,60.0,38.25,24.25,58.0,26.9815386,140.116,113.13446140000002,94.42921654,45.081518460000005,58.933195,933.47,1768.0,834.53,1324.8204999999998,310.22565,1768.0,3.0,13.0,10.0,6.6,3.6,9.0,3.0,6.0,3.0,4.85,1.15,4.0,121.0,207.0,86.0,165.0,40.5,126.0,1.1,1.88,0.7799999999999998,1.4545,0.3444999999999998,1.88,2.0,2.0,0.0,2.0,0.0,2.0,0.0,1.0,1.0,0.15,0.255,0.0,0.0,7.0,7.0,2.95,2.835,7.0,0.0,1.0,1.0,0.25,0.375,0.0,3.0,9.0,6.0,5.35,2.555,9.0,0.0,0.0,0.0,0.0,0.0,0.0,0.0,5.0,5.0,0.75,1.275,0.0,0.0,9.0,9.0,5.55,3.45,3.0,0.0,13.0,13.0,3.25,4.875,0.0,3.0,22.0,19.0,9.55,6.225,3.0,10.245,37.24,26.995000000000005,24.592125,12.476625000000002,10.245,0.0,0.0,0.0,0.0,0.0,0.0,0.0,1.5484712,1.5484712,0.54196492,0.704554396,1.5484712,194.0,225.0,31.0,198.65,7.905000000000004,194.0
Al15 Ce25 Cu35 La25,13.0,58.0,45.0,40.85,16.65,29.0,13.0,73.0,60.0,40.35,26.35,64.0,26.9815386,140.116,113.13446140000002,96.04369829,43.46703671000001,63.546,933.47,1357.77,424.3,1181.24,129.451,1357.77,3.0,13.0,10.0,7.3,4.3,11.0,3.0,6.0,3.0,4.85,1.15,4.0,121.0,207.0,86.0,167.1,38.4,132.0,1.1,1.9,0.7999999999999998,1.4615,0.3514999999999999,1.9,1.0,2.0,1.0,1.65,0.455,1.0,0.0,1.0,1.0,0.15,0.255,0.0,0.0,10.0,10.0,4.0,4.2,10.0,0.0,1.0,1.0,0.25,0.375,0.0,3.0,11.0,8.0,6.05,3.465,11.0,0.0,1.0,1.0,0.35,0.455,1.0,0.0,5.0,5.0,0.75,1.275,0.0,0.0,9.0,9.0,4.5,4.5,0.0,0.0,13.0,13.0,3.25,4.875,0.0,1.0,22.0,21.0,8.85,6.65,1.0,11.07,37.24,26.17,24.880875,12.187875000000002,11.07,0.0,0.0,0.0,0.0,0.0,0.0,0.0,0.0,0.0,0.0,0.0,0.0,194.0,225.0,31.0,209.5,15.5,225.0
Al15 Ce27.5 Co30 La27.5,13.0,58.0,45.0,41.675,17.4075,27.0,13.0,73.0,60.0,36.05,24.255,58.0,26.9815386,140.116,113.13446140000002,98.45809354,45.157905606000014,58.933195,933.47,1768.0,834.53,1293.0205,284.9877,1768.0,3.0,13.0,10.0,6.3,3.63,9.0,3.0,6.0,3.0,4.95,1.155,4.0,121.0,207.0,86.0,168.975,40.1775,126.0,1.1,1.88,0.7799999999999998,1.416,0.3365999999999999,1.88,2.0,2.0,0.0,2.0,0.0,2.0,0.0,1.0,1.0,0.15,0.255,0.0,0.0,7.0,7.0,2.65,2.61,7.0,0.0,1.0,1.0,0.275,0.39875,0.0,3.0,9.0,6.0,5.075,2.355,9.0,0.0,0.0,0.0,0.0,0.0,0.0,0.0,5.0,5.0,0.75,1.275,0.0,0.0,9.0,9.0,5.85,3.465,3.0,0.0,13.0,13.0,3.575,5.18375,0.0,3.0,22.0,19.0,10.175,6.50375,3.0,10.245,37.24,26.995000000000005,25.933312500000003,12.248981250000002,10.245,0.0,0.0,0.0,0.0,0.0,0.0,0.0,1.5484712,1.5484712,0.4645413599999999,0.6503579039999999,1.5484712,194.0,225.0,31.0,198.65,7.905000000000004,194.0
Al15 Ce27.5 Cu30 La27.5,13.0,58.0,45.0,42.275,16.7475,29.0,13.0,73.0,60.0,37.85,26.235,64.0,26.9815386,140.116,113.13446140000002,99.84193504,43.63567995600001,63.546,933.47,1357.77,424.3,1169.9515,125.367775,1357.77,3.0,13.0,10.0,6.9,4.29,11.0,3.0,6.0,3.0,4.95,1.155,4.0,121.0,207.0,86.0,170.775,38.1975,132.0,1.1,1.9,0.7999999999999998,1.4220000000000002,0.3431999999999999,1.9,1.0,2.0,1.0,1.7,0.42,1.0,0.0,1.0,1.0,0.15,0.255,0.0,0.0,10.0,10.0,3.55,3.87,10.0,0.0,1.0,1.0,0.275,0.39875,0.0,3.0,11.0,8.0,5.675,3.195,11.0,0.0,1.0,1.0,0.3,0.42,1.0,0.0,5.0,5.0,0.75,1.275,0.0,0.0,9.0,9.0,4.95,4.455,0.0,0.0,13.0,13.0,3.575,5.18375,0.0,1.0,22.0,21.0,9.575,6.83375,1.0,11.07,37.24,26.17,26.1808125,11.97673125,11.07,0.0,0.0,0.0,0.0,0.0,0.0,0.0,0.0,0.0,0.0,0.0,0.0,194.0,225.0,31.0,207.95,15.344999999999995,225.0
Al15 Ce30 Co25 La30,13.0,58.0,45.0,43.2,17.16,57.0,13.0,73.0,60.0,33.85,23.82,13.0,26.9815386,140.116,113.13446140000002,102.48697054,44.42851735200001,138.90547,933.47,1768.0,834.53,1261.2205,253.38975000000005,1071.0,3.0,13.0,10.0,6.0,3.6,3.0,3.0,6.0,3.0,5.05,1.14,6.0,121.0,207.0,86.0,172.95,39.06,204.0,1.1,1.88,0.7799999999999998,1.3775,0.3209999999999999,1.1,2.0,2.0,0.0,2.0,0.0,2.0,0.0,1.0,1.0,0.15,0.255,0.0,0.0,7.0,7.0,2.35,2.325,1.0,0.0,1.0,1.0,0.3,0.42,0.0,3.0,9.0,6.0,4.8,2.1,3.0,0.0,0.0,0.0,0.0,0.0,0.0,0.0,5.0,5.0,0.75,1.275,0.0,0.0,9.0,9.0,6.15,3.42,9.0,0.0,13.0,13.0,3.9,5.46,0.0,3.0,22.0,19.0,10.8,6.72,9.0,10.245,37.24,26.995000000000005,27.2745,11.7531,36.8975,0.0,0.0,0.0,0.0,0.0,0.0,0.0,1.5484712,1.5484712,0.3871178,0.5806767,0.0,194.0,225.0,31.0,198.65,7.905000000000002,194.0
Al15 Ce30 Cu25 La30,13.0,58.0,45.0,43.7,16.56,57.0,13.0,73.0,60.0,35.35,25.62,13.0,26.9815386,140.116,113.13446140000002,103.64017179,43.04467585200001,138.90547,933.47,1357.77,424.3,1158.663,120.1557,1071.0,3.0,13.0,10.0,6.5,4.2,3.0,3.0,6.0,3.0,5.05,1.14,6.0,121.0,207.0,86.0,174.45,37.260000000000005,204.0,1.1,1.9,0.7999999999999998,1.3825,0.3269999999999999,1.1,1.0,2.0,1.0,1.75,0.375,2.0,0.0,1.0,1.0,0.15,0.255,0.0,0.0,10.0,10.0,3.1,3.45,1.0,0.0,1.0,1.0,0.3,0.42,0.0,3.0,11.0,8.0,5.3,2.85,3.0,0.0,1.0,1.0,0.25,0.375,0.0,0.0,5.0,5.0,0.75,1.275,0.0,0.0,9.0,9.0,5.4,4.32,9.0,0.0,13.0,13.0,3.9,5.46,0.0,1.0,22.0,21.0,10.3,7.02,9.0,11.07,37.24,26.17,27.48075,11.5056,36.8975,0.0,0.0,0.0,0.0,0.0,0.0,0.0,0.0,0.0,0.0,0.0,0.0,194.0,225.0,31.0,206.4,14.880000000000004,194.0
Al15 Ce32.5 Co20 La32.5,13.0,58.0,45.0,44.725,16.6075,57.0,13.0,73.0,60.0,31.65,22.945,13.0,26.9815386,140.116,113.13446140000002,106.51584754,42.893353698,138.90547,933.47,1768.0,834.53,1229.4205,215.43179999999995,1071.0,3.0,13.0,10.0,5.7,3.51,3.0,3.0,6.0,3.0,5.15,1.1049999999999998,6.0,121.0,207.0,86.0,176.925,37.1475,204.0,1.1,1.88,0.7799999999999998,1.339,0.2976999999999999,1.1,2.0,2.0,0.0,2.0,0.0,2.0,0.0,1.0,1.0,0.15,0.255,0.0,0.0,7.0,7.0,2.05,1.98,1.0,0.0,1.0,1.0,0.325,0.43875,0.0,3.0,9.0,6.0,4.525,1.79,3.0,0.0,0.0,0.0,0.0,0.0,0.0,0.0,5.0,5.0,0.75,1.275,0.0,0.0,9.0,9.0,6.45,3.315,9.0,0.0,13.0,13.0,4.225,5.70375,0.0,3.0,22.0,19.0,11.425,6.87375,9.0,10.245,37.24,26.995000000000005,28.615687500000003,10.98898125,36.8975,0.0,0.0,0.0,0.0,0.0,0.0,0.0,1.5484712,1.5484712,0.30969424,0.495510784,0.0,194.0,225.0,31.0,198.65,7.905000000000002,194.0
Al15 Ce32.5 Cu20 La32.5,13.0,58.0,45.0,45.125,16.0875,57.0,13.0,73.0,60.0,32.85,24.505,13.0,26.9815386,140.116,113.13446140000002,107.43840854,41.694024398,138.90547,933.47,1357.77,424.3,1147.3745,113.814775,1071.0,3.0,13.0,10.0,6.1,4.03,3.0,3.0,6.0,3.0,5.15,1.1049999999999998,6.0,121.0,207.0,86.0,178.125,35.5875,204.0,1.1,1.9,0.7999999999999998,1.3430000000000002,0.3029,1.1,1.0,2.0,1.0,1.8,0.3199999999999999,2.0,0.0,1.0,1.0,0.15,0.255,0.0,0.0,10.0,10.0,2.65,2.94,1.0,0.0,1.0,1.0,0.325,0.43875,0.0,3.0,11.0,8.0,4.925,2.43,3.0,0.0,1.0,1.0,0.2,0.32,0.0,0.0,5.0,5.0,0.75,1.275,0.0,0.0,9.0,9.0,5.85,4.095,9.0,0.0,13.0,13.0,4.225,5.70375,0.0,1.0,22.0,21.0,11.025,7.13375,9.0,11.07,37.24,26.17,28.780687500000003,10.77448125,36.8975,0.0,0.0,0.0,0.0,0.0,0.0,0.0,0.0,0.0,0.0,0.0,0.0,194.0,225.0,31.0,204.85,14.104999999999997,194.0
Al15 Ce35 Co15 La35,13.0,58.0,45.0,46.25,15.75,57.0,13.0,73.0,60.0,29.45,21.63,13.0,26.9815386,140.116,113.13446140000002,110.54472454,40.55241464400001,138.90547,933.47,1768.0,834.53,1197.6205,171.11385,1071.0,3.0,13.0,10.0,5.4,3.36,3.0,3.0,6.0,3.0,5.25,1.05,6.0,121.0,207.0,86.0,180.9,34.44,204.0,1.1,1.88,0.7799999999999998,1.3005000000000002,0.2667,1.1,2.0,2.0,0.0,2.0,0.0,2.0,0.0,1.0,1.0,0.15,0.255,0.0,0.0,7.0,7.0,1.75,1.575,1.0,0.0,1.0,1.0,0.35,0.455,0.0,3.0,9.0,6.0,4.25,1.425,3.0,0.0,0.0,0.0,0.0,0.0,0.0,0.0,5.0,5.0,0.75,1.275,0.0,0.0,9.0,9.0,6.75,3.15,9.0,0.0,13.0,13.0,4.55,5.915,0.0,3.0,22.0,19.0,12.05,6.965,9.0,10.245,37.24,26.995000000000005,29.956875,9.956625,36.8975,0.0,0.0,0.0,0.0,0.0,0.0,0.0,1.5484712,1.5484712,0.2322706799999999,0.394860156,0.0,194.0,225.0,31.0,198.65,7.905000000000005,194.0
Al15 Ce35 Cu15 La35,13.0,58.0,45.0,46.55,15.33,57.0,13.0,73.0,60.0,30.35,22.89,13.0,26.9815386,140.116,113.13446140000002,111.23664529,39.58372559400001,138.90547,933.47,1357.77,424.3,1136.086,106.34499999999998,1071.0,3.0,13.0,10.0,5.7,3.78,3.0,3.0,6.0,3.0,5.25,1.05,6.0,121.0,207.0,86.0,181.8,33.17999999999999,204.0,1.1,1.9,0.7999999999999998,1.3035000000000003,0.2709000000000001,1.1,1.0,2.0,1.0,1.85,0.2549999999999999,2.0,0.0,1.0,1.0,0.15,0.255,0.0,0.0,10.0,10.0,2.2,2.34,1.0,0.0,1.0,1.0,0.35,0.455,0.0,3.0,11.0,8.0,4.55,1.935,3.0,0.0,1.0,1.0,0.15,0.255,0.0,0.0,5.0,5.0,0.75,1.275,0.0,0.0,9.0,9.0,6.3,3.78,9.0,0.0,13.0,13.0,4.55,5.915,0.0,1.0,22.0,21.0,11.75,7.175,9.0,11.07,37.24,26.17,30.080625,9.783375,36.8975,0.0,0.0,0.0,0.0,0.0,0.0,0.0,0.0,0.0,0.0,0.0,0.0,194.0,225.0,31.0,203.3,13.020000000000003,194.0
Al15 Ce65 Cu20,13.0,58.0,45.0,45.45,16.314999999999998,58.0,15.0,73.0,58.0,33.5,24.05,15.0,26.9815386,140.116,113.13446140000002,107.83183079,41.969419973000015,140.116,933.47,1357.77,424.3,1107.7245,100.01820000000002,1071.0,3.0,13.0,10.0,6.1,4.03,3.0,3.0,6.0,3.0,5.15,1.105,6.0,121.0,204.0,83.0,177.15,34.904999999999994,204.0,1.12,1.9,0.7799999999999998,1.3495,0.2983499999999999,1.12,1.0,2.0,1.0,1.8,0.3199999999999999,2.0,0.0,1.0,1.0,0.15,0.255,0.0,0.0,10.0,10.0,2.65,2.94,1.0,0.0,1.0,1.0,0.65,0.455,1.0,3.0,11.0,8.0,5.25,2.3,4.0,0.0,1.0,1.0,0.2,0.32,0.0,0.0,5.0,5.0,0.75,1.275,0.0,0.0,9.0,9.0,5.85,4.095,9.0,0.0,13.0,13.0,8.45,5.915,13.0,1.0,22.0,21.0,15.25,8.775,22.0,11.07,37.24,26.17,28.892,10.8524,37.24,0.0,0.0,0.0,0.0,0.0,0.0,0.0,0.0,0.0,0.0,0.0,0.0,194.0,225.0,31.0,204.85,14.105,194.0
Al15 Ce70 Cu15,13.0,58.0,45.0,46.9,15.54,58.0,15.0,73.0,58.0,31.05,22.47,15.0,26.9815386,140.116,113.13446140000002,111.66033079,39.837936894,140.116,933.47,1357.77,424.3,1093.386,79.31519999999996,1071.0,3.0,13.0,10.0,5.7,3.78,3.0,3.0,6.0,3.0,5.25,1.05,6.0,121.0,204.0,83.0,180.75,32.55,204.0,1.12,1.9,0.7799999999999998,1.3105000000000002,0.2667,1.12,1.0,2.0,1.0,1.85,0.2549999999999999,2.0,0.0,1.0,1.0,0.15,0.255,0.0,0.0,10.0,10.0,2.2,2.34,1.0,0.0,1.0,1.0,0.7,0.42,1.0,3.0,11.0,8.0,4.9,1.8300000000000003,4.0,0.0,1.0,1.0,0.15,0.255,0.0,0.0,5.0,5.0,0.75,1.275,0.0,0.0,9.0,9.0,6.3,3.78,9.0,0.0,13.0,13.0,9.1,5.46,13.0,1.0,22.0,21.0,16.3,7.98,22.0,11.07,37.24,26.17,30.2005,9.8553,37.24,0.0,0.0,0.0,0.0,0.0,0.0,0.0,0.0,0.0,0.0,0.0,0.0,194.0,225.0,31.0,203.3,13.020000000000003,194.0
Al15 Ce70 Ni15,13.0,58.0,45.0,46.75,15.75,58.0,15.0,73.0,58.0,30.6,21.84,15.0,26.9815386,140.116,113.13446140000002,110.93244079,40.856982894000005,140.116,933.47,1728.0,794.53,1148.9205,173.72384999999994,1071.0,3.0,13.0,10.0,5.55,3.57,3.0,3.0,6.0,3.0,5.25,1.05,6.0,121.0,204.0,83.0,179.55,34.22999999999999,204.0,1.12,1.91,0.7899999999999998,1.3120000000000005,0.2688,1.12,2.0,2.0,0.0,2.0,0.0,2.0,0.0,1.0,1.0,0.15,0.255,0.0,0.0,8.0,8.0,1.9,1.83,1.0,0.0,1.0,1.0,0.7,0.42,1.0,3.0,10.0,7.0,4.75,1.575,4.0,0.0,0.0,0.0,0.0,0.0,0.0,0.0,5.0,5.0,0.75,1.275,0.0,0.0,9.0,9.0,6.6,3.36,9.0,0.0,13.0,13.0,9.1,5.46,13.0,2.0,22.0,20.0,16.45,7.77,22.0,10.32,37.24,26.92,30.088,10.0128,37.24,0.0,0.0,0.0,0.0,0.0,0.0,0.0,0.5953947,0.5953947,0.089309205,0.1518256485,0.0,194.0,225.0,31.0,203.3,13.020000000000003,194.0
Al15 Co25 Gd60,13.0,64.0,51.0,47.1,20.28,64.0,27.0,73.0,46.0,41.65,17.58,27.0,26.9815386,157.25,130.2684614,113.13052953999998,52.943364552000006,157.25,933.47,1768.0,834.53,1533.6205,180.04515,1586.0,3.0,13.0,10.0,6.0,3.6,3.0,3.0,6.0,3.0,5.05,1.14,6.0,121.0,196.0,75.0,167.25,34.5,196.0,1.2,1.88,0.6799999999999999,1.4315,0.2778,1.2,2.0,2.0,0.0,2.0,0.0,2.0,0.0,1.0,1.0,0.15,0.255,0.0,0.0,7.0,7.0,2.35,2.325,1.0,0.0,7.0,7.0,4.2,3.36,7.0,3.0,10.0,7.0,8.7,1.7100000000000006,10.0,0.0,0.0,0.0,0.0,0.0,0.0,0.0,5.0,5.0,0.75,1.275,0.0,0.0,9.0,9.0,6.15,3.42,9.0,0.0,7.0,7.0,4.2,3.36,7.0,3.0,16.0,13.0,11.1,5.88,16.0,10.245,32.05,21.805,24.26325,9.3441,32.05,0.0,0.0,0.0,0.0,0.0,0.0,0.0,1.5484712,1.5484712,0.3871178,0.5806767,0.0,194.0,225.0,31.0,198.65,7.905000000000004,194.0
Al15 Cu19 Ni10 Y2 Zr54,13.0,40.0,27.0,32.64,8.2032,40.0,12.0,73.0,61.0,53.21,11.5952,44.0,26.9815386,91.224,64.2424614,73.02938779000002,20.2852396752,91.224,933.47,2128.0,1194.53,1755.8968,403.595584,2128.0,3.0,13.0,10.0,7.26,3.6912,4.0,3.0,5.0,2.0,4.41,0.6607999999999999,5.0,121.0,190.0,69.0,153.93,24.198400000000003,175.0,1.22,1.91,0.69,1.5361000000000002,0.235232,1.33,1.0,2.0,1.0,1.81,0.3077999999999999,2.0,0.0,1.0,1.0,0.15,0.255,0.0,0.0,10.0,10.0,3.8,3.196,2.0,0.0,0.0,0.0,0.0,0.0,0.0,3.0,11.0,8.0,5.76,2.8392,4.0,0.0,1.0,1.0,0.19,0.3078,0.0,0.0,5.0,5.0,0.75,1.275,0.0,0.0,9.0,9.0,4.7,3.736,8.0,0.0,0.0,0.0,0.0,0.0,0.0,1.0,9.0,8.0,5.64,2.6832,8.0,10.32,32.365,22.045,18.7799,5.311712,23.195,0.0,0.0,0.0,0.0,0.0,0.0,0.0,0.5953947,0.5953947,0.05953947,0.107171046,0.0,194.0,225.0,31.0,207.64,15.276799999999998,194.0
Al15 Gd60 Ni25,13.0,64.0,51.0,47.35,19.98,64.0,27.0,73.0,46.0,42.4,18.48,27.0,26.9815386,157.25,130.2684614,113.07058078999998,53.01530305200001,157.25,933.47,1728.0,794.53,1523.6205,177.04515,1586.0,3.0,13.0,10.0,6.25,3.9,3.0,3.0,6.0,3.0,5.05,1.14,6.0,121.0,196.0,75.0,166.75,35.1,196.0,1.2,1.91,0.71,1.439,0.2868,1.2,2.0,2.0,0.0,2.0,0.0,2.0,0.0,1.0,1.0,0.15,0.255,0.0,0.0,8.0,8.0,2.6,2.7,1.0,0.0,7.0,7.0,4.2,3.36,7.0,3.0,10.0,7.0,8.95,1.7850000000000006,10.0,0.0,0.0,0.0,0.0,0.0,0.0,0.0,5.0,5.0,0.75,1.275,0.0,0.0,9.0,9.0,5.9,3.72,9.0,0.0,7.0,7.0,4.2,3.36,7.0,2.0,16.0,14.0,10.85,6.18,16.0,10.32,32.05,21.73,24.282,9.321599999999998,32.05,0.0,0.0,0.0,0.0,0.0,0.0,0.0,0.5953947,0.5953947,0.148848675,0.2232730125,0.0,194.0,225.0,31.0,206.4,14.88,194.0
Al15.2 Cu10.85 La63.1 Ni10.85,13.0,57.0,44.0,44.12750000000001,16.245094999999996,57.0,13.0,73.0,60.0,32.8615,25.065213,13.0,26.9815386,138.90547,111.9239314,105.0135203372,42.771640474453605,138.90547,933.47,1728.0,794.53,1229.476485,136.01929551000003,1193.0,3.0,13.0,10.0,6.1475,3.972145,3.0,3.0,6.0,3.0,5.11,1.12318,6.0,121.0,207.0,86.0,176.785,38.13133,207.0,1.1,1.91,0.8099999999999998,1.352205,0.3182827099999999,1.1,1.0,2.0,1.0,1.8915,0.1934555000000002,2.0,0.0,1.0,1.0,0.152,0.257792,0.0,0.0,10.0,10.0,2.584,2.7845439999999995,1.0,0.0,0.0,0.0,0.0,0.0,0.0,3.0,11.0,8.0,4.6275,2.548665,3.0,0.0,1.0,1.0,0.1085,0.1934555,0.0,0.0,5.0,5.0,0.76,1.28896,0.0,0.0,9.0,9.0,5.896,3.917248,9.0,0.0,0.0,0.0,0.0,0.0,0.0,1.0,9.0,8.0,6.764500000000001,2.821201,9.0,10.32,36.8975,26.5775,28.108097500000003,11.092225954999998,36.8975,0.0,0.0,0.0,0.0,0.0,0.0,0.0,0.5953947,0.5953947,0.06460032495,0.1151823793858499,0.0,194.0,225.0,31.0,205.439,14.436018000000004,194.0
Al15.6 Cu11.2 La62 Ni11.2,13.0,57.0,44.0,43.752,16.42752,57.0,13.0,73.0,60.0,33.448,25.35552,13.0,26.9815386,138.90547,111.9239314,104.0213242216,43.256340765216,138.90547,933.47,1728.0,794.53,1230.88756,139.77485311999993,1193.0,3.0,13.0,10.0,6.24,4.0176,3.0,3.0,6.0,3.0,5.0840000000000005,1.1358399999999995,6.0,121.0,207.0,86.0,175.888,38.57888,207.0,1.1,1.91,0.8099999999999998,1.35988,0.3222511999999999,1.1,1.0,2.0,1.0,1.888,0.1989119999999999,2.0,0.0,1.0,1.0,0.156,0.263328,0.0,0.0,10.0,10.0,2.636,2.851072,1.0,0.0,0.0,0.0,0.0,0.0,0.0,3.0,11.0,8.0,4.68,2.60736,3.0,0.0,1.0,1.0,0.1119999999999999,0.1989119999999999,0.0,0.0,5.0,5.0,0.78,1.3166399999999998,0.0,0.0,9.0,9.0,5.803999999999999,3.96304,9.0,0.0,0.0,0.0,0.0,0.0,0.0,1.0,9.0,8.0,6.696000000000001,2.8569599999999995,9.0,10.32,36.8975,26.5775,27.84301,11.227567600000002,36.8975,0.0,0.0,0.0,0.0,0.0,0.0,0.0,0.5953947,0.5953947,0.0666842064,0.1184311505663999,0.0,194.0,225.0,31.0,205.78,14.6072,194.0
Al15.9 Cu11.35 La61.4 Ni11.35,13.0,57.0,44.0,43.5345,16.535634,57.0,13.0,73.0,60.0,33.7765,25.513542,13.0,26.9815386,138.90547,111.9239314,103.45219511739998,43.53662155583281,138.90547,933.47,1728.0,794.53,1231.158625,141.52377425,1193.0,3.0,13.0,10.0,6.2925,4.04319,3.0,3.0,6.0,3.0,5.069,1.143268,6.0,121.0,207.0,86.0,175.393,38.813396,207.0,1.1,1.91,0.8099999999999998,1.3638249999999998,0.3239770999999999,1.1,1.0,2.0,1.0,1.8865,0.2012355000000001,2.0,0.0,1.0,1.0,0.159,0.2674379999999999,0.0,0.0,10.0,10.0,2.657,2.879722,1.0,0.0,0.0,0.0,0.0,0.0,0.0,3.0,11.0,8.0,4.7025,2.6320649999999994,3.0,0.0,1.0,1.0,0.1134999999999999,0.2012355,0.0,0.0,5.0,5.0,0.795,1.33719,0.0,0.0,9.0,9.0,5.753000000000001,3.987316,9.0,0.0,0.0,0.0,0.0,0.0,0.0,1.0,9.0,8.0,6.661500000000001,2.8716779999999997,9.0,10.32,36.8975,26.5775,27.70315,11.2906618,36.8975,0.0,0.0,0.0,0.0,0.0,0.0,0.0,0.5953947,0.5953947,0.06757729845,0.11981455015185,0.0,194.0,225.0,31.0,205.966,14.694247999999998,194.0
Al16 Ce32 Co10 Cu5 La32 Ni5,13.0,58.0,45.0,44.43,16.7296,57.0,13.0,73.0,60.0,32.69,23.9232,13.0,26.9815386,140.116,113.13446140000002,105.609206076,43.39395702272,138.90547,933.47,1768.0,834.53,1204.9237,180.20752,1071.0,3.0,13.0,10.0,5.95,3.776,3.0,3.0,6.0,3.0,5.12,1.1263999999999998,6.0,121.0,207.0,86.0,176.28,37.4016,204.0,1.1,1.91,0.8099999999999998,1.3465,0.3027199999999999,1.1,1.0,2.0,1.0,1.95,0.095,2.0,0.0,1.0,1.0,0.16,0.2688,0.0,0.0,10.0,10.0,2.24,2.3040000000000003,1.0,0.0,1.0,1.0,0.32,0.4352,0.0,3.0,11.0,8.0,4.67,2.032,3.0,0.0,1.0,1.0,0.05,0.095,0.0,0.0,5.0,5.0,0.8,1.344,0.0,0.0,9.0,9.0,6.16,3.6352,9.0,0.0,13.0,13.0,4.16,5.6576,0.0,1.0,22.0,21.0,11.17,6.9312000000000005,9.0,10.245,37.24,26.995000000000005,28.4548,11.025856,36.8975,0.0,0.0,0.0,0.0,0.0,0.0,0.0,1.5484712,1.5484712,0.184616855,0.3138486535,0.0,194.0,225.0,31.0,202.06,11.9288,194.0
Al16 Ce32 Co3 Cu12 La32 Ni5,13.0,58.0,45.0,44.57,16.5504,57.0,13.0,73.0,60.0,33.11,24.4608,13.0,26.9815386,140.116,113.13446140000002,105.932102426,42.98064969472001,138.90547,933.47,1768.0,834.53,1176.2076000000002,145.008896,1071.0,3.0,13.0,10.0,6.09,3.9552,3.0,3.0,6.0,3.0,5.12,1.1263999999999998,6.0,121.0,207.0,86.0,176.7,36.864,204.0,1.1,1.91,0.8099999999999998,1.3479,0.3045119999999999,1.1,1.0,2.0,1.0,1.88,0.2112,2.0,0.0,1.0,1.0,0.16,0.2688,0.0,0.0,10.0,10.0,2.45,2.64,1.0,0.0,1.0,1.0,0.32,0.4352,0.0,3.0,11.0,8.0,4.81,2.256,3.0,0.0,1.0,1.0,0.12,0.2112,0.0,0.0,5.0,5.0,0.8,1.344,0.0,0.0,9.0,9.0,5.95,3.904,9.0,0.0,13.0,13.0,4.16,5.6576,0.0,1.0,22.0,21.0,11.03,7.020799999999998,9.0,10.245,37.24,26.995000000000005,28.51255,10.951936,36.8975,0.0,0.0,0.0,0.0,0.0,0.0,0.0,1.5484712,1.5484712,0.076223871,0.14025192264,0.0,194.0,225.0,31.0,204.23,13.708199999999998,194.0
Al16 Ce32 Co5 Cu10 La32 Ni5,13.0,58.0,45.0,44.53,16.6016,57.0,13.0,73.0,60.0,32.99,24.3072,13.0,26.9815386,140.116,113.13446140000002,105.839846326,43.098737502720006,138.90547,933.47,1768.0,834.53,1184.4122,152.885312,1071.0,3.0,13.0,10.0,6.05,3.904,3.0,3.0,6.0,3.0,5.12,1.1263999999999998,6.0,121.0,207.0,86.0,176.58,37.0176,204.0,1.1,1.91,0.8099999999999998,1.3475,0.3039999999999999,1.1,1.0,2.0,1.0,1.9,0.18,2.0,0.0,1.0,1.0,0.16,0.2688,0.0,0.0,10.0,10.0,2.39,2.5440000000000005,1.0,0.0,1.0,1.0,0.32,0.4352,0.0,3.0,11.0,8.0,4.77,2.192,3.0,0.0,1.0,1.0,0.1,0.18,0.0,0.0,5.0,5.0,0.8,1.344,0.0,0.0,9.0,9.0,6.01,3.8272,9.0,0.0,13.0,13.0,4.16,5.6576,0.0,1.0,22.0,21.0,11.07,6.9952000000000005,9.0,10.245,37.24,26.995000000000005,28.49605,10.973056,36.8975,0.0,0.0,0.0,0.0,0.0,0.0,0.0,1.5484712,1.5484712,0.107193295,0.192947931,0.0,194.0,225.0,31.0,203.61,13.261800000000004,194.0
Al16 Ce32 Co8 Cu7 La32 Ni5,13.0,58.0,45.0,44.47,16.6784,57.0,13.0,73.0,60.0,32.81,24.0768,13.0,26.9815386,140.116,113.13446140000002,105.70146217600002,43.27586921472,138.90547,933.47,1768.0,834.53,1196.7191,167.08016,1071.0,3.0,13.0,10.0,5.99,3.8272,3.0,3.0,6.0,3.0,5.12,1.1263999999999998,6.0,121.0,207.0,86.0,176.4,37.248000000000005,204.0,1.1,1.91,0.8099999999999998,1.3469000000000002,0.303232,1.1,1.0,2.0,1.0,1.93,0.1302,2.0,0.0,1.0,1.0,0.16,0.2688,0.0,0.0,10.0,10.0,2.3,2.4,1.0,0.0,1.0,1.0,0.32,0.4352,0.0,3.0,11.0,8.0,4.71,2.096,3.0,0.0,1.0,1.0,0.07,0.1301999999999999,0.0,0.0,5.0,5.0,0.8,1.344,0.0,0.0,9.0,9.0,6.1,3.712,9.0,0.0,13.0,13.0,4.16,5.6576,0.0,1.0,22.0,21.0,11.13,6.956799999999999,9.0,10.245,37.24,26.995000000000005,28.4713,11.004736,36.8975,0.0,0.0,0.0,0.0,0.0,0.0,0.0,1.5484712,1.5484712,0.153647431,0.26734652994,0.0,194.0,225.0,31.0,202.68,12.499200000000004,194.0
Al16 Ce32 Cu15 La32 Ni5,13.0,58.0,45.0,44.63,16.473599999999998,57.0,13.0,73.0,60.0,33.29,24.6912,13.0,26.9815386,140.116,113.13446140000002,106.070486576,42.80351798272,138.90547,933.47,1728.0,794.53,1163.9007,133.19427199999998,1071.0,3.0,13.0,10.0,6.15,4.032,3.0,3.0,6.0,3.0,5.12,1.1263999999999998,6.0,121.0,207.0,86.0,176.88,36.6336,204.0,1.1,1.91,0.8099999999999998,1.3485000000000005,0.30528,1.1,1.0,2.0,1.0,1.85,0.2549999999999999,2.0,0.0,1.0,1.0,0.16,0.2688,0.0,0.0,10.0,10.0,2.54,2.784,1.0,0.0,1.0,1.0,0.32,0.4352,0.0,3.0,11.0,8.0,4.87,2.3520000000000003,3.0,0.0,1.0,1.0,0.15,0.255,0.0,0.0,5.0,5.0,0.8,1.344,0.0,0.0,9.0,9.0,5.86,4.0192000000000005,9.0,0.0,13.0,13.0,4.16,5.6576,0.0,1.0,22.0,21.0,10.97,7.0592,9.0,10.32,37.24,26.92,28.5373,10.920256,36.8975,0.0,0.0,0.0,0.0,0.0,0.0,0.0,0.5953947,0.5953947,0.029769735,0.0565624965,0.0,194.0,225.0,31.0,205.16,14.284799999999995,194.0
Al16 Co21 Cu7 Zr56,13.0,40.0,27.0,32.18,8.7584,40.0,44.0,73.0,29.0,52.98,10.0576,44.0,26.9815386,91.224,64.2424614,72.226677126,21.277001618880004,91.224,933.47,2128.0,1194.53,1807.3591,359.1178079999999,2128.0,4.0,13.0,9.0,6.98,3.3376,4.0,3.0,5.0,2.0,4.4,0.6719999999999999,5.0,121.0,175.0,54.0,153.06,24.5728,175.0,1.33,1.9,0.5699999999999998,1.5301999999999998,0.2242239999999999,1.33,1.0,2.0,1.0,1.93,0.1302,2.0,0.0,1.0,1.0,0.16,0.2688,0.0,0.0,10.0,10.0,3.29,2.4976000000000003,2.0,0.0,0.0,0.0,0.0,0.0,0.0,3.0,11.0,8.0,5.38,2.3072,4.0,0.0,1.0,1.0,0.07,0.1301999999999999,0.0,0.0,5.0,5.0,0.8,1.344,0.0,0.0,8.0,8.0,5.11,3.2368,8.0,0.0,0.0,0.0,0.0,0.0,0.0,1.0,8.0,7.0,5.98,2.2624,8.0,10.245,23.195,12.95,18.55235,5.199768000000001,23.195,0.0,0.0,0.0,0.0,0.0,0.0,0.0,1.5484712,1.5484712,0.3251789519999999,0.5137827441599999,0.0,194.0,225.0,31.0,201.13,10.980199999999998,194.0
Al16 Co22 Cu6 Zr56,13.0,40.0,27.0,32.16,8.780800000000001,40.0,44.0,73.0,29.0,52.92,9.9904,44.0,26.9815386,91.224,64.2424614,72.18054907599999,21.328665034880004,91.224,933.47,2128.0,1194.53,1811.4614,354.523232,2128.0,4.0,13.0,9.0,6.96,3.3152,4.0,3.0,5.0,2.0,4.4,0.6719999999999999,5.0,121.0,175.0,54.0,153.0,24.64,175.0,1.33,1.9,0.5699999999999998,1.53,0.2239999999999999,1.33,1.0,2.0,1.0,1.94,0.1128,2.0,0.0,1.0,1.0,0.16,0.2688,0.0,0.0,10.0,10.0,3.26,2.4544,2.0,0.0,0.0,0.0,0.0,0.0,0.0,3.0,11.0,8.0,5.36,2.2784000000000004,4.0,0.0,1.0,1.0,0.06,0.1128,0.0,0.0,5.0,5.0,0.8,1.344,0.0,0.0,8.0,8.0,5.14,3.2032000000000007,8.0,0.0,0.0,0.0,0.0,0.0,0.0,1.0,8.0,7.0,6.0,2.24,8.0,10.245,23.195,12.95,18.5441,5.209008,23.195,0.0,0.0,0.0,0.0,0.0,0.0,0.0,1.5484712,1.5484712,0.340663664,0.53143531584,0.0,194.0,225.0,31.0,200.82,10.639199999999995,194.0
Al16 Co23 Cu5 Zr56,13.0,40.0,27.0,32.14,8.803199999999999,40.0,44.0,73.0,29.0,52.86,9.9232,44.0,26.9815386,91.224,64.2424614,72.134421026,21.380328450880008,91.224,933.47,2128.0,1194.53,1815.5637,349.928656,2128.0,4.0,13.0,9.0,6.94,3.2928,4.0,3.0,5.0,2.0,4.4,0.6719999999999999,5.0,121.0,175.0,54.0,152.94,24.707200000000004,175.0,1.33,1.9,0.5699999999999998,1.5298000000000005,0.2237759999999999,1.33,1.0,2.0,1.0,1.95,0.095,2.0,0.0,1.0,1.0,0.16,0.2688,0.0,0.0,10.0,10.0,3.23,2.4112,2.0,0.0,0.0,0.0,0.0,0.0,0.0,3.0,11.0,8.0,5.34,2.2496,4.0,0.0,1.0,1.0,0.05,0.095,0.0,0.0,5.0,5.0,0.8,1.344,0.0,0.0,8.0,8.0,5.17,3.1696000000000004,8.0,0.0,0.0,0.0,0.0,0.0,0.0,1.0,8.0,7.0,6.02,2.2176,8.0,10.245,23.195,12.95,18.53585,5.218248000000001,23.195,0.0,0.0,0.0,0.0,0.0,0.0,0.0,1.5484712,1.5484712,0.356148376,0.54846849904,0.0,194.0,225.0,31.0,200.51,10.285799999999997,194.0
Al16 Co26 Zr58,13.0,40.0,27.0,32.3,8.932,40.0,44.0,73.0,29.0,52.28,9.6048,44.0,26.9815386,91.224,64.2424614,72.549596876,21.662307623840007,91.224,933.47,2128.0,1194.53,1843.2752000000005,330.280768,2128.0,4.0,13.0,9.0,6.74,3.1784000000000003,4.0,3.0,5.0,2.0,4.42,0.6728000000000001,5.0,121.0,175.0,54.0,153.62,24.8008,175.0,1.33,1.88,0.5499999999999998,1.5178,0.2178479999999999,1.33,2.0,2.0,0.0,2.0,0.0,2.0,0.0,1.0,1.0,0.16,0.2688,0.0,0.0,7.0,7.0,2.98,2.0904,2.0,0.0,0.0,0.0,0.0,0.0,0.0,3.0,9.0,6.0,5.14,2.0072,4.0,0.0,0.0,0.0,0.0,0.0,0.0,0.0,5.0,5.0,0.8,1.344,0.0,0.0,8.0,8.0,5.42,2.9928,8.0,0.0,0.0,0.0,0.0,0.0,0.0,3.0,8.0,5.0,6.22,2.0648,8.0,10.245,23.195,12.95,18.7536,5.152024,23.195,0.0,0.0,0.0,0.0,0.0,0.0,0.0,1.5484712,1.5484712,0.4026025119999999,0.59585171776,0.0,194.0,225.0,31.0,198.96,8.332800000000006,194.0
Al16 Co27 Zr57,13.0,40.0,27.0,32.17,8.9262,40.0,44.0,73.0,29.0,52.42,9.5988,44.0,26.9815386,91.224,64.2424614,72.226688826,21.656934738360004,91.224,933.47,2128.0,1194.53,1839.6752,328.690272,2128.0,4.0,13.0,9.0,6.79,3.1806,4.0,3.0,5.0,2.0,4.41,0.6726000000000001,5.0,121.0,175.0,54.0,153.13,24.9318,175.0,1.33,1.88,0.5499999999999998,1.5233,0.2203619999999999,1.33,2.0,2.0,0.0,2.0,0.0,2.0,0.0,1.0,1.0,0.16,0.2688,0.0,0.0,7.0,7.0,3.03,2.1438,2.0,0.0,0.0,0.0,0.0,0.0,0.0,3.0,9.0,6.0,5.19,2.0574,4.0,0.0,0.0,0.0,0.0,0.0,0.0,0.0,5.0,5.0,0.8,1.344,0.0,0.0,8.0,8.0,5.37,2.9982,8.0,0.0,0.0,0.0,0.0,0.0,0.0,3.0,8.0,5.0,6.17,2.0862,8.0,10.245,23.195,12.95,18.6241,5.210826000000001,23.195,0.0,0.0,0.0,0.0,0.0,0.0,0.0,1.5484712,1.5484712,0.418087224,0.61040734704,0.0,194.0,225.0,31.0,198.96,8.332800000000006,194.0
Al16 Co28 Zr56,13.0,40.0,27.0,32.04,8.9152,40.0,44.0,73.0,29.0,52.56,9.5872,44.0,26.9815386,91.224,64.2424614,71.903780776,21.63864553088,91.224,933.47,2128.0,1194.53,1836.0752,326.955776,2128.0,4.0,13.0,9.0,6.84,3.1808000000000005,4.0,3.0,5.0,2.0,4.4,0.6719999999999999,5.0,121.0,175.0,54.0,152.64,25.0432,175.0,1.33,1.88,0.5499999999999998,1.5288,0.2226559999999999,1.33,2.0,2.0,0.0,2.0,0.0,2.0,0.0,1.0,1.0,0.16,0.2688,0.0,0.0,7.0,7.0,3.08,2.1952,2.0,0.0,0.0,0.0,0.0,0.0,0.0,3.0,9.0,6.0,5.24,2.1056,4.0,0.0,0.0,0.0,0.0,0.0,0.0,0.0,5.0,5.0,0.8,1.344,0.0,0.0,8.0,8.0,5.32,3.0016,8.0,0.0,0.0,0.0,0.0,0.0,0.0,3.0,8.0,5.0,6.12,2.1056,8.0,10.245,23.195,12.95,18.4946,5.264448,23.195,0.0,0.0,0.0,0.0,0.0,0.0,0.0,1.5484712,1.5484712,0.433571936,0.62434358784,0.0,194.0,225.0,31.0,198.96,8.332800000000006,194.0
Al16 Co29 Zr55,13.0,40.0,27.0,31.91,8.899000000000001,40.0,44.0,73.0,29.0,52.7,9.57,44.0,26.9815386,91.224,64.2424614,71.58087272600001,21.6074400014,91.224,933.47,2128.0,1194.53,1832.4752,325.07728,2128.0,4.0,13.0,9.0,6.89,3.179,4.0,3.0,5.0,2.0,4.39,0.6709999999999999,5.0,121.0,175.0,54.0,152.15,25.135,175.0,1.33,1.88,0.5499999999999998,1.5343,0.2247299999999999,1.33,2.0,2.0,0.0,2.0,0.0,2.0,0.0,1.0,1.0,0.16,0.2688,0.0,0.0,7.0,7.0,3.13,2.2446,2.0,0.0,0.0,0.0,0.0,0.0,0.0,3.0,9.0,6.0,5.29,2.1518,4.0,0.0,0.0,0.0,0.0,0.0,0.0,0.0,5.0,5.0,0.8,1.344,0.0,0.0,8.0,8.0,5.27,3.003,8.0,0.0,0.0,0.0,0.0,0.0,0.0,3.0,8.0,5.0,6.07,2.123,8.0,10.245,23.195,12.95,18.3651,5.31289,23.195,0.0,0.0,0.0,0.0,0.0,0.0,0.0,1.5484712,1.5484712,0.449056648,0.6376604401600001,0.0,194.0,225.0,31.0,198.96,8.332800000000006,194.0
Al16 Co30 Zr54,13.0,40.0,27.0,31.78,8.8776,40.0,44.0,73.0,29.0,52.84,9.5472,44.0,26.9815386,91.224,64.2424614,71.25796467600001,21.56331814992,91.224,933.47,2128.0,1194.53,1828.8752,323.054784,2128.0,4.0,13.0,9.0,6.94,3.1752,4.0,3.0,5.0,2.0,4.38,0.6696000000000001,5.0,121.0,175.0,54.0,151.66,25.207200000000004,175.0,1.33,1.88,0.5499999999999998,1.5398000000000005,0.2265839999999999,1.33,2.0,2.0,0.0,2.0,0.0,2.0,0.0,1.0,1.0,0.16,0.2688,0.0,0.0,7.0,7.0,3.18,2.292,2.0,0.0,0.0,0.0,0.0,0.0,0.0,3.0,9.0,6.0,5.34,2.196,4.0,0.0,0.0,0.0,0.0,0.0,0.0,0.0,5.0,5.0,0.8,1.344,0.0,0.0,8.0,8.0,5.22,3.0024,8.0,0.0,0.0,0.0,0.0,0.0,0.0,3.0,8.0,5.0,6.02,2.1384,8.0,10.245,23.195,12.95,18.2356,5.356152,23.195,0.0,0.0,0.0,0.0,0.0,0.0,0.0,1.5484712,1.5484712,0.4645413599999999,0.6503579039999999,0.0,194.0,225.0,31.0,198.96,8.332800000000004,194.0
Al16 Co31 Zr53,13.0,40.0,27.0,31.65,8.851,40.0,44.0,73.0,29.0,52.98,9.5188,44.0,26.9815386,91.224,64.2424614,70.935056626,21.50627997644,91.224,933.47,2128.0,1194.53,1825.2752000000005,320.88828799999993,2128.0,4.0,13.0,9.0,6.99,3.1694,4.0,3.0,5.0,2.0,4.37,0.6678000000000001,5.0,121.0,175.0,54.0,151.17,25.2598,175.0,1.33,1.88,0.5499999999999998,1.5453,0.2282179999999999,1.33,2.0,2.0,0.0,2.0,0.0,2.0,0.0,1.0,1.0,0.16,0.2688,0.0,0.0,7.0,7.0,3.23,2.3374,2.0,0.0,0.0,0.0,0.0,0.0,0.0,3.0,9.0,6.0,5.39,2.2382,4.0,0.0,0.0,0.0,0.0,0.0,0.0,0.0,5.0,5.0,0.8,1.344,0.0,0.0,8.0,8.0,5.17,2.9998,8.0,0.0,0.0,0.0,0.0,0.0,0.0,3.0,8.0,5.0,5.97,2.1518,8.0,10.245,23.195,12.95,18.1061,5.394234,23.195,0.0,0.0,0.0,0.0,0.0,0.0,0.0,1.5484712,1.5484712,0.480026072,0.66243597936,0.0,194.0,225.0,31.0,198.96,8.332800000000006,194.0
Al16 Co32 Zr52,13.0,40.0,27.0,31.52,8.8192,40.0,44.0,73.0,29.0,53.12,9.4848,44.0,26.9815386,91.224,64.2424614,70.612148576,21.436325480960004,91.224,933.47,2128.0,1194.53,1821.6752,318.577792,2128.0,4.0,13.0,9.0,7.04,3.1615999999999995,4.0,3.0,5.0,2.0,4.36,0.6656,5.0,121.0,175.0,54.0,150.68,25.2928,175.0,1.33,1.88,0.5499999999999998,1.5507999999999995,0.2296319999999999,1.33,2.0,2.0,0.0,2.0,0.0,2.0,0.0,1.0,1.0,0.16,0.2688,0.0,0.0,7.0,7.0,3.28,2.3808,2.0,0.0,0.0,0.0,0.0,0.0,0.0,3.0,9.0,6.0,5.44,2.2784,4.0,0.0,0.0,0.0,0.0,0.0,0.0,0.0,5.0,5.0,0.8,1.344,0.0,0.0,8.0,8.0,5.12,2.9952,8.0,0.0,0.0,0.0,0.0,0.0,0.0,3.0,8.0,5.0,5.92,2.1632,8.0,10.245,23.195,12.95,17.9766,5.427136000000001,23.195,0.0,0.0,0.0,0.0,0.0,0.0,0.0,1.5484712,1.5484712,0.495510784,0.6738946662399999,0.0,194.0,225.0,31.0,198.96,8.332800000000006,194.0
Al16 Co33 Zr51,13.0,40.0,27.0,31.39,8.7822,40.0,44.0,73.0,29.0,53.26,9.4452,44.0,26.9815386,91.224,64.2424614,70.289240526,21.35345466348,91.224,933.47,2128.0,1194.53,1818.0752,316.123296,2128.0,4.0,13.0,9.0,7.09,3.1518,4.0,3.0,5.0,2.0,4.35,0.6630000000000001,5.0,121.0,175.0,54.0,150.19,25.3062,175.0,1.33,1.88,0.5499999999999998,1.5563,0.2308259999999999,1.33,2.0,2.0,0.0,2.0,0.0,2.0,0.0,1.0,1.0,0.16,0.2688,0.0,0.0,7.0,7.0,3.33,2.4222,2.0,0.0,0.0,0.0,0.0,0.0,0.0,3.0,9.0,6.0,5.49,2.3166,4.0,0.0,0.0,0.0,0.0,0.0,0.0,0.0,5.0,5.0,0.8,1.344,0.0,0.0,8.0,8.0,5.07,2.9886,8.0,0.0,0.0,0.0,0.0,0.0,0.0,3.0,8.0,5.0,5.87,2.1726,8.0,10.245,23.195,12.95,17.8471,5.454858000000001,23.195,0.0,0.0,0.0,0.0,0.0,0.0,0.0,1.5484712,1.5484712,0.510995496,0.68473396464,0.0,194.0,225.0,31.0,198.96,8.332800000000006,194.0
Al16.3 Cu11.6 La60.5 Ni11.6,13.0,57.0,44.0,43.216,16.67864,57.0,13.0,73.0,60.0,34.264,25.729440000000004,13.0,26.9815386,138.90547,111.9239314,102.6155705418,43.910778344422,138.90547,933.47,1728.0,794.53,1231.86993,144.31099248,1193.0,3.0,13.0,10.0,6.37,4.0777,3.0,3.0,6.0,3.0,5.047,1.15313,6.0,121.0,207.0,86.0,174.65400000000002,39.13865999999999,207.0,1.1,1.91,0.8099999999999998,1.36989,0.3265669,1.1,1.0,2.0,1.0,1.884,0.2050880000000002,2.0,0.0,1.0,1.0,0.163,0.272862,0.0,0.0,10.0,10.0,2.693,2.926448,1.0,0.0,0.0,0.0,0.0,0.0,0.0,3.0,11.0,8.0,4.74,2.67264,3.0,0.0,1.0,1.0,0.1159999999999999,0.205088,0.0,0.0,5.0,5.0,0.815,1.36431,0.0,0.0,9.0,9.0,5.6770000000000005,4.02083,9.0,0.0,0.0,0.0,0.0,0.0,0.0,1.0,9.0,8.0,6.6080000000000005,2.89432,9.0,10.32,36.8975,26.5775,27.4904675,11.382509325,36.8975,0.0,0.0,0.0,0.0,0.0,0.0,0.0,0.5953947,0.5953947,0.0690657852,0.1221083082336,0.0,194.0,225.0,31.0,206.245,14.81645,194.0
Al16.3 Cu18.7 Ni12 Zr53,13.0,40.0,27.0,32.102,8.37188,40.0,44.0,73.0,29.0,54.507,11.13742,44.0,26.9815386,91.224,64.2424614,71.6730207918,20.724037960692,91.224,933.47,2128.0,1194.53,1741.2586,409.9458840000001,2128.0,4.0,13.0,9.0,7.496,3.70576,4.0,3.0,5.0,2.0,4.367,0.67098,5.0,121.0,175.0,54.0,152.037,24.34078,175.0,1.33,1.91,0.5799999999999998,1.5518299999999998,0.2351397999999999,1.33,1.0,2.0,1.0,1.813,0.3040619999999999,2.0,0.0,1.0,1.0,0.163,0.272862,0.0,0.0,10.0,10.0,3.89,3.27154,2.0,0.0,0.0,0.0,0.0,0.0,0.0,3.0,11.0,8.0,5.8660000000000005,2.912276,4.0,0.0,1.0,1.0,0.187,0.304062,0.0,0.0,5.0,5.0,0.815,1.36431,0.0,0.0,8.0,8.0,4.48,3.7312,8.0,0.0,0.0,0.0,0.0,0.0,0.0,1.0,8.0,7.0,5.482,2.66908,8.0,10.32,23.195,12.875,18.28808,5.201335200000001,23.195,0.0,0.0,0.0,0.0,0.0,0.0,0.0,0.5953947,0.5953947,0.071447364,0.12574736064,0.0,194.0,225.0,31.0,208.57,15.4442,194.0
Al16.3 Cu20.7 Ni12 Zr51,13.0,40.0,27.0,31.882,8.28036,40.0,44.0,73.0,29.0,54.907,11.125140000000002,44.0,26.9815386,91.224,64.2424614,71.11946079180001,20.506629992364005,91.224,933.47,2128.0,1194.53,1725.854,410.70396,2128.0,4.0,13.0,9.0,7.636,3.70872,4.0,3.0,5.0,2.0,4.347,0.66606,5.0,121.0,175.0,54.0,151.17700000000002,24.29946,175.0,1.33,1.91,0.5799999999999998,1.56323,0.2378945999999999,1.33,1.0,2.0,1.0,1.793,0.3283019999999999,2.0,0.0,1.0,1.0,0.163,0.272862,0.0,0.0,10.0,10.0,4.05,3.4113,2.0,0.0,0.0,0.0,0.0,0.0,0.0,3.0,11.0,8.0,6.006,3.0260760000000007,4.0,0.0,1.0,1.0,0.207,0.3283019999999999,0.0,0.0,5.0,5.0,0.815,1.36431,0.0,0.0,8.0,8.0,4.32,3.7536,8.0,0.0,0.0,0.0,0.0,0.0,0.0,1.0,8.0,7.0,5.3420000000000005,2.71116,8.0,10.32,23.195,12.875,18.04558,5.252408399999999,23.195,0.0,0.0,0.0,0.0,0.0,0.0,0.0,0.5953947,0.5953947,0.071447364,0.12574736064,0.0,194.0,225.0,31.0,209.19,15.493799999999998,194.0
Al16.6 Cu11.9 La59.6 Ni11.9,13.0,57.0,44.0,42.913,16.791704,57.0,13.0,73.0,60.0,34.74100000000001,25.915272000000005,13.0,26.9815386,138.90547,111.9239314,101.8130841276,44.21412395990081,138.90547,933.47,1728.0,794.53,1233.19065,147.4145106,1193.0,3.0,13.0,10.0,6.445,4.106440000000001,3.0,3.0,6.0,3.0,5.026,1.161008,6.0,121.0,207.0,86.0,173.922,39.428976000000006,207.0,1.1,1.91,0.8099999999999998,1.37625,0.3292899999999999,1.1,1.0,2.0,1.0,1.881,0.2096779999999998,2.0,0.0,1.0,1.0,0.166,0.276888,0.0,0.0,10.0,10.0,2.738,2.9807120000000005,1.0,0.0,0.0,0.0,0.0,0.0,0.0,3.0,11.0,8.0,4.785,2.72034,3.0,0.0,1.0,1.0,0.119,0.209678,0.0,0.0,5.0,5.0,0.83,1.38444,0.0,0.0,9.0,9.0,5.601999999999999,4.050416,9.0,0.0,0.0,0.0,0.0,0.0,0.0,1.0,9.0,8.0,6.550999999999999,2.919208,9.0,10.32,36.8975,26.5775,27.272,11.473596000000002,36.8975,0.0,0.0,0.0,0.0,0.0,0.0,0.0,0.5953947,0.5953947,0.0708519693,0.1248411699066,0.0,194.0,225.0,31.0,206.524,14.928608,194.0
Al17 Cu12.2 La58.6 Ni12.2,13.0,57.0,44.0,42.566,16.916648000000002,57.0,13.0,73.0,60.0,35.278,26.109816,13.0,26.9815386,138.90547,111.9239314,100.898673782,44.543965167496005,138.90547,933.47,1728.0,794.53,1234.25184,150.61298208000005,1193.0,3.0,13.0,10.0,6.53,4.137160000000001,3.0,3.0,6.0,3.0,5.002000000000001,1.169656,6.0,121.0,207.0,86.0,173.104,39.72611199999999,207.0,1.1,1.91,0.8099999999999998,1.38312,0.33181664,1.1,1.0,2.0,1.0,1.878,0.2142319999999999,2.0,0.0,1.0,1.0,0.17,0.2822,0.0,0.0,10.0,10.0,2.782,3.034384,1.0,0.0,0.0,0.0,0.0,0.0,0.0,3.0,11.0,8.0,4.83,2.76696,3.0,0.0,1.0,1.0,0.122,0.2142319999999999,0.0,0.0,5.0,5.0,0.85,1.4110000000000005,0.0,0.0,9.0,9.0,5.518,4.080904,9.0,0.0,0.0,0.0,0.0,0.0,0.0,1.0,9.0,8.0,6.49,2.94172,9.0,10.32,36.8975,26.5775,27.033115,11.56105922,36.8975,0.0,0.0,0.0,0.0,0.0,0.0,0.0,0.5953947,0.5953947,0.0726381534,0.1275525973704,0.0,194.0,225.0,31.0,206.834,15.041448,194.0
Al17.5 Cu12.45 La57.6 Ni12.45,13.0,57.0,44.0,42.203500000000005,17.045568,57.0,13.0,73.0,60.0,35.825500000000005,26.294976,13.0,26.9815386,138.90547,111.9239314,99.950125275,44.8765571232,138.90547,933.47,1728.0,794.53,1234.703615,153.47432972999997,1193.0,3.0,13.0,10.0,6.6175,4.16736,3.0,3.0,6.0,3.0,4.977,1.178496,6.0,121.0,207.0,86.0,172.27900000000002,39.998592,207.0,1.1,1.91,0.8099999999999998,1.389695,0.3337286399999999,1.1,1.0,2.0,1.0,1.8755,0.2179994999999998,2.0,0.0,1.0,1.0,0.175,0.28875,0.0,0.0,10.0,10.0,2.817,3.079134,1.0,0.0,0.0,0.0,0.0,0.0,0.0,3.0,11.0,8.0,4.8675,2.804985,3.0,0.0,1.0,1.0,0.1245,0.2179994999999999,0.0,0.0,5.0,5.0,0.875,1.44375,0.0,0.0,9.0,9.0,5.433,4.109184,9.0,0.0,0.0,0.0,0.0,0.0,0.0,1.0,9.0,8.0,6.4325,2.95776,9.0,10.32,36.8975,26.5775,26.800015,11.63230272,36.8975,0.0,0.0,0.0,0.0,0.0,0.0,0.0,0.5953947,0.5953947,0.0741266401499999,0.12979574690265,0.0,194.0,225.0,31.0,207.144,15.141888000000002,194.0
Al17.5 Cu20 La62.5,13.0,57.0,44.0,43.7,16.624999999999996,57.0,13.0,73.0,60.0,33.7,25.875,13.0,26.9815386,138.90547,111.9239314,104.246888005,43.32322749375,138.90547,933.47,1357.77,424.3,1180.53625,86.47318749999991,1193.0,3.0,13.0,10.0,6.35,4.1875,3.0,3.0,6.0,3.0,5.075,1.1562499999999998,6.0,121.0,207.0,86.0,176.95,37.5625,207.0,1.1,1.9,0.7999999999999998,1.34925,0.3115624999999999,1.1,1.0,2.0,1.0,1.8,0.3199999999999999,2.0,0.0,1.0,1.0,0.175,0.28875,0.0,0.0,10.0,10.0,2.625,2.95,1.0,0.0,0.0,0.0,0.0,0.0,0.0,3.0,11.0,8.0,4.6,2.56,3.0,0.0,1.0,1.0,0.2,0.32,0.0,0.0,5.0,5.0,0.875,1.44375,0.0,0.0,9.0,9.0,5.625,4.21875,9.0,0.0,0.0,0.0,0.0,0.0,0.0,1.0,9.0,8.0,6.7,2.875,9.0,11.07,36.8975,25.8275,28.1589375,10.923203125,36.8975,0.0,0.0,0.0,0.0,0.0,0.0,0.0,0.0,0.0,0.0,0.0,0.0,194.0,225.0,31.0,205.625,14.53125,194.0
Al17.9 Cu12.8 La56.5 Ni12.8,13.0,57.0,44.0,41.828,17.144360000000002,57.0,13.0,73.0,60.0,36.412,26.45556,13.0,26.9815386,138.90547,111.9239314,98.9579291594,45.14072114987801,138.90547,933.47,1728.0,794.53,1236.11469,157.06639872000002,1193.0,3.0,13.0,10.0,6.71,4.1923,3.0,3.0,6.0,3.0,4.951,1.18537,6.0,121.0,207.0,86.0,171.382,40.24834,207.0,1.1,1.91,0.8099999999999998,1.39737,0.3360281,1.1,1.0,2.0,1.0,1.872,0.2232320000000001,2.0,0.0,1.0,1.0,0.179,0.293918,0.0,0.0,10.0,10.0,2.869,3.139072,1.0,0.0,0.0,0.0,0.0,0.0,0.0,3.0,11.0,8.0,4.92,2.8569600000000004,3.0,0.0,1.0,1.0,0.128,0.2232319999999999,0.0,0.0,5.0,5.0,0.895,1.46959,0.0,0.0,9.0,9.0,5.341,4.13467,9.0,0.0,0.0,0.0,0.0,0.0,0.0,1.0,9.0,8.0,6.364,2.97868,9.0,10.32,36.8975,26.5775,26.5349275,11.709706925,36.8975,0.0,0.0,0.0,0.0,0.0,0.0,0.0,0.5953947,0.5953947,0.0762105216,0.1329111496704,0.0,194.0,225.0,31.0,207.485,15.23805,194.0
Al18.4 Cu13.1 La55.4 Ni13.1,13.0,57.0,44.0,41.437,17.243804,57.0,13.0,73.0,60.0,37.00899999999999,26.601972,13.0,26.9815386,138.90547,111.9239314,97.9315948824,45.399053630300806,138.90547,933.47,1728.0,794.53,1236.91635,160.32757259999994,1193.0,3.0,13.0,10.0,6.805,4.21594,3.0,3.0,6.0,3.0,4.924,1.192208,6.0,121.0,207.0,86.0,170.47799999999998,40.466376,207.0,1.1,1.91,0.8099999999999998,1.40475,0.3376629999999999,1.1,1.0,2.0,1.0,1.869,0.2276780000000001,2.0,0.0,1.0,1.0,0.184,0.300288,0.0,0.0,10.0,10.0,2.912,3.1901120000000005,1.0,0.0,0.0,0.0,0.0,0.0,0.0,3.0,11.0,8.0,4.965,2.90034,3.0,0.0,1.0,1.0,0.131,0.227678,0.0,0.0,5.0,5.0,0.92,1.5014399999999997,0.0,0.0,9.0,9.0,5.247999999999999,4.157216,9.0,0.0,0.0,0.0,0.0,0.0,0.0,1.0,9.0,8.0,6.299,2.992708,9.0,10.32,36.8975,26.5775,26.275625,11.7690375,36.8975,0.0,0.0,0.0,0.0,0.0,0.0,0.0,0.5953947,0.5953947,0.0779967057,0.1355582745066,0.0,194.0,225.0,31.0,207.826,15.319207999999998,194.0
Al19 Ca55 Mg20 Zn6,12.0,30.0,18.0,17.67,4.0426,20.0,7.0,73.0,66.0,35.46,31.305999999999997,7.0,24.305,65.38,41.075,35.95319233399999,8.068505352520003,40.078,692.68,1115.0,422.3200000000001,1016.7701,108.05289,1115.0,2.0,13.0,11.0,4.69,4.035,2.0,3.0,4.0,1.0,3.61,0.4758,4.0,121.0,176.0,55.0,155.31,22.759,176.0,1.0,1.65,0.6499999999999999,1.2169,0.23859,1.0,2.0,2.0,0.0,2.0,0.0,2.0,0.0,1.0,1.0,0.19,0.3078,0.0,0.0,10.0,10.0,0.6,1.128,0.0,0.0,0.0,0.0,0.0,0.0,0.0,2.0,12.0,10.0,2.79,1.185,2.0,0.0,0.0,0.0,0.0,0.0,0.0,0.0,5.0,5.0,0.95,1.5389999999999997,0.0,0.0,0.0,0.0,0.0,0.0,0.0,0.0,0.0,0.0,0.0,0.0,0.0,0.0,5.0,5.0,0.95,1.5389999999999997,0.0,13.96,37.77,23.81,29.320300000000007,9.294670000000002,37.77,0.0,0.0,0.0,0.0,0.0,0.0,0.0,0.0,0.0,0.0,0.0,0.0,194.0,225.0,31.0,216.94,11.9288,225.0
Al2 Cu53 Hf25 Ti20,13.0,72.0,59.0,38.03,16.985,29.0,43.0,73.0,30.0,55.23,10.007,64.0,26.9815386,178.49,151.50846140000002,88.414910772,45.037544614,63.546,933.47,2506.0,1572.53,1752.9875,451.71125,1357.77,4.0,13.0,9.0,7.89,3.5010000000000003,11.0,3.0,6.0,3.0,4.48,0.7600000000000001,4.0,121.0,175.0,54.0,148.13,18.183,132.0,1.3,1.9,0.5999999999999999,1.6722,0.2414679999999999,1.9,1.0,2.0,1.0,1.47,0.4982,1.0,0.0,1.0,1.0,0.02,0.0392,0.0,0.0,10.0,10.0,6.2,4.028,10.0,0.0,14.0,14.0,3.5,5.25,0.0,3.0,18.0,15.0,11.19,3.405,11.0,0.0,1.0,1.0,0.53,0.4982,1.0,0.0,5.0,5.0,0.1,0.196,0.0,0.0,8.0,8.0,3.6,3.96,0.0,0.0,0.0,0.0,0.0,0.0,0.0,1.0,8.0,7.0,4.23,3.4238,1.0,11.07,22.2,11.13,15.0847,4.255582,11.07,0.0,0.0,0.0,0.0,0.0,0.0,0.0,2.25333333333e-05,2.25333333333e-05,4.50666666666e-06,7.210666666655999e-06,0.0,194.0,225.0,31.0,211.05,15.345,225.0
Al2.1 B6.7 C6.9 Cr2.2 Fe68.3 Mo2.5 P8.8 Si2.5,5.0,42.0,37.0,22.028,6.51112,26.0,49.0,83.0,34.0,60.817,9.00682,55.0,10.811,95.96,85.149,47.2325653666,14.410552964763998,55.845,317.3,3823.0,3505.7,1868.07627,399.2100851799999,1811.0,6.0,15.0,9.0,9.526,2.41596,8.0,2.0,5.0,3.0,3.619,0.60626,4.0,76.0,154.0,78.0,122.668,15.03272,132.0,1.61,2.55,0.9399999999999996,1.92707,0.1590191399999998,1.83,1.0,2.0,1.0,1.953,0.0895820000000001,2.0,0.0,3.0,3.0,0.54,0.7884,0.0,0.0,6.0,6.0,4.332999999999999,2.3398200000000005,6.0,0.0,0.0,0.0,0.0,0.0,0.0,3.0,8.0,5.0,6.8260000000000005,1.603684,8.0,0.0,1.0,1.0,0.047,0.089582,0.0,0.0,5.0,5.0,1.08,1.5768,0.0,0.0,5.0,5.0,2.967,1.60218,4.0,0.0,0.0,0.0,0.0,0.0,0.0,3.0,6.0,3.0,4.094,0.3386200000000002,4.0,5.64,22.5702380952,16.9302380952,11.6799984523776,2.756782396899124,10.73,0.0,4.496,4.496,0.5746570000000001,0.863134814,0.0,0.0,2.1106628,2.1106628,1.4415826924,0.9139634269816,2.1106628,2.0,229.0,227.0,202.254,41.24179199999999,229.0
Al20 Ca55 Mg18 Zn7,12.0,30.0,18.0,17.86,4.0536,20.0,7.0,73.0,66.0,35.52,31.372,7.0,24.305,65.38,41.075,36.39070772,8.1145224272,40.078,692.68,1115.0,422.3200000000001,1014.5716,110.47124000000004,1115.0,2.0,13.0,11.0,4.9,4.234,2.0,3.0,4.0,1.0,3.62,0.4711999999999999,4.0,121.0,176.0,55.0,154.92,23.18800000000001,176.0,1.0,1.65,0.6499999999999999,1.2233,0.24563,1.0,2.0,2.0,0.0,2.0,0.0,2.0,0.0,1.0,1.0,0.2,0.32,0.0,0.0,10.0,10.0,0.7,1.3019999999999998,0.0,0.0,0.0,0.0,0.0,0.0,0.0,2.0,12.0,10.0,2.9,1.3139999999999998,2.0,0.0,0.0,0.0,0.0,0.0,0.0,0.0,5.0,5.0,1.0,1.6,0.0,0.0,0.0,0.0,0.0,0.0,0.0,0.0,0.0,0.0,0.0,0.0,0.0,0.0,5.0,5.0,1.0,1.6,0.0,13.96,37.77,23.81,29.1669,9.46341,37.77,0.0,0.0,0.0,0.0,0.0,0.0,0.0,0.0,0.0,0.0,0.0,0.0,194.0,225.0,31.0,217.25,11.625,225.0
Al20 Ca65 Mg15,12.0,20.0,8.0,17.4,3.38,20.0,7.0,73.0,66.0,29.35,29.055,7.0,24.305,40.078,15.773000000000003,35.09275772,6.480814964000001,40.078,923.0,1115.0,192.0,1049.894,84.63779999999998,1115.0,2.0,13.0,11.0,4.2,3.52,2.0,3.0,4.0,1.0,3.65,0.455,4.0,121.0,176.0,55.0,159.75,21.125,176.0,1.0,1.61,0.6100000000000001,1.1685,0.21905,1.0,2.0,2.0,0.0,2.0,0.0,2.0,0.0,1.0,1.0,0.2,0.32,0.0,0.0,0.0,0.0,0.0,0.0,0.0,0.0,0.0,0.0,0.0,0.0,0.0,2.0,3.0,1.0,2.2,0.32,2.0,0.0,0.0,0.0,0.0,0.0,0.0,0.0,5.0,5.0,1.0,1.6,0.0,0.0,0.0,0.0,0.0,0.0,0.0,0.0,0.0,0.0,0.0,0.0,0.0,0.0,5.0,5.0,1.0,1.6,0.0,16.48,37.77,21.290000000000003,31.28,8.437000000000001,37.77,0.0,0.0,0.0,0.0,0.0,0.0,0.0,0.0,0.0,0.0,0.0,0.0,194.0,225.0,31.0,220.35,7.905000000000004,225.0
Al20 Ce27.5 Co25 La27.5,13.0,58.0,45.0,40.975,18.1775,57.0,13.0,73.0,60.0,36.8,25.08,13.0,26.9815386,140.116,113.13446140000002,96.86051072,46.915246708000005,138.90547,933.47,1768.0,834.53,1251.294,258.3529999999999,1071.0,3.0,13.0,10.0,6.5,3.85,3.0,3.0,6.0,3.0,4.9,1.21,6.0,121.0,207.0,86.0,168.725,40.4525,204.0,1.1,1.88,0.7799999999999998,1.4025,0.32175,1.1,2.0,2.0,0.0,2.0,0.0,2.0,0.0,1.0,1.0,0.2,0.32,0.0,0.0,7.0,7.0,2.3,2.35,1.0,0.0,1.0,1.0,0.275,0.39875,0.0,3.0,9.0,6.0,4.775,2.1125,3.0,0.0,0.0,0.0,0.0,0.0,0.0,0.0,5.0,5.0,1.0,1.6,0.0,0.0,9.0,9.0,5.7,3.63,9.0,0.0,13.0,13.0,3.575,5.18375,0.0,3.0,22.0,19.0,10.275,6.44875,9.0,10.245,37.24,26.995000000000005,26.245062500000003,11.90605625,36.8975,0.0,0.0,0.0,0.0,0.0,0.0,0.0,1.5484712,1.5484712,0.3871178,0.5806767,0.0,194.0,225.0,31.0,200.2,9.919999999999993,194.0
Al20 Ce27.5 Cu25 La27.5,13.0,58.0,45.0,41.475,17.6275,57.0,13.0,73.0,60.0,38.3,26.73,13.0,26.9815386,140.116,113.13446140000002,98.01371197,45.646725333000006,138.90547,933.47,1357.77,424.3,1148.7365,128.861675,1071.0,3.0,13.0,10.0,7.0,4.4,3.0,3.0,6.0,3.0,4.9,1.21,6.0,121.0,207.0,86.0,170.225,38.8025,204.0,1.1,1.9,0.7999999999999998,1.4075,0.3272499999999999,1.1,1.0,2.0,1.0,1.75,0.375,2.0,0.0,1.0,1.0,0.2,0.32,0.0,0.0,10.0,10.0,3.05,3.475,1.0,0.0,1.0,1.0,0.275,0.39875,0.0,3.0,11.0,8.0,5.275,2.8625,3.0,0.0,1.0,1.0,0.25,0.375,0.0,0.0,5.0,5.0,1.0,1.6,0.0,0.0,9.0,9.0,4.95,4.455,9.0,0.0,13.0,13.0,3.575,5.18375,0.0,1.0,22.0,21.0,9.775,6.72375,9.0,11.07,37.24,26.17,26.451312500000004,11.67918125,36.8975,0.0,0.0,0.0,0.0,0.0,0.0,0.0,0.0,0.0,0.0,0.0,0.0,194.0,225.0,31.0,207.95,15.345,194.0
Al20 Ce30 Co20 La30,13.0,58.0,45.0,42.5,18.0,57.0,13.0,73.0,60.0,34.6,24.72,13.0,26.9815386,140.116,113.13446140000002,100.88938772,46.34561673600001,138.90547,933.47,1768.0,834.53,1219.494,219.40239999999997,1071.0,3.0,13.0,10.0,6.2,3.84,3.0,3.0,6.0,3.0,5.0,1.2,6.0,121.0,207.0,86.0,172.7,39.36000000000001,204.0,1.1,1.88,0.7799999999999998,1.364,0.3047999999999999,1.1,2.0,2.0,0.0,2.0,0.0,2.0,0.0,1.0,1.0,0.2,0.32,0.0,0.0,7.0,7.0,2.0,2.0,1.0,0.0,1.0,1.0,0.3,0.42,0.0,3.0,9.0,6.0,4.5,1.8,3.0,0.0,0.0,0.0,0.0,0.0,0.0,0.0,5.0,5.0,1.0,1.6,0.0,0.0,9.0,9.0,6.0,3.6,9.0,0.0,13.0,13.0,3.9,5.46,0.0,3.0,22.0,19.0,10.9,6.66,9.0,10.245,37.24,26.995000000000005,27.58625,11.379,36.8975,0.0,0.0,0.0,0.0,0.0,0.0,0.0,1.5484712,1.5484712,0.30969424,0.495510784,0.0,194.0,225.0,31.0,200.2,9.919999999999993,194.0
Al20 Ce30 Cu20 La30,13.0,58.0,45.0,42.9,17.52,57.0,13.0,73.0,60.0,35.8,26.16,13.0,26.9815386,140.116,113.13446140000002,101.81194872,45.23854353600001,138.90547,933.47,1357.77,424.3,1137.448,121.46,1071.0,3.0,13.0,10.0,6.6,4.32,3.0,3.0,6.0,3.0,5.0,1.2,6.0,121.0,207.0,86.0,173.9,37.92,204.0,1.1,1.9,0.7999999999999998,1.368,0.3095999999999999,1.1,1.0,2.0,1.0,1.8,0.3199999999999999,2.0,0.0,1.0,1.0,0.2,0.32,0.0,0.0,10.0,10.0,2.6,2.96,1.0,0.0,1.0,1.0,0.3,0.42,0.0,3.0,11.0,8.0,4.9,2.44,3.0,0.0,1.0,1.0,0.2,0.32,0.0,0.0,5.0,5.0,1.0,1.6,0.0,0.0,9.0,9.0,5.4,4.32,9.0,0.0,13.0,13.0,3.9,5.46,0.0,1.0,22.0,21.0,10.5,6.9,9.0,11.07,37.24,26.17,27.75125,11.181,36.8975,0.0,0.0,0.0,0.0,0.0,0.0,0.0,0.0,0.0,0.0,0.0,0.0,194.0,225.0,31.0,206.4,14.880000000000004,194.0
Al20 Ce32.5 Co15 La32.5,13.0,58.0,45.0,44.025,17.5175,57.0,13.0,73.0,60.0,32.4,23.92,13.0,26.9815386,140.116,113.13446140000002,104.91826472,44.97021136400001,138.90547,933.47,1768.0,834.53,1187.694,177.54069999999996,1071.0,3.0,13.0,10.0,5.9,3.77,3.0,3.0,6.0,3.0,5.1,1.1700000000000002,6.0,121.0,207.0,86.0,176.675,37.4725,204.0,1.1,1.88,0.7799999999999998,1.3255,0.28015,1.1,2.0,2.0,0.0,2.0,0.0,2.0,0.0,1.0,1.0,0.2,0.32,0.0,0.0,7.0,7.0,1.7,1.59,1.0,0.0,1.0,1.0,0.325,0.43875,0.0,3.0,9.0,6.0,4.225,1.4324999999999997,3.0,0.0,0.0,0.0,0.0,0.0,0.0,0.0,5.0,5.0,1.0,1.6,0.0,0.0,9.0,9.0,6.3,3.51,9.0,0.0,13.0,13.0,4.225,5.70375,0.0,3.0,22.0,19.0,11.525,6.80875,9.0,10.245,37.24,26.995000000000005,28.9274375,10.58370625,36.8975,0.0,0.0,0.0,0.0,0.0,0.0,0.0,1.5484712,1.5484712,0.2322706799999999,0.394860156,0.0,194.0,225.0,31.0,200.2,9.919999999999996,194.0
Al20 Ce32.5 Cu15 La32.5,13.0,58.0,45.0,44.325,17.1275,57.0,13.0,73.0,60.0,33.3,25.09,13.0,26.9815386,140.116,113.13446140000002,105.61018547,44.07071438900002,138.90547,933.47,1357.77,424.3,1126.1595,112.92947499999998,1071.0,3.0,13.0,10.0,6.2,4.16,3.0,3.0,6.0,3.0,5.1,1.1700000000000002,6.0,121.0,207.0,86.0,177.575,36.3025,204.0,1.1,1.9,0.7999999999999998,1.3285000000000002,0.28405,1.1,1.0,2.0,1.0,1.85,0.2549999999999999,2.0,0.0,1.0,1.0,0.2,0.32,0.0,0.0,10.0,10.0,2.15,2.355,1.0,0.0,1.0,1.0,0.325,0.43875,0.0,3.0,11.0,8.0,4.525,1.9425,3.0,0.0,1.0,1.0,0.15,0.255,0.0,0.0,5.0,5.0,1.0,1.6,0.0,0.0,9.0,9.0,5.85,4.095,9.0,0.0,13.0,13.0,4.225,5.70375,0.0,1.0,22.0,21.0,11.225,7.00375,9.0,11.07,37.24,26.17,29.0511875,10.422831250000002,36.8975,0.0,0.0,0.0,0.0,0.0,0.0,0.0,0.0,0.0,0.0,0.0,0.0,194.0,225.0,31.0,204.85,14.104999999999997,194.0
Al20 Ce35 Co10 La35,13.0,58.0,45.0,45.55,16.73,57.0,13.0,73.0,60.0,30.2,22.68,13.0,26.9815386,140.116,113.13446140000002,108.94714172,42.78903059200001,138.90547,933.47,1768.0,834.53,1155.894,148.39539999999997,1071.0,3.0,13.0,10.0,5.6,3.64,3.0,3.0,6.0,3.0,5.2,1.12,6.0,121.0,207.0,86.0,180.65,34.79,204.0,1.1,1.88,0.7799999999999998,1.287,0.2477999999999999,1.1,2.0,2.0,0.0,2.0,0.0,2.0,0.0,1.0,1.0,0.2,0.32,0.0,0.0,7.0,7.0,1.4,1.12,1.0,0.0,1.0,1.0,0.35,0.455,0.0,3.0,9.0,6.0,3.95,1.045,3.0,0.0,0.0,0.0,0.0,0.0,0.0,0.0,5.0,5.0,1.0,1.6,0.0,0.0,9.0,9.0,6.6,3.36,9.0,0.0,13.0,13.0,4.55,5.915,0.0,3.0,22.0,19.0,12.15,6.895,9.0,10.245,37.24,26.995000000000005,30.268625,9.520175000000002,36.8975,0.0,0.0,0.0,0.0,0.0,0.0,0.0,1.5484712,1.5484712,0.15484712,0.278724816,0.0,194.0,225.0,31.0,200.2,9.919999999999993,194.0
Al20 Ce60 Co20,13.0,58.0,45.0,42.8,18.24,58.0,15.0,73.0,58.0,35.2,24.24,15.0,26.9815386,140.116,113.13446140000002,101.25254672,46.63614393600001,140.116,933.47,1768.0,834.53,1182.894,234.0424,1071.0,3.0,13.0,10.0,6.2,3.84,3.0,3.0,6.0,3.0,5.0,1.2,6.0,121.0,204.0,83.0,171.8,38.64,204.0,1.12,1.88,0.7599999999999998,1.37,0.3,1.12,2.0,2.0,0.0,2.0,0.0,2.0,0.0,1.0,1.0,0.2,0.32,0.0,0.0,7.0,7.0,2.0,2.0,1.0,0.0,1.0,1.0,0.6,0.48,1.0,3.0,9.0,6.0,4.8,1.68,4.0,0.0,0.0,0.0,0.0,0.0,0.0,0.0,5.0,5.0,1.0,1.6,0.0,0.0,9.0,9.0,6.0,3.6,9.0,0.0,13.0,13.0,7.8,6.24,13.0,3.0,22.0,19.0,14.8,8.64,22.0,10.245,37.24,26.995000000000005,27.689,11.461200000000003,37.24,0.0,0.0,0.0,0.0,0.0,0.0,0.0,1.5484712,1.5484712,0.30969424,0.495510784,0.0,194.0,225.0,31.0,200.2,9.919999999999993,194.0
Al20 Ce60 Cu20,13.0,58.0,45.0,43.2,17.759999999999998,58.0,15.0,73.0,58.0,36.4,25.68,15.0,26.9815386,140.116,113.13446140000002,102.17510772,45.529070736,140.116,933.47,1357.77,424.3,1100.848,102.76879999999996,1071.0,3.0,13.0,10.0,6.6,4.32,3.0,3.0,6.0,3.0,5.0,1.2,6.0,121.0,204.0,83.0,173.0,37.2,204.0,1.12,1.9,0.7799999999999998,1.374,0.3047999999999999,1.12,1.0,2.0,1.0,1.8,0.3199999999999999,2.0,0.0,1.0,1.0,0.2,0.32,0.0,0.0,10.0,10.0,2.6,2.96,1.0,0.0,1.0,1.0,0.6,0.48,1.0,3.0,11.0,8.0,5.2,2.32,4.0,0.0,1.0,1.0,0.2,0.32,0.0,0.0,5.0,5.0,1.0,1.6,0.0,0.0,9.0,9.0,5.4,4.32,9.0,0.0,13.0,13.0,7.8,6.24,13.0,1.0,22.0,21.0,14.4,9.12,22.0,11.07,37.24,26.17,27.854,11.2632,37.24,0.0,0.0,0.0,0.0,0.0,0.0,0.0,0.0,0.0,0.0,0.0,0.0,194.0,225.0,31.0,206.4,14.88,194.0
Al20 Co20 Gd60,13.0,64.0,51.0,46.4,21.12,64.0,27.0,73.0,46.0,42.4,18.48,27.0,26.9815386,157.25,130.2684614,111.53294672,54.860463936,157.25,933.47,1768.0,834.53,1491.894,223.3696,1586.0,3.0,13.0,10.0,6.2,3.84,3.0,3.0,6.0,3.0,5.0,1.2,6.0,121.0,196.0,75.0,167.0,34.8,196.0,1.2,1.88,0.6799999999999999,1.418,0.2616,1.2,2.0,2.0,0.0,2.0,0.0,2.0,0.0,1.0,1.0,0.2,0.32,0.0,0.0,7.0,7.0,2.0,2.0,1.0,0.0,7.0,7.0,4.2,3.36,7.0,3.0,10.0,7.0,8.4,2.16,10.0,0.0,0.0,0.0,0.0,0.0,0.0,0.0,5.0,5.0,1.0,1.6,0.0,0.0,9.0,9.0,6.0,3.6,9.0,0.0,7.0,7.0,4.2,3.36,7.0,3.0,16.0,13.0,11.2,5.76,16.0,10.245,32.05,21.805,24.575,8.969999999999999,32.05,0.0,0.0,0.0,0.0,0.0,0.0,0.0,1.5484712,1.5484712,0.30969424,0.495510784,0.0,194.0,225.0,31.0,200.2,9.919999999999993,194.0
Al20 Co25 Zr55,13.0,40.0,27.0,31.35,9.515,40.0,44.0,73.0,29.0,53.3,10.23,44.0,26.9815386,91.224,64.2424614,70.30280647000001,23.013312883,91.224,933.47,2128.0,1194.53,1799.094,361.7966,2128.0,4.0,13.0,9.0,7.05,3.355,4.0,3.0,5.0,2.0,4.35,0.715,5.0,121.0,175.0,54.0,151.95,25.355,175.0,1.33,1.88,0.5499999999999998,1.5235000000000003,0.21285,1.33,2.0,2.0,0.0,2.0,0.0,2.0,0.0,1.0,1.0,0.2,0.32,0.0,0.0,7.0,7.0,2.85,2.075,2.0,0.0,0.0,0.0,0.0,0.0,0.0,3.0,9.0,6.0,5.05,1.975,4.0,0.0,0.0,0.0,0.0,0.0,0.0,0.0,5.0,5.0,1.0,1.6,0.0,0.0,8.0,8.0,5.15,3.135,8.0,0.0,0.0,0.0,0.0,0.0,0.0,3.0,8.0,5.0,6.15,2.035,8.0,10.245,23.195,12.95,18.6145,5.03855,23.195,0.0,0.0,0.0,0.0,0.0,0.0,0.0,1.5484712,1.5484712,0.3871178,0.5806767,0.0,194.0,225.0,31.0,200.2,9.919999999999993,194.0
Al20 Co25 Zr55,13.0,40.0,27.0,31.35,9.515,40.0,44.0,73.0,29.0,53.3,10.23,44.0,26.9815386,91.224,64.2424614,70.30280647000001,23.013312883,91.224,933.47,2128.0,1194.53,1799.094,361.7966,2128.0,4.0,13.0,9.0,7.05,3.355,4.0,3.0,5.0,2.0,4.35,0.715,5.0,121.0,175.0,54.0,151.95,25.355,175.0,1.33,1.88,0.5499999999999998,1.5235000000000003,0.21285,1.33,2.0,2.0,0.0,2.0,0.0,2.0,0.0,1.0,1.0,0.2,0.32,0.0,0.0,7.0,7.0,2.85,2.075,2.0,0.0,0.0,0.0,0.0,0.0,0.0,3.0,9.0,6.0,5.05,1.975,4.0,0.0,0.0,0.0,0.0,0.0,0.0,0.0,5.0,5.0,1.0,1.6,0.0,0.0,8.0,8.0,5.15,3.135,8.0,0.0,0.0,0.0,0.0,0.0,0.0,3.0,8.0,5.0,6.15,2.035,8.0,10.245,23.195,12.95,18.6145,5.03855,23.195,0.0,0.0,0.0,0.0,0.0,0.0,0.0,1.5484712,1.5484712,0.3871178,0.5806767,0.0,194.0,225.0,31.0,200.2,9.919999999999993,194.0
Al20 Cu20 La60,13.0,57.0,44.0,42.6,17.28,57.0,13.0,73.0,60.0,35.2,26.64,13.0,26.9815386,138.90547,111.9239314,101.44878972,44.948016336,138.90547,933.47,1357.77,424.3,1174.048,96.2312,1193.0,3.0,13.0,10.0,6.6,4.32,3.0,3.0,6.0,3.0,5.0,1.2,6.0,121.0,207.0,86.0,174.8,38.64,207.0,1.1,1.9,0.7999999999999998,1.362,0.3143999999999999,1.1,1.0,2.0,1.0,1.8,0.3199999999999999,2.0,0.0,1.0,1.0,0.2,0.32,0.0,0.0,10.0,10.0,2.6,2.96,1.0,0.0,0.0,0.0,0.0,0.0,0.0,3.0,11.0,8.0,4.6,2.56,3.0,0.0,1.0,1.0,0.2,0.32,0.0,0.0,5.0,5.0,1.0,1.6,0.0,0.0,9.0,9.0,5.4,4.32,9.0,0.0,0.0,0.0,0.0,0.0,0.0,1.0,9.0,8.0,6.6,2.88,9.0,11.07,36.8975,25.8275,27.6485,11.0988,36.8975,0.0,0.0,0.0,0.0,0.0,0.0,0.0,0.0,0.0,0.0,0.0,0.0,194.0,225.0,31.0,206.4,14.88,194.0
Al20 Gd55 Mn3 Ni22,13.0,64.0,51.0,44.71,21.219,64.0,27.0,73.0,46.0,44.43,19.173,27.0,26.9815386,157.25,130.2684614,106.44449707,55.886053223,157.25,933.47,1728.0,794.53,1484.724,220.5016,1586.0,3.0,13.0,10.0,6.66,4.026,3.0,3.0,6.0,3.0,4.9,1.21,6.0,121.0,196.0,75.0,163.45,35.805,196.0,1.2,1.91,0.71,1.4487,0.2735700000000001,1.2,2.0,2.0,0.0,2.0,0.0,2.0,0.0,1.0,1.0,0.2,0.32,0.0,0.0,8.0,8.0,2.46,2.59,1.0,0.0,7.0,7.0,3.85,3.465,7.0,3.0,10.0,7.0,8.51,2.2946,10.0,0.0,0.0,0.0,0.0,0.0,0.0,0.0,5.0,5.0,1.0,1.6,0.0,0.0,9.0,9.0,5.54,3.806,9.0,0.0,7.0,7.0,3.85,3.465,7.0,2.0,16.0,14.0,10.39,6.171,16.0,10.32,32.05,21.73,23.508527586206995,9.395619655172297,32.05,0.0,0.0,0.0,0.0,0.0,0.0,0.0,0.5953947,0.5953947,0.1309961376206896,0.2043353674468965,0.0,194.0,225.0,31.0,207.71,15.081,194.0
Al20 Gd60 Ni20,13.0,64.0,51.0,46.6,20.88,64.0,27.0,73.0,46.0,43.0,19.2,27.0,26.9815386,157.25,130.2684614,111.48498772,54.918014736,157.25,933.47,1728.0,794.53,1483.894,220.1696,1586.0,3.0,13.0,10.0,6.4,4.08,3.0,3.0,6.0,3.0,5.0,1.2,6.0,121.0,196.0,75.0,166.6,35.28,196.0,1.2,1.91,0.71,1.4240000000000002,0.2688,1.2,2.0,2.0,0.0,2.0,0.0,2.0,0.0,1.0,1.0,0.2,0.32,0.0,0.0,8.0,8.0,2.2,2.32,1.0,0.0,7.0,7.0,4.2,3.36,7.0,3.0,10.0,7.0,8.6,2.24,10.0,0.0,0.0,0.0,0.0,0.0,0.0,0.0,5.0,5.0,1.0,1.6,0.0,0.0,9.0,9.0,5.8,3.84,9.0,0.0,7.0,7.0,4.2,3.36,7.0,2.0,16.0,14.0,11.0,6.0,16.0,10.32,32.05,21.73,24.59,8.951999999999998,32.05,0.0,0.0,0.0,0.0,0.0,0.0,0.0,0.5953947,0.5953947,0.11907894,0.190526304,0.0,194.0,225.0,31.0,206.4,14.88,194.0
Al24 Co10 Ni10 Sc20 Y36,13.0,39.0,26.0,26.86,8.9968,39.0,11.0,73.0,62.0,35.94,27.2128,12.0,26.9815386,88.90585,61.9243114,59.235517164,21.362639641920005,88.90585,933.47,1814.0,880.53,1584.0728,312.289344,1799.0,3.0,13.0,10.0,6.7,4.144,3.0,3.0,5.0,2.0,4.12,0.6336,5.0,121.0,190.0,69.0,156.44,29.587200000000003,190.0,1.22,1.91,0.69,1.4766,0.231392,1.22,2.0,2.0,0.0,2.0,0.0,2.0,0.0,1.0,1.0,0.24,0.3648,0.0,0.0,8.0,8.0,2.06,2.176,1.0,0.0,0.0,0.0,0.0,0.0,0.0,3.0,10.0,7.0,4.3,2.08,3.0,0.0,0.0,0.0,0.0,0.0,0.0,0.0,5.0,5.0,1.2,1.824,0.0,0.0,9.0,9.0,5.54,3.8752,9.0,0.0,0.0,0.0,0.0,0.0,0.0,2.0,9.0,7.0,6.74,2.5312,9.0,10.245,32.365,22.120000000000005,22.110100000000003,7.433488,32.365,0.0,0.0,0.0,0.0,0.0,0.0,0.0,1.5484712,1.5484712,0.21438786,0.3430180360000001,0.0,194.0,225.0,31.0,204.54,13.912799999999995,194.0
Al24 Co20 Sc20 Y36,13.0,39.0,26.0,26.76,8.9088,39.0,11.0,73.0,62.0,35.64,26.8768,12.0,26.9815386,88.90585,61.9243114,59.259496664,21.34537440192,88.90585,933.47,1814.0,880.53,1588.0728,314.20934400000004,1799.0,3.0,13.0,10.0,6.6,4.032,3.0,3.0,5.0,2.0,4.12,0.6335999999999999,5.0,121.0,190.0,69.0,156.64,29.363200000000003,190.0,1.22,1.88,0.6599999999999999,1.4736000000000002,0.228032,1.22,2.0,2.0,0.0,2.0,0.0,2.0,0.0,1.0,1.0,0.24,0.3648,0.0,0.0,7.0,7.0,1.96,2.016,1.0,0.0,0.0,0.0,0.0,0.0,0.0,3.0,9.0,6.0,4.2,1.92,3.0,0.0,0.0,0.0,0.0,0.0,0.0,0.0,5.0,5.0,1.2,1.824,0.0,0.0,9.0,9.0,5.64,3.7632,9.0,0.0,0.0,0.0,0.0,0.0,0.0,3.0,9.0,6.0,6.84,2.4192,9.0,10.245,32.365,22.120000000000005,22.1026,7.441888000000001,32.365,0.0,0.0,0.0,0.0,0.0,0.0,0.0,1.5484712,1.5484712,0.30969551,0.4955102759999999,0.0,194.0,225.0,31.0,201.44,11.308799999999998,194.0
Al24 Co20 Sc20 Y36,13.0,39.0,26.0,26.76,8.9088,39.0,11.0,73.0,62.0,35.64,26.8768,12.0,26.9815386,88.90585,61.9243114,59.259496664,21.34537440192,88.90585,933.47,1814.0,880.53,1588.0728,314.20934400000004,1799.0,3.0,13.0,10.0,6.6,4.032,3.0,3.0,5.0,2.0,4.12,0.6335999999999999,5.0,121.0,190.0,69.0,156.64,29.363200000000003,190.0,1.22,1.88,0.6599999999999999,1.4736000000000002,0.228032,1.22,2.0,2.0,0.0,2.0,0.0,2.0,0.0,1.0,1.0,0.24,0.3648,0.0,0.0,7.0,7.0,1.96,2.016,1.0,0.0,0.0,0.0,0.0,0.0,0.0,3.0,9.0,6.0,4.2,1.92,3.0,0.0,0.0,0.0,0.0,0.0,0.0,0.0,5.0,5.0,1.2,1.824,0.0,0.0,9.0,9.0,5.64,3.7632,9.0,0.0,0.0,0.0,0.0,0.0,0.0,3.0,9.0,6.0,6.84,2.4192,9.0,10.245,32.365,22.120000000000005,22.1026,7.441888000000001,32.365,0.0,0.0,0.0,0.0,0.0,0.0,0.0,1.5484712,1.5484712,0.30969551,0.4955102759999999,0.0,194.0,225.0,31.0,201.44,11.308799999999998,194.0
Al24 Co20 Y56,13.0,39.0,26.0,30.36,9.6768,39.0,12.0,73.0,61.0,35.84,26.7008,12.0,26.9815386,88.90585,61.9243114,68.049484264,23.359129624320005,88.90585,933.47,1799.0,865.53,1585.0728,312.76934400000005,1799.0,3.0,13.0,10.0,6.6,4.032,3.0,3.0,5.0,2.0,4.32,0.7615999999999999,5.0,121.0,190.0,69.0,160.64,32.8832,190.0,1.22,1.88,0.6599999999999999,1.4456,0.252672,1.22,2.0,2.0,0.0,2.0,0.0,2.0,0.0,1.0,1.0,0.24,0.3648,0.0,0.0,7.0,7.0,1.96,2.016,1.0,0.0,0.0,0.0,0.0,0.0,0.0,3.0,9.0,6.0,4.2,1.9200000000000004,3.0,0.0,0.0,0.0,0.0,0.0,0.0,0.0,5.0,5.0,1.2,1.824,0.0,0.0,9.0,9.0,5.64,3.7632,9.0,0.0,0.0,0.0,0.0,0.0,0.0,3.0,9.0,6.0,6.84,2.4192,9.0,10.245,32.365,22.120000000000005,24.1286,9.224768,32.365,0.0,0.0,0.0,0.0,0.0,0.0,0.0,1.5484712,1.5484712,0.30969424,0.495510784,0.0,194.0,225.0,31.0,201.44,11.308799999999998,194.0
Al25 Ce27.5 Co20 La27.5,13.0,58.0,45.0,40.275,18.9475,57.0,13.0,73.0,60.0,37.55,25.905,13.0,26.9815386,140.116,113.13446140000002,95.2629279,48.67258781000001,138.90547,933.47,1768.0,834.53,1209.5675,223.37300000000008,1071.0,3.0,13.0,10.0,6.7,4.07,3.0,3.0,6.0,3.0,4.85,1.265,6.0,121.0,207.0,86.0,168.475,40.7275,204.0,1.1,1.88,0.7799999999999998,1.389,0.3068999999999999,1.1,2.0,2.0,0.0,2.0,0.0,2.0,0.0,1.0,1.0,0.25,0.375,0.0,0.0,7.0,7.0,1.95,2.02,1.0,0.0,1.0,1.0,0.275,0.39875,0.0,3.0,9.0,6.0,4.475,1.81,3.0,0.0,0.0,0.0,0.0,0.0,0.0,0.0,5.0,5.0,1.25,1.875,0.0,0.0,9.0,9.0,5.55,3.795,9.0,0.0,13.0,13.0,3.575,5.18375,0.0,3.0,22.0,19.0,10.375,6.39375,9.0,10.245,37.24,26.995000000000005,26.5568125,11.56313125,36.8975,0.0,0.0,0.0,0.0,0.0,0.0,0.0,1.5484712,1.5484712,0.30969424,0.4955107839999999,0.0,194.0,225.0,31.0,201.75,11.625,194.0
Al25 Ce27.5 Cu20 La27.5,13.0,58.0,45.0,40.675,18.5075,57.0,13.0,73.0,60.0,38.75,27.225,13.0,26.9815386,140.116,113.13446140000002,96.1854889,47.65777071,138.90547,933.47,1357.77,424.3,1127.5214999999998,128.112575,1071.0,3.0,13.0,10.0,7.1,4.51,3.0,3.0,6.0,3.0,4.85,1.265,6.0,121.0,207.0,86.0,169.675,39.4075,204.0,1.1,1.9,0.7999999999999998,1.393,0.3112999999999999,1.1,1.0,2.0,1.0,1.8,0.32,2.0,0.0,1.0,1.0,0.25,0.375,0.0,0.0,10.0,10.0,2.55,2.98,1.0,0.0,1.0,1.0,0.275,0.39875,0.0,3.0,11.0,8.0,4.875,2.45,3.0,0.0,1.0,1.0,0.2,0.32,0.0,0.0,5.0,5.0,1.25,1.875,0.0,0.0,9.0,9.0,4.95,4.455,9.0,0.0,13.0,13.0,3.575,5.18375,0.0,1.0,22.0,21.0,9.975,6.61375,9.0,11.07,37.24,26.17,26.7218125,11.38163125,36.8975,0.0,0.0,0.0,0.0,0.0,0.0,0.0,0.0,0.0,0.0,0.0,0.0,194.0,225.0,31.0,207.95,15.345,194.0
Al25 Ce30 Co15 La30,13.0,58.0,45.0,41.8,18.84,57.0,13.0,73.0,60.0,35.35,25.62,13.0,26.9815386,140.116,113.13446140000002,99.2918049,48.262716120000015,138.90547,933.47,1768.0,834.53,1177.7675,186.20925,1071.0,3.0,13.0,10.0,6.4,4.08,3.0,3.0,6.0,3.0,4.95,1.26,6.0,121.0,207.0,86.0,172.45,39.66,204.0,1.1,1.88,0.7799999999999998,1.3505,0.2885999999999999,1.1,2.0,2.0,0.0,2.0,0.0,2.0,0.0,1.0,1.0,0.25,0.375,0.0,0.0,7.0,7.0,1.65,1.605,1.0,0.0,1.0,1.0,0.3,0.42,0.0,3.0,9.0,6.0,4.2,1.44,3.0,0.0,0.0,0.0,0.0,0.0,0.0,0.0,5.0,5.0,1.25,1.875,0.0,0.0,9.0,9.0,5.85,3.78,9.0,0.0,13.0,13.0,3.9,5.46,0.0,3.0,22.0,19.0,11.0,6.6,9.0,10.245,37.24,26.995000000000005,27.898000000000003,11.0049,36.8975,0.0,0.0,0.0,0.0,0.0,0.0,0.0,1.5484712,1.5484712,0.2322706799999999,0.3948601559999999,0.0,194.0,225.0,31.0,201.75,11.625,194.0
Al25 Ce30 Cu15 La30,13.0,58.0,45.0,42.1,18.48,57.0,13.0,73.0,60.0,36.25,26.7,13.0,26.9815386,140.116,113.13446140000002,99.98372565,47.432411220000006,138.90547,933.47,1357.77,424.3,1116.233,118.5213,1071.0,3.0,13.0,10.0,6.7,4.44,3.0,3.0,6.0,3.0,4.95,1.26,6.0,121.0,207.0,86.0,173.35,38.58,204.0,1.1,1.9,0.7999999999999998,1.3535,0.2921999999999999,1.1,1.0,2.0,1.0,1.85,0.2549999999999999,2.0,0.0,1.0,1.0,0.25,0.375,0.0,0.0,10.0,10.0,2.1,2.37,1.0,0.0,1.0,1.0,0.3,0.42,0.0,3.0,11.0,8.0,4.5,1.95,3.0,0.0,1.0,1.0,0.15,0.255,0.0,0.0,5.0,5.0,1.25,1.875,0.0,0.0,9.0,9.0,5.4,4.32,9.0,0.0,13.0,13.0,3.9,5.46,0.0,1.0,22.0,21.0,10.7,6.78,9.0,11.07,37.24,26.17,28.02175,10.8564,36.8975,0.0,0.0,0.0,0.0,0.0,0.0,0.0,0.0,0.0,0.0,0.0,0.0,194.0,225.0,31.0,206.4,14.880000000000004,194.0
Al25 Ce32.5 Co10 La32.5,13.0,58.0,45.0,43.325,18.4275,57.0,13.0,73.0,60.0,33.15,24.895,13.0,26.9815386,140.116,113.13446140000002,103.3206819,47.04706903,138.90547,933.47,1768.0,834.53,1145.9675,154.977625,1071.0,3.0,13.0,10.0,6.1,4.03,3.0,3.0,6.0,3.0,5.05,1.235,6.0,121.0,207.0,86.0,176.425,37.79749999999999,204.0,1.1,1.88,0.7799999999999998,1.3119999999999998,0.2625999999999999,1.1,2.0,2.0,0.0,2.0,0.0,2.0,0.0,1.0,1.0,0.25,0.375,0.0,0.0,7.0,7.0,1.35,1.13,1.0,0.0,1.0,1.0,0.325,0.43875,0.0,3.0,9.0,6.0,3.925,1.06375,3.0,0.0,0.0,0.0,0.0,0.0,0.0,0.0,5.0,5.0,1.25,1.875,0.0,0.0,9.0,9.0,6.15,3.705,9.0,0.0,13.0,13.0,4.225,5.70375,0.0,3.0,22.0,19.0,11.625,6.74375,9.0,10.245,37.24,26.995000000000005,29.2391875,10.178431250000004,36.8975,0.0,0.0,0.0,0.0,0.0,0.0,0.0,1.5484712,1.5484712,0.15484712,0.278724816,0.0,194.0,225.0,31.0,201.75,11.625,194.0
Al25 Ce35 Co5 La35,13.0,58.0,45.0,44.85,17.71,57.0,13.0,73.0,60.0,30.95,23.73,13.0,26.9815386,140.116,113.13446140000002,107.3495589,45.02564654,138.90547,933.47,1768.0,834.53,1114.1675,120.566,1071.0,3.0,13.0,10.0,5.8,3.92,3.0,3.0,6.0,3.0,5.15,1.19,6.0,121.0,207.0,86.0,180.4,35.14,204.0,1.1,1.88,0.7799999999999998,1.2735,0.2288999999999999,1.1,2.0,2.0,0.0,2.0,0.0,2.0,0.0,1.0,1.0,0.25,0.375,0.0,0.0,7.0,7.0,1.05,0.595,1.0,0.0,1.0,1.0,0.35,0.455,0.0,3.0,9.0,6.0,3.65,0.78,3.0,0.0,0.0,0.0,0.0,0.0,0.0,0.0,5.0,5.0,1.25,1.875,0.0,0.0,9.0,9.0,6.45,3.57,9.0,0.0,13.0,13.0,4.55,5.915,0.0,3.0,22.0,19.0,12.25,6.825,9.0,10.245,37.24,26.995000000000005,30.580375000000004,9.083725,36.8975,0.0,0.0,0.0,0.0,0.0,0.0,0.0,1.5484712,1.5484712,0.07742356,0.147104764,0.0,194.0,225.0,31.0,201.75,11.625,194.0
Al25 Ce55 Cu20,13.0,58.0,45.0,40.95,18.755,58.0,15.0,73.0,58.0,39.3,26.73,15.0,26.9815386,140.116,113.13446140000002,96.51838465,47.95737688500001,140.116,933.47,1357.77,424.3,1093.9715,105.51939999999992,1071.0,3.0,13.0,10.0,7.1,4.51,3.0,3.0,6.0,3.0,4.85,1.265,6.0,121.0,204.0,83.0,168.85,38.665,204.0,1.12,1.9,0.7799999999999998,1.3985000000000003,0.3063499999999999,1.12,1.0,2.0,1.0,1.8,0.3199999999999999,2.0,0.0,1.0,1.0,0.25,0.375,0.0,0.0,10.0,10.0,2.55,2.98,1.0,0.0,1.0,1.0,0.55,0.495,1.0,3.0,11.0,8.0,5.15,2.3400000000000003,4.0,0.0,1.0,1.0,0.2,0.32,0.0,0.0,5.0,5.0,1.25,1.875,0.0,0.0,9.0,9.0,4.95,4.455,9.0,0.0,13.0,13.0,7.15,6.435,13.0,1.0,22.0,21.0,13.55,9.295,22.0,11.07,37.24,26.17,26.816000000000003,11.4664,37.24,0.0,0.0,0.0,0.0,0.0,0.0,0.0,0.0,0.0,0.0,0.0,0.0,194.0,225.0,31.0,207.95,15.344999999999995,194.0
Al25 Co15 Gd60,13.0,64.0,51.0,45.7,21.96,64.0,27.0,73.0,46.0,43.15,19.38,27.0,26.9815386,157.25,130.2684614,109.9353639,56.777563320000006,157.25,933.47,1768.0,834.53,1450.1675,258.34875,1586.0,3.0,13.0,10.0,6.4,4.08,3.0,3.0,6.0,3.0,4.95,1.26,6.0,121.0,196.0,75.0,166.75,35.1,196.0,1.2,1.88,0.6799999999999999,1.4045,0.2453999999999999,1.2,2.0,2.0,0.0,2.0,0.0,2.0,0.0,1.0,1.0,0.25,0.375,0.0,0.0,7.0,7.0,1.65,1.605,1.0,0.0,7.0,7.0,4.2,3.36,7.0,3.0,10.0,7.0,8.1,2.5500000000000003,10.0,0.0,0.0,0.0,0.0,0.0,0.0,0.0,5.0,5.0,1.25,1.875,0.0,0.0,9.0,9.0,5.85,3.78,9.0,0.0,7.0,7.0,4.2,3.36,7.0,3.0,16.0,13.0,11.3,5.64,16.0,10.245,32.05,21.805,24.88675,8.595899999999999,32.05,0.0,0.0,0.0,0.0,0.0,0.0,0.0,1.5484712,1.5484712,0.2322706799999999,0.394860156,0.0,194.0,225.0,31.0,201.75,11.625,194.0
Al25 Co5 Cu10 La55 Ni5,13.0,57.0,44.0,40.25,18.425,57.0,13.0,73.0,60.0,37.75,27.225,13.0,26.9815386,138.90547,111.9239314,95.3793229,47.87876181000001,138.90547,933.47,1768.0,834.53,1200.0945,141.11619999999996,1193.0,3.0,13.0,10.0,6.95,4.345,3.0,3.0,6.0,3.0,4.85,1.265,6.0,121.0,207.0,86.0,169.8,40.92,207.0,1.1,1.91,0.8099999999999998,1.3870000000000002,0.3157,1.1,1.0,2.0,1.0,1.9,0.18,2.0,0.0,1.0,1.0,0.25,0.375,0.0,0.0,10.0,10.0,2.3,2.58,1.0,0.0,0.0,0.0,0.0,0.0,0.0,3.0,11.0,8.0,4.45,2.32,3.0,0.0,1.0,1.0,0.1,0.18,0.0,0.0,5.0,5.0,1.25,1.875,0.0,0.0,9.0,9.0,5.2,4.18,9.0,0.0,0.0,0.0,0.0,0.0,0.0,1.0,9.0,8.0,6.55,2.695,9.0,10.245,36.8975,26.652500000000003,26.548875,11.3834875,36.8975,0.0,0.0,0.0,0.0,0.0,0.0,0.0,1.5484712,1.5484712,0.107193295,0.192947931,0.0,194.0,225.0,31.0,206.4,14.88,194.0
Al25 Cu10 La55 Ni10,13.0,57.0,44.0,40.3,18.37,57.0,13.0,73.0,60.0,37.9,27.39,13.0,26.9815386,138.90547,111.9239314,95.36733315,47.89195053500001,138.90547,933.47,1728.0,794.53,1198.0945,137.91619999999995,1193.0,3.0,13.0,10.0,7.0,4.4,3.0,3.0,6.0,3.0,4.85,1.265,6.0,121.0,207.0,86.0,169.7,41.03,207.0,1.1,1.91,0.8099999999999998,1.3884999999999998,0.3173499999999999,1.1,1.0,2.0,1.0,1.9,0.18,2.0,0.0,1.0,1.0,0.25,0.375,0.0,0.0,10.0,10.0,2.35,2.66,1.0,0.0,0.0,0.0,0.0,0.0,0.0,3.0,11.0,8.0,4.5,2.4,3.0,0.0,1.0,1.0,0.1,0.18,0.0,0.0,5.0,5.0,1.25,1.875,0.0,0.0,9.0,9.0,5.15,4.235,9.0,0.0,0.0,0.0,0.0,0.0,0.0,1.0,9.0,8.0,6.5,2.75,9.0,10.32,36.8975,26.5775,26.552625,11.3793625,36.8975,0.0,0.0,0.0,0.0,0.0,0.0,0.0,0.5953947,0.5953947,0.05953947,0.107171046,0.0,194.0,225.0,31.0,207.95,15.345,194.0
Al25 Cu20 La55,13.0,57.0,44.0,40.4,18.26,57.0,13.0,73.0,60.0,38.2,27.72,13.0,26.9815386,138.90547,111.9239314,95.85259315000002,47.35816453500001,138.90547,933.47,1357.77,424.3,1161.0715,113.80075,1193.0,3.0,13.0,10.0,7.1,4.51,3.0,3.0,6.0,3.0,4.85,1.265,6.0,121.0,207.0,86.0,170.5,40.15,207.0,1.1,1.9,0.7999999999999998,1.3875,0.31625,1.1,1.0,2.0,1.0,1.8,0.32,2.0,0.0,1.0,1.0,0.25,0.375,0.0,0.0,10.0,10.0,2.55,2.98,1.0,0.0,0.0,0.0,0.0,0.0,0.0,3.0,11.0,8.0,4.6,2.56,3.0,0.0,1.0,1.0,0.2,0.32,0.0,0.0,5.0,5.0,1.25,1.875,0.0,0.0,9.0,9.0,4.95,4.455,9.0,0.0,0.0,0.0,0.0,0.0,0.0,1.0,9.0,8.0,6.4,2.86,9.0,11.07,36.8975,25.8275,26.627625,11.2968625,36.8975,0.0,0.0,0.0,0.0,0.0,0.0,0.0,0.0,0.0,0.0,0.0,0.0,194.0,225.0,31.0,207.95,15.344999999999995,194.0
Al25 Cu20 La55,13.0,57.0,44.0,40.4,18.26,57.0,13.0,73.0,60.0,38.2,27.72,13.0,26.9815386,138.90547,111.9239314,95.85259315000002,47.35816453500001,138.90547,933.47,1357.77,424.3,1161.0715,113.80075,1193.0,3.0,13.0,10.0,7.1,4.51,3.0,3.0,6.0,3.0,4.85,1.265,6.0,121.0,207.0,86.0,170.5,40.15,207.0,1.1,1.9,0.7999999999999998,1.3875,0.31625,1.1,1.0,2.0,1.0,1.8,0.32,2.0,0.0,1.0,1.0,0.25,0.375,0.0,0.0,10.0,10.0,2.55,2.98,1.0,0.0,0.0,0.0,0.0,0.0,0.0,3.0,11.0,8.0,4.6,2.56,3.0,0.0,1.0,1.0,0.2,0.32,0.0,0.0,5.0,5.0,1.25,1.875,0.0,0.0,9.0,9.0,4.95,4.455,9.0,0.0,0.0,0.0,0.0,0.0,0.0,1.0,9.0,8.0,6.4,2.86,9.0,11.07,36.8975,25.8275,26.627625,11.2968625,36.8975,0.0,0.0,0.0,0.0,0.0,0.0,0.0,0.0,0.0,0.0,0.0,0.0,194.0,225.0,31.0,207.95,15.344999999999995,194.0
Al25 Gd60 Ni15,13.0,64.0,51.0,45.85,21.78,64.0,27.0,73.0,46.0,43.6,19.92,27.0,26.9815386,157.25,130.2684614,109.89939465,56.82072642000001,157.25,933.47,1728.0,794.53,1444.1675,255.34875,1586.0,3.0,13.0,10.0,6.55,4.26,3.0,3.0,6.0,3.0,4.95,1.26,6.0,121.0,196.0,75.0,166.45,35.46,196.0,1.2,1.91,0.71,1.409,0.2508000000000001,1.2,2.0,2.0,0.0,2.0,0.0,2.0,0.0,1.0,1.0,0.25,0.375,0.0,0.0,8.0,8.0,1.8,1.86,1.0,0.0,7.0,7.0,4.2,3.36,7.0,3.0,10.0,7.0,8.25,2.625,10.0,0.0,0.0,0.0,0.0,0.0,0.0,0.0,5.0,5.0,1.25,1.875,0.0,0.0,9.0,9.0,5.7,3.96,9.0,0.0,7.0,7.0,4.2,3.36,7.0,2.0,16.0,14.0,11.15,5.82,16.0,10.32,32.05,21.73,24.898000000000003,8.582399999999998,32.05,0.0,0.0,0.0,0.0,0.0,0.0,0.0,0.5953947,0.5953947,0.089309205,0.1518256485,0.0,194.0,225.0,31.0,206.4,14.88,194.0
Al25 La55 Ni20,13.0,57.0,44.0,40.2,18.48,57.0,13.0,73.0,60.0,37.6,27.06,13.0,26.9815386,138.90547,111.9239314,94.88207315,48.425736535000006,138.90547,933.47,1728.0,794.53,1235.1175,197.153,1193.0,3.0,13.0,10.0,6.9,4.29,3.0,3.0,6.0,3.0,4.85,1.265,6.0,121.0,207.0,86.0,168.9,41.91,207.0,1.1,1.91,0.8099999999999998,1.3895,0.3184499999999999,1.1,2.0,2.0,0.0,2.0,0.0,2.0,0.0,1.0,1.0,0.25,0.375,0.0,0.0,8.0,8.0,2.15,2.34,1.0,0.0,0.0,0.0,0.0,0.0,0.0,3.0,10.0,7.0,4.4,2.24,3.0,0.0,0.0,0.0,0.0,0.0,0.0,0.0,5.0,5.0,1.25,1.875,0.0,0.0,9.0,9.0,5.35,4.015,9.0,0.0,0.0,0.0,0.0,0.0,0.0,2.0,9.0,7.0,6.6,2.64,9.0,10.32,36.8975,26.5775,26.477625000000003,11.4618625,36.8975,0.0,0.0,0.0,0.0,0.0,0.0,0.0,0.5953947,0.5953947,0.11907894,0.190526304,0.0,194.0,225.0,31.0,207.95,15.344999999999995,194.0
Al27 Co20 Gd53,13.0,64.0,51.0,42.83,22.4402,64.0,27.0,73.0,46.0,45.62,19.7372,27.0,26.9815386,157.25,130.2684614,102.414154422,58.12599631268,157.25,933.47,1768.0,834.53,1446.2169,276.88332599999995,1586.0,3.0,13.0,10.0,6.9,4.134,3.0,3.0,6.0,3.0,4.79,1.2826,6.0,121.0,196.0,75.0,161.75,36.305,196.0,1.2,1.88,0.6799999999999999,1.4467,0.261502,1.2,2.0,2.0,0.0,2.0,0.0,2.0,0.0,1.0,1.0,0.27,0.3942,0.0,0.0,7.0,7.0,1.93,2.028,1.0,0.0,7.0,7.0,3.71,3.4874,7.0,3.0,10.0,7.0,7.91,2.6514,10.0,0.0,0.0,0.0,0.0,0.0,0.0,0.0,5.0,5.0,1.35,1.9710000000000003,0.0,0.0,9.0,9.0,5.37,3.8478,9.0,0.0,7.0,7.0,3.71,3.4874,7.0,3.0,16.0,13.0,10.43,5.9042,16.0,10.245,32.05,21.805,23.4851,9.078793999999998,32.05,0.0,0.0,0.0,0.0,0.0,0.0,0.0,1.5484712,1.5484712,0.30969424,0.4955107840000001,0.0,194.0,225.0,31.0,202.37,12.220200000000002,194.0
Al28.5 Ca56.5 Cu5 Mg10,12.0,29.0,17.0,17.655,3.78435,20.0,7.0,73.0,66.0,34.76,31.3688,7.0,24.305,63.546,39.241,35.941608501000005,7.434561543770001,40.078,923.0,1357.77,434.77,1056.20245,96.5979865,1115.0,2.0,13.0,11.0,5.585,4.76805,2.0,3.0,4.0,1.0,3.615,0.4735499999999999,4.0,121.0,176.0,55.0,154.625,24.15375,176.0,1.0,1.9,0.8999999999999999,1.24985,0.2823305,1.0,1.0,2.0,1.0,1.95,0.095,2.0,0.0,1.0,1.0,0.285,0.40755,0.0,0.0,10.0,10.0,0.5,0.95,0.0,0.0,0.0,0.0,0.0,0.0,0.0,2.0,11.0,9.0,2.735,0.97755,2.0,0.0,1.0,1.0,0.05,0.095,0.0,0.0,5.0,5.0,1.425,2.03775,0.0,0.0,0.0,0.0,0.0,0.0,0.0,0.0,0.0,0.0,0.0,0.0,0.0,0.0,5.0,5.0,1.475,2.00925,0.0,11.07,37.77,26.700000000000003,28.87935,10.046434500000002,37.77,0.0,0.0,0.0,0.0,0.0,0.0,0.0,0.0,0.0,0.0,0.0,0.0,194.0,225.0,31.0,221.9,5.579999999999996,225.0
Al28.5 Ca56.5 Mg15,12.0,20.0,8.0,16.805,3.61035,20.0,7.0,73.0,66.0,34.96,31.5948,7.0,24.305,40.078,15.773000000000003,33.979558501,6.8912388938700015,40.078,923.0,1115.0,192.0,1034.46395,91.00573649999998,1115.0,2.0,13.0,11.0,5.135,4.48305,2.0,3.0,4.0,1.0,3.565,0.4915500000000001,4.0,121.0,176.0,55.0,155.075,23.645250000000004,176.0,1.0,1.61,0.6100000000000001,1.22035,0.2489955,1.0,2.0,2.0,0.0,2.0,0.0,2.0,0.0,1.0,1.0,0.285,0.40755,0.0,0.0,0.0,0.0,0.0,0.0,0.0,0.0,0.0,0.0,0.0,0.0,0.0,2.0,3.0,1.0,2.285,0.4075500000000001,2.0,0.0,0.0,0.0,0.0,0.0,0.0,0.0,5.0,5.0,1.425,2.03775,0.0,0.0,0.0,0.0,0.0,0.0,0.0,0.0,0.0,0.0,0.0,0.0,0.0,0.0,5.0,5.0,1.425,2.03775,0.0,16.48,37.77,21.290000000000003,29.47035,9.378604500000002,37.77,0.0,0.0,0.0,0.0,0.0,0.0,0.0,0.0,0.0,0.0,0.0,0.0,194.0,225.0,31.0,220.35,7.905000000000004,225.0
Al28.5 Co18 Gd53.5,13.0,64.0,51.0,42.805,22.67865,64.0,27.0,73.0,46.0,45.69,19.9983,27.0,26.9815386,157.25,130.2684614,102.426463601,58.66118394693,157.25,933.47,1768.0,834.53,1432.78895,284.6118015,1586.0,3.0,13.0,10.0,6.93,4.2051,3.0,3.0,6.0,3.0,4.785,1.30005,6.0,121.0,196.0,75.0,162.025,36.35325,196.0,1.2,1.88,0.6799999999999999,1.43925,0.2559975,1.2,2.0,2.0,0.0,2.0,0.0,2.0,0.0,1.0,1.0,0.285,0.4075499999999999,0.0,0.0,7.0,7.0,1.795,1.8738,1.0,0.0,7.0,7.0,3.745,3.48285,7.0,3.0,10.0,7.0,7.825,2.7502500000000003,10.0,0.0,0.0,0.0,0.0,0.0,0.0,0.0,5.0,5.0,1.425,2.03775,0.0,0.0,9.0,9.0,5.355,3.90015,9.0,0.0,7.0,7.0,3.745,3.48285,7.0,3.0,16.0,13.0,10.525,5.858250000000001,16.0,10.245,32.05,21.805,23.68765,8.947714499999998,32.05,0.0,0.0,0.0,0.0,0.0,0.0,0.0,1.5484712,1.5484712,0.278724816,0.45710869824,0.0,194.0,225.0,31.0,202.835,12.634050000000002,194.0
Al29.27 Co2.44 Y68.29,13.0,39.0,26.0,31.097,10.7939174,39.0,12.0,73.0,61.0,30.9771,25.91892318,12.0,26.9815386,88.90585,61.9243114,70.04927127122001,25.75431522776772,88.90585,933.47,1799.0,865.53,1544.9029690000002,357.93286005259995,1799.0,3.0,13.0,10.0,6.0734,4.19764972,3.0,3.0,5.0,2.0,4.3902,0.83286484,5.0,121.0,190.0,69.0,168.2421,29.716939820000004,190.0,1.22,1.88,0.6599999999999999,1.350257,0.1779050106,1.22,2.0,2.0,0.0,2.0,0.0,2.0,0.0,1.0,1.0,0.2927,0.41405342,0.0,0.0,7.0,7.0,0.8537,0.4997559799999999,1.0,0.0,0.0,0.0,0.0,0.0,0.0,3.0,9.0,6.0,3.1464,0.2856556799999998,3.0,0.0,0.0,0.0,0.0,0.0,0.0,0.0,5.0,5.0,1.4635,2.0702671,0.0,0.0,9.0,9.0,6.2193000000000005,3.79788006,9.0,0.0,0.0,0.0,0.0,0.0,0.0,3.0,9.0,6.0,7.682799999999999,1.7990317600000003,9.0,10.245,32.365,22.120000000000005,27.1757325,7.087501551500002,32.365,0.0,0.0,0.0,0.0,0.0,0.0,0.0,1.5484712,1.5484712,0.03778269728,0.073721598932736,0.0,194.0,225.0,31.0,203.07370000000003,12.835656020000012,194.0
Al3 Cu12.5 Ni12.5 Pr72,13.0,59.0,46.0,49.995,12.9672,59.0,17.0,73.0,56.0,30.055,18.7992,17.0,26.9815386,140.90765,113.9261114,117.542879158,33.64527001248,140.90765,933.47,1728.0,794.53,1280.60535,131.13982500000003,1204.0,3.0,13.0,10.0,5.175,3.132,3.0,3.0,6.0,3.0,5.41,0.8495999999999999,6.0,121.0,203.0,82.0,181.79,30.542400000000008,203.0,1.13,1.91,0.78,1.33815,0.299736,1.13,1.0,2.0,1.0,1.875,0.21875,2.0,0.0,1.0,1.0,0.03,0.0582,0.0,0.0,10.0,10.0,2.25,3.375,0.0,0.0,3.0,3.0,2.16,1.2096,3.0,3.0,11.0,8.0,6.315,2.0925,5.0,0.0,1.0,1.0,0.125,0.21875,0.0,0.0,5.0,5.0,0.15,0.2909999999999999,0.0,0.0,2.0,2.0,0.25,0.4375,0.0,0.0,11.0,11.0,7.92,4.4352,11.0,1.0,11.0,10.0,8.445,3.6792,11.0,10.32,35.675,25.355,28.85415,9.822023999999995,35.675,0.0,0.0,0.0,0.0,0.0,0.0,0.0,0.5953947,0.5953947,0.0744243375,0.130242590625,0.0,194.0,225.0,31.0,202.68,12.499200000000004,194.0
Al3.12 Co3.12 Cu7.81 Zr85.95,13.0,40.0,27.0,37.8929,3.622104900000002,40.0,44.0,73.0,29.0,46.9036,4.991288400000003,44.0,26.9815386,91.224,64.2424614,86.05051028832,8.893228814377926,91.224,933.47,2128.0,1194.53,2019.343701,186.780177981,2128.0,4.0,13.0,9.0,4.9835,1.6906365000000003,4.0,3.0,5.0,2.0,4.8283,0.2951523000000003,5.0,121.0,175.0,54.0,168.4281,11.2970961,175.0,1.33,1.9,0.5699999999999998,1.400413,0.121039947,1.33,1.0,2.0,1.0,1.9219,0.14400078,2.0,0.0,1.0,1.0,0.0312,0.06045312,0.0,0.0,10.0,10.0,2.7184000000000004,1.40455776,2.0,0.0,0.0,0.0,0.0,0.0,0.0,3.0,11.0,8.0,4.6715,1.2586100999999998,4.0,0.0,1.0,1.0,0.0781,0.14400078,0.0,0.0,5.0,5.0,0.156,0.3022656000000001,0.0,0.0,8.0,8.0,6.969600000000001,1.7712575999999995,8.0,0.0,0.0,0.0,0.0,0.0,0.0,1.0,8.0,7.0,7.2037,1.3688396999999997,8.0,10.245,23.195,12.95,21.6344895,2.6825175494999995,23.195,0.0,0.0,0.0,0.0,0.0,0.0,0.0,1.5484712,1.5484712,0.04831230144,0.093609915270144,0.0,194.0,225.0,31.0,197.3883,6.035917619999989,194.0
Al30 Ca55 Mg15,12.0,20.0,8.0,16.7,3.63,20.0,7.0,73.0,66.0,35.95,31.845,7.0,24.305,40.078,15.773000000000003,33.78311158,6.924377262000002,40.078,923.0,1115.0,192.0,1031.741,91.5849,1115.0,2.0,13.0,11.0,5.3,4.62,2.0,3.0,4.0,1.0,3.55,0.495,4.0,121.0,176.0,55.0,154.25,23.925,176.0,1.0,1.61,0.6100000000000001,1.2295000000000005,0.25245,1.0,2.0,2.0,0.0,2.0,0.0,2.0,0.0,1.0,1.0,0.3,0.42,0.0,0.0,0.0,0.0,0.0,0.0,0.0,0.0,0.0,0.0,0.0,0.0,0.0,2.0,3.0,1.0,2.3,0.42,2.0,0.0,0.0,0.0,0.0,0.0,0.0,0.0,5.0,5.0,1.5,2.1,0.0,0.0,0.0,0.0,0.0,0.0,0.0,0.0,0.0,0.0,0.0,0.0,0.0,0.0,5.0,5.0,1.5,2.1,0.0,16.48,37.77,21.290000000000003,29.151000000000003,9.480900000000002,37.77,0.0,0.0,0.0,0.0,0.0,0.0,0.0,0.0,0.0,0.0,0.0,0.0,194.0,225.0,31.0,220.35,7.905000000000004,225.0
Al30 Ca60 Cu10,13.0,29.0,16.0,18.8,3.48,20.0,7.0,73.0,66.0,32.5,30.6,7.0,26.9815386,63.546,36.5644614,38.49586158,6.908593788000001,40.078,933.47,1357.77,424.3,1084.818,90.8088,1115.0,2.0,13.0,11.0,6.2,5.04,2.0,3.0,4.0,1.0,3.7,0.42,4.0,121.0,176.0,55.0,155.1,25.08,176.0,1.0,1.9,0.8999999999999999,1.273,0.3276,1.0,1.0,2.0,1.0,1.9,0.18,2.0,0.0,1.0,1.0,0.3,0.42,0.0,0.0,10.0,10.0,1.0,1.8,0.0,0.0,0.0,0.0,0.0,0.0,0.0,2.0,11.0,9.0,3.2,1.56,2.0,0.0,1.0,1.0,0.1,0.18,0.0,0.0,5.0,5.0,1.5,2.1,0.0,0.0,0.0,0.0,0.0,0.0,0.0,0.0,0.0,0.0,0.0,0.0,0.0,0.0,5.0,5.0,1.6,2.04,0.0,11.07,37.77,26.700000000000003,28.713,10.8684,37.77,0.0,0.0,0.0,0.0,0.0,0.0,0.0,0.0,0.0,0.0,0.0,0.0,225.0,225.0,0.0,225.0,0.0,225.0
Al30 Ca60 Mg10,12.0,20.0,8.0,17.1,3.4799999999999995,20.0,7.0,73.0,66.0,32.9,31.08,7.0,24.305,40.078,15.773000000000003,34.57176158,6.607486104000002,40.078,923.0,1115.0,192.0,1041.341,88.39079999999996,1115.0,2.0,13.0,11.0,5.3,4.62,2.0,3.0,4.0,1.0,3.6,0.48,4.0,121.0,176.0,55.0,156.0,24.0,176.0,1.0,1.61,0.6100000000000001,1.214,0.2568,1.0,2.0,2.0,0.0,2.0,0.0,2.0,0.0,1.0,1.0,0.3,0.42,0.0,0.0,0.0,0.0,0.0,0.0,0.0,0.0,0.0,0.0,0.0,0.0,0.0,2.0,3.0,1.0,2.3,0.42,2.0,0.0,0.0,0.0,0.0,0.0,0.0,0.0,5.0,5.0,1.5,2.1,0.0,0.0,0.0,0.0,0.0,0.0,0.0,0.0,0.0,0.0,0.0,0.0,0.0,0.0,5.0,5.0,1.5,2.1,0.0,16.48,37.77,21.290000000000003,29.895000000000003,9.45,37.77,0.0,0.0,0.0,0.0,0.0,0.0,0.0,0.0,0.0,0.0,0.0,0.0,194.0,225.0,31.0,221.9,5.579999999999996,225.0
Al30 Ca60 Zn10,13.0,30.0,17.0,18.9,3.5400000000000005,20.0,7.0,73.0,66.0,33.0,31.2,7.0,26.9815386,65.38,38.3984614,38.67926158,7.018633788,40.078,692.68,1115.0,422.3200000000001,1018.309,116.0292,1115.0,2.0,13.0,11.0,6.3,5.16,2.0,3.0,4.0,1.0,3.7,0.42,4.0,121.0,176.0,55.0,154.1,26.28,176.0,1.0,1.65,0.6499999999999999,1.2480000000000002,0.2976,1.0,2.0,2.0,0.0,2.0,0.0,2.0,0.0,1.0,1.0,0.3,0.42,0.0,0.0,10.0,10.0,1.0,1.8,0.0,0.0,0.0,0.0,0.0,0.0,0.0,2.0,12.0,10.0,3.3,1.74,2.0,0.0,0.0,0.0,0.0,0.0,0.0,0.0,5.0,5.0,1.5,2.1,0.0,0.0,0.0,0.0,0.0,0.0,0.0,0.0,0.0,0.0,0.0,0.0,0.0,0.0,5.0,5.0,1.5,2.1,0.0,13.96,37.77,23.81,29.002,10.5216,37.77,0.0,0.0,0.0,0.0,0.0,0.0,0.0,0.0,0.0,0.0,0.0,0.0,194.0,225.0,31.0,221.9,5.579999999999996,225.0
Al30 Ce27.5 Cu15 La27.5,13.0,58.0,45.0,39.875,19.3875,13.0,13.0,73.0,60.0,39.2,27.72,73.0,26.9815386,140.116,113.13446140000002,94.35726583,49.668816087,26.9815386,933.47,1357.77,424.3,1106.3065,123.120475,933.47,3.0,13.0,10.0,7.2,4.62,13.0,3.0,6.0,3.0,4.8,1.32,3.0,121.0,207.0,86.0,169.125,40.0125,121.0,1.1,1.9,0.7999999999999998,1.3785000000000005,0.29535,1.61,1.0,2.0,1.0,1.85,0.2549999999999999,2.0,0.0,1.0,1.0,0.3,0.42,1.0,0.0,10.0,10.0,2.05,2.385,0.0,0.0,1.0,1.0,0.275,0.39875,0.0,3.0,11.0,8.0,4.475,1.9575,3.0,0.0,1.0,1.0,0.15,0.255,0.0,0.0,5.0,5.0,1.5,2.1,5.0,0.0,9.0,9.0,4.95,4.455,0.0,0.0,13.0,13.0,3.575,5.18375,0.0,1.0,22.0,21.0,10.175,6.50375,5.0,11.07,37.24,26.17,26.992312500000004,11.084081250000002,16.48,0.0,0.0,0.0,0.0,0.0,0.0,0.0,0.0,0.0,0.0,0.0,0.0,194.0,225.0,31.0,207.95,15.345,225.0
Al30 Gd60 Ni10,13.0,64.0,51.0,45.1,22.68,64.0,27.0,73.0,46.0,44.2,20.64,27.0,26.9815386,157.25,130.2684614,108.31380158,58.723438104,157.25,933.47,1728.0,794.53,1404.441,282.5826,1586.0,3.0,13.0,10.0,6.7,4.44,3.0,3.0,6.0,3.0,4.9,1.32,6.0,121.0,196.0,75.0,166.3,35.64,196.0,1.2,1.91,0.71,1.394,0.2328000000000001,1.2,2.0,2.0,0.0,2.0,0.0,2.0,0.0,1.0,1.0,0.3,0.42,0.0,0.0,8.0,8.0,1.4,1.32,1.0,0.0,7.0,7.0,4.2,3.36,7.0,3.0,10.0,7.0,7.9,2.94,10.0,0.0,0.0,0.0,0.0,0.0,0.0,0.0,5.0,5.0,1.5,2.1,0.0,0.0,9.0,9.0,5.6,4.08,9.0,0.0,7.0,7.0,4.2,3.36,7.0,2.0,16.0,14.0,11.3,5.64,16.0,10.32,32.05,21.73,25.206,8.2128,32.05,0.0,0.0,0.0,0.0,0.0,0.0,0.0,0.5953947,0.5953947,0.05953947,0.107171046,0.0,194.0,225.0,31.0,206.4,14.88,194.0
Al32 Ca58 Mg10,12.0,20.0,8.0,16.96,3.5264,20.0,7.0,73.0,66.0,34.22,31.57520000000001,7.0,24.305,40.078,15.773000000000003,34.309832352,6.691074471680002,40.078,923.0,1115.0,192.0,1037.7104000000002,89.65593599999997,1115.0,2.0,13.0,11.0,5.52,4.7872,2.0,3.0,4.0,1.0,3.58,0.4871999999999999,4.0,121.0,176.0,55.0,154.9,24.476,176.0,1.0,1.61,0.6100000000000001,1.2262,0.262392,1.0,2.0,2.0,0.0,2.0,0.0,2.0,0.0,1.0,1.0,0.32,0.4352,0.0,0.0,0.0,0.0,0.0,0.0,0.0,0.0,0.0,0.0,0.0,0.0,0.0,2.0,3.0,1.0,2.32,0.4351999999999998,2.0,0.0,0.0,0.0,0.0,0.0,0.0,0.0,5.0,5.0,1.6,2.176,0.0,0.0,0.0,0.0,0.0,0.0,0.0,0.0,0.0,0.0,0.0,0.0,0.0,0.0,5.0,5.0,1.6,2.176,0.0,16.48,37.77,21.290000000000003,29.469200000000004,9.628928,37.77,0.0,0.0,0.0,0.0,0.0,0.0,0.0,0.0,0.0,0.0,0.0,0.0,194.0,225.0,31.0,221.9,5.579999999999996,225.0
Al32 Ca63 Cu5,13.0,29.0,16.0,18.21,3.3344,20.0,7.0,73.0,66.0,30.97,30.2022,7.0,26.9815386,63.546,36.5644614,37.060532352,6.450556001280002,40.078,933.47,1357.77,424.3,1069.0489000000002,86.77049599999991,1115.0,2.0,13.0,11.0,5.97,5.002199999999999,2.0,3.0,4.0,1.0,3.68,0.4352,4.0,121.0,176.0,55.0,156.2,24.948,176.0,1.0,1.9,0.8999999999999999,1.2402000000000002,0.3026520000000001,1.0,1.0,2.0,1.0,1.95,0.095,2.0,0.0,1.0,1.0,0.32,0.4352,0.0,0.0,10.0,10.0,0.5,0.95,0.0,0.0,0.0,0.0,0.0,0.0,0.0,2.0,11.0,9.0,2.77,0.9702,2.0,0.0,1.0,1.0,0.05,0.095,0.0,0.0,5.0,5.0,1.6,2.176,0.0,0.0,0.0,0.0,0.0,0.0,0.0,0.0,0.0,0.0,0.0,0.0,0.0,0.0,5.0,5.0,1.65,2.144,0.0,11.07,37.77,26.700000000000003,29.622200000000003,10.266228000000002,37.77,0.0,0.0,0.0,0.0,0.0,0.0,0.0,0.0,0.0,0.0,0.0,0.0,225.0,225.0,0.0,225.0,0.0,225.0
Al33.6 Ca66.4,13.0,20.0,7.0,17.648,3.123456,20.0,7.0,73.0,66.0,29.176,29.449728000000004,7.0,26.9815386,40.078,13.096461400000004,35.67758896960001,5.8437458483712,40.078,933.47,1115.0,181.53,1054.00592,81.00013823999998,1115.0,2.0,13.0,11.0,5.696000000000001,4.908288000000001,2.0,3.0,4.0,1.0,3.664,0.4462079999999999,4.0,121.0,176.0,55.0,157.52,24.54144,176.0,1.0,1.61,0.6100000000000001,1.20496,0.2721868800000001,1.0,2.0,2.0,0.0,2.0,0.0,2.0,0.0,1.0,1.0,0.336,0.446208,0.0,0.0,0.0,0.0,0.0,0.0,0.0,0.0,0.0,0.0,0.0,0.0,0.0,2.0,3.0,1.0,2.3360000000000003,0.4462080000000001,2.0,0.0,0.0,0.0,0.0,0.0,0.0,0.0,5.0,5.0,1.68,2.2310400000000006,0.0,0.0,0.0,0.0,0.0,0.0,0.0,0.0,0.0,0.0,0.0,0.0,0.0,0.0,5.0,5.0,1.68,2.2310400000000006,0.0,16.48,37.77,21.290000000000003,30.616560000000003,9.49976832,37.77,0.0,0.0,0.0,0.0,0.0,0.0,0.0,0.0,0.0,0.0,0.0,0.0,225.0,225.0,0.0,225.0,0.0,225.0
Al35 Ce20 La30 Ni15,13.0,58.0,45.0,37.45,19.95,13.0,13.0,73.0,60.0,41.6,27.8,73.0,26.9815386,140.116,113.13446140000002,87.94238951,51.44729249000001,26.9815386,933.47,1728.0,794.53,1158.0145,191.98695,933.47,3.0,13.0,10.0,7.55,4.55,13.0,3.0,6.0,3.0,4.65,1.35,3.0,121.0,207.0,86.0,163.85,41.95,121.0,1.1,1.91,0.8099999999999998,1.404,0.296,1.61,2.0,2.0,0.0,2.0,0.0,2.0,0.0,1.0,1.0,0.35,0.455,1.0,0.0,8.0,8.0,1.7,1.89,0.0,0.0,1.0,1.0,0.2,0.32,0.0,3.0,10.0,7.0,4.25,1.725,3.0,0.0,0.0,0.0,0.0,0.0,0.0,0.0,5.0,5.0,1.75,2.275,5.0,0.0,9.0,9.0,4.8,4.2,0.0,0.0,13.0,13.0,2.6,4.16,0.0,2.0,22.0,20.0,9.15,5.14,5.0,10.32,37.24,26.92,25.833250000000003,11.20125,16.48,0.0,0.0,0.0,0.0,0.0,0.0,0.0,0.5953947,0.5953947,0.089309205,0.1518256485,0.0,194.0,225.0,31.0,209.5,15.5,225.0
Al35 Co15 Er17 Gd33,13.0,68.0,55.0,41.28,24.08,13.0,27.0,73.0,46.0,49.11,19.39,73.0,26.9815386,167.259,140.2774614,98.61004776,62.04301224,26.9815386,933.47,1770.0,836.53,1416.1945,337.90715000000006,933.47,3.0,13.0,10.0,7.4,4.4,13.0,3.0,6.0,3.0,4.65,1.35,3.0,121.0,196.0,75.0,158.06,35.56,121.0,1.2,1.88,0.6799999999999999,1.4523,0.2387,1.61,2.0,2.0,0.0,2.0,0.0,2.0,0.0,1.0,1.0,0.35,0.455,1.0,0.0,7.0,7.0,1.38,1.686,0.0,0.0,12.0,12.0,4.35,4.35,0.0,3.0,14.0,11.0,8.08,3.556,3.0,0.0,0.0,0.0,0.0,0.0,0.0,0.0,5.0,5.0,1.75,2.275,5.0,0.0,9.0,9.0,3.42,3.6828,0.0,0.0,7.0,7.0,2.65,2.8710000000000004,0.0,2.0,16.0,14.0,7.82,5.398800000000001,5.0,10.245,32.05,21.805,23.0807,8.4712,16.48,0.0,0.0,0.0,0.0,0.0,0.0,0.0,1.5484712,1.5484712,0.2322706799999999,0.394860156,0.0,194.0,225.0,31.0,204.85,14.105,225.0
Al35 Co5 Gd17 La33 Ni10,13.0,64.0,51.0,38.39,20.99,13.0,13.0,73.0,60.0,43.43,25.669999999999995,73.0,26.9815386,157.25,130.2684614,90.83084335999996,54.31176684,26.9815386,933.47,1768.0,834.53,1251.2245,260.85632,933.47,3.0,13.0,10.0,7.5,4.5,13.0,3.0,6.0,3.0,4.65,1.35,3.0,121.0,207.0,86.0,162.68,40.58,121.0,1.1,1.91,0.8099999999999998,1.4155000000000002,0.2815,1.61,2.0,2.0,0.0,2.0,0.0,2.0,0.0,1.0,1.0,0.35,0.455,1.0,0.0,8.0,8.0,1.65,1.805,0.0,0.0,7.0,7.0,1.19,1.9754,0.0,3.0,10.0,7.0,5.19,2.9784,3.0,0.0,0.0,0.0,0.0,0.0,0.0,0.0,5.0,5.0,1.75,2.275,5.0,0.0,9.0,9.0,4.85,4.15,0.0,0.0,7.0,7.0,1.19,1.9754,0.0,2.0,16.0,14.0,7.79,3.59,5.0,10.245,36.8975,26.652500000000003,24.936925,10.312424999999998,16.48,0.0,0.0,0.0,0.0,0.0,0.0,0.0,1.5484712,1.5484712,0.13696303,0.232837151,0.0,194.0,225.0,31.0,207.95,15.345,225.0
Al35 La50 Ni15,13.0,57.0,44.0,37.25,19.75,57.0,13.0,73.0,60.0,41.2,28.2,13.0,26.9815386,138.90547,111.9239314,87.70028351,51.20518649,138.90547,933.47,1728.0,794.53,1182.4145,174.26115,1193.0,3.0,13.0,10.0,7.55,4.55,3.0,3.0,6.0,3.0,4.65,1.35,6.0,121.0,207.0,86.0,164.45,42.55,207.0,1.1,1.91,0.8099999999999998,1.4,0.3,1.1,2.0,2.0,0.0,2.0,0.0,2.0,0.0,1.0,1.0,0.35,0.455,0.0,0.0,8.0,8.0,1.7,1.89,1.0,0.0,0.0,0.0,0.0,0.0,0.0,3.0,10.0,7.0,4.05,1.785,3.0,0.0,0.0,0.0,0.0,0.0,0.0,0.0,5.0,5.0,1.75,2.275,0.0,0.0,9.0,9.0,4.8,4.2,9.0,0.0,0.0,0.0,0.0,0.0,0.0,2.0,9.0,7.0,6.55,2.45,9.0,10.32,36.8975,26.5775,25.764750000000003,11.13275,36.8975,0.0,0.0,0.0,0.0,0.0,0.0,0.0,0.5953947,0.5953947,0.089309205,0.1518256485,0.0,194.0,225.0,31.0,209.5,15.5,194.0
Al4 Co0.3 Cu47.7 Zr48,13.0,40.0,27.0,33.634,6.11136,40.0,44.0,73.0,29.0,54.742,10.31232,44.0,26.9815386,91.224,64.2424614,75.355023129,15.23421779616,91.224,933.47,2128.0,1194.53,1711.7390899999998,399.94803906,2128.0,4.0,13.0,9.0,7.714000000000001,3.56544,4.0,3.0,5.0,2.0,4.44,0.5376000000000001,5.0,121.0,175.0,54.0,152.18200000000002,21.90528,175.0,1.33,1.9,0.5699999999999998,1.6147399999999998,0.2737295999999999,1.33,1.0,2.0,1.0,1.523,0.498942,2.0,0.0,1.0,1.0,0.04,0.0768,0.0,0.0,10.0,10.0,5.751,4.06104,2.0,0.0,0.0,0.0,0.0,0.0,0.0,3.0,11.0,8.0,7.314000000000001,3.52656,4.0,0.0,1.0,1.0,0.477,0.498942,0.0,0.0,5.0,5.0,0.2,0.384,0.0,0.0,8.0,8.0,3.849,3.98496,8.0,0.0,0.0,0.0,0.0,0.0,0.0,1.0,8.0,7.0,4.526,3.3729600000000004,8.0,10.245,23.195,12.95,17.103925000000004,5.847432,23.195,0.0,0.0,0.0,0.0,0.0,0.0,0.0,1.5484712,1.5484712,0.0046454136,0.0092629547184,0.0,194.0,225.0,31.0,210.027,15.482082,194.0
Al4 Cr0.5 Cu47.5 Zr48,13.0,40.0,27.0,33.615,6.1296,40.0,44.0,73.0,29.0,54.685,10.31445,44.0,26.9815386,91.224,64.2424614,75.311112044,15.27637243776,91.224,933.47,2180.0,1246.53,1714.61955,401.4990365,2128.0,4.0,13.0,9.0,7.695,3.56415,4.0,3.0,5.0,2.0,4.44,0.5376000000000001,5.0,121.0,175.0,54.0,152.235,21.8544,175.0,1.33,1.9,0.5699999999999998,1.6136,0.2725439999999999,1.33,1.0,2.0,1.0,1.52,0.4992,2.0,0.0,1.0,1.0,0.04,0.0768,0.0,0.0,10.0,10.0,5.735,4.05175,2.0,0.0,0.0,0.0,0.0,0.0,0.0,3.0,11.0,8.0,7.295,3.51975,4.0,0.0,1.0,1.0,0.48,0.4992,0.0,0.0,5.0,5.0,0.2,0.384,0.0,0.0,8.0,8.0,3.865,3.98095,8.0,0.0,0.0,0.0,0.0,0.0,0.0,1.0,8.0,7.0,4.545,3.36775,8.0,11.07,23.195,12.125,17.107000000000003,5.84448,23.195,0.0,0.0,0.0,0.0,0.0,0.0,0.0,0.0,0.0,0.0,0.0,0.0,194.0,229.0,35.0,210.14,15.4944,194.0
Al4 Cu45 Ga3 Zr48,13.0,40.0,27.0,33.7,6.047999999999999,40.0,44.0,74.0,30.0,55.06,10.6176,44.0,26.9815386,91.224,64.2424614,75.554171544,15.043035317760005,91.224,302.91,2128.0,1825.09,1678.8626000000002,431.171904,2128.0,4.0,13.0,9.0,7.78,3.6288,4.0,3.0,5.0,2.0,4.44,0.5376000000000001,5.0,121.0,175.0,54.0,151.9,22.176,175.0,1.33,1.9,0.5699999999999998,1.6121,0.2709839999999999,1.33,1.0,2.0,1.0,1.55,0.495,2.0,0.0,1.0,1.0,0.07,0.1301999999999999,0.0,0.0,10.0,10.0,5.76,4.070399999999999,2.0,0.0,0.0,0.0,0.0,0.0,0.0,3.0,13.0,10.0,7.38,3.5952,4.0,0.0,1.0,1.0,0.45,0.495,0.0,0.0,5.0,5.0,0.35,0.6509999999999999,0.0,0.0,8.0,8.0,3.84,3.9936,8.0,0.0,0.0,0.0,0.0,0.0,0.0,1.0,8.0,7.0,4.64,3.276,8.0,11.07,23.195,12.125,17.340025,5.7118245000000005,23.195,0.0,0.0,0.0,0.0,0.0,0.0,0.0,0.0,0.0,0.0,0.0,0.0,64.0,225.0,161.0,205.29,19.3158,194.0
Al4 Cu46.5 Nb1.5 Zr48,13.0,41.0,28.0,33.82,6.148199999999999,40.0,44.0,73.0,29.0,54.505,10.30995,44.0,26.9815386,92.90638,65.92484139999999,75.809267244,15.311056828440003,91.224,933.47,2750.0,1816.53,1731.39185,411.3020685,2128.0,4.0,13.0,9.0,7.63,3.5637,4.0,3.0,5.0,2.0,4.455,0.53955,5.0,121.0,175.0,54.0,152.68,21.766800000000003,175.0,1.33,1.9,0.5699999999999998,1.6103,0.2694209999999999,1.33,1.0,2.0,1.0,1.52,0.4992,2.0,0.0,1.0,1.0,0.04,0.0768,0.0,0.0,10.0,10.0,5.67,4.0269,2.0,0.0,0.0,0.0,0.0,0.0,0.0,3.0,11.0,8.0,7.23,3.5061,4.0,0.0,1.0,1.0,0.48,0.4992,0.0,0.0,5.0,5.0,0.2,0.384,0.0,0.0,8.0,8.0,3.93,3.9693,8.0,0.0,0.0,0.0,0.0,0.0,0.0,1.0,8.0,7.0,4.61,3.3573000000000004,8.0,11.07,23.195,12.125,17.21305,5.7716805,23.195,0.0,0.0,0.0,0.0,0.0,0.0,0.0,0.0,0.0,0.0,0.0,0.0,194.0,229.0,35.0,210.18,15.5328,194.0
Al4 Cu47.5 Fe0.5 Zr48,13.0,40.0,27.0,33.625,6.12,40.0,44.0,73.0,29.0,54.715,10.2864,44.0,26.9815386,91.224,64.2424614,75.33035654400001,15.257897717760002,91.224,933.47,2128.0,1194.53,1712.77455,399.5986865,2128.0,4.0,13.0,9.0,7.705,3.5568,4.0,3.0,5.0,2.0,4.44,0.5376000000000001,5.0,121.0,175.0,54.0,152.2,21.888,175.0,1.33,1.9,0.5699999999999998,1.61445,0.2734279999999999,1.33,1.0,2.0,1.0,1.525,0.49875,2.0,0.0,1.0,1.0,0.04,0.0768,0.0,0.0,10.0,10.0,5.74,4.049600000000001,2.0,0.0,0.0,0.0,0.0,0.0,0.0,3.0,11.0,8.0,7.305,3.5172000000000003,4.0,0.0,1.0,1.0,0.475,0.49875,0.0,0.0,5.0,5.0,0.2,0.384,0.0,0.0,8.0,8.0,3.86,3.9758,8.0,0.0,0.0,0.0,0.0,0.0,0.0,1.0,8.0,7.0,4.535,3.3636,8.0,10.73,23.195,12.465,17.1047,5.846687999999999,23.195,0.0,0.0,0.0,0.0,0.0,0.0,0.0,2.1106628,2.1106628,0.010553314,0.02100109486,0.0,194.0,229.0,35.0,210.14,15.4944,194.0
Al4 Cu47.5 Ni0.5 Zr48,13.0,40.0,27.0,33.635,6.110399999999999,40.0,44.0,73.0,29.0,54.745,10.3152,44.0,26.9815386,91.224,64.2424614,75.34459854400001,15.24422539776,91.224,933.47,2128.0,1194.53,1712.35955,399.1712365,2128.0,4.0,13.0,9.0,7.715,3.5664,4.0,3.0,5.0,2.0,4.44,0.5376000000000001,5.0,121.0,175.0,54.0,152.16,21.9264,175.0,1.33,1.91,0.5799999999999998,1.61485,0.2738439999999999,1.33,1.0,2.0,1.0,1.525,0.49875,2.0,0.0,1.0,1.0,0.04,0.0768,0.0,0.0,10.0,10.0,5.75,4.06,2.0,0.0,0.0,0.0,0.0,0.0,0.0,3.0,11.0,8.0,7.315,3.5276,4.0,0.0,1.0,1.0,0.475,0.49875,0.0,0.0,5.0,5.0,0.2,0.384,0.0,0.0,8.0,8.0,3.85,3.984,8.0,0.0,0.0,0.0,0.0,0.0,0.0,1.0,8.0,7.0,4.525,3.374,8.0,10.32,23.195,12.875,17.10265,5.848656,23.195,0.0,0.0,0.0,0.0,0.0,0.0,0.0,0.5953947,0.5953947,0.0029769735,0.005924177265,0.0,194.0,225.0,31.0,210.12,15.4752,194.0
Al4 Cu47.5 V0.5 Zr48,13.0,40.0,27.0,33.61,6.1344,40.0,44.0,73.0,29.0,54.67,10.3299,44.0,26.9815386,91.224,64.2424614,75.30583904400001,15.281434517760005,91.224,933.47,2183.0,1249.53,1714.6345500000002,401.5144865,2128.0,4.0,13.0,9.0,7.69,3.5693,4.0,3.0,5.0,2.0,4.44,0.5376000000000001,5.0,121.0,175.0,54.0,152.305,21.79415,175.0,1.33,1.9,0.5699999999999998,1.61345,0.2723879999999999,1.33,1.0,2.0,1.0,1.525,0.49875,2.0,0.0,1.0,1.0,0.04,0.0768,0.0,0.0,10.0,10.0,5.725,4.06125,2.0,0.0,0.0,0.0,0.0,0.0,0.0,3.0,11.0,8.0,7.29,3.5245000000000006,4.0,0.0,1.0,1.0,0.475,0.49875,0.0,0.0,5.0,5.0,0.2,0.384,0.0,0.0,8.0,8.0,3.875,3.99125,8.0,0.0,0.0,0.0,0.0,0.0,0.0,1.0,8.0,7.0,4.55,3.3725,8.0,11.07,23.195,12.125,17.116100000000003,5.835744,23.195,0.0,0.0,0.0,0.0,0.0,0.0,0.0,0.0,0.0,0.0,0.0,0.0,194.0,229.0,35.0,210.14,15.4944,194.0
Al4 Cu48 Zr48,13.0,40.0,27.0,33.64,6.105599999999999,29.0,44.0,73.0,29.0,54.76,10.3296,44.0,26.9815386,91.224,64.2424614,75.36886154400001,15.22093291776,63.546,933.47,2128.0,1194.53,1710.5084,400.791936,1357.77,4.0,13.0,9.0,7.72,3.5712,4.0,3.0,5.0,2.0,4.44,0.5376000000000001,4.0,121.0,175.0,54.0,152.2,21.888,132.0,1.33,1.9,0.5699999999999998,1.6147999999999998,0.2737919999999999,1.33,1.0,2.0,1.0,1.52,0.4992,1.0,0.0,1.0,1.0,0.04,0.0768,0.0,0.0,10.0,10.0,5.76,4.070399999999999,2.0,0.0,0.0,0.0,0.0,0.0,0.0,3.0,11.0,8.0,7.32,3.5328,4.0,0.0,1.0,1.0,0.48,0.4992,0.0,0.0,5.0,5.0,0.2,0.384,0.0,0.0,8.0,8.0,3.84,3.9936,0.0,0.0,0.0,0.0,0.0,0.0,0.0,1.0,8.0,7.0,4.52,3.3792,1.0,11.07,23.195,12.125,17.1064,5.845056,11.07,0.0,0.0,0.0,0.0,0.0,0.0,0.0,0.0,0.0,0.0,0.0,0.0,194.0,225.0,31.0,210.12,15.4752,194.0
Al4 Cu51 Hf25 Ti20,13.0,72.0,59.0,37.71,17.145000000000003,29.0,43.0,73.0,30.0,55.41,10.169,64.0,26.9815386,178.49,151.50846140000002,87.683621544,45.403189228,63.546,933.47,2506.0,1572.53,1744.5015000000003,459.3486500000001,1357.77,4.0,13.0,9.0,7.93,3.5370000000000004,11.0,3.0,6.0,3.0,4.46,0.77,4.0,121.0,175.0,54.0,147.91,18.381,132.0,1.3,1.9,0.5999999999999999,1.6664,0.2382719999999999,1.9,1.0,2.0,1.0,1.49,0.4998,1.0,0.0,1.0,1.0,0.04,0.0768,0.0,0.0,10.0,10.0,6.0,4.08,10.0,0.0,14.0,14.0,3.5,5.25,0.0,3.0,18.0,15.0,11.03,3.485,11.0,0.0,1.0,1.0,0.51,0.4998,1.0,0.0,5.0,5.0,0.2,0.384,0.0,0.0,8.0,8.0,3.6,3.96,0.0,0.0,0.0,0.0,0.0,0.0,0.0,1.0,8.0,7.0,4.31,3.3762,1.0,11.07,22.2,11.13,15.1929,4.205358,11.07,0.0,0.0,0.0,0.0,0.0,0.0,0.0,2.25333333333e-05,2.25333333333e-05,4.50666666666e-06,7.210666666655999e-06,0.0,194.0,225.0,31.0,211.05,15.344999999999995,225.0
Al4 Nb7 Ni61 Ta6 Zr22,13.0,73.0,60.0,33.65,8.545,28.0,44.0,73.0,29.0,55.98,7.4860000000000015,61.0,26.9815386,180.94788,153.9663414,74.311834944,22.840914339200005,58.6934,933.47,3290.0,2356.53,1949.4788,351.48484,1728.0,4.0,13.0,9.0,8.15,2.645,10.0,3.0,6.0,3.0,4.37,0.561,4.0,121.0,175.0,54.0,140.66,21.898,124.0,1.33,1.91,0.5799999999999998,1.7240999999999995,0.2267979999999999,1.91,1.0,2.0,1.0,1.93,0.1302,2.0,0.0,1.0,1.0,0.04,0.0768,0.0,0.0,8.0,8.0,5.78,2.7084,8.0,0.0,14.0,14.0,0.84,1.5792,0.0,3.0,19.0,16.0,8.59,2.9694,10.0,0.0,1.0,1.0,0.07,0.1301999999999999,0.0,0.0,5.0,5.0,0.2,0.384,0.0,0.0,8.0,8.0,3.82,2.526,2.0,0.0,0.0,0.0,0.0,0.0,0.0,2.0,8.0,6.0,4.09,2.5498000000000003,2.0,10.32,23.195,12.875,14.4171,4.998462,10.32,0.0,0.0,0.0,0.0,0.0,0.0,0.0,0.5953947,0.5953947,0.363190767,0.28328879826,0.5953947,194.0,229.0,35.0,218.7,10.868000000000006,225.0
Al4 Nb7 Ni61 Zr28,13.0,41.0,28.0,31.67,5.971000000000001,28.0,44.0,73.0,29.0,55.74,7.797999999999999,61.0,26.9815386,92.90638,65.92484139999999,68.928402144,15.842451699200003,58.6934,933.47,2750.0,1816.53,1879.7588,260.84884,1728.0,4.0,13.0,9.0,8.09,2.7230000000000003,10.0,3.0,5.0,2.0,4.31,0.4829999999999998,4.0,121.0,175.0,54.0,140.96,22.288,124.0,1.33,1.91,0.5799999999999998,1.7138999999999998,0.2392419999999999,1.91,1.0,2.0,1.0,1.93,0.1302,2.0,0.0,1.0,1.0,0.04,0.0768,0.0,0.0,8.0,8.0,5.72,2.7816,8.0,0.0,0.0,0.0,0.0,0.0,0.0,3.0,10.0,7.0,7.69,2.8182,10.0,0.0,1.0,1.0,0.07,0.1302,0.0,0.0,5.0,5.0,0.2,0.384,0.0,0.0,8.0,8.0,3.88,2.604,2.0,0.0,0.0,0.0,0.0,0.0,0.0,2.0,8.0,6.0,4.15,2.623,2.0,10.32,23.195,12.875,14.7216,5.3699520000000005,10.32,0.0,0.0,0.0,0.0,0.0,0.0,0.0,0.5953947,0.5953947,0.363190767,0.28328879826,0.5953947,194.0,229.0,35.0,216.6,12.656000000000004,225.0
Al40 La35 Ni15 Y10,13.0,57.0,44.0,33.25,17.775,13.0,12.0,73.0,61.0,44.1,28.19,73.0,26.9815386,138.90547,111.9239314,77.10412494,45.621286554,26.9815386,933.47,1799.0,865.53,1230.038,263.181,933.47,3.0,13.0,10.0,8.05,4.545,13.0,3.0,6.0,3.0,4.4,1.24,3.0,121.0,207.0,86.0,158.45,40.295,121.0,1.1,1.91,0.8099999999999998,1.4375,0.27975,1.61,2.0,2.0,0.0,2.0,0.0,2.0,0.0,1.0,1.0,0.4,0.48,1.0,0.0,8.0,8.0,1.65,1.905,0.0,0.0,0.0,0.0,0.0,0.0,0.0,3.0,10.0,7.0,4.05,1.785,3.0,0.0,0.0,0.0,0.0,0.0,0.0,0.0,5.0,5.0,2.0,2.4,5.0,0.0,9.0,9.0,4.35,4.185,0.0,0.0,0.0,0.0,0.0,0.0,0.0,2.0,9.0,7.0,6.35,2.385,5.0,10.32,36.8975,26.5775,24.29062500000001,10.4396875,16.48,0.0,0.0,0.0,0.0,0.0,0.0,0.0,0.5953947,0.5953947,0.089309205,0.1518256485,0.0,194.0,225.0,31.0,211.05,15.345,225.0
Al5 Ca50 Cu22.5 Mg22.5,12.0,29.0,17.0,19.875,4.23125,20.0,7.0,73.0,66.0,36.85,29.85,7.0,24.305,63.546,39.241,41.15455193,10.076151631500002,40.078,923.0,1357.77,434.77,1117.34675,108.19046249999997,1115.0,2.0,13.0,11.0,4.575,3.73375,2.0,3.0,4.0,1.0,3.725,0.39875,4.0,121.0,176.0,55.0,155.475,20.525,176.0,1.0,1.9,0.8999999999999999,1.30275,0.3027499999999999,1.0,1.0,2.0,1.0,1.775,0.34875,2.0,0.0,1.0,1.0,0.05,0.095,0.0,0.0,10.0,10.0,2.25,3.4875,0.0,0.0,0.0,0.0,0.0,0.0,0.0,2.0,11.0,9.0,4.075,3.11625,2.0,0.0,1.0,1.0,0.225,0.34875,0.0,0.0,5.0,5.0,0.25,0.475,0.0,0.0,0.0,0.0,0.0,0.0,0.0,0.0,0.0,0.0,0.0,0.0,0.0,0.0,5.0,5.0,0.475,0.68875,0.0,11.07,37.77,26.700000000000003,27.350000000000005,10.420000000000002,37.77,0.0,0.0,0.0,0.0,0.0,0.0,0.0,0.0,0.0,0.0,0.0,0.0,194.0,225.0,31.0,218.025,10.811249999999996,225.0
Al5 Ce32.5 Co30 La32.5,13.0,58.0,45.0,46.125,14.7875,57.0,13.0,73.0,60.0,30.15,20.995,13.0,26.9815386,140.116,113.13446140000002,109.71101318,38.739638366,138.90547,933.47,1768.0,834.53,1312.8735,273.07590000000005,1071.0,3.0,13.0,10.0,5.3,2.99,3.0,3.0,6.0,3.0,5.25,0.975,6.0,121.0,207.0,86.0,177.425,36.4975,204.0,1.1,1.88,0.7799999999999998,1.366,0.3327999999999999,1.1,2.0,2.0,0.0,2.0,0.0,2.0,0.0,1.0,1.0,0.05,0.095,0.0,0.0,7.0,7.0,2.75,2.55,1.0,0.0,1.0,1.0,0.325,0.43875,0.0,3.0,9.0,6.0,5.125,2.325,3.0,0.0,0.0,0.0,0.0,0.0,0.0,0.0,5.0,5.0,0.25,0.475,0.0,0.0,9.0,9.0,6.75,2.925,9.0,0.0,13.0,13.0,4.225,5.70375,0.0,3.0,22.0,19.0,11.225,7.00375,9.0,10.245,37.24,26.995000000000005,27.9921875,11.799531250000005,36.8975,0.0,0.0,0.0,0.0,0.0,0.0,0.0,1.5484712,1.5484712,0.4645413599999999,0.6503579040000002,0.0,194.0,225.0,31.0,195.55,2.94500000000001,194.0
Al5 Ce32.5 Cu30 La32.5,13.0,58.0,45.0,46.725,14.0075,57.0,13.0,73.0,60.0,31.95,23.335,13.0,26.9815386,140.116,113.13446140000002,111.09485468,36.940644416000005,138.90547,933.47,1357.77,424.3,1189.8045,102.856375,1071.0,3.0,13.0,10.0,5.9,3.77,3.0,3.0,6.0,3.0,5.25,0.975,6.0,121.0,207.0,86.0,179.225,34.1575,204.0,1.1,1.9,0.7999999999999998,1.372,0.3405999999999999,1.1,1.0,2.0,1.0,1.7,0.42,2.0,0.0,1.0,1.0,0.05,0.095,0.0,0.0,10.0,10.0,3.65,3.81,1.0,0.0,1.0,1.0,0.325,0.43875,0.0,3.0,11.0,8.0,5.725,3.165,3.0,0.0,1.0,1.0,0.3,0.42,0.0,0.0,5.0,5.0,0.25,0.475,0.0,0.0,9.0,9.0,5.85,4.095,9.0,0.0,13.0,13.0,4.225,5.70375,0.0,1.0,22.0,21.0,10.625,7.39375,9.0,11.07,37.24,26.17,28.2396875,11.47778125,36.8975,0.0,0.0,0.0,0.0,0.0,0.0,0.0,0.0,0.0,0.0,0.0,0.0,194.0,225.0,31.0,204.85,14.104999999999997,194.0
Al5 Ce68.4 Cu26.6,13.0,58.0,45.0,48.036,13.630752,58.0,15.0,73.0,58.0,30.934,21.797712,15.0,26.9815386,140.116,113.13446140000002,114.09165693,35.601301319760005,140.116,933.47,1357.77,424.3,1140.40432,115.63854176000004,1071.0,3.0,13.0,10.0,5.628000000000001,3.5951040000000005,3.0,3.0,6.0,3.0,5.3180000000000005,0.932976,6.0,121.0,204.0,83.0,180.698,31.87713600000001,204.0,1.12,1.9,0.7799999999999998,1.3519800000000002,0.31734864,1.12,1.0,2.0,1.0,1.734,0.390488,2.0,0.0,1.0,1.0,0.05,0.095,0.0,0.0,10.0,10.0,3.344,3.540992,1.0,0.0,1.0,1.0,0.684,0.432288,1.0,3.0,11.0,8.0,5.812,2.7600160000000007,4.0,0.0,1.0,1.0,0.266,0.390488,0.0,0.0,5.0,5.0,0.25,0.475,0.0,0.0,9.0,9.0,6.156000000000001,3.890592,9.0,0.0,13.0,13.0,8.892000000000001,5.619744000000001,13.0,1.0,22.0,21.0,15.564,8.804448,22.0,11.07,37.24,26.17,29.240780000000004,10.94293296,37.24,0.0,0.0,0.0,0.0,0.0,0.0,0.0,0.0,0.0,0.0,0.0,0.0,194.0,225.0,31.0,203.796,13.400927999999997,194.0
Al5 Nb10 Ni60 Ti5 Zr20,13.0,41.0,28.0,30.65,5.809999999999999,28.0,43.0,73.0,30.0,55.9,7.830000000000001,61.0,26.9815386,92.90638,65.92484139999999,66.49390493000001,15.174533042000007,58.6934,933.47,2750.0,1816.53,1881.1235,278.5135500000001,1728.0,4.0,13.0,9.0,8.15,2.705,10.0,3.0,5.0,2.0,4.25,0.45,4.0,121.0,175.0,54.0,139.85,20.904999999999998,124.0,1.33,1.91,0.5799999999999998,1.7294999999999998,0.2165999999999999,1.91,1.0,2.0,1.0,1.9,0.18,2.0,0.0,1.0,1.0,0.05,0.095,0.0,0.0,8.0,8.0,5.7,2.76,8.0,0.0,0.0,0.0,0.0,0.0,0.0,3.0,10.0,7.0,7.65,2.82,10.0,0.0,1.0,1.0,0.1,0.18,0.0,0.0,5.0,5.0,0.25,0.475,0.0,0.0,8.0,8.0,3.8,2.54,2.0,0.0,0.0,0.0,0.0,0.0,0.0,2.0,8.0,6.0,4.15,2.58,2.0,10.32,23.195,12.875,14.3075,4.785,10.32,0.0,0.0,0.0,0.0,0.0,0.0,0.0,0.5953947,0.5953947,0.3572379466666667,0.285788104,0.5953947,194.0,229.0,35.0,217.65,11.824999999999996,225.0
Al5 Nb12.5 Ni60 Ti2.5 Zr20,13.0,41.0,28.0,31.125,6.01875,28.0,43.0,73.0,30.0,56.0,7.7,61.0,26.9815386,92.90638,65.92484139999999,67.61988942999999,15.763266870499995,58.6934,933.47,2750.0,1816.53,1901.3485,304.80605,1728.0,4.0,13.0,9.0,8.175,2.6724999999999994,10.0,3.0,5.0,2.0,4.275,0.4712500000000001,4.0,121.0,175.0,54.0,139.95,21.035,124.0,1.33,1.91,0.5799999999999998,1.731,0.2147999999999999,1.91,1.0,2.0,1.0,1.875,0.21875,2.0,0.0,1.0,1.0,0.05,0.095,0.0,0.0,8.0,8.0,5.75,2.7,8.0,0.0,0.0,0.0,0.0,0.0,0.0,3.0,10.0,7.0,7.675,2.79,10.0,0.0,1.0,1.0,0.125,0.21875,0.0,0.0,5.0,5.0,0.25,0.475,0.0,0.0,8.0,8.0,3.75,2.475,2.0,0.0,0.0,0.0,0.0,0.0,0.0,2.0,8.0,6.0,4.125,2.55,2.0,10.32,23.195,12.875,14.34475,4.8297,10.32,0.0,0.0,0.0,0.0,0.0,0.0,0.0,0.5953947,0.5953947,0.3572373833333334,0.28578878,0.5953947,194.0,229.0,35.0,218.525,11.036249999999995,225.0
Al5 Nb12.5 Ni60 Zr22.5,13.0,41.0,28.0,31.575,6.1475,28.0,44.0,73.0,29.0,56.025,7.6675,61.0,26.9815386,92.90638,65.92484139999999,68.70381443,16.184724899,58.6934,933.47,2750.0,1816.53,1906.0235,310.88355,1728.0,4.0,13.0,9.0,8.175,2.6724999999999994,10.0,3.0,5.0,2.0,4.3,0.4899999999999999,4.0,121.0,175.0,54.0,140.325,21.522499999999997,124.0,1.33,1.91,0.5799999999999998,1.72575,0.2210999999999999,1.91,1.0,2.0,1.0,1.875,0.21875,2.0,0.0,1.0,1.0,0.05,0.095,0.0,0.0,8.0,8.0,5.75,2.7,8.0,0.0,0.0,0.0,0.0,0.0,0.0,3.0,10.0,7.0,7.675,2.79,10.0,0.0,1.0,1.0,0.125,0.21875,0.0,0.0,5.0,5.0,0.25,0.475,0.0,0.0,8.0,8.0,3.75,2.475,2.0,0.0,0.0,0.0,0.0,0.0,0.0,2.0,8.0,6.0,4.125,2.55,2.0,10.32,23.195,12.875,14.507375,5.02485,10.32,0.0,0.0,0.0,0.0,0.0,0.0,0.0,0.5953947,0.5953947,0.35723682,0.285789456,0.5953947,194.0,229.0,35.0,218.525,11.036249999999995,225.0
Al5 Nb15 Ni60 Zr20,13.0,41.0,28.0,31.6,6.18,28.0,44.0,73.0,29.0,56.1,7.5699999999999985,61.0,26.9815386,92.90638,65.92484139999999,68.74587393,16.239402249000005,58.6934,933.47,2750.0,1816.53,1921.5735,331.09854999999993,1728.0,4.0,13.0,9.0,8.2,2.64,10.0,3.0,5.0,2.0,4.3,0.49,4.0,121.0,175.0,54.0,140.05,21.165,124.0,1.33,1.91,0.5799999999999998,1.7324999999999997,0.2129999999999999,1.91,1.0,2.0,1.0,1.85,0.2549999999999999,2.0,0.0,1.0,1.0,0.05,0.095,0.0,0.0,8.0,8.0,5.8,2.64,8.0,0.0,0.0,0.0,0.0,0.0,0.0,3.0,10.0,7.0,7.7,2.76,10.0,0.0,1.0,1.0,0.15,0.255,0.0,0.0,5.0,5.0,0.25,0.475,0.0,0.0,8.0,8.0,3.7,2.41,2.0,0.0,0.0,0.0,0.0,0.0,0.0,2.0,8.0,6.0,4.1,2.52,2.0,10.32,23.195,12.875,14.382,4.8744,10.32,0.0,0.0,0.0,0.0,0.0,0.0,0.0,0.5953947,0.5953947,0.35723682,0.285789456,0.5953947,194.0,229.0,35.0,219.4,10.159999999999997,225.0
Al5 Nb17.5 Ni60 Zr17.5,13.0,41.0,28.0,31.625,6.2125,28.0,44.0,73.0,29.0,56.175,7.4725,61.0,26.9815386,92.90638,65.92484139999999,68.78793343,16.294079599,58.6934,933.47,2750.0,1816.53,1937.1235,351.31355,1728.0,4.0,13.0,9.0,8.225,2.6075,10.0,3.0,5.0,2.0,4.3,0.49,4.0,121.0,175.0,54.0,139.775,20.8075,124.0,1.33,1.91,0.5799999999999998,1.7392499999999995,0.2048999999999999,1.91,1.0,2.0,1.0,1.825,0.28875,2.0,0.0,1.0,1.0,0.05,0.095,0.0,0.0,8.0,8.0,5.85,2.58,8.0,0.0,0.0,0.0,0.0,0.0,0.0,3.0,10.0,7.0,7.725,2.73,10.0,0.0,1.0,1.0,0.175,0.28875,0.0,0.0,5.0,5.0,0.25,0.475,0.0,0.0,8.0,8.0,3.65,2.345,2.0,0.0,0.0,0.0,0.0,0.0,0.0,2.0,8.0,6.0,4.075,2.49,2.0,10.32,23.195,12.875,14.256625,4.723949999999999,10.32,0.0,0.0,0.0,0.0,0.0,0.0,0.0,0.5953947,0.5953947,0.35723682,0.285789456,0.5953947,194.0,229.0,35.0,220.275,9.196249999999996,225.0
Al5 Nb20 Ni60 Zr15,13.0,41.0,28.0,31.65,6.244999999999999,28.0,44.0,73.0,29.0,56.25,7.375,61.0,26.9815386,92.90638,65.92484139999999,68.82999293,16.348756949000002,58.6934,933.47,2750.0,1816.53,1952.6735,371.52855000000005,1728.0,4.0,13.0,9.0,8.25,2.575,10.0,3.0,5.0,2.0,4.3,0.49,4.0,121.0,175.0,54.0,139.5,20.45,124.0,1.33,1.91,0.5799999999999998,1.7459999999999996,0.1968,1.91,1.0,2.0,1.0,1.8,0.3199999999999999,2.0,0.0,1.0,1.0,0.05,0.095,0.0,0.0,8.0,8.0,5.9,2.52,8.0,0.0,0.0,0.0,0.0,0.0,0.0,3.0,10.0,7.0,7.75,2.7,10.0,0.0,1.0,1.0,0.2,0.32,0.0,0.0,5.0,5.0,0.25,0.475,0.0,0.0,8.0,8.0,3.6,2.28,2.0,0.0,0.0,0.0,0.0,0.0,0.0,2.0,8.0,6.0,4.05,2.46,2.0,10.32,23.195,12.875,14.13125,4.573499999999999,10.32,0.0,0.0,0.0,0.0,0.0,0.0,0.0,0.5953947,0.5953947,0.35723682,0.285789456,0.5953947,194.0,229.0,35.0,221.15,8.144999999999996,225.0
Al5 Nb7.5 Ni60 Ti7.5 Zr20,13.0,41.0,28.0,30.175,5.55375,28.0,43.0,73.0,30.0,55.8,7.96,61.0,26.9815386,92.90638,65.92484139999999,65.36792043,14.473200763500005,58.6934,933.47,2750.0,1816.53,1860.8985,252.22105,1728.0,4.0,13.0,9.0,8.125,2.7375,10.0,3.0,5.0,2.0,4.225,0.4262499999999998,4.0,121.0,175.0,54.0,139.75,20.775,124.0,1.33,1.91,0.5799999999999998,1.7280000000000002,0.2183999999999999,1.91,1.0,2.0,1.0,1.925,0.1387499999999999,2.0,0.0,1.0,1.0,0.05,0.095,0.0,0.0,8.0,8.0,5.65,2.82,8.0,0.0,0.0,0.0,0.0,0.0,0.0,3.0,10.0,7.0,7.625,2.85,10.0,0.0,1.0,1.0,0.075,0.13875,0.0,0.0,5.0,5.0,0.25,0.475,0.0,0.0,8.0,8.0,3.85,2.605,2.0,0.0,0.0,0.0,0.0,0.0,0.0,2.0,8.0,6.0,4.175,2.61,2.0,10.32,23.195,12.875,14.27025,4.7403,10.32,0.0,0.0,0.0,0.0,0.0,0.0,0.0,0.5953947,0.5953947,0.35723851,0.285787428,0.5953947,194.0,229.0,35.0,216.775,12.526249999999996,225.0
Al5.6 Cu22.4 Ni6.5 Zr65.5,13.0,40.0,27.0,35.244,6.230360000000001,40.0,44.0,73.0,29.0,51.209,9.443789999999998,44.0,26.9815386,91.224,64.2424614,79.3120611616,15.604639878304004,91.224,933.47,2128.0,1194.53,1862.5748,347.707012,2128.0,4.0,13.0,9.0,6.462000000000001,3.22522,4.0,3.0,5.0,2.0,4.599,0.5253099999999999,5.0,121.0,175.0,54.0,159.029,20.92201,175.0,1.33,1.91,0.5799999999999998,1.5110599999999998,0.2371885999999999,1.33,1.0,2.0,1.0,1.776,0.347648,2.0,0.0,1.0,1.0,0.0559999999999999,0.1057279999999999,0.0,0.0,10.0,10.0,4.07,3.16754,2.0,0.0,0.0,0.0,0.0,0.0,0.0,3.0,11.0,8.0,5.902,2.816644,4.0,0.0,1.0,1.0,0.2239999999999999,0.347648,0.0,0.0,5.0,5.0,0.28,0.52864,0.0,0.0,8.0,8.0,5.37,3.4453,8.0,0.0,0.0,0.0,0.0,0.0,0.0,1.0,8.0,7.0,5.874,2.78506,8.0,10.32,23.195,12.875,19.266085,5.14687865,23.195,0.0,0.0,0.0,0.0,0.0,0.0,0.0,0.5953947,0.5953947,0.0387006555,0.072370225785,0.0,194.0,225.0,31.0,204.695,14.01045,194.0
Al6 Be23 Cu9 Ni10 Ti24 Zr28,4.0,40.0,36.0,23.59,11.0454,40.0,43.0,73.0,30.0,54.29,11.181599999999998,44.0,9.012182,91.224,82.21181800000001,52.310974176,25.09008427456,91.224,933.47,2128.0,1194.53,1771.4875,281.013,2128.0,2.0,13.0,11.0,5.31,2.885,4.0,2.0,5.0,3.0,3.76,0.9008000000000002,5.0,96.0,175.0,79.0,141.02,28.1392,175.0,1.33,1.91,0.5799999999999998,1.5617,0.1401679999999999,1.33,1.0,2.0,1.0,1.91,0.1638,2.0,0.0,1.0,1.0,0.06,0.1128,0.0,0.0,10.0,10.0,2.74,2.3588000000000005,2.0,0.0,0.0,0.0,0.0,0.0,0.0,2.0,11.0,9.0,4.71,2.1902,4.0,0.0,1.0,1.0,0.09,0.1638,0.0,0.0,5.0,5.0,0.3,0.564,0.0,0.0,8.0,8.0,4.36,3.7856,8.0,0.0,0.0,0.0,0.0,0.0,0.0,0.0,8.0,8.0,4.75,3.41,8.0,7.89,23.195,15.305,15.332,5.19288,23.195,0.0,0.0,0.0,0.0,0.0,0.0,0.0,0.5953947,0.5953947,0.0595448779999999,0.1071699644,0.0,194.0,225.0,31.0,201.75,11.625,194.0
Al6 Be26 Cu10 Ti27 Zr31,4.0,40.0,36.0,23.06,11.6908,40.0,43.0,73.0,30.0,53.45,11.502,44.0,9.012182,91.224,82.21181800000001,51.520189636,27.02152449848,91.224,933.47,2128.0,1194.53,1781.1352000000002,301.383168,2128.0,2.0,13.0,11.0,4.72,2.2496,4.0,2.0,5.0,3.0,3.73,0.9872,5.0,96.0,175.0,79.0,142.87,29.1708,175.0,1.33,1.9,0.5699999999999998,1.5229,0.1195979999999999,1.33,1.0,2.0,1.0,1.9,0.18,2.0,0.0,1.0,1.0,0.06,0.1127999999999999,0.0,0.0,10.0,10.0,2.16,1.568,2.0,0.0,0.0,0.0,0.0,0.0,0.0,2.0,11.0,9.0,4.12,1.376,4.0,0.0,1.0,1.0,0.1,0.18,0.0,0.0,5.0,5.0,0.3,0.564,0.0,0.0,8.0,8.0,4.64,3.8976000000000006,8.0,0.0,0.0,0.0,0.0,0.0,0.0,0.0,8.0,8.0,5.04,3.4336,8.0,7.89,23.195,15.305,15.84395,5.090844000000001,23.195,0.0,0.0,0.0,0.0,0.0,0.0,0.0,2.25333333333e-05,2.25333333333e-05,6.083999999991001e-06,8.88263999998686e-06,0.0,194.0,225.0,31.0,198.96,8.332800000000006,194.0
Al6 Cu47 Zr47,13.0,40.0,27.0,33.21,6.3826,29.0,44.0,73.0,29.0,55.14,10.4716,44.0,26.9815386,91.224,64.2424614,74.360792316,15.851415222960002,63.546,933.47,2128.0,1194.53,1694.3201,407.659106,1357.77,4.0,13.0,9.0,7.83,3.6002,4.0,3.0,5.0,2.0,4.41,0.5546,4.0,121.0,175.0,54.0,151.55,22.043000000000003,132.0,1.33,1.9,0.5699999999999998,1.6147,0.2681819999999999,1.33,1.0,2.0,1.0,1.53,0.4982,1.0,0.0,1.0,1.0,0.06,0.1128,0.0,0.0,10.0,10.0,5.64,4.098400000000001,2.0,0.0,0.0,0.0,0.0,0.0,0.0,3.0,11.0,8.0,7.23,3.5438,4.0,0.0,1.0,1.0,0.47,0.4982,0.0,0.0,5.0,5.0,0.3,0.5640000000000001,0.0,0.0,8.0,8.0,3.76,3.9856,0.0,0.0,0.0,0.0,0.0,0.0,0.0,1.0,8.0,7.0,4.53,3.3182,1.0,11.07,23.195,12.125,17.09335,5.735551,11.07,0.0,0.0,0.0,0.0,0.0,0.0,0.0,0.0,0.0,0.0,0.0,0.0,194.0,225.0,31.0,210.43,15.4442,194.0
Al6.86 Cu49 Si2 Zr42.14,13.0,40.0,27.0,32.2378,6.54198216,29.0,44.0,78.0,34.0,56.46940000000001,10.50921032,64.0,26.9815386,91.224,64.2424614,71.99197714796,16.208748859699313,63.546,933.47,2128.0,1194.53,1659.822542,395.6670599223999,1357.77,4.0,14.0,10.0,8.2474,3.57970872,11.0,3.0,5.0,2.0,4.3328,0.5623161600000001,4.0,111.0,175.0,64.0,148.9456,21.95864832,132.0,1.33,1.9,0.5699999999999998,1.639908,0.2652938399999999,1.9,1.0,2.0,1.0,1.51,0.4998,1.0,0.0,2.0,2.0,0.1085999999999999,0.1979560799999999,0.0,0.0,10.0,10.0,5.7428,4.172056,10.0,0.0,0.0,0.0,0.0,0.0,0.0,3.0,11.0,8.0,7.361400000000001,3.565828,11.0,0.0,1.0,1.0,0.49,0.4998,1.0,0.0,5.0,5.0,0.423,0.7710444000000001,0.0,0.0,8.0,8.0,3.3712,3.90115264,0.0,0.0,0.0,0.0,0.0,0.0,0.0,1.0,8.0,7.0,4.2842,3.229884,1.0,11.07,23.195,12.125,16.738001,5.5900387172,11.07,0.0,0.773,0.773,0.01546,0.0303016,0.0,0.0,0.0,0.0,0.0,0.0,0.0,194.0,227.0,33.0,211.9766,15.150678480000002,225.0
Al6.93 Cu49.5 Si1 Zr42.57,13.0,40.0,27.0,32.4239,6.450291539999999,29.0,44.0,78.0,34.0,56.24969999999999,10.429394580000002,64.0,26.9815386,91.224,64.2424614,72.44000242498001,15.99269553537203,63.546,933.47,2128.0,1194.53,1659.545221,399.3914944206,1357.77,4.0,14.0,10.0,8.1887,3.5662591799999994,11.0,3.0,5.0,2.0,4.3464,0.55647504,4.0,111.0,175.0,64.0,149.3328,21.85305408,132.0,1.33,1.9,0.5699999999999998,1.637254,0.2653734599999999,1.9,1.0,2.0,1.0,1.505,0.49995,1.0,0.0,2.0,2.0,0.0892999999999999,0.16443702,0.0,0.0,10.0,10.0,5.8014,4.156614,10.0,0.0,0.0,0.0,0.0,0.0,0.0,3.0,11.0,8.0,7.3957,3.568257,11.0,0.0,1.0,1.0,0.495,0.49995,1.0,0.0,5.0,5.0,0.3865,0.7117011,0.0,0.0,8.0,8.0,3.4056,3.9116721600000006,0.0,0.0,0.0,0.0,0.0,0.0,0.0,1.0,8.0,7.0,4.287100000000001,3.2599710000000006,1.0,11.07,23.195,12.125,16.700225500000002,5.6044464993,11.07,0.0,0.773,0.773,0.00773,0.0153053999999999,0.0,0.0,0.0,0.0,0.0,0.0,0.0,194.0,227.0,33.0,211.8233,15.174757619999996,225.0
Al7 B0.5 Cu15 Hf3 Ni18.5 Si3 Ti53,5.0,72.0,67.0,24.705,5.34535,22.0,43.0,78.0,35.0,52.835,10.8952,43.0,10.811,178.49,167.679,53.899716702000006,12.142964807540002,47.867,933.47,2506.0,1572.53,1754.9484,248.208308,1941.0,4.0,14.0,10.0,7.135,3.5112,4.0,2.0,6.0,4.0,3.95,0.2094999999999998,4.0,84.0,175.0,91.0,145.01,17.6888,160.0,1.3,2.04,0.74,1.6734500000000003,0.172747,1.54,1.0,2.0,1.0,1.85,0.2549999999999999,2.0,0.0,2.0,2.0,0.135,0.24165,0.0,0.0,10.0,10.0,4.1,3.213,2.0,0.0,14.0,14.0,0.42,0.8147999999999999,0.0,3.0,18.0,15.0,6.505,3.33135,4.0,0.0,1.0,1.0,0.15,0.2549999999999999,0.0,0.0,5.0,5.0,0.495,0.8860499999999999,0.0,0.0,8.0,8.0,4.85,3.5280000000000005,8.0,0.0,0.0,0.0,0.0,0.0,0.0,1.0,8.0,7.0,5.495,2.8056,8.0,7.1725,22.2,15.0275,14.884062500000002,2.9100375,16.69,0.0,1.524,1.524,0.03081,0.0594633,0.0,0.0,0.5953947,0.5953947,0.1101599621666666,0.1795368529983333,2.25333333333e-05,166.0,227.0,61.0,207.405,15.427649999999998,194.0
Al7 B0.5 Cu15 Ni18.5 Sc3 Si3 Ti53,5.0,29.0,24.0,23.175,3.53275,22.0,11.0,78.0,67.0,51.815,11.7928,43.0,10.811,63.546,52.735,49.893694062,7.351582978459999,47.867,933.47,2348.0,1414.53,1734.1884,230.147108,1941.0,3.0,14.0,11.0,7.105,3.5376,4.0,2.0,4.0,2.0,3.89,0.1968999999999999,4.0,84.0,170.0,86.0,144.86,17.5568,160.0,1.36,2.04,0.6799999999999999,1.67525,0.1714149999999999,1.54,1.0,2.0,1.0,1.85,0.2549999999999999,2.0,0.0,2.0,2.0,0.135,0.24165,0.0,0.0,10.0,10.0,4.07,3.2331000000000008,2.0,0.0,0.0,0.0,0.0,0.0,0.0,3.0,11.0,8.0,6.055,2.9431499999999997,4.0,0.0,1.0,1.0,0.15,0.2549999999999999,0.0,0.0,5.0,5.0,0.495,0.8860499999999999,0.0,0.0,9.0,9.0,4.88,3.5544,8.0,0.0,0.0,0.0,0.0,0.0,0.0,1.0,9.0,8.0,5.525,2.832,8.0,7.1725,22.235,15.0625,14.8851125,2.910751500000001,16.69,0.0,1.524,1.524,0.03081,0.0594633,0.0,0.0,0.5953947,0.5953947,0.1101601526666666,0.1795367825133333,2.25333333333e-05,166.0,227.0,61.0,207.405,15.427649999999998,194.0
Al7 Be3 Cu47 Zr43,4.0,40.0,36.0,31.86,7.0004,29.0,44.0,73.0,29.0,56.12,10.4232,64.0,9.012182,91.224,82.21181800000001,71.252013162,17.175908680680003,63.546,933.47,2128.0,1194.53,1665.3348,397.892072,1357.77,2.0,13.0,11.0,7.86,3.6712,11.0,2.0,5.0,3.0,4.3,0.602,4.0,96.0,175.0,79.0,148.64,22.6696,132.0,1.33,1.9,0.5699999999999998,1.6247,0.2587819999999999,1.9,1.0,2.0,1.0,1.53,0.4981999999999999,1.0,0.0,1.0,1.0,0.07,0.1301999999999999,0.0,0.0,10.0,10.0,5.56,4.1736,10.0,0.0,0.0,0.0,0.0,0.0,0.0,2.0,11.0,9.0,7.16,3.6096,11.0,0.0,1.0,1.0,0.47,0.4981999999999999,1.0,0.0,5.0,5.0,0.35,0.6509999999999999,0.0,0.0,8.0,8.0,3.44,3.9216,0.0,0.0,0.0,0.0,0.0,0.0,0.0,0.0,8.0,8.0,4.26,3.32,1.0,7.89,23.195,15.305,16.56705,5.700037,11.07,0.0,0.0,0.0,0.0,0.0,0.0,0.0,0.0,0.0,0.0,0.0,0.0,194.0,225.0,31.0,210.74,15.400799999999998,225.0
Al7 Be7 Cu43 Zr43,4.0,40.0,36.0,30.86,7.860399999999999,29.0,44.0,73.0,29.0,56.24,10.5264,44.0,9.012182,91.224,82.21181800000001,69.070660442,19.05187201988,63.546,933.47,2128.0,1194.53,1673.424,390.93536,1357.77,2.0,13.0,11.0,7.5,3.78,4.0,2.0,5.0,3.0,4.22,0.6708000000000002,4.0,96.0,175.0,79.0,147.2,23.908,132.0,1.33,1.9,0.5699999999999998,1.6115000000000002,0.2481099999999999,1.33,1.0,2.0,1.0,1.57,0.4901999999999999,1.0,0.0,1.0,1.0,0.07,0.1301999999999999,0.0,0.0,10.0,10.0,5.16,4.1624,2.0,0.0,0.0,0.0,0.0,0.0,0.0,2.0,11.0,9.0,6.8,3.612,4.0,0.0,1.0,1.0,0.43,0.4901999999999999,0.0,0.0,5.0,5.0,0.35,0.6510000000000001,0.0,0.0,8.0,8.0,3.44,3.9216,0.0,0.0,0.0,0.0,0.0,0.0,0.0,0.0,8.0,8.0,4.22,3.36,1.0,7.89,23.195,15.305,16.43985,5.81505,11.07,0.0,0.0,0.0,0.0,0.0,0.0,0.0,0.0,0.0,0.0,0.0,0.0,194.0,225.0,31.0,209.5,15.5,194.0
Al7 Cu25 Pr68,13.0,59.0,46.0,48.28,14.5792,59.0,17.0,73.0,56.0,32.67,21.3112,17.0,26.9815386,140.90765,113.9261114,113.592409702,37.14872680527999,140.90765,933.47,1357.77,424.3,1223.5054,67.1323,1204.0,3.0,13.0,10.0,5.7,3.6720000000000006,3.0,3.0,6.0,3.0,5.29,0.9656,6.0,121.0,203.0,82.0,179.51,31.946400000000004,203.0,1.13,1.9,0.77,1.3561,0.307496,1.13,1.0,2.0,1.0,1.75,0.375,2.0,0.0,1.0,1.0,0.07,0.1301999999999999,0.0,0.0,10.0,10.0,2.5,3.75,0.0,0.0,3.0,3.0,2.04,1.3056,3.0,3.0,11.0,8.0,6.36,2.32,5.0,0.0,1.0,1.0,0.25,0.375,0.0,0.0,5.0,5.0,0.35,0.6509999999999999,0.0,0.0,0.0,0.0,0.0,0.0,0.0,0.0,11.0,11.0,7.48,4.7872,11.0,1.0,11.0,10.0,8.08,3.9712,11.0,11.07,35.675,24.605,28.1801,10.193064,35.675,0.0,0.0,0.0,0.0,0.0,0.0,0.0,0.0,0.0,0.0,0.0,0.0,194.0,225.0,31.0,203.92,13.491199999999994,194.0
Al7 Cu45 Gd2 Zr46,13.0,64.0,51.0,33.64,7.0656,40.0,27.0,73.0,46.0,54.69,10.9424,44.0,26.9815386,157.25,130.2684614,75.59244770200002,17.647330206080003,91.224,933.47,2128.0,1194.53,1686.9394,405.7757519999999,2128.0,3.0,13.0,10.0,7.76,3.6496,4.0,3.0,6.0,3.0,4.43,0.5871999999999999,5.0,121.0,196.0,75.0,152.29,22.6416,175.0,1.2,1.9,0.7,1.6035,0.2677599999999999,1.33,1.0,2.0,1.0,1.55,0.495,2.0,0.0,1.0,1.0,0.07,0.1302,0.0,0.0,10.0,10.0,5.44,4.104,2.0,0.0,7.0,7.0,0.14,0.2744,0.0,3.0,11.0,8.0,7.2,3.5320000000000005,4.0,0.0,1.0,1.0,0.45,0.495,0.0,0.0,5.0,5.0,0.35,0.6510000000000001,0.0,0.0,9.0,9.0,3.86,4.0144,8.0,0.0,7.0,7.0,0.14,0.2744,0.0,1.0,16.0,15.0,4.8,3.42,8.0,11.07,32.05,20.98,17.4458,5.873432,23.195,0.0,0.0,0.0,0.0,0.0,0.0,0.0,0.0,0.0,0.0,0.0,0.0,194.0,225.0,31.0,210.12,15.4752,194.0
Al7 Cu45 Gd3 Zr45,13.0,64.0,51.0,33.88,7.3152,29.0,27.0,73.0,46.0,54.52,11.1192,44.0,26.9815386,157.25,130.2684614,76.25270770200001,18.334000606080004,63.546,933.47,2128.0,1194.53,1681.5194,401.83254,1357.77,3.0,13.0,10.0,7.75,3.66,4.0,3.0,6.0,3.0,4.44,0.5976,4.0,121.0,196.0,75.0,152.5,22.86,132.0,1.2,1.9,0.7,1.6022,0.2691119999999999,1.33,1.0,2.0,1.0,1.55,0.495,1.0,0.0,1.0,1.0,0.07,0.1302,0.0,0.0,10.0,10.0,5.43,4.113,2.0,0.0,7.0,7.0,0.21,0.4073999999999999,0.0,3.0,11.0,8.0,7.26,3.5304,4.0,0.0,1.0,1.0,0.45,0.495,0.0,0.0,5.0,5.0,0.35,0.6509999999999999,0.0,0.0,9.0,9.0,3.87,4.0248,0.0,0.0,7.0,7.0,0.21,0.4073999999999999,0.0,1.0,16.0,15.0,4.88,3.4920000000000004,1.0,11.07,32.05,20.98,17.53435,5.965523999999999,11.07,0.0,0.0,0.0,0.0,0.0,0.0,0.0,0.0,0.0,0.0,0.0,0.0,194.0,225.0,31.0,210.12,15.4752,194.0
Al7 Cu45 Gd5 Zr43,13.0,64.0,51.0,34.36,7.814400000000001,29.0,27.0,73.0,46.0,54.18,11.4728,64.0,26.9815386,157.25,130.2684614,77.573227702,19.70734140608,63.546,933.47,2128.0,1194.53,1670.6794,393.295716,1357.77,3.0,13.0,10.0,7.73,3.6808,11.0,3.0,6.0,3.0,4.46,0.6184000000000001,4.0,121.0,196.0,75.0,152.92,23.2968,132.0,1.2,1.9,0.7,1.5996,0.2718159999999999,1.9,1.0,2.0,1.0,1.55,0.495,1.0,0.0,1.0,1.0,0.07,0.1301999999999999,0.0,0.0,10.0,10.0,5.41,4.130999999999999,10.0,0.0,7.0,7.0,0.35,0.665,0.0,3.0,11.0,8.0,7.38,3.52,11.0,0.0,1.0,1.0,0.45,0.495,1.0,0.0,5.0,5.0,0.35,0.6510000000000001,0.0,0.0,9.0,9.0,3.89,4.045599999999999,0.0,0.0,7.0,7.0,0.35,0.665,0.0,1.0,16.0,15.0,5.04,3.6416,1.0,11.07,32.05,20.98,17.71145,6.149708,11.07,0.0,0.0,0.0,0.0,0.0,0.0,0.0,0.0,0.0,0.0,0.0,0.0,194.0,225.0,31.0,210.12,15.4752,225.0
Al7 Cu45 Nd2 Zr46,13.0,60.0,47.0,33.56,6.9824,40.0,19.0,73.0,54.0,54.53,11.1088,44.0,26.9815386,144.242,117.2604614,75.332287702,17.376763806080003,91.224,933.47,2128.0,1194.53,1681.0994,411.148552,2128.0,3.0,13.0,10.0,7.76,3.6496,4.0,3.0,6.0,3.0,4.43,0.5871999999999999,5.0,121.0,201.0,80.0,152.39,22.7456,175.0,1.14,1.9,0.76,1.6023000000000005,0.2690079999999999,1.33,1.0,2.0,1.0,1.55,0.495,2.0,0.0,1.0,1.0,0.07,0.1302,0.0,0.0,10.0,10.0,5.42,4.122,2.0,0.0,4.0,4.0,0.08,0.1568,0.0,3.0,11.0,8.0,7.12,3.4920000000000004,4.0,0.0,1.0,1.0,0.45,0.495,0.0,0.0,5.0,5.0,0.35,0.6510000000000001,0.0,0.0,8.0,8.0,3.68,3.9744000000000006,8.0,0.0,10.0,10.0,0.2,0.392,0.0,1.0,10.0,9.0,4.68,3.3120000000000003,8.0,11.07,34.81,23.74,17.500999999999998,5.93084,23.195,0.0,0.0,0.0,0.0,0.0,0.0,0.0,0.0,0.0,0.0,0.0,0.0,194.0,225.0,31.0,210.12,15.4752,194.0
Al7 Cu45 Zr48,13.0,40.0,27.0,33.16,6.5664,40.0,44.0,73.0,29.0,55.03,10.5888,44.0,26.9815386,91.224,64.2424614,74.27192770200001,16.273989406080002,91.224,933.47,2128.0,1194.53,1697.7794,413.011776,2128.0,4.0,13.0,9.0,7.78,3.6288,4.0,3.0,5.0,2.0,4.41,0.5664,5.0,121.0,175.0,54.0,151.87,22.2048,175.0,1.33,1.9,0.5699999999999998,1.6061,0.2650559999999999,1.33,1.0,2.0,1.0,1.55,0.495,2.0,0.0,1.0,1.0,0.07,0.1301999999999999,0.0,0.0,10.0,10.0,5.46,4.086,2.0,0.0,0.0,0.0,0.0,0.0,0.0,3.0,11.0,8.0,7.08,3.528,4.0,0.0,1.0,1.0,0.45,0.495,0.0,0.0,5.0,5.0,0.35,0.6509999999999999,0.0,0.0,8.0,8.0,3.84,3.9936,8.0,0.0,0.0,0.0,0.0,0.0,0.0,1.0,8.0,7.0,4.64,3.276,8.0,11.07,23.195,12.125,17.268700000000003,5.689248,23.195,0.0,0.0,0.0,0.0,0.0,0.0,0.0,0.0,0.0,0.0,0.0,0.0,194.0,225.0,31.0,210.12,15.4752,194.0
Al7 Cu46 Y10 Zr37,13.0,40.0,27.0,32.95,6.4270000000000005,29.0,12.0,73.0,61.0,52.03,13.948199999999996,64.0,26.9815386,91.224,64.2424614,73.76333270200001,15.949397260120003,63.546,933.47,2128.0,1194.53,1657.1771,376.773526,1357.77,3.0,13.0,10.0,7.75,3.725,11.0,3.0,5.0,2.0,4.4,0.5640000000000001,4.0,121.0,190.0,69.0,152.94,23.736400000000003,132.0,1.22,1.9,0.6799999999999999,1.6007999999999998,0.2765519999999999,1.9,1.0,2.0,1.0,1.54,0.4968000000000001,1.0,0.0,1.0,1.0,0.07,0.1301999999999999,0.0,0.0,10.0,10.0,5.44,4.195200000000001,10.0,0.0,0.0,0.0,0.0,0.0,0.0,3.0,11.0,8.0,7.05,3.634,11.0,0.0,1.0,1.0,0.46,0.4968000000000001,1.0,0.0,5.0,5.0,0.35,0.6510000000000001,0.0,0.0,9.0,9.0,3.86,4.091600000000001,0.0,0.0,0.0,0.0,0.0,0.0,0.0,1.0,9.0,8.0,4.67,3.3764,1.0,11.07,32.365,21.295,18.06445,6.656717,11.07,0.0,0.0,0.0,0.0,0.0,0.0,0.0,0.0,0.0,0.0,0.0,0.0,194.0,225.0,31.0,210.43,15.4442,225.0
Al7 Cu46 Y2 Zr45,13.0,40.0,27.0,33.03,6.511800000000001,29.0,12.0,73.0,61.0,54.59,11.2346,64.0,26.9815386,91.224,64.2424614,73.948784702,16.145976380120004,63.546,933.47,2128.0,1194.53,1683.4970999999998,404.672726,1357.77,3.0,13.0,10.0,7.83,3.6402,11.0,3.0,5.0,2.0,4.4,0.5640000000000001,4.0,121.0,190.0,69.0,151.74,22.4644,132.0,1.22,1.9,0.6799999999999999,1.6095999999999997,0.2672239999999999,1.9,1.0,2.0,1.0,1.54,0.4968000000000001,1.0,0.0,1.0,1.0,0.07,0.1302,0.0,0.0,10.0,10.0,5.52,4.1216,10.0,0.0,0.0,0.0,0.0,0.0,0.0,3.0,11.0,8.0,7.13,3.5604,11.0,0.0,1.0,1.0,0.46,0.4968000000000001,1.0,0.0,5.0,5.0,0.35,0.6510000000000001,0.0,0.0,9.0,9.0,3.78,4.006800000000001,0.0,0.0,0.0,0.0,0.0,0.0,0.0,1.0,9.0,8.0,4.59,3.3027999999999995,1.0,11.07,32.365,21.295,17.33085,5.879101,11.07,0.0,0.0,0.0,0.0,0.0,0.0,0.0,0.0,0.0,0.0,0.0,0.0,194.0,225.0,31.0,210.43,15.4442,225.0
Al7 Cu46 Y5 Zr42,13.0,40.0,27.0,33.0,6.48,29.0,12.0,73.0,61.0,53.63,12.2522,64.0,26.9815386,91.224,64.2424614,73.879240202,16.072259210120002,63.546,933.47,2128.0,1194.53,1673.6271,394.210526,1357.77,3.0,13.0,10.0,7.8,3.6720000000000006,11.0,3.0,5.0,2.0,4.4,0.5640000000000001,4.0,121.0,190.0,69.0,152.19,22.9414,132.0,1.22,1.9,0.6799999999999999,1.6063,0.2707219999999999,1.9,1.0,2.0,1.0,1.54,0.4968000000000001,1.0,0.0,1.0,1.0,0.07,0.1301999999999999,0.0,0.0,10.0,10.0,5.49,4.1492,10.0,0.0,0.0,0.0,0.0,0.0,0.0,3.0,11.0,8.0,7.1,3.588,11.0,0.0,1.0,1.0,0.46,0.4968000000000001,1.0,0.0,5.0,5.0,0.35,0.6510000000000001,0.0,0.0,9.0,9.0,3.81,4.0386,0.0,0.0,0.0,0.0,0.0,0.0,0.0,1.0,9.0,8.0,4.62,3.3304,1.0,11.07,32.365,21.295,17.605950000000004,6.170707,11.07,0.0,0.0,0.0,0.0,0.0,0.0,0.0,0.0,0.0,0.0,0.0,0.0,194.0,225.0,31.0,210.43,15.4442,225.0
Al7 Cu46 Zr47,13.0,40.0,27.0,33.05,6.533,40.0,44.0,73.0,29.0,55.23,10.5562,44.0,26.9815386,91.224,64.2424614,73.995147702,16.195121160120003,91.224,933.47,2128.0,1194.53,1690.0771,411.647526,2128.0,4.0,13.0,9.0,7.85,3.619,4.0,3.0,5.0,2.0,4.4,0.564,5.0,121.0,175.0,54.0,151.44,22.146400000000003,175.0,1.33,1.9,0.5699999999999998,1.6118,0.2651439999999999,1.33,1.0,2.0,1.0,1.54,0.4968,2.0,0.0,1.0,1.0,0.07,0.1302,0.0,0.0,10.0,10.0,5.54,4.1032,2.0,0.0,0.0,0.0,0.0,0.0,0.0,3.0,11.0,8.0,7.15,3.5420000000000003,4.0,0.0,1.0,1.0,0.46,0.4968000000000001,0.0,0.0,5.0,5.0,0.35,0.6510000000000001,0.0,0.0,8.0,8.0,3.76,3.9856,8.0,0.0,0.0,0.0,0.0,0.0,0.0,1.0,8.0,7.0,4.57,3.2844,8.0,11.07,23.195,12.125,17.14745,5.684697,23.195,0.0,0.0,0.0,0.0,0.0,0.0,0.0,0.0,0.0,0.0,0.0,0.0,194.0,225.0,31.0,210.43,15.4442,194.0
Al7 Cu50 Zr43,13.0,40.0,27.0,32.61,6.3554,29.0,44.0,73.0,29.0,56.03,10.3458,64.0,26.9815386,91.224,64.2424614,72.888027702,15.768936176280004,63.546,933.47,2128.0,1194.53,1659.2678999999998,403.109606,1357.77,4.0,13.0,9.0,8.13,3.5518,11.0,3.0,5.0,2.0,4.36,0.5504000000000001,4.0,121.0,175.0,54.0,149.72,21.7408,132.0,1.33,1.9,0.5699999999999998,1.6346,0.2653999999999999,1.9,1.0,2.0,1.0,1.5,0.5,1.0,0.0,1.0,1.0,0.07,0.1301999999999999,0.0,0.0,10.0,10.0,5.86,4.14,10.0,0.0,0.0,0.0,0.0,0.0,0.0,3.0,11.0,8.0,7.43,3.57,11.0,0.0,1.0,1.0,0.5,0.5,1.0,0.0,5.0,5.0,0.35,0.6510000000000001,0.0,0.0,8.0,8.0,3.44,3.9216,0.0,0.0,0.0,0.0,0.0,0.0,0.0,1.0,8.0,7.0,4.29,3.29,1.0,11.07,23.195,12.125,16.66245,5.617992999999999,11.07,0.0,0.0,0.0,0.0,0.0,0.0,0.0,0.0,0.0,0.0,0.0,0.0,194.0,225.0,31.0,211.67,15.196200000000005,225.0
Al7 Cu50 Zr43,13.0,40.0,27.0,32.61,6.3554,29.0,44.0,73.0,29.0,56.03,10.3458,64.0,26.9815386,91.224,64.2424614,72.888027702,15.768936176280004,63.546,933.47,2128.0,1194.53,1659.2678999999998,403.109606,1357.77,4.0,13.0,9.0,8.13,3.5518,11.0,3.0,5.0,2.0,4.36,0.5504000000000001,4.0,121.0,175.0,54.0,149.72,21.7408,132.0,1.33,1.9,0.5699999999999998,1.6346,0.2653999999999999,1.9,1.0,2.0,1.0,1.5,0.5,1.0,0.0,1.0,1.0,0.07,0.1301999999999999,0.0,0.0,10.0,10.0,5.86,4.14,10.0,0.0,0.0,0.0,0.0,0.0,0.0,3.0,11.0,8.0,7.43,3.57,11.0,0.0,1.0,1.0,0.5,0.5,1.0,0.0,5.0,5.0,0.35,0.6510000000000001,0.0,0.0,8.0,8.0,3.44,3.9216,0.0,0.0,0.0,0.0,0.0,0.0,0.0,1.0,8.0,7.0,4.29,3.29,1.0,11.07,23.195,12.125,16.66245,5.617992999999999,11.07,0.0,0.0,0.0,0.0,0.0,0.0,0.0,0.0,0.0,0.0,0.0,0.0,194.0,225.0,31.0,211.67,15.196200000000005,225.0
Al7.5 Cu17.5 Ni10 Zr65,13.0,40.0,27.0,34.85,6.694999999999999,40.0,44.0,73.0,29.0,51.375,9.5875,44.0,26.9815386,91.224,64.2424614,78.309105395,16.7893629865,91.224,933.47,2128.0,1194.53,1863.62,343.6940000000001,2128.0,4.0,13.0,9.0,6.5,3.25,4.0,3.0,5.0,2.0,4.575,0.5525,5.0,121.0,175.0,54.0,158.325,21.6775,175.0,1.33,1.91,0.5799999999999998,1.50875,0.2323749999999999,1.33,1.0,2.0,1.0,1.825,0.28875,2.0,0.0,1.0,1.0,0.075,0.13875,0.0,0.0,10.0,10.0,3.85,2.9825,2.0,0.0,0.0,0.0,0.0,0.0,0.0,3.0,11.0,8.0,5.75,2.6875,4.0,0.0,1.0,1.0,0.175,0.28875,0.0,0.0,5.0,5.0,0.375,0.69375,0.0,0.0,8.0,8.0,5.4,3.38,8.0,0.0,0.0,0.0,0.0,0.0,0.0,1.0,8.0,7.0,5.95,2.665,8.0,10.32,23.195,12.875,19.282,5.086900000000001,23.195,0.0,0.0,0.0,0.0,0.0,0.0,0.0,0.5953947,0.5953947,0.05953947,0.107171046,0.0,194.0,225.0,31.0,204.85,14.105,194.0
Al7.5 Cu52.5 Hf40,13.0,72.0,59.0,45.0,21.6,29.0,45.0,73.0,28.0,57.075,9.659999999999998,64.0,26.9815386,178.49,151.50846140000002,106.781265395,57.36698768400001,63.546,933.47,2506.0,1572.53,1785.2395,576.6084000000001,1357.77,4.0,13.0,9.0,8.35,3.48,11.0,3.0,6.0,3.0,4.725,1.0199999999999998,4.0,121.0,175.0,54.0,148.375,21.3,132.0,1.3,1.9,0.5999999999999999,1.63825,0.2748374999999999,1.9,1.0,2.0,1.0,1.475,0.49875,1.0,0.0,1.0,1.0,0.075,0.13875,0.0,0.0,10.0,10.0,6.05,4.1475,10.0,0.0,14.0,14.0,5.6,6.72,0.0,3.0,18.0,15.0,13.2,3.84,11.0,0.0,1.0,1.0,0.525,0.49875,1.0,0.0,5.0,5.0,0.375,0.69375,0.0,0.0,8.0,8.0,3.2,3.84,0.0,0.0,0.0,0.0,0.0,0.0,0.0,1.0,8.0,7.0,4.1,3.255,1.0,11.07,22.2,11.13,15.92775,5.1006375,11.07,0.0,0.0,0.0,0.0,0.0,0.0,0.0,0.0,0.0,0.0,0.0,0.0,194.0,225.0,31.0,212.6,14.88,225.0
Al8 Cu11 Ni11 Zr70,13.0,40.0,27.0,35.31,6.565999999999999,40.0,44.0,73.0,29.0,50.39,8.946,44.0,26.9815386,91.224,64.2424614,79.461657088,16.467280076800005,91.224,933.47,2128.0,1194.53,1903.7123,314.00278000000003,2128.0,4.0,13.0,9.0,6.15,3.01,4.0,3.0,5.0,2.0,4.62,0.5319999999999999,5.0,121.0,175.0,54.0,160.34,20.524,175.0,1.33,1.91,0.5799999999999998,1.4789,0.2084599999999999,1.33,1.0,2.0,1.0,1.89,0.1958,2.0,0.0,1.0,1.0,0.08,0.1472,0.0,0.0,10.0,10.0,3.38,2.4728,2.0,0.0,0.0,0.0,0.0,0.0,0.0,3.0,11.0,8.0,5.35,2.266,4.0,0.0,1.0,1.0,0.11,0.1958,0.0,0.0,5.0,5.0,0.4,0.736,0.0,0.0,8.0,8.0,5.82,3.052,8.0,0.0,0.0,0.0,0.0,0.0,0.0,1.0,8.0,7.0,6.33,2.338,8.0,10.32,23.195,12.875,19.9078,4.60208,23.195,0.0,0.0,0.0,0.0,0.0,0.0,0.0,0.5953947,0.5953947,0.065493417,0.11657828226,0.0,194.0,225.0,31.0,203.3,13.020000000000003,194.0
Al8 Cu13.5 Ni8.5 Zr70,13.0,40.0,27.0,35.335,6.530999999999999,40.0,44.0,73.0,29.0,50.465,9.051000000000002,44.0,26.9815386,91.224,64.2424614,79.582972088,16.2974390768,91.224,933.47,2128.0,1194.53,1894.45655,326.96083000000004,2128.0,4.0,13.0,9.0,6.175,3.045,4.0,3.0,5.0,2.0,4.62,0.5319999999999999,5.0,121.0,175.0,54.0,160.54,20.244000000000003,175.0,1.33,1.91,0.5799999999999998,1.47865,0.2081099999999999,1.33,1.0,2.0,1.0,1.865,0.23355,2.0,0.0,1.0,1.0,0.08,0.1472,0.0,0.0,10.0,10.0,3.43,2.5508000000000006,2.0,0.0,0.0,0.0,0.0,0.0,0.0,3.0,11.0,8.0,5.375,2.305,4.0,0.0,1.0,1.0,0.135,0.23355,0.0,0.0,5.0,5.0,0.4,0.736,0.0,0.0,8.0,8.0,5.77,3.1220000000000003,8.0,0.0,0.0,0.0,0.0,0.0,0.0,1.0,8.0,7.0,6.305,2.373,8.0,10.32,23.195,12.875,19.92655,4.575829999999999,23.195,0.0,0.0,0.0,0.0,0.0,0.0,0.0,0.5953947,0.5953947,0.0506085495,0.092613645585,0.0,194.0,225.0,31.0,203.3,13.020000000000003,194.0
Al8 Cu16 Ni6 Zr70,13.0,40.0,27.0,35.36,6.496,40.0,44.0,73.0,29.0,50.54,9.156,44.0,26.9815386,91.224,64.2424614,79.704287088,16.127598076800002,91.224,933.47,2128.0,1194.53,1885.2008,339.91888,2128.0,4.0,13.0,9.0,6.2,3.08,4.0,3.0,5.0,2.0,4.62,0.5319999999999999,5.0,121.0,175.0,54.0,160.74,19.963999999999995,175.0,1.33,1.91,0.5799999999999998,1.4784,0.2077599999999999,1.33,1.0,2.0,1.0,1.84,0.2687999999999999,2.0,0.0,1.0,1.0,0.08,0.1472,0.0,0.0,10.0,10.0,3.48,2.6288,2.0,0.0,0.0,0.0,0.0,0.0,0.0,3.0,11.0,8.0,5.4,2.3440000000000003,4.0,0.0,1.0,1.0,0.16,0.2688,0.0,0.0,5.0,5.0,0.4,0.736,0.0,0.0,8.0,8.0,5.72,3.1920000000000006,8.0,0.0,0.0,0.0,0.0,0.0,0.0,1.0,8.0,7.0,6.28,2.408,8.0,10.32,23.195,12.875,19.945300000000003,4.549579999999999,23.195,0.0,0.0,0.0,0.0,0.0,0.0,0.0,0.5953947,0.5953947,0.035723682,0.06716052216,0.0,194.0,225.0,31.0,203.3,13.020000000000003,194.0
Al8 Cu19 Ni3 Zr70,13.0,40.0,27.0,35.39,6.454,40.0,44.0,73.0,29.0,50.63,9.282,44.0,26.9815386,91.224,64.2424614,79.849865088,15.923788876800003,91.224,933.47,2128.0,1194.53,1874.0939,355.46854,2128.0,4.0,13.0,9.0,6.23,3.1220000000000003,4.0,3.0,5.0,2.0,4.62,0.5319999999999999,5.0,121.0,175.0,54.0,160.98,19.628000000000004,175.0,1.33,1.91,0.5799999999999998,1.4781,0.2073399999999999,1.33,1.0,2.0,1.0,1.81,0.3077999999999999,2.0,0.0,1.0,1.0,0.08,0.1472,0.0,0.0,10.0,10.0,3.54,2.7224,2.0,0.0,0.0,0.0,0.0,0.0,0.0,3.0,11.0,8.0,5.43,2.3908,4.0,0.0,1.0,1.0,0.19,0.3078,0.0,0.0,5.0,5.0,0.4,0.736,0.0,0.0,8.0,8.0,5.66,3.276,8.0,0.0,0.0,0.0,0.0,0.0,0.0,1.0,8.0,7.0,6.25,2.45,8.0,10.32,23.195,12.875,19.9678,4.51808,23.195,0.0,0.0,0.0,0.0,0.0,0.0,0.0,0.5953947,0.5953947,0.017861841,0.03465197154,0.0,194.0,225.0,31.0,203.3,13.020000000000003,194.0
Al8 Cu3 Ni19 Zr70,13.0,40.0,27.0,35.23,6.678000000000002,40.0,44.0,73.0,29.0,50.15,8.61,44.0,26.9815386,91.224,64.2424614,79.073449088,17.0107712768,91.224,933.47,2128.0,1194.53,1933.3307,272.53702,2128.0,4.0,13.0,9.0,6.07,2.898,4.0,3.0,5.0,2.0,4.62,0.5319999999999999,5.0,121.0,175.0,54.0,159.7,21.420000000000005,175.0,1.33,1.91,0.5799999999999998,1.4797,0.2095799999999999,1.33,1.0,2.0,1.0,1.97,0.0582,2.0,0.0,1.0,1.0,0.08,0.1472,0.0,0.0,10.0,10.0,3.22,2.2232,2.0,0.0,0.0,0.0,0.0,0.0,0.0,3.0,11.0,8.0,5.27,2.1411999999999995,4.0,0.0,1.0,1.0,0.03,0.0582,0.0,0.0,5.0,5.0,0.4,0.736,0.0,0.0,8.0,8.0,5.98,2.8279999999999994,8.0,0.0,0.0,0.0,0.0,0.0,0.0,1.0,8.0,7.0,6.41,2.226,8.0,10.32,23.195,12.875,19.847800000000003,4.686079999999999,23.195,0.0,0.0,0.0,0.0,0.0,0.0,0.0,0.5953947,0.5953947,0.113124993,0.18326248866,0.0,194.0,225.0,31.0,203.3,13.020000000000003,194.0
Al8 Cu46 Zr46,13.0,40.0,27.0,32.78,6.6424,29.0,44.0,73.0,29.0,55.52,10.598400000000002,44.0,26.9815386,91.224,64.2424614,73.352723088,16.44157475904,63.546,933.47,2128.0,1194.53,1678.1318,413.878744,1357.77,4.0,13.0,9.0,7.94,3.6248,4.0,3.0,5.0,2.0,4.38,0.5704,4.0,121.0,175.0,54.0,150.9,22.172,132.0,1.33,1.9,0.5699999999999998,1.6145999999999998,0.2625679999999999,1.33,1.0,2.0,1.0,1.54,0.4968,1.0,0.0,1.0,1.0,0.08,0.1472,0.0,0.0,10.0,10.0,5.52,4.1216,2.0,0.0,0.0,0.0,0.0,0.0,0.0,3.0,11.0,8.0,7.14,3.5512,4.0,0.0,1.0,1.0,0.46,0.4968000000000001,0.0,0.0,5.0,5.0,0.4,0.7360000000000001,0.0,0.0,8.0,8.0,3.68,3.9744000000000006,0.0,0.0,0.0,0.0,0.0,0.0,0.0,1.0,8.0,7.0,4.54,3.2568,1.0,11.07,23.195,12.125,17.0803,5.625524,11.07,0.0,0.0,0.0,0.0,0.0,0.0,0.0,0.0,0.0,0.0,0.0,0.0,194.0,225.0,31.0,210.74,15.400799999999998,194.0
Al8 Cu5 Ni42 Si2.5 Ti20 Zr22.5,13.0,40.0,27.0,28.0,5.5,28.0,43.0,78.0,35.0,55.11,9.8435,61.0,26.9815386,91.224,64.2424614,60.787988588,13.9720062766,58.6934,933.47,2128.0,1194.53,1777.5011,223.124065,1728.0,4.0,14.0,10.0,7.84,3.264,10.0,3.0,5.0,2.0,4.12,0.3960000000000001,4.0,111.0,175.0,64.0,142.51,21.616499999999995,124.0,1.33,1.91,0.5799999999999998,1.6807500000000002,0.2254574999999999,1.91,1.0,2.0,1.0,1.95,0.095,2.0,0.0,2.0,2.0,0.13,0.2327,0.0,0.0,10.0,10.0,4.71,3.2926000000000006,8.0,0.0,0.0,0.0,0.0,0.0,0.0,3.0,11.0,8.0,6.79,3.1173999999999995,10.0,0.0,1.0,1.0,0.05,0.095,0.0,0.0,5.0,5.0,0.5,0.895,0.0,0.0,8.0,8.0,4.24,3.196,2.0,0.0,0.0,0.0,0.0,0.0,0.0,1.0,8.0,7.0,4.79,2.7621,2.0,10.32,23.195,12.875,15.274175,4.5819245,10.32,0.0,0.773,0.773,0.019325,0.03768375,0.0,0.0,0.5953947,0.5953947,0.2500702806666666,0.29007251224,0.5953947,194.0,227.0,33.0,211.875,15.19375,225.0
Al8 Cu5 Ni42 Si3.5 Ti19 Zr22.5,13.0,40.0,27.0,27.92,5.611199999999999,28.0,43.0,78.0,35.0,55.46,9.8918,61.0,26.9815386,91.224,64.2424614,60.590173588,14.0808045266,58.6934,933.47,2128.0,1194.53,1774.9610999999998,221.96228699999995,1728.0,4.0,14.0,10.0,7.94,3.2702,10.0,3.0,5.0,2.0,4.11,0.4005000000000001,4.0,111.0,175.0,64.0,142.02,21.6734,124.0,1.33,1.91,0.5799999999999998,1.68435,0.2262064999999999,1.91,1.0,2.0,1.0,1.95,0.095,2.0,0.0,2.0,2.0,0.15,0.2655,0.0,0.0,10.0,10.0,4.69,3.3114,8.0,0.0,0.0,0.0,0.0,0.0,0.0,3.0,11.0,8.0,6.79,3.1173999999999995,10.0,0.0,1.0,1.0,0.05,0.095,0.0,0.0,5.0,5.0,0.54,0.9558,0.0,0.0,8.0,8.0,4.16,3.1872,2.0,0.0,0.0,0.0,0.0,0.0,0.0,1.0,8.0,7.0,4.75,2.7375,2.0,10.32,23.195,12.875,15.311675,4.6171745,10.32,0.0,0.773,0.773,0.027055,0.05221615,0.0,0.0,0.5953947,0.5953947,0.2500700553333333,0.29007270152,0.5953947,194.0,227.0,33.0,212.205,15.110149999999994,225.0
Al8 Cu5 Ni42 Si3.5 Ti20 Zr21.5,13.0,40.0,27.0,27.74,5.616200000000001,28.0,43.0,78.0,35.0,55.45,9.9035,61.0,26.9815386,91.224,64.2424614,60.156603588,13.69792009836,58.6934,933.47,2128.0,1194.53,1773.0911,219.774387,1728.0,4.0,14.0,10.0,7.94,3.2702,10.0,3.0,5.0,2.0,4.1,0.3869999999999998,4.0,111.0,175.0,64.0,141.87,21.4979,124.0,1.33,1.91,0.5799999999999998,1.68645,0.2240854999999999,1.91,1.0,2.0,1.0,1.95,0.095,2.0,0.0,2.0,2.0,0.15,0.2655,0.0,0.0,10.0,10.0,4.69,3.3114,8.0,0.0,0.0,0.0,0.0,0.0,0.0,3.0,11.0,8.0,6.79,3.1174,10.0,0.0,1.0,1.0,0.05,0.095,0.0,0.0,5.0,5.0,0.54,0.9558,0.0,0.0,8.0,8.0,4.16,3.1872000000000003,2.0,0.0,0.0,0.0,0.0,0.0,0.0,1.0,8.0,7.0,4.75,2.7375,2.0,10.32,23.195,12.875,15.246625,4.5560275,10.32,0.0,0.773,0.773,0.027055,0.05221615,0.0,0.0,0.5953947,0.5953947,0.2500702806666666,0.29007251224,0.5953947,194.0,227.0,33.0,212.205,15.110149999999996,225.0
Al8 Cu5 Ni42 Si4.5 Ti20 Zr20.5,13.0,40.0,27.0,27.48,5.722,28.0,43.0,78.0,35.0,55.79,9.9499,61.0,26.9815386,91.224,64.2424614,59.52521858800001,13.398578520120006,58.6934,933.47,2128.0,1194.53,1768.6810999999998,216.24830899999995,1728.0,4.0,14.0,10.0,8.04,3.2724,10.0,3.0,5.0,2.0,4.08,0.3772,4.0,111.0,175.0,64.0,141.23,21.3537,124.0,1.33,1.91,0.5799999999999998,1.6921499999999998,0.2224854999999999,1.91,1.0,2.0,1.0,1.95,0.095,2.0,0.0,2.0,2.0,0.17,0.2975,0.0,0.0,10.0,10.0,4.67,3.3302,8.0,0.0,0.0,0.0,0.0,0.0,0.0,3.0,11.0,8.0,6.79,3.1174,10.0,0.0,1.0,1.0,0.05,0.095,0.0,0.0,5.0,5.0,0.58,1.015,0.0,0.0,8.0,8.0,4.08,3.1752,2.0,0.0,0.0,0.0,0.0,0.0,0.0,1.0,8.0,7.0,4.71,2.7113,2.0,10.32,23.195,12.875,15.219075,4.5301305,10.32,0.0,0.773,0.773,0.0347849999999999,0.06643935,0.0,0.0,0.5953947,0.5953947,0.2500702806666666,0.29007251224,0.5953947,194.0,227.0,33.0,212.535,15.013350000000004,225.0
Al8 Cu5 Ni42 Ti20 Zr25,13.0,40.0,27.0,28.65,5.71,28.0,43.0,73.0,30.0,54.26,9.634,61.0,26.9815386,91.224,64.2424614,62.36645108799999,14.546729347199998,58.6934,933.47,2128.0,1194.53,1788.5260999999998,230.72651,1728.0,4.0,13.0,9.0,7.59,3.2310000000000003,10.0,3.0,5.0,2.0,4.17,0.4149999999999999,4.0,121.0,175.0,54.0,144.11,21.801,124.0,1.33,1.91,0.5799999999999998,1.6665,0.2278899999999999,1.91,1.0,2.0,1.0,1.95,0.095,2.0,0.0,1.0,1.0,0.08,0.1472,0.0,0.0,10.0,10.0,4.76,3.2456,8.0,0.0,0.0,0.0,0.0,0.0,0.0,3.0,11.0,8.0,6.79,3.1174,10.0,0.0,1.0,1.0,0.05,0.095,0.0,0.0,5.0,5.0,0.4,0.736,0.0,0.0,8.0,8.0,4.44,3.204,2.0,0.0,0.0,0.0,0.0,0.0,0.0,1.0,8.0,7.0,4.89,2.8166,2.0,10.32,23.195,12.875,15.34305,4.646667,10.32,0.0,0.0,0.0,0.0,0.0,0.0,0.0,0.5953947,0.5953947,0.2500702806666666,0.29007251224,0.5953947,194.0,225.0,31.0,211.05,15.344999999999995,225.0
Al8 Cu6 Ni16 Zr70,13.0,40.0,27.0,35.26,6.636000000000001,40.0,44.0,73.0,29.0,50.24,8.736,44.0,26.9815386,91.224,64.2424614,79.219027088,16.8069620768,91.224,933.47,2128.0,1194.53,1922.2238,288.08668,2128.0,4.0,13.0,9.0,6.1,2.94,4.0,3.0,5.0,2.0,4.62,0.5319999999999999,5.0,121.0,175.0,54.0,159.94,21.084,175.0,1.33,1.91,0.5799999999999998,1.4794,0.2091599999999999,1.33,1.0,2.0,1.0,1.94,0.1128,2.0,0.0,1.0,1.0,0.08,0.1472,0.0,0.0,10.0,10.0,3.28,2.3168,2.0,0.0,0.0,0.0,0.0,0.0,0.0,3.0,11.0,8.0,5.3,2.188,4.0,0.0,1.0,1.0,0.06,0.1128,0.0,0.0,5.0,5.0,0.4,0.736,0.0,0.0,8.0,8.0,5.92,2.912,8.0,0.0,0.0,0.0,0.0,0.0,0.0,1.0,8.0,7.0,6.38,2.268,8.0,10.32,23.195,12.875,19.8703,4.654579999999999,23.195,0.0,0.0,0.0,0.0,0.0,0.0,0.0,0.5953947,0.5953947,0.095263152,0.16004209536,0.0,194.0,225.0,31.0,203.3,13.020000000000003,194.0
Al8.7 Cu14.4 Ni11.9 Zr65,13.0,40.0,27.0,34.639,6.969299999999999,40.0,44.0,73.0,29.0,51.426,9.6538,44.0,26.9815386,91.224,64.2424614,77.7781324582,17.47962780434,91.224,933.47,2128.0,1194.53,1865.56277,341.168399,2128.0,4.0,13.0,9.0,6.505,3.2565,4.0,3.0,5.0,2.0,4.563,0.5681,5.0,121.0,175.0,54.0,158.041,22.0467,175.0,1.33,1.91,0.5799999999999998,1.50546,0.2280979999999999,1.33,1.0,2.0,1.0,1.856,0.246528,2.0,0.0,1.0,1.0,0.087,0.1588619999999999,0.0,0.0,10.0,10.0,3.692,2.8420079999999994,2.0,0.0,0.0,0.0,0.0,0.0,0.0,3.0,11.0,8.0,5.635,2.58399,4.0,0.0,1.0,1.0,0.144,0.246528,0.0,0.0,5.0,5.0,0.435,0.79431,0.0,0.0,8.0,8.0,5.438,3.3306,8.0,0.0,0.0,0.0,0.0,0.0,0.0,1.0,8.0,7.0,6.017,2.5779,8.0,10.32,23.195,12.875,19.33267,5.021029000000001,23.195,0.0,0.0,0.0,0.0,0.0,0.0,0.0,0.5953947,0.5953947,0.0708519693,0.1248411699066,0.0,194.0,225.0,31.0,204.85,14.105,194.0
Al8.7 Cu39.09 Gd0.02 Zr52.19,13.0,64.0,51.0,33.3559,6.947369220000001,40.0,27.0,73.0,46.0,54.3376,10.80132192,44.0,26.9815386,157.25,130.2684614,74.82878085819999,17.14629822786756,91.224,933.47,2128.0,1194.53,1722.884583,422.8594722646001,2128.0,3.0,13.0,10.0,7.5191,3.67504422,4.0,3.0,6.0,3.0,4.4353,0.5900597399999999,5.0,121.0,196.0,75.0,153.4975,22.4613105,175.0,1.2,1.9,0.7,1.577147,0.2581228973999999,1.33,1.0,2.0,1.0,1.6091,0.47619438,2.0,0.0,1.0,1.0,0.087,0.1588619999999999,0.0,0.0,10.0,10.0,4.953,3.9457446,2.0,0.0,7.0,7.0,0.0014,0.00279944,0.0,3.0,11.0,8.0,6.650499999999999,3.4017789,4.0,0.0,1.0,1.0,0.3909,0.47619438,0.0,0.0,5.0,5.0,0.435,0.79431,0.0,0.0,9.0,9.0,4.177,3.9923766,8.0,0.0,7.0,7.0,0.0014,0.00279944,0.0,1.0,16.0,15.0,5.0043,3.13130994,8.0,11.07,32.05,20.98,17.872903499999996,5.5608751653000015,23.195,0.0,0.0,0.0,0.0,0.0,0.0,0.0,0.0,0.0,0.0,0.0,0.0,194.0,225.0,31.0,208.8149,15.46971858,194.0
Al8.7 Cu39.1 Zr52.2,13.0,40.0,27.0,33.35,6.9426,40.0,44.0,73.0,29.0,54.343,10.798092000000002,44.0,26.9815386,91.224,64.2424614,74.8128078582,17.133284596039204,91.224,933.47,2128.0,1194.53,1722.9159600000005,422.90773776,2128.0,4.0,13.0,9.0,7.52,3.67488,4.0,3.0,5.0,2.0,4.435,0.58986,5.0,121.0,175.0,54.0,153.489,22.457484,175.0,1.33,1.9,0.5699999999999998,1.57723,0.2581081199999999,1.33,1.0,2.0,1.0,1.609,0.476238,2.0,0.0,1.0,1.0,0.087,0.1588619999999999,0.0,0.0,10.0,10.0,4.954,3.945972,2.0,0.0,0.0,0.0,0.0,0.0,0.0,3.0,11.0,8.0,6.65,3.4016999999999995,4.0,0.0,1.0,1.0,0.391,0.476238,0.0,0.0,5.0,5.0,0.435,0.7943100000000001,0.0,0.0,8.0,8.0,4.176,3.992256,8.0,0.0,0.0,0.0,0.0,0.0,0.0,1.0,8.0,7.0,5.002000000000001,3.1299120000000005,8.0,11.07,23.195,12.125,17.86992,5.55938352,23.195,0.0,0.0,0.0,0.0,0.0,0.0,0.0,0.0,0.0,0.0,0.0,0.0,194.0,225.0,31.0,208.81800000000004,15.469992,194.0
Al8.86 Pr91.14,13.0,59.0,46.0,54.924400000000006,7.429003679999995,59.0,17.0,73.0,56.0,21.9616,9.044004479999998,17.0,26.9815386,140.90765,113.9261114,130.81379652995997,18.399076105188925,140.90765,933.47,1204.0,270.53,1180.031042,43.690616642399945,1204.0,3.0,13.0,10.0,3.886,1.6150008000000002,3.0,3.0,6.0,3.0,5.7342,0.4845002399999997,6.0,121.0,203.0,82.0,195.73480000000004,13.243006559999971,203.0,1.13,1.61,0.4800000000000002,1.172528,0.0775200384000001,1.13,2.0,2.0,0.0,2.0,0.0,2.0,0.0,1.0,1.0,0.0886,0.16150008,0.0,0.0,0.0,0.0,0.0,0.0,0.0,0.0,3.0,3.0,2.7342,0.4845002399999999,3.0,3.0,5.0,2.0,4.8228,0.32300016,5.0,0.0,0.0,0.0,0.0,0.0,0.0,0.0,5.0,5.0,0.4429999999999999,0.8075003999999999,0.0,0.0,0.0,0.0,0.0,0.0,0.0,0.0,11.0,11.0,10.0254,1.7765008800000004,11.0,5.0,11.0,6.0,10.4684,0.9690004800000008,11.0,16.48,35.675,19.195,33.974323,3.099994035599999,35.675,0.0,0.0,0.0,0.0,0.0,0.0,0.0,0.0,0.0,0.0,0.0,0.0,194.0,225.0,31.0,196.7466,5.00650248,194.0
Al9 Cu45 Y3.45 Zr42.55,13.0,40.0,27.0,32.5855,6.75234,29.0,12.0,73.0,61.0,54.506,11.87352,64.0,26.9815386,91.224,64.2424614,72.907102299,16.691593534920003,63.546,933.47,2128.0,1194.53,1662.5383000000002,405.5237639999999,1357.77,3.0,13.0,10.0,7.925499999999999,3.68046,11.0,3.0,5.0,2.0,4.37,0.5796,4.0,121.0,190.0,69.0,151.3075,22.8321,132.0,1.22,1.9,0.6799999999999999,1.607905,0.2632625999999999,1.9,1.0,2.0,1.0,1.55,0.495,1.0,0.0,1.0,1.0,0.09,0.1637999999999999,0.0,0.0,10.0,10.0,5.3855,4.15305,10.0,0.0,0.0,0.0,0.0,0.0,0.0,3.0,11.0,8.0,7.025499999999999,3.57705,11.0,0.0,1.0,1.0,0.45,0.495,1.0,0.0,5.0,5.0,0.45,0.8190000000000001,0.0,0.0,9.0,9.0,3.7145,4.011659999999999,0.0,0.0,0.0,0.0,0.0,0.0,0.0,1.0,9.0,8.0,4.6145,3.25305,1.0,11.07,32.365,21.295,17.450765,5.9174262,11.07,0.0,0.0,0.0,0.0,0.0,0.0,0.0,0.0,0.0,0.0,0.0,0.0,194.0,225.0,31.0,210.74,15.400799999999998,225.0
Al9 Cu49 Hf42,13.0,72.0,59.0,45.62,22.1592,29.0,45.0,73.0,28.0,56.83,9.9372,64.0,26.9815386,178.49,151.50846140000002,108.531678474,58.76499008184,63.546,933.47,2506.0,1572.53,1801.8396,591.494736,1357.77,4.0,13.0,9.0,8.24,3.5616,11.0,3.0,6.0,3.0,4.75,1.05,4.0,121.0,175.0,54.0,149.07,21.7812,132.0,1.3,1.9,0.5999999999999999,1.6219,0.2725379999999999,1.9,1.0,2.0,1.0,1.51,0.4998,1.0,0.0,1.0,1.0,0.09,0.1638,0.0,0.0,10.0,10.0,5.74,4.1748,10.0,0.0,14.0,14.0,5.88,6.8208,0.0,3.0,18.0,15.0,13.22,4.0152,11.0,0.0,1.0,1.0,0.49,0.4998,1.0,0.0,5.0,5.0,0.45,0.8190000000000001,0.0,0.0,8.0,8.0,3.36,3.8976,0.0,0.0,0.0,0.0,0.0,0.0,0.0,1.0,8.0,7.0,4.3,3.234,1.0,11.07,22.2,11.13,16.2315,5.05827,11.07,0.0,0.0,0.0,0.0,0.0,0.0,0.0,0.0,0.0,0.0,0.0,0.0,194.0,225.0,31.0,211.98,15.1032,225.0
Al9.5 Cu36.1 Ti1.9 Y5 Zr47.5,13.0,40.0,27.0,33.072,7.1744,40.0,12.0,73.0,61.0,52.356,12.329328,44.0,26.9815386,91.224,64.2424614,74.189517667,17.654391449650003,91.224,933.47,2128.0,1194.53,1716.46362,407.74558144,2128.0,3.0,13.0,10.0,7.332000000000001,3.725216000000001,4.0,3.0,5.0,2.0,4.43,0.5985,5.0,121.0,190.0,69.0,154.812,22.894544,175.0,1.22,1.9,0.6799999999999999,1.56086,0.2541956799999999,1.33,1.0,2.0,1.0,1.639,0.461358,2.0,0.0,1.0,1.0,0.095,0.17195,0.0,0.0,10.0,10.0,4.648,3.864144,2.0,0.0,0.0,0.0,0.0,0.0,0.0,3.0,11.0,8.0,6.382000000000001,3.334196,4.0,0.0,1.0,1.0,0.361,0.461358,0.0,0.0,5.0,5.0,0.475,0.8597500000000001,0.0,0.0,9.0,9.0,4.402,4.014624,8.0,0.0,0.0,0.0,0.0,0.0,0.0,1.0,9.0,8.0,5.238,3.1050560000000003,8.0,11.07,32.365,21.295,18.514855,5.83115225,23.195,0.0,0.0,0.0,0.0,0.0,0.0,0.0,2.25333333333e-05,2.25333333333e-05,4.281333333327e-07,8.399975999987574e-07,0.0,194.0,225.0,31.0,208.136,15.379967999999998,194.0
Al9.7 Cu36.86 Ti1.94 Y3 Zr48.5,13.0,40.0,27.0,32.9472,7.204384,40.0,12.0,73.0,61.0,53.2056,11.79774528,44.0,26.9815386,91.224,64.2424614,73.8797001442,17.725539851474,91.224,933.47,2128.0,1194.53,1714.726012,414.7116383744,2128.0,3.0,13.0,10.0,7.4232,3.71871616,4.0,3.0,5.0,2.0,4.417999999999999,0.59946,5.0,121.0,190.0,69.0,154.07119999999998,22.686701440000007,175.0,1.22,1.9,0.6799999999999999,1.5680360000000002,0.2528648767999999,1.33,1.0,2.0,1.0,1.6314,0.46546808,2.0,0.0,1.0,1.0,0.0969999999999999,0.175182,0.0,0.0,10.0,10.0,4.7248,3.88887744,2.0,0.0,0.0,0.0,0.0,0.0,0.0,3.0,11.0,8.0,6.453199999999999,3.35190096,4.0,0.0,1.0,1.0,0.3686,0.46546808,0.0,0.0,5.0,5.0,0.485,0.8759100000000001,0.0,0.0,9.0,9.0,4.3052,4.00900224,8.0,0.0,0.0,0.0,0.0,0.0,0.0,1.0,9.0,8.0,5.1588,3.0966745600000003,8.0,11.07,32.365,21.295,18.223273,5.67107881,23.195,0.0,0.0,0.0,0.0,0.0,0.0,0.0,2.25333333333e-05,2.25333333333e-05,4.3714666666602e-07,8.573320426653983e-07,0.0,194.0,225.0,31.0,208.4336,15.42663168,194.0
Al9.8 Cu24 La62 Mg4.2,12.0,57.0,45.0,44.078,16.02328,57.0,13.0,73.0,60.0,33.43,25.3332,13.0,24.305,138.90547,114.60047,105.03743218280002,41.996366893328,138.90547,923.0,1357.77,434.77,1195.77086,77.75958720000004,1193.0,2.0,13.0,11.0,5.858,3.867992,3.0,3.0,6.0,3.0,5.1,1.116,6.0,121.0,207.0,86.0,177.8,36.208,207.0,1.1,1.9,0.7999999999999998,1.3508000000000002,0.3144192,1.1,1.0,2.0,1.0,1.76,0.3648,2.0,0.0,1.0,1.0,0.098,0.176792,0.0,0.0,10.0,10.0,3.02,3.3504,1.0,0.0,0.0,0.0,0.0,0.0,0.0,2.0,11.0,9.0,4.877999999999999,2.9385599999999994,3.0,0.0,1.0,1.0,0.24,0.3648,0.0,0.0,5.0,5.0,0.49,0.8839599999999999,0.0,0.0,9.0,9.0,5.58,4.2408,9.0,0.0,0.0,0.0,0.0,0.0,0.0,0.0,9.0,9.0,6.31,3.3356,9.0,11.07,36.8975,25.8275,28.10967,10.8969092,36.8975,0.0,0.0,0.0,0.0,0.0,0.0,0.0,0.0,0.0,0.0,0.0,0.0,194.0,225.0,31.0,204.478,13.872871999999994,194.0
Al9.8 Cu37.24 Ti1.96 Y2 Zr49,13.0,40.0,27.0,32.8848,7.217504000000002,40.0,12.0,73.0,61.0,53.63040000000001,11.519719680000003,44.0,26.9815386,91.224,64.2424614,73.7247913828,17.756466789544003,91.224,933.47,2128.0,1194.53,1713.857208,418.16964528640005,2128.0,3.0,13.0,10.0,7.468800000000001,3.71415296,4.0,3.0,5.0,2.0,4.412000000000001,0.59976,5.0,121.0,190.0,69.0,153.70080000000002,22.57211264,175.0,1.22,1.9,0.6799999999999999,1.571624,0.2520961407999999,1.33,1.0,2.0,1.0,1.6276,0.4674364800000001,2.0,0.0,1.0,1.0,0.098,0.176792,0.0,0.0,10.0,10.0,4.7632,3.90036864,2.0,0.0,0.0,0.0,0.0,0.0,0.0,3.0,11.0,8.0,6.4888,3.35994176,4.0,0.0,1.0,1.0,0.3724,0.4674364800000001,0.0,0.0,5.0,5.0,0.49,0.8839599999999999,0.0,0.0,9.0,9.0,4.2568,4.00479744,8.0,0.0,0.0,0.0,0.0,0.0,0.0,1.0,9.0,8.0,5.1192,3.09134336,8.0,11.07,32.365,21.295,18.077482,5.58666836,23.195,0.0,0.0,0.0,0.0,0.0,0.0,0.0,2.25333333333e-05,2.25333333333e-05,4.4165333333268e-07,8.659938559987189e-07,0.0,194.0,225.0,31.0,208.5824,15.44567808,194.0
Al9.9 Cu37.62 Ti1.98 Y1 Zr49.5,13.0,40.0,27.0,32.822399999999995,7.229375999999999,40.0,12.0,73.0,61.0,54.055200000000006,11.233537920000002,44.0,26.9815386,91.224,64.2424614,73.5698826214,17.784295552386002,91.224,933.47,2128.0,1194.53,1712.988404,421.6109711616001,2128.0,3.0,13.0,10.0,7.514399999999999,3.70871424,4.0,3.0,5.0,2.0,4.406000000000001,0.59994,5.0,121.0,190.0,69.0,153.3304,22.45041216,175.0,1.22,1.9,0.6799999999999999,1.5752120000000005,0.2512585151999999,1.33,1.0,2.0,1.0,1.6238,0.46934712,2.0,0.0,1.0,1.0,0.099,0.178398,0.0,0.0,10.0,10.0,4.8016,3.91127616,2.0,0.0,0.0,0.0,0.0,0.0,0.0,3.0,11.0,8.0,6.524400000000001,3.36744144,4.0,0.0,1.0,1.0,0.3762,0.46934712,0.0,0.0,5.0,5.0,0.495,0.89199,0.0,0.0,9.0,9.0,4.2084,3.99966336,8.0,0.0,0.0,0.0,0.0,0.0,0.0,1.0,9.0,8.0,5.0796,3.08525184,8.0,11.07,32.365,21.295,17.931691,5.49934209,23.195,0.0,0.0,0.0,0.0,0.0,0.0,0.0,2.25333333333e-05,2.25333333333e-05,4.4615999999934e-07,8.746520639987062e-07,0.0,194.0,225.0,31.0,208.73120000000003,15.46186752,194.0
Au4 Pd79.5 Si16.5,14.0,79.0,65.0,42.04,9.2532,46.0,62.0,78.0,16.0,64.8,4.451999999999998,62.0,28.0855,196.966569,168.881069,97.11667026,22.780286185800005,106.42,1337.33,1828.05,490.72,1785.14795,68.21425949999994,1828.05,10.0,14.0,4.0,10.7,1.1129999999999995,10.0,3.0,6.0,3.0,4.71,0.5643,5.0,111.0,139.0,28.0,134.26,7.675800000000006,139.0,1.9,2.54,0.6400000000000001,2.1641,0.0871530000000002,2.2,0.0,2.0,2.0,0.37,0.5882999999999999,0.0,0.0,2.0,2.0,0.33,0.5511,0.0,0.0,10.0,10.0,8.35,2.7555000000000005,10.0,0.0,14.0,14.0,0.56,1.0752,0.0,4.0,25.0,21.0,9.61,1.8513000000000008,10.0,0.0,1.0,1.0,0.04,0.0768,0.0,0.0,4.0,4.0,0.66,1.1022,0.0,0.0,0.0,0.0,0.0,0.0,0.0,0.0,0.0,0.0,0.0,0.0,0.0,0.0,4.0,4.0,0.7,1.113,0.0,14.41,20.44,6.030000000000001,15.49655,1.7276144999999996,14.41,0.0,0.773,0.773,0.127545,0.2130001499999999,0.0,0.0,0.0,0.0,0.0,0.0,0.0,225.0,227.0,2.0,225.33,0.5511000000000084,225.0
Au52 Cu29.2 Pd2.3 Si16.5,14.0,79.0,65.0,52.916,27.12736,79.0,62.0,78.0,16.0,67.304,3.5296800000000013,66.0,28.0855,196.966569,168.881069,128.05981538,71.6630237648,196.966569,1337.33,1828.05,490.72,1412.28059,109.7827981600001,1337.33,10.0,14.0,4.0,11.472,0.8342400000000009,11.0,3.0,6.0,3.0,4.898,1.150772,6.0,111.0,139.0,28.0,130.776,6.526079999999992,136.0,1.9,2.54,0.6400000000000001,2.2397,0.312312,2.54,0.0,2.0,2.0,1.142,0.28314,1.0,0.0,2.0,2.0,0.33,0.5511,0.0,0.0,10.0,10.0,8.35,2.7555,10.0,0.0,14.0,14.0,7.28,6.9888,14.0,4.0,25.0,21.0,17.102,8.21392,25.0,0.0,1.0,1.0,0.812,0.305312,1.0,0.0,4.0,4.0,0.66,1.1022,0.0,0.0,0.0,0.0,0.0,0.0,0.0,0.0,0.0,0.0,0.0,0.0,0.0,0.0,4.0,4.0,1.472,0.8342399999999999,1.0,11.07,20.44,9.37,15.62047,2.7131560999999995,16.7,0.0,0.773,0.773,0.127545,0.2130001499999999,0.0,0.0,0.0,0.0,0.0,0.0,0.0,225.0,227.0,2.0,225.33,0.5511000000000084,225.0
Au55 Cu25 Si20,14.0,79.0,65.0,53.5,28.05,79.0,64.0,78.0,14.0,67.9,4.040000000000004,66.0,28.0855,196.966569,168.881069,129.83521295,73.844491655,196.966569,1337.33,1687.0,349.6700000000001,1412.374,109.85040000000006,1337.33,11.0,14.0,3.0,11.6,0.9599999999999996,11.0,3.0,6.0,3.0,4.9,1.21,6.0,111.0,136.0,25.0,130.0,7.6,136.0,1.9,2.54,0.6400000000000001,2.252,0.3168000000000001,2.54,1.0,2.0,1.0,1.2,0.3199999999999999,1.0,0.0,2.0,2.0,0.4,0.64,0.0,0.0,10.0,10.0,8.0,3.2,10.0,0.0,14.0,14.0,7.7,6.93,14.0,4.0,25.0,21.0,17.3,8.47,25.0,0.0,1.0,1.0,0.8,0.3199999999999999,1.0,0.0,4.0,4.0,0.8,1.28,0.0,0.0,0.0,0.0,0.0,0.0,0.0,0.0,0.0,0.0,0.0,0.0,0.0,1.0,4.0,3.0,1.6,0.96,1.0,11.07,20.44,9.37,16.040499999999998,2.485250000000001,16.7,0.0,0.773,0.773,0.1546,0.24736,0.0,0.0,0.0,0.0,0.0,0.0,0.0,225.0,227.0,2.0,225.4,0.6400000000000035,225.0
Au77 Ge13.6 Si9.4,14.0,79.0,65.0,66.498,19.25308,79.0,66.0,79.0,13.0,68.896,4.459840000000001,66.0,28.0855,196.966569,168.881069,164.18333513000002,50.48618015979999,196.966569,1211.4,1687.0,475.5999999999999,1353.0724999999998,62.77836999999985,1337.33,11.0,14.0,3.0,11.69,1.0625999999999995,11.0,3.0,6.0,3.0,5.446000000000001,0.8531599999999996,6.0,111.0,136.0,25.0,131.474,6.970040000000006,136.0,1.9,2.54,0.6400000000000001,2.40776,0.2036496,2.54,1.0,2.0,1.0,1.23,0.3541999999999999,1.0,0.0,2.0,2.0,0.46,0.7084,0.0,0.0,10.0,10.0,9.06,1.7032799999999997,10.0,0.0,14.0,14.0,10.78,4.9588,14.0,4.0,25.0,21.0,21.53,5.3438,25.0,0.0,1.0,1.0,0.77,0.3541999999999999,1.0,0.0,4.0,4.0,0.92,1.4168,0.0,0.0,0.0,0.0,0.0,0.0,0.0,0.0,0.0,0.0,0.0,0.0,0.0,1.0,4.0,3.0,1.69,1.0626,1.0,16.7,23.005,6.305,17.909039999999997,1.8619215999999996,16.7,0.0,0.773,0.773,0.12475,0.192115,0.0,0.0,0.0,0.0,0.0,0.0,0.0,225.0,227.0,2.0,225.188,0.3406559999999903,225.0
B0.5 La15.9 Mg60 Ni23.6,5.0,57.0,52.0,22.896000000000004,13.25416,12.0,13.0,72.0,59.0,57.623000000000005,14.190113999999996,68.0,10.811,138.90547,128.09447,50.57466713,31.921237227300004,24.305,923.0,2348.0,1425.0,1163.035,288.04200000000003,923.0,2.0,13.0,11.0,4.102,2.8728360000000004,2.0,2.0,6.0,4.0,3.708,0.8666799999999999,3.0,84.0,207.0,123.0,147.197,19.017354000000005,141.0,1.1,2.04,0.94,1.42186,0.23658348,1.31,2.0,2.0,0.0,2.0,0.0,2.0,0.0,1.0,1.0,0.005,0.00995,0.0,0.0,8.0,8.0,2.047,2.809816,0.0,0.0,0.0,0.0,0.0,0.0,0.0,2.0,10.0,8.0,4.052,2.807456,2.0,0.0,0.0,0.0,0.0,0.0,0.0,0.0,5.0,5.0,0.025,0.0497499999999999,0.0,0.0,9.0,9.0,1.903,2.30263,0.0,0.0,0.0,0.0,0.0,0.0,0.0,0.0,9.0,9.0,1.928,2.3136,0.0,7.1725,36.8975,29.725,22.072085,5.695979970000001,22.89,0.0,1.524,1.524,0.00762,0.0151638,0.0,0.0,0.5953947,0.5953947,0.1405131492,0.2147040919776,0.0,166.0,225.0,59.0,201.176,11.244927999999994,194.0
B1 Cu20 Ni24 Si2 Sn3 Ti50,5.0,50.0,45.0,25.35,4.210999999999999,22.0,43.0,80.0,37.0,53.62,10.62,43.0,10.811,118.71,107.899,54.960236,9.05121016,47.867,505.08,2348.0,1842.92,1729.1464,224.23067200000003,1941.0,4.0,14.0,10.0,7.43,3.43,4.0,2.0,5.0,3.0,3.99,0.0793999999999998,4.0,84.0,160.0,76.0,143.39,16.61,160.0,1.54,2.04,0.5,1.7256,0.1855999999999999,1.54,1.0,2.0,1.0,1.8,0.32,2.0,0.0,2.0,2.0,0.11,0.2067999999999999,0.0,0.0,10.0,10.0,5.22,3.5332000000000003,2.0,0.0,0.0,0.0,0.0,0.0,0.0,3.0,14.0,11.0,7.13,3.3378,4.0,0.0,1.0,1.0,0.2,0.32,0.0,0.0,5.0,5.0,0.25,0.47,0.0,0.0,8.0,8.0,4.48,3.52,8.0,0.0,0.0,0.0,0.0,0.0,0.0,1.0,8.0,7.0,4.93,3.0714,8.0,7.1725,33.285,26.1125,14.514875000000002,3.5383375,16.69,0.0,1.524,1.524,0.0307,0.059558,0.0,0.0,0.5953947,0.5953947,0.1429059946666666,0.21719457856,2.25333333333e-05,141.0,227.0,86.0,206.43,17.1644,194.0
B1.5 Cr8.5 Nb3 Ni69 P18,5.0,41.0,36.0,25.365,4.574400000000001,28.0,47.0,83.0,36.0,63.685,7.202850000000001,61.0,10.811,92.90638,82.09538,53.44274805999999,9.613717593600002,58.6934,317.3,2750.0,2432.7,1552.454,444.6554400000001,1728.0,5.0,15.0,10.0,10.455,1.71255,10.0,2.0,5.0,3.0,3.82,0.3498000000000001,4.0,84.0,164.0,80.0,122.815,6.857850000000001,124.0,1.6,2.19,0.5899999999999999,1.9318,0.096198,1.91,1.0,2.0,1.0,1.885,0.20355,2.0,0.0,3.0,3.0,0.555,0.8935499999999998,0.0,0.0,8.0,8.0,6.065,2.6703,8.0,0.0,0.0,0.0,0.0,0.0,0.0,3.0,10.0,7.0,8.505,2.0631,10.0,0.0,1.0,1.0,0.115,0.20355,0.0,0.0,5.0,5.0,0.615,0.99015,0.0,0.0,6.0,6.0,1.985,0.7741499999999999,2.0,0.0,0.0,0.0,0.0,0.0,0.0,2.0,7.0,5.0,2.715,0.9867,2.0,7.1725,22.5702380952,15.3977380952,12.787580357136,3.84530196427488,10.32,0.0,1.625,1.625,0.31536,0.5077296,0.0,0.0,0.5953947,0.5953947,0.410822343,0.25470985266,0.5953947,2.0,229.0,227.0,184.435,66.22965,225.0
B10 Fe76 P5 Si9,5.0,26.0,21.0,22.27,5.669599999999999,26.0,55.0,83.0,28.0,60.17,7.858400000000001,55.0,10.811,55.845,45.034,47.5996831,12.532881688,55.845,317.3,2348.0,2030.7,1778.855,162.68939999999998,1811.0,8.0,15.0,7.0,9.39,2.1128000000000005,8.0,2.0,4.0,2.0,3.66,0.5167999999999999,4.0,84.0,132.0,48.0,124.06,12.0688,132.0,1.83,2.19,0.3599999999999999,1.8753,0.0688559999999999,1.83,2.0,2.0,0.0,2.0,0.0,2.0,0.0,3.0,3.0,0.43,0.6536,0.0,0.0,6.0,6.0,4.56,2.1888,6.0,0.0,0.0,0.0,0.0,0.0,0.0,3.0,8.0,5.0,6.99,1.5352,8.0,0.0,0.0,0.0,0.0,0.0,0.0,0.0,5.0,5.0,1.01,1.5352,0.0,0.0,4.0,4.0,3.04,1.4591999999999998,4.0,0.0,0.0,0.0,0.0,0.0,0.0,3.0,5.0,2.0,4.05,0.1899999999999998,4.0,7.1725,22.5702380952,15.3977380952,11.84016190476,2.6209784761872004,10.73,0.0,1.625,1.625,0.30322,0.4608944,0.0,0.0,2.1106628,2.1106628,1.604103728,0.76996978944,2.1106628,2.0,229.0,227.0,211.17,29.951000000000008,229.0
B11 Fe79 Si10,5.0,26.0,21.0,22.49,5.545800000000002,26.0,55.0,78.0,23.0,59.17,6.588600000000001,55.0,10.811,55.845,45.034,48.11531000000001,12.212910199999994,55.845,1687.0,2348.0,661.0,1857.67,107.87260000000006,1811.0,8.0,14.0,6.0,9.15,1.817,8.0,2.0,4.0,2.0,3.68,0.5055999999999999,4.0,84.0,132.0,48.0,124.62,11.660399999999996,132.0,1.83,2.04,0.2099999999999999,1.8601,0.0475579999999998,1.83,2.0,2.0,0.0,2.0,0.0,2.0,0.0,2.0,2.0,0.31,0.4897999999999999,0.0,0.0,6.0,6.0,4.74,1.9908,6.0,0.0,0.0,0.0,0.0,0.0,0.0,3.0,8.0,5.0,7.05,1.5010000000000003,8.0,0.0,0.0,0.0,0.0,0.0,0.0,0.0,5.0,5.0,0.95,1.501,0.0,0.0,4.0,4.0,3.16,1.3272,4.0,0.0,0.0,0.0,0.0,0.0,0.0,4.0,5.0,1.0,4.11,0.1958000000000002,4.0,7.1725,20.44,13.267500000000002,11.309675000000002,1.8260650000000016,10.73,0.0,1.524,1.524,0.24494,0.3870052,0.0,0.0,2.1106628,2.1106628,1.667423612,0.70031791704,2.1106628,166.0,229.0,63.0,221.87,12.291399999999996,229.0
B13.79 Fe76.55 Si6.9 Zr2.76,5.0,40.0,35.0,22.6625,6.066742499999999,26.0,44.0,78.0,34.0,58.62769999999999,6.361457739999993,55.0,10.811,91.224,80.41300000000001,48.69586629999999,13.292876674940004,55.845,1687.0,2348.0,661.0,1885.2454999999995,141.02773949999954,1811.0,4.0,14.0,10.0,8.993099999999998,1.796055219999999,8.0,2.0,5.0,3.0,3.6828,0.5583426400000002,4.0,84.0,175.0,91.0,125.1186,13.288876680000005,132.0,1.33,2.04,0.71,1.849989,0.0593065517999997,1.83,2.0,2.0,0.0,2.0,0.0,2.0,0.0,2.0,2.0,0.2759,0.4376325799999999,0.0,0.0,6.0,6.0,4.648199999999998,2.0696058000000006,6.0,0.0,0.0,0.0,0.0,0.0,0.0,3.0,8.0,5.0,6.924099999999998,1.6472029000000006,8.0,0.0,0.0,0.0,0.0,0.0,0.0,0.0,5.0,5.0,0.9654999999999996,1.5314760999999997,0.0,0.0,8.0,8.0,3.282799999999999,1.3584226400000003,4.0,0.0,0.0,0.0,0.0,0.0,0.0,4.0,8.0,4.0,4.2483,0.4144126999999995,4.0,7.1725,23.195,16.0225,11.253444749999996,1.9269184742999963,10.73,0.0,1.524,1.524,0.2634965999999999,0.4179583069199999,0.0,0.0,2.1106628,2.1106628,1.6157123733999998,0.7577691031246001,2.1106628,166.0,229.0,63.0,219.20829999999995,16.06634730000003,229.0
B14.29 Fe75.71 Si7.14 Zr2.86,5.0,40.0,35.0,22.5427,6.23360122,26.0,44.0,78.0,34.0,58.7569,6.532792659999997,55.0,10.811,91.224,80.41300000000001,48.4394525,13.660756141500004,55.845,1687.0,2348.0,661.0,1887.9499,145.21318429999977,1811.0,4.0,14.0,10.0,9.0285,1.8449849000000007,8.0,2.0,5.0,3.0,3.6714,0.5735620400000001,4.0,84.0,175.0,91.0,124.8712,13.661796320000008,132.0,1.33,2.04,0.71,1.850707,0.0611389797999998,1.83,2.0,2.0,0.0,2.0,0.0,2.0,0.0,2.0,2.0,0.2857,0.44894898,0.0,0.0,6.0,6.0,4.5998,2.12018284,6.0,0.0,0.0,0.0,0.0,0.0,0.0,3.0,8.0,5.0,6.8855,1.6875759,8.0,0.0,0.0,0.0,0.0,0.0,0.0,0.0,5.0,5.0,1.0001,1.57155714,0.0,0.0,8.0,8.0,3.2572,1.39603592,4.0,0.0,0.0,0.0,0.0,0.0,0.0,4.0,8.0,4.0,4.2573,0.4263460999999999,4.0,7.1725,23.195,16.0225,11.27142625,1.9913007499999995,10.73,0.0,1.524,1.524,0.2729718,0.4289478865199999,0.0,0.0,2.1106628,2.1106628,1.59798280588,0.7763000470965042,2.1106628,166.0,229.0,63.0,218.8535,16.527150499999998,229.0
B14.4 Fe72 Nb4 Si9.6,5.0,41.0,36.0,22.424,6.6355200000000005,26.0,47.0,78.0,31.0,59.336000000000006,7.230720000000003,55.0,10.811,92.90638,82.09538,48.1776472,14.619286656000002,55.845,1687.0,2750.0,1063.0,1913.984,191.8778880000001,1811.0,5.0,14.0,9.0,9.176,2.02752,8.0,2.0,5.0,3.0,3.656,0.6028799999999999,4.0,84.0,164.0,80.0,124.352,14.18496,132.0,1.6,2.04,0.4399999999999999,1.85776,0.0605951999999999,1.83,1.0,2.0,1.0,1.96,0.0768,2.0,0.0,2.0,2.0,0.336,0.5107200000000001,0.0,0.0,6.0,6.0,4.48,2.1888,6.0,0.0,0.0,0.0,0.0,0.0,0.0,3.0,8.0,5.0,6.776,1.76256,8.0,0.0,1.0,1.0,0.04,0.0768,0.0,0.0,5.0,5.0,1.104,1.67808,0.0,0.0,6.0,6.0,3.12,1.4975999999999998,4.0,0.0,0.0,0.0,0.0,0.0,0.0,4.0,7.0,3.0,4.263999999999999,0.4308479999999995,4.0,7.1725,20.44,13.267500000000002,11.44788,2.26505664,10.73,0.0,1.524,1.524,0.293664,0.44636928,0.0,0.0,2.1106628,2.1106628,1.519677216,0.85101924096,2.1106628,166.0,229.0,63.0,219.736,15.47596799999999,229.0
B14.7 Fe73.5 Nb2 Si9.8,5.0,41.0,36.0,22.037,6.584130000000001,26.0,47.0,78.0,31.0,59.59299999999999,7.255429999999995,55.0,10.811,92.90638,82.09538,47.2457986,14.467249313999996,55.845,1687.0,2750.0,1063.0,1896.567,166.858622,1811.0,5.0,14.0,9.0,9.263,2.02713,8.0,2.0,5.0,3.0,3.628,0.6017200000000001,4.0,84.0,164.0,80.0,123.52599999999998,14.07574000000001,132.0,1.6,2.04,0.4399999999999999,1.86313,0.0592262999999999,1.83,1.0,2.0,1.0,1.98,0.0392,2.0,0.0,2.0,2.0,0.3429999999999999,0.5179299999999999,0.0,0.0,6.0,6.0,4.49,2.2197,6.0,0.0,0.0,0.0,0.0,0.0,0.0,3.0,8.0,5.0,6.813000000000001,1.7448899999999998,8.0,0.0,1.0,1.0,0.02,0.0392,0.0,0.0,5.0,5.0,1.127,1.7017700000000002,0.0,0.0,6.0,6.0,3.06,1.4994,4.0,0.0,0.0,0.0,0.0,0.0,0.0,4.0,7.0,3.0,4.207,0.3448619999999999,4.0,7.1725,20.44,13.267500000000002,11.3076275,2.06483991,10.73,0.0,1.524,1.524,0.299782,0.45267082,0.0,0.0,2.1106628,2.1106628,1.551337158,0.8222086937400002,2.1106628,166.0,229.0,63.0,219.54300000000003,15.741641999999974,229.0
B14.81 Fe74.82 Si7.41 Zr2.96,5.0,40.0,35.0,22.4151,6.405470439999999,26.0,44.0,78.0,34.0,58.8964,6.712439840000002,55.0,10.811,91.224,80.41300000000001,48.16570405,14.04034957982,55.845,1687.0,2348.0,661.0,1890.7245000000005,149.4917127000003,1811.0,4.0,14.0,10.0,9.0667,1.896158520000001,8.0,2.0,5.0,3.0,3.6593,0.5891929199999999,4.0,84.0,175.0,91.0,124.6079,14.044750759999994,132.0,1.33,2.04,0.71,1.851488,0.0630267328,1.83,2.0,2.0,0.0,2.0,0.0,2.0,0.0,2.0,2.0,0.2963,0.4609242800000001,0.0,0.0,6.0,6.0,4.5484,2.1721742400000004,6.0,0.0,0.0,0.0,0.0,0.0,0.0,3.0,8.0,5.0,6.8447000000000005,1.72879092,8.0,0.0,0.0,0.0,0.0,0.0,0.0,0.0,5.0,5.0,1.0369000000000002,1.6130016400000002,0.0,0.0,8.0,8.0,3.2296000000000005,1.43523424,4.0,0.0,0.0,0.0,0.0,0.0,0.0,4.0,8.0,4.0,4.266500000000001,0.4382859000000004,4.0,7.1725,23.195,16.0225,11.291609250000002,2.0604722415500016,10.73,0.0,1.524,1.524,0.2829837,0.44020944372,0.0,0.0,2.1106628,2.1106628,1.57919790696,0.7952840659450562,2.1106628,166.0,229.0,63.0,218.48550000000003,16.995746699999984,229.0
B14.85 Fe74.25 Nb1 Si9.9,5.0,41.0,36.0,21.8435,6.555532500000002,26.0,47.0,78.0,31.0,59.7215,7.265857499999999,55.0,10.811,92.90638,82.09538,46.7798743,14.384241778499998,55.845,1687.0,2750.0,1063.0,1887.8585,153.90485549999983,1811.0,5.0,14.0,9.0,9.3065,2.0262825,8.0,2.0,5.0,3.0,3.614,0.6009300000000001,4.0,84.0,164.0,80.0,123.113,14.014935,132.0,1.6,2.04,0.4399999999999999,1.865815,0.0585015749999999,1.83,1.0,2.0,1.0,1.99,0.0198,2.0,0.0,2.0,2.0,0.3465,0.5214825,0.0,0.0,6.0,6.0,4.495,2.234925,6.0,0.0,0.0,0.0,0.0,0.0,0.0,3.0,8.0,5.0,6.8315,1.7352225,8.0,0.0,1.0,1.0,0.01,0.0197999999999999,0.0,0.0,5.0,5.0,1.1384999999999998,1.7134425,0.0,0.0,6.0,6.0,3.03,1.49985,4.0,0.0,0.0,0.0,0.0,0.0,0.0,4.0,7.0,3.0,4.1785000000000005,0.3004155000000004,4.0,7.1725,20.44,13.267500000000002,11.23750125,1.9609447275000007,10.73,0.0,1.524,1.524,0.3028409999999999,0.455775705,0.0,0.0,2.1106628,2.1106628,1.567167129,0.807091071435,2.1106628,166.0,229.0,63.0,219.4465,15.87361050000001,229.0
B14.85 Fe74.25 Si9.9 Zr1,5.0,40.0,35.0,21.8335,6.550582499999999,26.0,44.0,78.0,34.0,59.6915,7.2807075,55.0,10.811,91.224,80.41300000000001,46.7630505,14.375913997499998,55.845,1687.0,2348.0,661.0,1881.6385,143.43659549999987,1811.0,4.0,14.0,10.0,9.2965,2.0312325,8.0,2.0,5.0,3.0,3.614,0.6009300000000001,4.0,84.0,175.0,91.0,123.223,14.069385000000002,132.0,1.33,2.04,0.71,1.8631150000000003,0.0598380750000001,1.83,2.0,2.0,0.0,2.0,0.0,2.0,0.0,2.0,2.0,0.3465,0.5214825,0.0,0.0,6.0,6.0,4.475,2.264625,6.0,0.0,0.0,0.0,0.0,0.0,0.0,3.0,8.0,5.0,6.8215,1.7500725000000004,8.0,0.0,0.0,0.0,0.0,0.0,0.0,0.0,5.0,5.0,1.1384999999999998,1.7134425,0.0,0.0,8.0,8.0,3.05,1.50975,4.0,0.0,0.0,0.0,0.0,0.0,0.0,4.0,8.0,4.0,4.1885,0.3172455000000002,4.0,7.1725,23.195,16.0225,11.28765125,2.0503120274999995,10.73,0.0,1.524,1.524,0.3028409999999999,0.455775705,0.0,0.0,2.1106628,2.1106628,1.567167129,0.807091071435,2.1106628,166.0,229.0,63.0,219.0965,16.271590500000006,229.0
B15 Co5 Cr2 Fe61 Mo7 Y2 Zr8,5.0,42.0,37.0,25.36,6.1624,26.0,12.0,72.0,60.0,55.49,5.204000000000001,55.0,10.811,95.96,85.149,55.466918750000005,13.535608374999995,55.845,1768.0,2896.0,1128.0,1997.85,258.896,1811.0,3.0,13.0,10.0,8.2,1.5199999999999994,8.0,2.0,5.0,3.0,3.87,0.5609999999999998,4.0,84.0,190.0,106.0,130.78,14.512,132.0,1.22,2.16,0.9400000000000002,1.8315000000000003,0.1133900000000001,1.83,1.0,2.0,1.0,1.91,0.1638,2.0,0.0,1.0,1.0,0.15,0.255,0.0,0.0,7.0,7.0,4.64,1.96,6.0,0.0,0.0,0.0,0.0,0.0,0.0,3.0,9.0,6.0,6.7,1.816,8.0,0.0,1.0,1.0,0.09,0.1638,0.0,0.0,5.0,5.0,0.75,1.275,0.0,0.0,9.0,9.0,3.86,1.244,4.0,0.0,0.0,0.0,0.0,0.0,0.0,3.0,9.0,6.0,4.7,1.024,4.0,7.1725,32.365,25.192500000000003,11.958425,3.1365355,10.73,0.0,1.524,1.524,0.2286,0.38862,0.0,0.0,2.1106628,2.1106628,1.364927868,0.92815095024,2.1106628,166.0,229.0,63.0,214.3,20.579999999999995,229.0
B15 Co7 Fe61 Mo7 Y2 Zr8,5.0,42.0,37.0,25.42,6.126,26.0,12.0,72.0,60.0,55.67,5.225200000000001,55.0,10.811,95.96,85.149,55.60566065000001,13.43839819499999,55.845,1768.0,2896.0,1128.0,1989.61,256.5539999999999,1811.0,3.0,13.0,10.0,8.26,1.5256,8.0,2.0,5.0,3.0,3.87,0.5609999999999998,4.0,84.0,190.0,106.0,130.52,14.588799999999994,132.0,1.22,2.16,0.9400000000000002,1.8359000000000003,0.1127780000000001,1.83,1.0,2.0,1.0,1.93,0.1302,2.0,0.0,1.0,1.0,0.15,0.255,0.0,0.0,7.0,7.0,4.68,1.98,6.0,0.0,0.0,0.0,0.0,0.0,0.0,3.0,9.0,6.0,6.76,1.8264000000000005,8.0,0.0,1.0,1.0,0.07,0.1302,0.0,0.0,5.0,5.0,0.75,1.275,0.0,0.0,9.0,9.0,3.82,1.2608,4.0,0.0,0.0,0.0,0.0,0.0,0.0,3.0,9.0,6.0,4.64,1.0104,4.0,7.1725,32.365,25.192500000000003,11.939525,3.1429615000000006,10.73,0.0,1.524,1.524,0.2286,0.38862,0.0,0.0,2.1106628,2.1106628,1.395897292,0.8933742668800002,2.1106628,166.0,229.0,63.0,213.6,20.944000000000003,229.0
B15.38 Fe73.85 Si7.69 Zr3.08,5.0,40.0,35.0,22.2786,6.58814604,26.0,44.0,78.0,34.0,59.044500000000006,6.9004677000000045,55.0,10.811,91.224,80.41300000000001,47.873738450000005,14.443929420829996,55.845,1687.0,2348.0,661.0,1893.8186,154.13177287999991,1811.0,4.0,14.0,10.0,9.107200000000002,1.949937920000001,8.0,2.0,5.0,3.0,3.6463,0.6058028200000001,4.0,84.0,175.0,91.0,124.32710000000002,14.454323939999997,132.0,1.33,2.04,0.71,1.852281,0.0650815465999999,1.83,2.0,2.0,0.0,2.0,0.0,2.0,0.0,2.0,2.0,0.3076,0.4732733600000001,0.0,0.0,6.0,6.0,4.4926,2.2264298,6.0,0.0,0.0,0.0,0.0,0.0,0.0,3.0,8.0,5.0,6.800200000000001,1.7721045999999998,8.0,0.0,0.0,0.0,0.0,0.0,0.0,0.0,5.0,5.0,1.0766000000000002,1.6564567600000004,0.0,0.0,8.0,8.0,3.2004,1.47666456,4.0,0.0,0.0,0.0,0.0,0.0,0.0,4.0,8.0,4.0,4.277,0.4517316,4.0,7.1725,23.195,16.0225,11.3134775,2.1355609465000014,10.73,0.0,1.524,1.524,0.2938349,0.4520943771400001,0.0,0.0,2.1106628,2.1106628,1.5587244778,0.8152129018894001,2.1106628,166.0,229.0,63.0,218.0788,17.50269296,229.0
B16 Fe72.8 Si8 Zr3.2,5.0,40.0,35.0,22.128,6.781439999999999,26.0,44.0,78.0,34.0,59.208,7.10016,55.0,10.811,91.224,80.41300000000001,47.55092799999999,14.871245440000004,55.845,1687.0,2348.0,661.0,1897.144,159.048704,1811.0,4.0,14.0,10.0,9.152,2.0070399999999995,8.0,2.0,5.0,3.0,3.632,0.6233600000000001,4.0,84.0,175.0,91.0,124.016,14.887679999999996,132.0,1.33,2.04,0.71,1.8532,0.0672639999999998,1.83,2.0,2.0,0.0,2.0,0.0,2.0,0.0,2.0,2.0,0.32,0.4864,0.0,0.0,6.0,6.0,4.432,2.283008,6.0,0.0,0.0,0.0,0.0,0.0,0.0,3.0,8.0,5.0,6.751999999999999,1.8170880000000005,8.0,0.0,0.0,0.0,0.0,0.0,0.0,0.0,5.0,5.0,1.12,1.7024,0.0,0.0,8.0,8.0,3.168,1.52064,4.0,0.0,0.0,0.0,0.0,0.0,0.0,4.0,8.0,4.0,4.288,0.4654080000000002,4.0,7.1725,23.195,16.0225,11.33648,2.21550848,10.73,0.0,1.524,1.524,0.30568,0.4646335999999999,0.0,0.0,2.1106628,2.1106628,1.5365625184,0.8358900100096001,2.1106628,166.0,229.0,63.0,217.64,18.03776000000001,229.0
B16.67 Fe70 Hf5 Si8.33,5.0,72.0,67.0,23.7997,7.900450000000001,26.0,45.0,78.0,33.0,59.24979999999999,7.374699999999998,55.0,10.811,178.49,167.679,52.15771585,17.795426225,55.845,1687.0,2506.0,819.0,1924.9387,199.15476742,1811.0,4.0,14.0,10.0,9.1333,2.09995,8.0,2.0,6.0,4.0,3.683300000000001,0.6750499999999998,4.0,84.0,175.0,91.0,124.3991,15.701349999999998,132.0,1.3,2.04,0.74,1.844338,0.0745069999999998,1.83,2.0,2.0,0.0,2.0,0.0,2.0,0.0,2.0,2.0,0.3333,0.49995,0.0,0.0,6.0,6.0,4.3,2.38,6.0,0.0,14.0,14.0,0.7,1.33,0.0,3.0,18.0,15.0,7.3333,2.00005,8.0,0.0,0.0,0.0,0.0,0.0,0.0,0.0,5.0,5.0,1.1667,1.7500500000000003,0.0,0.0,8.0,8.0,3.2,1.6,4.0,0.0,0.0,0.0,0.0,0.0,0.0,4.0,8.0,4.0,4.3667,0.5744722199999999,4.0,7.1725,22.2,15.0275,11.51930775,2.554256553850001,10.73,0.0,1.524,1.524,0.3184417,0.47766255,0.0,0.0,2.1106628,2.1106628,1.47746396,0.886478376,2.1106628,166.0,229.0,63.0,216.5813,19.121935420000003,229.0
B16.67 Fe70.83 Hf4.17 Si8.33,5.0,72.0,67.0,23.4179,7.70955,26.0,45.0,78.0,33.0,59.3328,7.3332,55.0,10.811,178.49,167.679,51.13976235000001,17.286449474999994,55.845,1687.0,2506.0,819.0,1919.1702,191.91346063999976,1811.0,4.0,14.0,10.0,9.1665,2.08335,8.0,2.0,6.0,4.0,3.6667,0.6667500000000001,4.0,84.0,175.0,91.0,124.0422,15.522900000000002,132.0,1.3,2.04,0.74,1.848737,0.0723074999999998,1.83,2.0,2.0,0.0,2.0,0.0,2.0,0.0,2.0,2.0,0.3333,0.49995,0.0,0.0,6.0,6.0,4.3332,2.36118888,6.0,0.0,14.0,14.0,0.5838,1.11891108,0.0,3.0,18.0,15.0,7.250300000000001,1.95855,8.0,0.0,0.0,0.0,0.0,0.0,0.0,0.0,5.0,5.0,1.1667,1.7500500000000003,0.0,0.0,8.0,8.0,3.1668000000000003,1.5834,4.0,0.0,0.0,0.0,0.0,0.0,0.0,4.0,8.0,4.0,4.3335,0.5279971999999999,4.0,7.1725,22.2,15.0275,11.424106749999998,2.4007573124999984,10.73,0.0,1.524,1.524,0.3184417,0.47766255,0.0,0.0,2.1106628,2.1106628,1.49498246124,0.8721727678874162,2.1106628,166.0,229.0,63.0,216.8718,18.86816624,229.0
B16.67 Fe71.67 Hf3.33 Si8.33,5.0,72.0,67.0,23.0315,7.516350000000002,26.0,45.0,78.0,33.0,59.4168,7.291200000000003,55.0,10.811,178.49,167.679,50.10954434999999,16.771340475000002,55.845,1687.0,2506.0,819.0,1913.3322000000005,184.38992000000016,1811.0,4.0,14.0,10.0,9.2001,2.0665500000000008,8.0,2.0,6.0,4.0,3.6499,0.65835,4.0,84.0,175.0,91.0,123.681,15.342300000000002,132.0,1.3,2.04,0.74,1.853189,0.0700815,1.83,2.0,2.0,0.0,2.0,0.0,2.0,0.0,2.0,2.0,0.3333,0.49995,0.0,0.0,6.0,6.0,4.3668000000000005,2.34102888,6.0,0.0,14.0,14.0,0.4662,0.9013510800000002,0.0,3.0,18.0,15.0,7.1663,1.91655,8.0,0.0,0.0,0.0,0.0,0.0,0.0,0.0,5.0,5.0,1.1667,1.7500500000000003,0.0,0.0,8.0,8.0,3.1332,1.5666000000000002,4.0,0.0,0.0,0.0,0.0,0.0,0.0,4.0,8.0,4.0,4.2999,0.47984,4.0,7.1725,22.2,15.0275,11.32775875,2.2421906595000007,10.73,0.0,1.524,1.524,0.3184417,0.4776625500000001,0.0,0.0,2.1106628,2.1106628,1.5127120287600002,0.857102635495416,2.1106628,166.0,229.0,63.0,217.1658,18.60151999999999,229.0
B16.67 Fe71.67 Si8.33 Zr3.33,5.0,40.0,35.0,21.9659,6.983550000000001,26.0,44.0,78.0,34.0,59.383500000000005,7.307850000000003,55.0,10.811,91.224,80.41300000000001,47.20358655,15.318361575,55.845,1687.0,2348.0,661.0,1900.7448,164.25008000000014,1811.0,4.0,14.0,10.0,9.2001,2.0665500000000008,8.0,2.0,5.0,3.0,3.6166,0.6417000000000003,4.0,84.0,175.0,91.0,123.681,15.342300000000002,132.0,1.33,2.04,0.71,1.854188,0.0695819999999999,1.83,2.0,2.0,0.0,2.0,0.0,2.0,0.0,2.0,2.0,0.3333,0.49995,0.0,0.0,6.0,6.0,4.3668000000000005,2.34102888,6.0,0.0,0.0,0.0,0.0,0.0,0.0,3.0,8.0,5.0,6.700100000000001,1.86327666,8.0,0.0,0.0,0.0,0.0,0.0,0.0,0.0,5.0,5.0,1.1667,1.7500500000000003,0.0,0.0,8.0,8.0,3.1332,1.5666000000000002,4.0,0.0,0.0,0.0,0.0,0.0,0.0,4.0,8.0,4.0,4.2999,0.4798400000000001,4.0,7.1725,23.195,16.0225,11.36089225,2.3007309273000005,10.73,0.0,1.524,1.524,0.3184417,0.4776625500000001,0.0,0.0,2.1106628,2.1106628,1.5127120287600002,0.857102635495416,2.1106628,166.0,229.0,63.0,217.1658,18.60151999999999,229.0
B16.67 Fe72.5 Hf2.5 Si8.33,5.0,72.0,67.0,22.6497,7.325450000000002,26.0,45.0,78.0,33.0,59.49979999999999,7.249699999999997,55.0,10.811,178.49,167.679,49.09159085,16.262363725,55.845,1687.0,2506.0,819.0,1907.5637,176.76327741999995,1811.0,4.0,14.0,10.0,9.2333,2.04995,8.0,2.0,6.0,4.0,3.6333,0.6500499999999999,4.0,84.0,175.0,91.0,123.3241,15.163849999999998,132.0,1.3,2.04,0.74,1.857588,0.0678819999999999,1.83,2.0,2.0,0.0,2.0,0.0,2.0,0.0,2.0,2.0,0.3333,0.49995,0.0,0.0,6.0,6.0,4.4,2.32,6.0,0.0,14.0,14.0,0.35,0.6824999999999999,0.0,3.0,18.0,15.0,7.0833,1.87505,8.0,0.0,0.0,0.0,0.0,0.0,0.0,0.0,5.0,5.0,1.1667,1.7500500000000003,0.0,0.0,8.0,8.0,3.1,1.5500000000000005,4.0,0.0,0.0,0.0,0.0,0.0,0.0,4.0,8.0,4.0,4.2667,0.4311472200000001,4.0,7.1725,22.2,15.0275,11.232557750000002,2.0823319913500007,10.73,0.0,1.524,1.524,0.3184417,0.47766255,0.0,0.0,2.1106628,2.1106628,1.53023053,0.8416267915000002,2.1106628,166.0,229.0,63.0,217.4563,18.32834542,229.0
B16.67 Fe73.33 Hf1.67 Si8.33,5.0,72.0,67.0,22.267899999999997,7.134550000000003,26.0,45.0,78.0,33.0,59.5828,7.2082,55.0,10.811,178.49,167.679,48.07363735,15.753386975000002,55.845,1687.0,2506.0,819.0,1901.7952,168.94512063999989,1811.0,4.0,14.0,10.0,9.2665,2.0333500000000004,8.0,2.0,6.0,4.0,3.6167,0.6417500000000002,4.0,84.0,175.0,91.0,122.9672,14.98540000000001,132.0,1.3,2.04,0.74,1.861987,0.0656824999999999,1.83,2.0,2.0,0.0,2.0,0.0,2.0,0.0,2.0,2.0,0.3333,0.4999499999999999,0.0,0.0,6.0,6.0,4.4332,2.29786888,6.0,0.0,14.0,14.0,0.2337999999999999,0.4597910799999999,0.0,3.0,18.0,15.0,7.000299999999999,1.83355,8.0,0.0,0.0,0.0,0.0,0.0,0.0,0.0,5.0,5.0,1.1667,1.7500500000000003,0.0,0.0,8.0,8.0,3.0668,1.5334,4.0,0.0,0.0,0.0,0.0,0.0,0.0,4.0,8.0,4.0,4.2335,0.3813522000000002,4.0,7.1725,22.2,15.0275,11.13735675,1.9193126499999988,10.73,0.0,1.524,1.524,0.3184417,0.47766255,0.0,0.0,2.1106628,2.1106628,1.54774903124,0.8255693332634162,2.1106628,166.0,229.0,63.0,217.7468,18.045526239999997,229.0
B17 Fe65 Mn13 Y5,5.0,39.0,34.0,22.95,6.103000000000001,26.0,12.0,72.0,60.0,55.35,5.661000000000001,55.0,10.811,88.90585,78.09485000000001,49.72435835,13.230541839,55.845,1519.0,2348.0,829.0,1863.73,164.6518,1811.0,3.0,13.0,10.0,8.47,1.5402000000000005,8.0,2.0,5.0,3.0,3.71,0.5814,4.0,84.0,190.0,106.0,127.65,14.840999999999998,132.0,1.22,2.04,0.8200000000000001,1.7988,0.122568,1.83,2.0,2.0,0.0,2.0,0.0,2.0,0.0,1.0,1.0,0.17,0.2822,0.0,0.0,6.0,6.0,4.6,1.9240000000000004,6.0,0.0,0.0,0.0,0.0,0.0,0.0,3.0,8.0,5.0,6.77,1.6588000000000005,8.0,0.0,0.0,0.0,0.0,0.0,0.0,0.0,5.0,5.0,0.85,1.4110000000000005,0.0,0.0,9.0,9.0,3.7,1.2579999999999998,4.0,0.0,0.0,0.0,0.0,0.0,0.0,4.0,9.0,5.0,4.55,0.715,4.0,7.1725,32.365,25.192500000000003,11.175461206897,2.118953879310301,10.73,0.0,1.524,1.524,0.25908,0.4300728,0.0,0.0,2.1106628,2.1106628,1.3719711356896551,0.9602991636034482,2.1106628,166.0,229.0,63.0,214.98,18.751200000000004,229.0
B17 Fe74 Nb6 Y3,5.0,41.0,36.0,23.72,6.364800000000002,26.0,12.0,72.0,60.0,56.12,5.399199999999999,55.0,10.811,92.90638,82.09538,51.40472830000001,13.801867621999993,55.845,1799.0,2750.0,951.0,1958.27,227.5158,1811.0,3.0,13.0,10.0,8.52,1.5232,8.0,2.0,5.0,3.0,3.75,0.595,4.0,84.0,190.0,106.0,127.5,14.79,132.0,1.22,2.04,0.8200000000000001,1.8336,0.070176,1.83,1.0,2.0,1.0,1.94,0.1128,2.0,0.0,1.0,1.0,0.17,0.2822,0.0,0.0,6.0,6.0,4.71,1.9092,6.0,0.0,0.0,0.0,0.0,0.0,0.0,3.0,8.0,5.0,6.82,1.7464000000000002,8.0,0.0,1.0,1.0,0.06,0.1127999999999999,0.0,0.0,5.0,5.0,0.85,1.4110000000000005,0.0,0.0,9.0,9.0,3.59,1.2206,4.0,0.0,0.0,0.0,0.0,0.0,0.0,4.0,9.0,5.0,4.5,0.74,4.0,7.1725,32.365,25.192500000000003,11.221275,2.1036705,10.73,0.0,1.524,1.524,0.25908,0.4300728,0.0,0.0,2.1106628,2.1106628,1.561890472,0.8121830454400001,2.1106628,166.0,229.0,63.0,217.24,18.815999999999995,229.0
B17 Ni75 Si8,5.0,28.0,23.0,22.97,7.545000000000001,28.0,61.0,78.0,17.0,64.23,4.8450000000000015,61.0,10.811,58.6934,47.8824,48.104760000000006,15.882959999999995,58.6934,1687.0,2348.0,661.0,1830.12,176.07919999999996,1728.0,10.0,14.0,4.0,10.83,1.245,10.0,2.0,4.0,2.0,3.58,0.6299999999999999,4.0,84.0,124.0,40.0,116.16,11.760000000000002,124.0,1.9,2.04,0.1400000000000001,1.9313,0.036958,1.91,2.0,2.0,0.0,2.0,0.0,2.0,0.0,2.0,2.0,0.33,0.495,0.0,0.0,8.0,8.0,6.0,3.0,8.0,0.0,0.0,0.0,0.0,0.0,0.0,3.0,10.0,7.0,8.33,2.505,10.0,0.0,0.0,0.0,0.0,0.0,0.0,0.0,5.0,5.0,1.17,1.755,0.0,0.0,2.0,2.0,1.5,0.75,2.0,0.0,0.0,0.0,0.0,0.0,0.0,2.0,5.0,3.0,2.67,1.005,2.0,7.1725,20.44,13.267500000000002,10.594525,1.5752760000000006,10.32,0.0,1.524,1.524,0.32092,0.48138,0.0,0.0,0.5953947,0.5953947,0.446546025,0.2232730125,0.5953947,166.0,227.0,61.0,215.13,16.704200000000004,225.0
B18.43 Co27.65 Cr4 Fe41.47 Nb3.84 Si4.61,5.0,41.0,36.0,22.349,7.1646192,26.0,47.0,78.0,31.0,59.4757,6.324397439999998,55.0,10.811,92.90638,82.09538,48.38860775949999,15.723052755577603,55.845,1687.0,2750.0,1063.0,1943.1808,230.12560768000003,1811.0,5.0,14.0,9.0,9.2794,1.80665248,8.0,2.0,5.0,3.0,3.6237,0.6560009600000004,4.0,84.0,164.0,80.0,122.0353,15.03726624,132.0,1.6,2.04,0.4399999999999999,1.870123,0.0708333025999999,1.83,1.0,2.0,1.0,1.9216,0.14450688,2.0,0.0,2.0,2.0,0.2764999999999999,0.4255887999999999,0.0,0.0,7.0,7.0,4.7773,2.2610764800000003,6.0,0.0,0.0,0.0,0.0,0.0,0.0,3.0,9.0,6.0,6.9754000000000005,1.96940704,8.0,0.0,1.0,1.0,0.0784,0.14450688,0.0,0.0,5.0,5.0,1.1059,1.70220128,0.0,0.0,6.0,6.0,2.9187,1.34493696,4.0,0.0,0.0,0.0,0.0,0.0,0.0,3.0,7.0,4.0,4.103,0.7048837999999997,4.0,7.1725,20.44,13.267500000000002,10.69236125,1.5448116280000006,10.73,0.0,1.524,1.524,0.3165084999999999,0.4871698831999999,0.0,0.0,2.1106628,2.1106628,1.3034441499599998,0.805007107015296,2.1106628,166.0,229.0,63.0,207.6194,22.87243904,229.0
B18.6 Co27.9 Cr3 Fe41.9 Nb3.9 Si4.7,5.0,41.0,36.0,22.334,7.231644000000001,26.0,47.0,78.0,31.0,59.588,6.347991999999996,55.0,10.811,92.90638,82.09538,48.35551272499998,15.871939929850004,55.845,1687.0,2750.0,1063.0,1940.748,228.97451999999976,1811.0,5.0,14.0,9.0,9.313999999999997,1.8116759999999976,8.0,2.0,5.0,3.0,3.62,0.6609200000000001,4.0,84.0,164.0,80.0,121.869,15.108954000000006,132.0,1.6,2.04,0.4399999999999999,1.87223,0.0693564799999999,1.83,1.0,2.0,1.0,1.931,0.1284779999999999,2.0,0.0,2.0,2.0,0.2799999999999999,0.4295199999999999,0.0,0.0,7.0,7.0,4.772999999999999,2.2845120000000003,6.0,0.0,0.0,0.0,0.0,0.0,0.0,3.0,9.0,6.0,6.983999999999997,1.9763360000000008,8.0,0.0,1.0,1.0,0.0689999999999999,0.1284779999999999,0.0,0.0,5.0,5.0,1.118,1.7150119999999995,0.0,0.0,6.0,6.0,2.896999999999999,1.3500020000000004,4.0,0.0,0.0,0.0,0.0,0.0,0.0,3.0,7.0,4.0,4.084,0.6831599999999998,4.0,7.1725,20.44,13.267500000000002,10.69371,1.5602703000000002,10.73,0.0,1.524,1.524,0.319795,0.4905655299999999,0.0,0.0,2.1106628,2.1106628,1.316391178,0.7951002715119999,2.1106628,166.0,229.0,63.0,207.423,22.89939,229.0
B18.62 Co27.94 Cr3 Fe41.9 Nb3.88 Si4.66,5.0,41.0,36.0,22.332,7.230979200000003,26.0,47.0,78.0,31.0,59.585,6.339624,55.0,10.811,92.90638,82.09538,48.351432727,15.868842077691202,55.845,1687.0,2750.0,1063.0,1940.7000000000005,228.8382000000001,1811.0,5.0,14.0,9.0,9.3136,1.809587840000001,8.0,2.0,5.0,3.0,3.6198,0.6609788799999998,4.0,84.0,164.0,80.0,121.859,15.110750400000004,132.0,1.6,2.04,0.4399999999999999,1.87231,0.0693256359999999,1.83,1.0,2.0,1.0,1.9312,0.12813312,2.0,0.0,2.0,2.0,0.2794,0.4287113600000001,0.0,0.0,7.0,7.0,4.775,2.28338,6.0,0.0,0.0,0.0,0.0,0.0,0.0,3.0,9.0,6.0,6.9856,1.97571392,8.0,0.0,1.0,1.0,0.0688,0.12813312,0.0,0.0,5.0,5.0,1.1174000000000002,1.71453856,0.0,0.0,6.0,6.0,2.897,1.3488432,4.0,0.0,0.0,0.0,0.0,0.0,0.0,3.0,7.0,4.0,4.0832,0.6827679999999998,4.0,7.1725,20.44,13.267500000000002,10.6874305,1.5561902816000002,10.73,0.0,1.524,1.524,0.3197906,0.49068669664,0.0,0.0,2.1106628,2.1106628,1.3170105664800005,0.794420773700736,2.1106628,166.0,229.0,63.0,207.3972,22.90267264,229.0
B18.8 Co28.2 Fe42.3 Gd2 Nb4 Si4.7,5.0,64.0,59.0,23.13,7.6751,26.0,27.0,78.0,51.0,59.243,6.559790000000001,55.0,10.811,157.25,146.439,50.45533768999999,17.009035714300005,55.845,1586.0,2750.0,1164.0,1927.062,224.10772799999992,1811.0,3.0,14.0,11.0,9.284,1.840519999999999,8.0,2.0,6.0,4.0,3.657000000000001,0.6847899999999997,4.0,84.0,196.0,112.0,122.857,15.724789999999992,132.0,1.2,2.04,0.8400000000000001,1.86507,0.0774776199999999,1.83,1.0,2.0,1.0,1.96,0.0768,2.0,0.0,2.0,2.0,0.282,0.43146,0.0,0.0,7.0,7.0,4.692,2.4082800000000004,6.0,0.0,7.0,7.0,0.14,0.2744,0.0,3.0,10.0,7.0,7.073999999999999,1.9867000000000004,8.0,0.0,1.0,1.0,0.04,0.0768,0.0,0.0,5.0,5.0,1.128,1.7258399999999998,0.0,0.0,9.0,9.0,2.958,1.3902600000000005,4.0,0.0,7.0,7.0,0.14,0.2744,0.0,3.0,16.0,13.0,4.266,0.964064,4.0,7.1725,32.05,24.8775,11.10519,2.2812493400000005,10.73,0.0,1.524,1.524,0.322843,0.49394979,0.0,0.0,2.1106628,2.1106628,1.3294792428,0.784392753252,2.1106628,166.0,229.0,63.0,206.492,22.77016,229.0
B18.8 Co28.2 Fe42.3 Nb4 Si4.7 Y2,5.0,41.0,36.0,22.63,7.440100000000001,26.0,12.0,78.0,66.0,58.943000000000005,6.700790000000003,55.0,10.811,92.90638,82.09538,49.08845468999999,16.366600704300005,55.845,1687.0,2750.0,1063.0,1931.322,222.1651679999999,1811.0,3.0,14.0,11.0,9.284,1.840519999999999,8.0,2.0,5.0,3.0,3.637000000000001,0.6753899999999997,4.0,84.0,190.0,106.0,122.737,15.668389999999995,132.0,1.22,2.04,0.8200000000000001,1.86547,0.0770640199999999,1.83,1.0,2.0,1.0,1.96,0.0768,2.0,0.0,2.0,2.0,0.282,0.43146,0.0,0.0,7.0,7.0,4.692,2.4082800000000004,6.0,0.0,0.0,0.0,0.0,0.0,0.0,3.0,9.0,6.0,6.933999999999998,2.067060000000001,8.0,0.0,1.0,1.0,0.04,0.0768,0.0,0.0,5.0,5.0,1.128,1.7258399999999998,0.0,0.0,9.0,9.0,2.958,1.3902600000000005,4.0,0.0,0.0,0.0,0.0,0.0,0.0,3.0,9.0,6.0,4.126,0.7535039999999996,4.0,7.1725,32.365,25.192500000000003,11.111490000000002,2.292501140000001,10.73,0.0,1.524,1.524,0.322843,0.49394979,0.0,0.0,2.1106628,2.1106628,1.3294792428,0.784392753252,2.1106628,166.0,229.0,63.0,206.492,22.77016,229.0
B18.82 Co28.22 Cr2 Fe42.34 Nb3.92 Si4.7,5.0,41.0,36.0,22.314,7.298505599999999,26.0,47.0,78.0,31.0,59.6934,6.353024640000004,55.0,10.811,92.90638,82.09538,48.31222142499999,16.016771558320002,55.845,1687.0,2750.0,1063.0,1938.2896,227.5215059199999,1811.0,5.0,14.0,9.0,9.3476,1.81208896,8.0,2.0,5.0,3.0,3.615800000000001,0.6660723199999997,4.0,84.0,164.0,80.0,121.6806,15.18695424,132.0,1.6,2.04,0.4399999999999999,1.874506,0.0677891911999999,1.83,1.0,2.0,1.0,1.9408,0.1113907200000001,2.0,0.0,2.0,2.0,0.2822,0.43165312,0.0,0.0,7.0,7.0,4.772600000000001,2.3056028799999995,6.0,0.0,0.0,0.0,0.0,0.0,0.0,3.0,9.0,6.0,6.9956000000000005,1.98180928,8.0,0.0,1.0,1.0,0.0592,0.11139072,0.0,0.0,5.0,5.0,1.129,1.7269184000000002,0.0,0.0,6.0,6.0,2.8753999999999995,1.3525881600000005,4.0,0.0,0.0,0.0,0.0,0.0,0.0,3.0,7.0,4.0,4.0636,0.66013072,4.0,7.1725,20.44,13.267500000000002,10.6812215,1.5668861872000002,10.73,0.0,1.524,1.524,0.3231478,0.4942868748799999,0.0,0.0,2.1106628,2.1106628,1.3306332021600005,0.783476829431808,2.1106628,166.0,229.0,63.0,207.1724,22.93179392,229.0
B19 Co28.5 Fe42.75 Mo1 Nb4 Si4.75,5.0,42.0,37.0,22.485,7.450375000000001,26.0,47.0,78.0,31.0,59.8075,6.361437499999999,55.0,10.811,95.96,85.149,48.73370452499999,16.372207149375004,55.845,1687.0,2896.0,1209.0,1943.295,237.37840000000008,1811.0,5.0,14.0,9.0,9.38,1.8145000000000004,8.0,2.0,5.0,3.0,3.6225,0.6756875,4.0,84.0,164.0,80.0,121.6725,15.3294375,132.0,1.6,2.16,0.56,1.881575,0.067520375,1.83,1.0,2.0,1.0,1.95,0.095,2.0,0.0,2.0,2.0,0.285,0.434625,0.0,0.0,7.0,7.0,4.77,2.32735,6.0,0.0,0.0,0.0,0.0,0.0,0.0,3.0,9.0,6.0,7.005,1.987875,8.0,0.0,1.0,1.0,0.05,0.095,0.0,0.0,5.0,5.0,1.14,1.7385,0.0,0.0,6.0,6.0,2.855,1.3561249999999998,4.0,0.0,0.0,0.0,0.0,0.0,0.0,3.0,7.0,4.0,4.045,0.6384,4.0,7.1725,20.44,13.267500000000002,10.724675,1.6232412500000004,10.73,0.0,1.524,1.524,0.3262775,0.4975731875,0.0,0.0,2.1106628,2.1106628,1.343622639,0.7725830174250001,2.1106628,166.0,229.0,63.0,206.96,22.952,229.0
B19 Co28.5 Fe42.75 Nb4 Si4.75 Y1,5.0,41.0,36.0,22.455,7.436125,26.0,12.0,78.0,66.0,59.4275,6.541937500000001,55.0,10.811,92.90638,82.09538,48.663163025,16.338699936875,55.845,1687.0,2750.0,1063.0,1932.325,223.37050000000008,1811.0,3.0,14.0,11.0,9.35,1.82875,8.0,2.0,5.0,3.0,3.6225,0.6756875,4.0,84.0,190.0,106.0,122.0325,15.5004375,132.0,1.22,2.04,0.8200000000000001,1.872175,0.0708771249999999,1.83,1.0,2.0,1.0,1.96,0.0768,2.0,0.0,2.0,2.0,0.285,0.434625,0.0,0.0,7.0,7.0,4.73,2.37975,6.0,0.0,0.0,0.0,0.0,0.0,0.0,3.0,9.0,6.0,6.975,2.030625,8.0,0.0,1.0,1.0,0.04,0.0768,0.0,0.0,5.0,5.0,1.14,1.7385,0.0,0.0,9.0,9.0,2.895,1.375125,4.0,0.0,0.0,0.0,0.0,0.0,0.0,3.0,9.0,6.0,4.075,0.6840000000000002,4.0,7.1725,32.365,25.192500000000003,10.891425,1.919672125,10.73,0.0,1.524,1.524,0.3262775,0.4975731875,0.0,0.0,2.1106628,2.1106628,1.343622639,0.7725830174250001,2.1106628,166.0,229.0,63.0,206.61,22.8717,229.0
B19 Co28.5 Fe42.75 Nb4 Si4.75 Zr1,5.0,41.0,36.0,22.465,7.440875,26.0,44.0,78.0,34.0,59.7475,6.389937500000003,55.0,10.811,92.90638,82.09538,48.686344525,16.349711149375004,55.845,1687.0,2750.0,1063.0,1935.615,225.7048,1811.0,4.0,14.0,10.0,9.36,1.8239999999999992,8.0,2.0,5.0,3.0,3.6225,0.6756875,4.0,84.0,175.0,91.0,121.8825,15.429187500000005,132.0,1.33,2.04,0.71,1.873275,0.0697276249999999,1.83,1.0,2.0,1.0,1.96,0.0768,2.0,0.0,2.0,2.0,0.285,0.434625,0.0,0.0,7.0,7.0,4.74,2.3655,6.0,0.0,0.0,0.0,0.0,0.0,0.0,3.0,9.0,6.0,6.985,2.016375,8.0,0.0,1.0,1.0,0.04,0.0768,0.0,0.0,5.0,5.0,1.14,1.7385,0.0,0.0,8.0,8.0,2.885,1.370375,4.0,0.0,0.0,0.0,0.0,0.0,0.0,3.0,8.0,5.0,4.065,0.6688000000000003,4.0,7.1725,23.195,16.0225,10.799725,1.754153624999999,10.73,0.0,1.524,1.524,0.3262775,0.4975731875,0.0,0.0,2.1106628,2.1106628,1.343622639,0.7725830174250001,2.1106628,166.0,229.0,63.0,206.61,22.8717,229.0
B19.01 Co28.51 Cr1 Fe42.77 Nb3.96 Si4.75,5.0,41.0,36.0,22.297000000000004,7.364534399999997,26.0,47.0,78.0,31.0,59.8027,6.366156960000001,55.0,10.811,92.90638,82.09538,48.27504639250001,16.161837345715995,55.845,1687.0,2750.0,1063.0,1935.8088,226.08286128,1811.0,5.0,14.0,9.0,9.3818,1.8143686400000003,8.0,2.0,5.0,3.0,3.6119,0.6709748800000002,4.0,84.0,164.0,80.0,121.5043,15.257043359999994,132.0,1.6,2.04,0.4399999999999999,1.876693,0.0661891377999999,1.83,1.0,2.0,1.0,1.9504,0.0942796799999998,2.0,0.0,2.0,2.0,0.2851,0.43472048,0.0,0.0,7.0,7.0,4.770300000000001,2.32785432,6.0,0.0,0.0,0.0,0.0,0.0,0.0,3.0,9.0,6.0,7.005799999999999,1.9875315200000008,8.0,0.0,1.0,1.0,0.0496,0.09427968,0.0,0.0,5.0,5.0,1.1405,1.7390344000000002,0.0,0.0,6.0,6.0,2.8537,1.3560782400000002,4.0,0.0,0.0,0.0,0.0,0.0,0.0,3.0,7.0,4.0,4.0438,0.6368022800000002,4.0,7.1725,20.44,13.267500000000002,10.67629075,1.5780632288000005,10.73,0.0,1.524,1.524,0.3264299,0.4977403115200001,0.0,0.0,2.1106628,2.1106628,1.3441996186800005,0.772108260969792,2.1106628,166.0,229.0,63.0,206.9502,22.95347008,229.0
B19.02 Fe69.42 Nb3.96 Si4.75 Tb2.85,5.0,65.0,60.0,23.141300000000005,7.769374019999999,26.0,29.0,78.0,49.0,58.2681,7.098145260000004,55.0,10.811,158.92535,148.11435,50.36637757300001,17.1635489982042,55.845,1629.0,2750.0,1121.0,1939.2448000000004,219.70228992000025,1811.0,3.0,14.0,11.0,8.9747,2.0086276200000004,8.0,2.0,6.0,4.0,3.668700000000001,0.6982999799999994,4.0,84.0,194.0,110.0,124.90710000000004,16.882235339999987,132.0,1.21,2.04,0.8300000000000001,1.8464890000000005,0.0786951294000002,1.83,1.0,2.0,1.0,1.9604,0.0760636799999998,2.0,0.0,2.0,2.0,0.2852,0.4348159200000001,0.0,0.0,6.0,6.0,4.3236,2.3275137600000004,6.0,0.0,9.0,9.0,0.2565,0.4983795000000001,0.0,3.0,11.0,8.0,6.825700000000001,1.86833322,8.0,0.0,1.0,1.0,0.0396,0.07606368,0.0,0.0,5.0,5.0,1.141,1.7395686000000004,0.0,0.0,6.0,6.0,3.0144,1.60486656,4.0,0.0,5.0,5.0,0.1425,0.2768775,0.0,4.0,7.0,3.0,4.3375,0.5006475000000001,4.0,7.1725,31.7366666667,24.5641666667,11.408298500000951,2.553047386801681,10.73,0.0,1.524,1.524,0.3265823000000001,0.4979073745800002,0.0,0.0,2.1106628,2.1106628,1.4652221157600005,0.8961298459988162,2.1106628,166.0,229.0,63.0,215.92490000000004,20.241151259999985,229.0
B19.2 Co14.4 Fe57.6 Nb4 Si4.8,5.0,41.0,36.0,22.136,7.361280000000002,26.0,47.0,78.0,31.0,59.48,6.5856,55.0,10.811,92.90638,82.09538,47.79317128,16.0930902144,55.845,1687.0,2750.0,1063.0,1939.52,221.69472000000007,1811.0,5.0,14.0,9.0,9.272,1.88544,8.0,2.0,5.0,3.0,3.608,0.6758400000000003,4.0,84.0,164.0,80.0,122.192,15.74016,132.0,1.6,2.04,0.4399999999999999,1.87168,0.0697497599999999,1.83,1.0,2.0,1.0,1.96,0.0768,2.0,0.0,2.0,2.0,0.288,0.43776,0.0,0.0,7.0,7.0,4.6240000000000006,2.26944,6.0,0.0,0.0,0.0,0.0,0.0,0.0,3.0,9.0,6.0,6.872000000000001,1.91232,8.0,0.0,1.0,1.0,0.04,0.0768,0.0,0.0,5.0,5.0,1.152,1.7510400000000002,0.0,0.0,6.0,6.0,2.9760000000000004,1.4284799999999995,4.0,0.0,0.0,0.0,0.0,0.0,0.0,3.0,7.0,4.0,4.168,0.5460480000000001,4.0,7.1725,20.44,13.267500000000002,10.7412,1.5261888000000006,10.73,0.0,1.524,1.524,0.3297119999999999,0.50116224,0.0,0.0,2.1106628,2.1106628,1.4387216256,0.8056841103360002,2.1106628,166.0,229.0,63.0,211.76799999999997,22.69209600000002,229.0
B19.2 Co21.6 Fe50.4 Nb4 Si4.8,5.0,41.0,36.0,22.208,7.395840000000001,26.0,47.0,78.0,31.0,59.696000000000005,6.481920000000003,55.0,10.811,92.90638,82.09538,48.015521320000005,16.1998182336,55.845,1687.0,2750.0,1063.0,1936.424,223.1312640000001,1811.0,5.0,14.0,9.0,9.344000000000005,1.8508800000000016,8.0,2.0,5.0,3.0,3.608,0.6758400000000001,4.0,84.0,164.0,80.0,121.76000000000002,15.532799999999993,132.0,1.6,2.04,0.4399999999999999,1.8752800000000005,0.0676646399999999,1.83,1.0,2.0,1.0,1.96,0.0768,2.0,0.0,2.0,2.0,0.288,0.4377600000000001,0.0,0.0,7.0,7.0,4.696000000000001,2.30976,6.0,0.0,0.0,0.0,0.0,0.0,0.0,3.0,9.0,6.0,6.944000000000002,1.9526399999999997,8.0,0.0,1.0,1.0,0.04,0.0768,0.0,0.0,5.0,5.0,1.152,1.7510400000000004,0.0,0.0,6.0,6.0,2.9040000000000004,1.39392,4.0,0.0,0.0,0.0,0.0,0.0,0.0,3.0,7.0,4.0,4.096,0.5794560000000002,4.0,7.1725,20.44,13.267500000000002,10.706280000000003,1.55624448,10.73,0.0,1.524,1.524,0.329712,0.5011622400000001,0.0,0.0,2.1106628,2.1106628,1.3982438304000004,0.783016545024,2.1106628,166.0,229.0,63.0,209.248,23.194368,229.0
B19.2 Co28.8 Fe43.2 Nb4 Si4.8,5.0,41.0,36.0,22.28,7.4304,26.0,47.0,78.0,31.0,59.912,6.37824,55.0,10.811,92.90638,82.09538,48.23787136,16.3065462528,55.845,1687.0,2750.0,1063.0,1933.328,224.56780800000013,1811.0,5.0,14.0,9.0,9.416,1.81632,8.0,2.0,5.0,3.0,3.608,0.6758400000000003,4.0,84.0,164.0,80.0,121.328,15.325440000000006,132.0,1.6,2.04,0.4399999999999999,1.87888,0.0645427199999999,1.83,1.0,2.0,1.0,1.96,0.0768,2.0,0.0,2.0,2.0,0.288,0.43776,0.0,0.0,7.0,7.0,4.768000000000001,2.35008,6.0,0.0,0.0,0.0,0.0,0.0,0.0,3.0,9.0,6.0,7.016,1.99296,8.0,0.0,1.0,1.0,0.04,0.0768,0.0,0.0,5.0,5.0,1.152,1.7510400000000002,0.0,0.0,6.0,6.0,2.8320000000000003,1.3593599999999997,4.0,0.0,0.0,0.0,0.0,0.0,0.0,3.0,7.0,4.0,4.024,0.612864,4.0,7.1725,20.44,13.267500000000002,10.671360000000002,1.5891456000000006,10.73,0.0,1.524,1.524,0.3297119999999999,0.50116224,0.0,0.0,2.1106628,2.1106628,1.3577660352,0.7603489797120001,2.1106628,166.0,229.0,63.0,206.728,22.97088,229.0
B19.2 Co36 Fe36 Nb4 Si4.8,5.0,41.0,36.0,22.352,7.464960000000001,26.0,47.0,78.0,31.0,60.12799999999999,6.274559999999996,55.0,10.811,92.90638,82.09538,48.4602214,16.413274272000002,55.845,1687.0,2750.0,1063.0,1930.232,226.0043520000001,1768.0,5.0,14.0,9.0,9.488,1.781760000000001,8.0,2.0,5.0,3.0,3.608,0.67584,4.0,84.0,164.0,80.0,120.896,15.118080000000006,126.0,1.6,2.04,0.4399999999999999,1.88248,0.0621695999999999,1.83,1.0,2.0,1.0,1.96,0.0768,2.0,0.0,2.0,2.0,0.288,0.4377599999999998,0.0,0.0,7.0,7.0,4.84,2.3904,6.0,0.0,0.0,0.0,0.0,0.0,0.0,3.0,9.0,6.0,7.088000000000001,2.0332799999999995,8.0,0.0,1.0,1.0,0.04,0.0768,0.0,0.0,5.0,5.0,1.152,1.7510400000000002,0.0,0.0,6.0,6.0,2.76,1.3248000000000002,3.0,0.0,0.0,0.0,0.0,0.0,0.0,3.0,7.0,4.0,3.952,0.6854400000000002,3.0,7.1725,20.44,13.267500000000002,10.63644,1.6119897600000004,10.245,0.0,1.524,1.524,0.3297119999999999,0.50116224,0.0,0.0,2.1106628,2.1106628,1.31728824,0.7376814143999999,1.5484712,166.0,229.0,63.0,204.208,22.021632000000004,194.0
B19.2 Co43.2 Fe28.8 Nb4 Si4.8,5.0,41.0,36.0,22.424,7.49952,27.0,47.0,78.0,31.0,60.344,6.170879999999998,58.0,10.811,92.90638,82.09538,48.68257144,16.520002291199997,58.933195,1687.0,2750.0,1063.0,1927.136,227.44089599999995,1768.0,5.0,14.0,9.0,9.56,1.7472000000000003,9.0,2.0,5.0,3.0,3.608,0.67584,4.0,84.0,164.0,80.0,120.464,14.91072,126.0,1.6,2.04,0.4399999999999999,1.88608,0.0604416,1.88,1.0,2.0,1.0,1.96,0.0768,2.0,0.0,2.0,2.0,0.288,0.43776,0.0,0.0,7.0,7.0,4.912000000000001,2.43072,7.0,0.0,0.0,0.0,0.0,0.0,0.0,3.0,9.0,6.0,7.16,2.0736000000000003,9.0,0.0,1.0,1.0,0.04,0.0768,0.0,0.0,5.0,5.0,1.152,1.7510400000000002,0.0,0.0,6.0,6.0,2.688,1.29024,3.0,0.0,0.0,0.0,0.0,0.0,0.0,3.0,7.0,4.0,3.88,0.7603200000000001,3.0,7.1725,20.44,13.267500000000002,10.60152,1.6247769600000006,10.245,0.0,1.524,1.524,0.3297119999999999,0.50116224,0.0,0.0,2.1106628,2.1106628,1.2768104448,0.715013849088,1.5484712,166.0,229.0,63.0,201.688,20.346624,194.0
B19.2 Co50.4 Fe21.6 Nb4 Si4.8,5.0,41.0,36.0,22.496,7.5340799999999986,27.0,47.0,78.0,31.0,60.56,6.0672000000000015,58.0,10.811,92.90638,82.09538,48.90492148,16.626730310400003,58.933195,1687.0,2750.0,1063.0,1924.04,228.8774400000001,1768.0,5.0,14.0,9.0,9.632,1.7126400000000013,9.0,2.0,5.0,3.0,3.608,0.6758400000000001,4.0,84.0,164.0,80.0,120.032,14.703359999999998,126.0,1.6,2.04,0.4399999999999999,1.88968,0.0587136000000001,1.88,1.0,2.0,1.0,1.96,0.0768,2.0,0.0,2.0,2.0,0.288,0.4377600000000001,0.0,0.0,7.0,7.0,4.984000000000001,2.4710400000000003,7.0,0.0,0.0,0.0,0.0,0.0,0.0,3.0,9.0,6.0,7.232000000000001,2.11392,9.0,0.0,1.0,1.0,0.04,0.0768,0.0,0.0,5.0,5.0,1.152,1.7510400000000004,0.0,0.0,6.0,6.0,2.6160000000000005,1.25568,3.0,0.0,0.0,0.0,0.0,0.0,0.0,3.0,7.0,4.0,3.8080000000000007,0.8144640000000001,3.0,7.1725,20.44,13.267500000000002,10.566600000000005,1.6275072000000017,10.245,0.0,1.524,1.524,0.329712,0.5011622400000001,0.0,0.0,2.1106628,2.1106628,1.2363326496000004,0.6923462837759999,1.5484712,166.0,229.0,63.0,199.16800000000003,17.945856000000017,194.0
B19.2 Co57.6 Fe14.4 Nb4 Si4.8,5.0,41.0,36.0,22.568,7.568639999999999,27.0,47.0,78.0,31.0,60.776,5.963519999999997,58.0,10.811,92.90638,82.09538,49.12727152,16.7334583296,58.933195,1687.0,2750.0,1063.0,1920.944,230.313984,1768.0,5.0,14.0,9.0,9.704,1.6780800000000002,9.0,2.0,5.0,3.0,3.608,0.67584,4.0,84.0,164.0,80.0,119.59999999999998,14.496000000000013,126.0,1.6,2.04,0.4399999999999999,1.89328,0.0569856,1.88,1.0,2.0,1.0,1.96,0.0768,2.0,0.0,2.0,2.0,0.288,0.43776,0.0,0.0,7.0,7.0,5.056,2.51136,7.0,0.0,0.0,0.0,0.0,0.0,0.0,3.0,9.0,6.0,7.304000000000001,2.15424,9.0,0.0,1.0,1.0,0.04,0.0768,0.0,0.0,5.0,5.0,1.152,1.7510400000000002,0.0,0.0,6.0,6.0,2.544,1.22112,3.0,0.0,0.0,0.0,0.0,0.0,0.0,3.0,7.0,4.0,3.736,0.847872,3.0,7.1725,20.44,13.267500000000002,10.53168,1.6201804800000013,10.245,0.0,1.524,1.524,0.3297119999999999,0.50116224,0.0,0.0,2.1106628,2.1106628,1.1958548544,0.6696787184640001,1.5484712,166.0,229.0,63.0,196.648,14.819327999999985,194.0
B19.2 Co64.8 Fe7.2 Nb4 Si4.8,5.0,41.0,36.0,22.64,7.603199999999999,27.0,47.0,78.0,31.0,60.99199999999999,5.859839999999995,58.0,10.811,92.90638,82.09538,49.34962156,16.840186348800003,58.933195,1687.0,2750.0,1063.0,1917.848,231.7505280000001,1768.0,5.0,14.0,9.0,9.776,1.64352,9.0,2.0,5.0,3.0,3.608,0.67584,4.0,84.0,164.0,80.0,119.16799999999998,14.288640000000012,126.0,1.6,2.04,0.4399999999999999,1.89688,0.0552576,1.88,1.0,2.0,1.0,1.96,0.0768,2.0,0.0,2.0,2.0,0.288,0.43776,0.0,0.0,7.0,7.0,5.127999999999999,2.55168,7.0,0.0,0.0,0.0,0.0,0.0,0.0,3.0,9.0,6.0,7.376,2.19456,9.0,0.0,1.0,1.0,0.04,0.0768,0.0,0.0,5.0,5.0,1.152,1.7510400000000002,0.0,0.0,6.0,6.0,2.472,1.1865599999999998,3.0,0.0,0.0,0.0,0.0,0.0,0.0,3.0,7.0,4.0,3.664,0.860544,3.0,7.1725,20.44,13.267500000000002,10.49676,1.6027968000000004,10.245,0.0,1.524,1.524,0.3297119999999999,0.50116224,0.0,0.0,2.1106628,2.1106628,1.1553770592,0.647011153152,1.5484712,166.0,229.0,63.0,194.128,10.967039999999972,194.0
B19.2 Co7.2 Fe64.8 Nb4 Si4.8,5.0,41.0,36.0,22.064,7.326720000000002,26.0,47.0,78.0,31.0,59.264,6.689280000000002,55.0,10.811,92.90638,82.09538,47.57082124,15.986362195200003,55.845,1687.0,2750.0,1063.0,1942.6160000000004,220.2581760000003,1811.0,5.0,14.0,9.0,9.2,1.9200000000000008,8.0,2.0,5.0,3.0,3.608,0.67584,4.0,84.0,164.0,80.0,122.624,15.947519999999995,132.0,1.6,2.04,0.4399999999999999,1.8680800000000004,0.0707980800000001,1.83,1.0,2.0,1.0,1.96,0.0768,2.0,0.0,2.0,2.0,0.288,0.4377600000000001,0.0,0.0,7.0,7.0,4.552,2.229120000000001,6.0,0.0,0.0,0.0,0.0,0.0,0.0,3.0,9.0,6.0,6.800000000000001,1.872,8.0,0.0,1.0,1.0,0.04,0.0768,0.0,0.0,5.0,5.0,1.152,1.7510400000000004,0.0,0.0,6.0,6.0,3.0480000000000005,1.469952,4.0,0.0,0.0,0.0,0.0,0.0,0.0,3.0,7.0,4.0,4.24,0.5126400000000002,4.0,7.1725,20.44,13.267500000000002,10.776120000000002,1.520042880000002,10.73,0.0,1.524,1.524,0.329712,0.5011622400000001,0.0,0.0,2.1106628,2.1106628,1.4791994208,0.8283516756480002,2.1106628,166.0,229.0,63.0,214.288,21.46406400000001,229.0
B19.2 Fe14.4 Nb4 Ni57.6 Si4.8,5.0,41.0,36.0,23.143999999999995,7.845120000000003,28.0,47.0,78.0,31.0,62.504,5.134079999999999,61.0,10.811,92.90638,82.09538,48.9891496,16.667159807999997,58.6934,1687.0,2750.0,1063.0,1897.904,241.004544,1728.0,5.0,14.0,9.0,10.28,1.4015999999999995,10.0,2.0,5.0,3.0,3.608,0.67584,4.0,84.0,164.0,80.0,118.448,13.943040000000003,124.0,1.6,2.04,0.4399999999999999,1.91056,0.0497049599999999,1.91,1.0,2.0,1.0,1.96,0.0768,2.0,0.0,2.0,2.0,0.288,0.43776,0.0,0.0,8.0,8.0,5.632000000000001,2.83392,8.0,0.0,0.0,0.0,0.0,0.0,0.0,3.0,10.0,7.0,7.88,2.4768,10.0,0.0,1.0,1.0,0.04,0.0768,0.0,0.0,5.0,5.0,1.152,1.7510400000000002,0.0,0.0,6.0,6.0,1.968,0.9446399999999998,2.0,0.0,0.0,0.0,0.0,0.0,0.0,2.0,7.0,5.0,3.16,1.3363200000000004,2.0,7.1725,20.44,13.267500000000002,10.57488,1.60013568,10.32,0.0,1.524,1.524,0.3297119999999999,0.50116224,0.0,0.0,2.1106628,2.1106628,0.6468827904,0.4215686427647999,0.5953947,166.0,229.0,63.0,214.504,18.625536000000007,225.0
B19.2 Fe21.6 Nb4 Ni50.4 Si4.8,5.0,41.0,36.0,23.000000000000004,7.775999999999999,28.0,47.0,78.0,31.0,62.072,5.341439999999999,61.0,10.811,92.90638,82.09538,48.78406480000001,16.568719103999996,58.6934,1687.0,2750.0,1063.0,1903.8800000000008,238.23168000000035,1728.0,5.0,14.0,9.0,10.136,1.470720000000001,10.0,2.0,5.0,3.0,3.608,0.6758400000000001,4.0,84.0,164.0,80.0,119.024,14.219520000000005,124.0,1.6,2.04,0.4399999999999999,1.9048000000000005,0.0571583999999997,1.91,1.0,2.0,1.0,1.96,0.0768,2.0,0.0,2.0,2.0,0.288,0.4377600000000001,0.0,0.0,8.0,8.0,5.488,2.75328,8.0,0.0,0.0,0.0,0.0,0.0,0.0,3.0,10.0,7.0,7.7360000000000015,2.39616,10.0,0.0,1.0,1.0,0.04,0.0768,0.0,0.0,5.0,5.0,1.152,1.7510400000000004,0.0,0.0,6.0,6.0,2.112,1.126656,2.0,0.0,0.0,0.0,0.0,0.0,0.0,2.0,7.0,5.0,3.3040000000000003,1.314432,2.0,7.1725,20.44,13.267500000000002,10.604400000000002,1.604524800000001,10.32,0.0,1.524,1.524,0.329712,0.5011622400000001,0.0,0.0,2.1106628,2.1106628,0.7559820936000002,0.5852220651648002,0.5953947,166.0,229.0,63.0,214.792,18.736128,225.0
B19.2 Fe28.8 Nb4 Ni43.2 Si4.8,5.0,41.0,36.0,22.856,7.70688,28.0,47.0,78.0,31.0,61.64,5.5488,61.0,10.811,92.90638,82.09538,48.57898000000001,16.470278399999994,58.6934,1687.0,2750.0,1063.0,1909.856,235.458816,1728.0,5.0,14.0,9.0,9.992,1.5467519999999997,10.0,2.0,5.0,3.0,3.608,0.67584,4.0,84.0,164.0,80.0,119.6,14.496000000000006,124.0,1.6,2.04,0.4399999999999999,1.89904,0.0636902399999999,1.91,1.0,2.0,1.0,1.96,0.0768,2.0,0.0,2.0,2.0,0.288,0.43776,0.0,0.0,8.0,8.0,5.344000000000001,2.6726399999999995,8.0,0.0,0.0,0.0,0.0,0.0,0.0,3.0,10.0,7.0,7.592,2.31552,10.0,0.0,1.0,1.0,0.04,0.0768,0.0,0.0,5.0,5.0,1.152,1.7510400000000002,0.0,0.0,6.0,6.0,2.256,1.304064,2.0,0.0,0.0,0.0,0.0,0.0,0.0,2.0,7.0,5.0,3.448,1.2510720000000002,2.0,7.1725,20.44,13.267500000000002,10.63392,1.60041216,10.32,0.0,1.524,1.524,0.3297119999999999,0.50116224,0.0,0.0,2.1106628,2.1106628,0.8650813968,0.7174548882431999,0.5953947,166.0,229.0,63.0,215.08,18.84671999999999,225.0
B19.2 Fe66.24 Nb4 Si4.8 Tb5.76,5.0,65.0,60.0,24.2384,8.370432000000001,26.0,29.0,78.0,49.0,57.55039999999999,7.511807999999994,55.0,10.811,158.92535,148.11435,53.28589936,18.7295996928,55.845,1629.0,2750.0,1121.0,1935.2288,223.68583680000003,1811.0,3.0,14.0,11.0,8.84,2.0928,8.0,2.0,6.0,4.0,3.7232,0.7311360000000003,4.0,84.0,194.0,110.0,126.62719999999996,17.869056000000015,132.0,1.21,2.04,0.8300000000000001,1.828768,0.0895835136000001,1.83,1.0,2.0,1.0,1.96,0.0768,2.0,0.0,2.0,2.0,0.288,0.43776,0.0,0.0,6.0,6.0,4.134399999999999,2.47154688,6.0,0.0,9.0,9.0,0.5184,0.97708032,0.0,3.0,11.0,8.0,6.9008,1.928448,8.0,0.0,1.0,1.0,0.04,0.0768,0.0,0.0,5.0,5.0,1.152,1.7510400000000002,0.0,0.0,6.0,6.0,2.8896,1.71988992,4.0,0.0,5.0,5.0,0.288,0.5428223999999999,0.0,4.0,7.0,3.0,4.3696,0.5251276800000001,4.0,7.1725,31.7366666667,24.5641666667,12.02102400000192,3.5721818112032797,10.73,0.0,1.524,1.524,0.3297119999999999,0.50116224,0.0,0.0,2.1106628,2.1106628,1.39810303872,0.943999171743744,2.1106628,166.0,229.0,63.0,214.792,21.13136640000001,229.0
B19.2 Fe67.2 Nb4 Si4.8 Tb4.8,5.0,65.0,60.0,23.864,8.190719999999999,26.0,29.0,78.0,49.0,57.79999999999999,7.391999999999993,55.0,10.811,158.92535,148.11435,52.296328,18.25460544,55.845,1629.0,2750.0,1121.0,1936.9760000000003,222.8751360000002,1811.0,3.0,14.0,11.0,8.888,2.06976,8.0,2.0,6.0,4.0,3.704,0.7219200000000001,4.0,84.0,194.0,110.0,126.03199999999998,17.583360000000006,132.0,1.21,2.04,0.8300000000000001,1.83472,0.0850944,1.83,1.0,2.0,1.0,1.96,0.0768,2.0,0.0,2.0,2.0,0.288,0.43776,0.0,0.0,6.0,6.0,4.192,2.429952,6.0,0.0,9.0,9.0,0.4319999999999999,0.8225279999999999,0.0,3.0,11.0,8.0,6.872000000000001,1.91232,8.0,0.0,1.0,1.0,0.04,0.0768,0.0,0.0,5.0,5.0,1.152,1.75104,0.0,0.0,6.0,6.0,2.928,1.6865279999999998,4.0,0.0,5.0,5.0,0.24,0.45696,0.0,4.0,7.0,3.0,4.36,0.5184000000000002,4.0,7.1725,31.7366666667,24.5641666667,11.819360000001602,3.2484940800027657,10.73,0.0,1.524,1.524,0.3297119999999999,0.50116224,0.0,0.0,2.1106628,2.1106628,1.4183654016,0.9304477034496,2.1106628,166.0,229.0,63.0,215.128,20.893440000000005,229.0
B19.2 Fe68.16 Nb4 Si4.8 Tb3.84,5.0,65.0,60.0,23.4896,8.011008000000002,26.0,29.0,78.0,49.0,58.04959999999999,7.272191999999994,55.0,10.811,158.92535,148.11435,51.30675664,17.779611187199997,55.845,1629.0,2750.0,1121.0,1938.7232,222.06443519999985,1811.0,3.0,14.0,11.0,8.936,2.04672,8.0,2.0,6.0,4.0,3.6848,0.7127040000000002,4.0,84.0,194.0,110.0,125.43679999999996,17.29766400000002,132.0,1.21,2.04,0.8300000000000001,1.840672,0.0822374399999999,1.83,1.0,2.0,1.0,1.96,0.0768,2.0,0.0,2.0,2.0,0.288,0.4377599999999998,0.0,0.0,6.0,6.0,4.2496,2.38614528,6.0,0.0,9.0,9.0,0.3456,0.6646579200000001,0.0,3.0,11.0,8.0,6.8432,1.8961919999999997,8.0,0.0,1.0,1.0,0.04,0.0768,0.0,0.0,5.0,5.0,1.152,1.7510400000000002,0.0,0.0,6.0,6.0,2.9664,1.65169152,4.0,0.0,5.0,5.0,0.192,0.3692543999999999,0.0,4.0,7.0,3.0,4.3504,0.5113036799999997,4.0,7.1725,31.7366666667,24.5641666667,11.61769600000128,2.917062451202237,10.73,0.0,1.524,1.524,0.3297119999999999,0.50116224,0.0,0.0,2.1106628,2.1106628,1.43862776448,0.916118160420864,2.1106628,166.0,229.0,63.0,215.464,20.64261120000001,229.0
B19.2 Fe69.12 Nb3.84 Si3.84 Y4,5.0,41.0,36.0,22.6032,7.420354560000002,26.0,12.0,78.0,66.0,57.11999999999999,7.317503999999996,55.0,10.811,92.90638,82.09538,48.878098192,16.214637246873597,55.845,1687.0,2750.0,1063.0,1944.92,216.6128639999997,1811.0,3.0,14.0,11.0,8.8752,1.9775078399999997,8.0,2.0,5.0,3.0,3.6559999999999993,0.6862848000000003,4.0,84.0,190.0,106.0,125.52639999999998,17.061765120000008,132.0,1.22,2.04,0.8200000000000001,1.839776,0.0815112191999997,1.83,1.0,2.0,1.0,1.9616,0.0738508799999999,2.0,0.0,2.0,2.0,0.2687999999999999,0.41373696,0.0,0.0,6.0,6.0,4.3408,2.29367808,6.0,0.0,0.0,0.0,0.0,0.0,0.0,3.0,8.0,5.0,6.5712,1.97517312,8.0,0.0,1.0,1.0,0.0383999999999999,0.0738508799999999,0.0,0.0,5.0,5.0,1.1136,1.7140531199999998,0.0,0.0,9.0,9.0,3.3552,1.54607616,4.0,0.0,0.0,0.0,0.0,0.0,0.0,4.0,9.0,5.0,4.507199999999999,0.7401062399999994,4.0,7.1725,32.365,25.192500000000003,11.571303999999998,2.8521593855999976,10.73,0.0,1.524,1.524,0.3222911999999999,0.4960706150399999,0.0,0.0,2.1106628,2.1106628,1.45889012736,0.901010542657536,2.1106628,166.0,229.0,63.0,215.4272,20.694220800000007,229.0
B19.2 Fe7.2 Nb4 Ni64.8 Si4.8,5.0,41.0,36.0,23.288,7.914240000000001,28.0,47.0,78.0,31.0,62.936,4.926720000000001,61.0,10.811,92.90638,82.09538,49.194234400000006,16.765600511999995,58.6934,1687.0,2750.0,1063.0,1891.9280000000003,243.7774080000002,1728.0,5.0,14.0,9.0,10.424000000000005,1.332480000000002,10.0,2.0,5.0,3.0,3.608,0.67584,4.0,84.0,164.0,80.0,117.872,13.666560000000002,124.0,1.6,2.04,0.4399999999999999,1.91632,0.0474931200000002,1.91,1.0,2.0,1.0,1.96,0.0768,2.0,0.0,2.0,2.0,0.288,0.4377600000000001,0.0,0.0,8.0,8.0,5.776000000000001,2.91456,8.0,0.0,0.0,0.0,0.0,0.0,0.0,3.0,10.0,7.0,8.024000000000003,2.560896,10.0,0.0,1.0,1.0,0.04,0.0768,0.0,0.0,5.0,5.0,1.152,1.7510400000000004,0.0,0.0,6.0,6.0,1.824,0.8755200000000001,2.0,0.0,0.0,0.0,0.0,0.0,0.0,2.0,7.0,5.0,3.016,1.316736,2.0,7.1725,20.44,13.267500000000002,10.545360000000002,1.5872448000000017,10.32,0.0,1.524,1.524,0.329712,0.5011622400000001,0.0,0.0,2.1106628,2.1106628,0.5377834872000001,0.301158752832,0.5953947,166.0,229.0,63.0,214.216,18.514944,225.0
B19.2 Fe71.04 Nb4 Si4.8 Tb0.96,5.0,65.0,60.0,22.3664,7.471872000000001,26.0,29.0,78.0,49.0,58.7984,6.912768000000001,55.0,10.811,158.92535,148.11435,48.338042560000005,16.354628428799998,55.845,1629.0,2750.0,1121.0,1943.9648,219.6323328000001,1811.0,3.0,14.0,11.0,9.080000000000002,1.9776000000000007,8.0,2.0,6.0,4.0,3.6272,0.6850560000000001,4.0,84.0,194.0,110.0,123.6512,16.440576000000007,132.0,1.21,2.04,0.8300000000000001,1.8585280000000004,0.0736665600000001,1.83,1.0,2.0,1.0,1.96,0.0768,2.0,0.0,2.0,2.0,0.288,0.43776,0.0,0.0,6.0,6.0,4.4224,2.2414540800000005,6.0,0.0,9.0,9.0,0.0864,0.17114112,0.0,3.0,11.0,8.0,6.756800000000001,1.847808,8.0,0.0,1.0,1.0,0.04,0.0768,0.0,0.0,5.0,5.0,1.152,1.7510400000000002,0.0,0.0,6.0,6.0,3.0816000000000003,1.53833472,4.0,0.0,5.0,5.0,0.048,0.0950784,0.0,4.0,7.0,3.0,4.3216,0.48780288,4.0,7.1725,31.7366666667,24.5641666667,11.01270400000032,1.8763041792005777,10.73,0.0,1.524,1.524,0.3297119999999999,0.50116224,0.0,0.0,2.1106628,2.1106628,1.4994148531200002,0.8684610829271038,2.1106628,166.0,229.0,63.0,216.472,19.8127104,229.0
B19.2 Fe72 Nb4 Si4.8,5.0,41.0,36.0,21.992,7.292160000000001,26.0,47.0,78.0,31.0,59.048,6.792959999999997,55.0,10.811,92.90638,82.09538,47.348471200000006,15.879634175999994,55.845,1687.0,2750.0,1063.0,1945.712,218.8216320000001,1811.0,5.0,14.0,9.0,9.128,1.95456,8.0,2.0,5.0,3.0,3.608,0.67584,4.0,84.0,164.0,80.0,123.05599999999998,16.154880000000006,132.0,1.6,2.04,0.4399999999999999,1.86448,0.0708096,1.83,1.0,2.0,1.0,1.96,0.0768,2.0,0.0,2.0,2.0,0.288,0.43776,0.0,0.0,6.0,6.0,4.48,2.1888,6.0,0.0,0.0,0.0,0.0,0.0,0.0,3.0,8.0,5.0,6.728000000000001,1.83168,8.0,0.0,1.0,1.0,0.04,0.0768,0.0,0.0,5.0,5.0,1.152,1.7510400000000002,0.0,0.0,6.0,6.0,3.12,1.4975999999999998,4.0,0.0,0.0,0.0,0.0,0.0,0.0,4.0,7.0,3.0,4.312,0.4792320000000001,4.0,7.1725,20.44,13.267500000000002,10.81104,1.5138969599999998,10.73,0.0,1.524,1.524,0.3297119999999999,0.50116224,0.0,0.0,2.1106628,2.1106628,1.519677216,0.85101924096,2.1106628,166.0,229.0,63.0,216.808,19.510272000000004,229.0
B19.2 Nb4 Ni72 Si4.8,5.0,41.0,36.0,23.432,7.98336,28.0,47.0,78.0,31.0,63.368,4.719359999999997,61.0,10.811,92.90638,82.09538,49.3993192,16.864041215999997,58.6934,1687.0,2750.0,1063.0,1885.952,246.5502720000001,1728.0,5.0,14.0,9.0,10.568,1.2633599999999998,10.0,2.0,5.0,3.0,3.608,0.67584,4.0,84.0,164.0,80.0,117.296,13.390080000000005,124.0,1.6,2.04,0.4399999999999999,1.92208,0.0452812799999999,1.91,1.0,2.0,1.0,1.96,0.0768,2.0,0.0,2.0,2.0,0.288,0.4377599999999998,0.0,0.0,8.0,8.0,5.92,2.9952,8.0,0.0,0.0,0.0,0.0,0.0,0.0,3.0,10.0,7.0,8.168000000000001,2.6380799999999995,10.0,0.0,1.0,1.0,0.04,0.0768,0.0,0.0,5.0,5.0,1.152,1.7510400000000002,0.0,0.0,6.0,6.0,1.68,0.8064000000000001,2.0,0.0,0.0,0.0,0.0,0.0,0.0,2.0,7.0,5.0,2.872,1.25568,2.0,7.1725,20.44,13.267500000000002,10.51584,1.5658521600000004,10.32,0.0,1.524,1.524,0.3297119999999999,0.50116224,0.0,0.0,0.5953947,0.5953947,0.428684184,0.24006314304,0.5953947,166.0,229.0,63.0,213.928,18.404352000000003,225.0
B19.4 Fe69.84 Nb3.88 Si3.88 Y3,5.0,41.0,36.0,22.4324,7.418125439999999,26.0,12.0,78.0,66.0,57.59,7.174896000000001,55.0,10.811,92.90638,82.09538,48.461142444,16.189405121926402,55.845,1687.0,2750.0,1063.0,1946.44,218.161536,1811.0,3.0,14.0,11.0,8.9364,1.9696121600000007,8.0,2.0,5.0,3.0,3.642,0.6869152000000001,4.0,84.0,190.0,106.0,124.8548,16.926794879999996,132.0,1.22,2.04,0.8200000000000001,1.8462320000000003,0.0793543808000001,1.83,1.0,2.0,1.0,1.9612,0.0745891199999999,2.0,0.0,2.0,2.0,0.2715999999999999,0.4167430399999999,0.0,0.0,6.0,6.0,4.3756,2.26896192,6.0,0.0,0.0,0.0,0.0,0.0,0.0,3.0,8.0,5.0,6.6084000000000005,1.94378688,8.0,0.0,1.0,1.0,0.0388,0.07458912,0.0,0.0,5.0,5.0,1.1252,1.72650688,0.0,0.0,9.0,9.0,3.2964,1.53480384,4.0,0.0,0.0,0.0,0.0,0.0,0.0,4.0,9.0,5.0,4.4604,0.6788137599999999,4.0,7.1725,32.365,25.192500000000003,11.354703000000002,2.495279914400001,10.73,0.0,1.524,1.524,0.3256483999999999,0.49967490496,0.0,0.0,2.1106628,2.1106628,1.47408689952,0.8891692177904641,2.1106628,166.0,229.0,63.0,215.6504,20.56337919999999,229.0
B19.6 Fe70.56 Nb3.92 Si3.92 Y2,5.0,41.0,36.0,22.2616,7.414256640000002,26.0,12.0,78.0,66.0,58.06,7.027776000000001,55.0,10.811,92.90638,82.09538,48.044186696,16.1601702217984,55.845,1687.0,2750.0,1063.0,1947.9600000000005,219.69561600000011,1811.0,3.0,14.0,11.0,8.9976,1.9611289600000004,8.0,2.0,5.0,3.0,3.628,0.6874112,4.0,84.0,190.0,106.0,124.1832,16.785377280000002,132.0,1.22,2.04,0.8200000000000001,1.8526880000000003,0.0771355648000001,1.83,1.0,2.0,1.0,1.9608,0.0753267200000001,2.0,0.0,2.0,2.0,0.2744,0.4197222400000001,0.0,0.0,6.0,6.0,4.4104,2.24324352,6.0,0.0,0.0,0.0,0.0,0.0,0.0,3.0,8.0,5.0,6.645599999999999,1.9113292800000008,8.0,0.0,1.0,1.0,0.0392,0.07532672,0.0,0.0,5.0,5.0,1.1368,1.73884928,0.0,0.0,9.0,9.0,3.2376,1.5229670400000002,4.0,0.0,0.0,0.0,0.0,0.0,0.0,4.0,9.0,5.0,4.4136,0.6160985599999999,4.0,7.1725,32.365,25.192500000000003,11.138102000000002,2.1304295264000013,10.73,0.0,1.524,1.524,0.3290056,0.50324696576,0.0,0.0,2.1106628,2.1106628,1.4892836716800002,0.8768902258851842,2.1106628,166.0,229.0,63.0,215.8736,20.4253952,229.0
B19.8 Fe71.28 Nb3.96 Si3.96 Y1,5.0,41.0,36.0,22.0908,7.408748160000001,26.0,12.0,78.0,66.0,58.53000000000001,6.8761440000000045,55.0,10.811,92.90638,82.09538,47.627230948000005,16.126932546489602,55.845,1687.0,2750.0,1063.0,1949.48,221.21510400000017,1811.0,3.0,14.0,11.0,9.058800000000002,1.9520582400000008,8.0,2.0,5.0,3.0,3.6140000000000008,0.6877727999999997,4.0,84.0,190.0,106.0,123.51160000000004,16.63751231999999,132.0,1.22,2.04,0.8200000000000001,1.8591440000000008,0.0748547712000002,1.83,1.0,2.0,1.0,1.9604,0.0760636799999998,2.0,0.0,2.0,2.0,0.2772,0.4226745600000001,0.0,0.0,6.0,6.0,4.445200000000001,2.21652288,6.0,0.0,0.0,0.0,0.0,0.0,0.0,3.0,8.0,5.0,6.6828,1.8778003200000004,8.0,0.0,1.0,1.0,0.0396,0.07606368,0.0,0.0,5.0,5.0,1.1484,1.7510803200000007,0.0,0.0,9.0,9.0,3.1788000000000003,1.51056576,4.0,0.0,0.0,0.0,0.0,0.0,0.0,4.0,9.0,5.0,4.3668000000000005,0.5519606400000003,4.0,7.1725,32.365,25.192500000000003,10.921501000000005,1.7576082216000026,10.73,0.0,1.524,1.524,0.3323628,0.5067867974400001,0.0,0.0,2.1106628,2.1106628,1.5044804438400003,0.864173566941696,2.1106628,166.0,229.0,63.0,216.09680000000003,20.280268799999988,229.0
B2 C10 Fe71 Mo2 Nb3 P12,5.0,42.0,37.0,23.03,6.054399999999999,26.0,47.0,83.0,36.0,60.56,9.131200000000002,55.0,10.811,95.96,85.149,49.490482840000006,13.487148883199996,55.845,317.3,3823.0,3505.7,1893.566,495.54756,1811.0,5.0,15.0,10.0,9.41,2.4032,8.0,2.0,5.0,3.0,3.69,0.5712,4.0,76.0,164.0,88.0,123.84,15.203199999999995,132.0,1.6,2.55,0.9499999999999996,1.9491,0.1900679999999999,1.83,1.0,2.0,1.0,1.95,0.095,2.0,0.0,3.0,3.0,0.58,0.8815999999999999,0.0,0.0,6.0,6.0,4.48,2.1792,6.0,0.0,0.0,0.0,0.0,0.0,0.0,3.0,8.0,5.0,7.01,1.4058000000000002,8.0,0.0,1.0,1.0,0.05,0.095,0.0,0.0,5.0,5.0,0.86,1.3072,0.0,0.0,6.0,6.0,3.12,1.4975999999999998,4.0,0.0,0.0,0.0,0.0,0.0,0.0,3.0,7.0,4.0,4.03,0.2958000000000002,4.0,5.64,22.5702380952,16.9302380952,11.893378571424,3.09150842856384,10.73,0.0,4.496,4.496,0.6750800000000001,1.0261216000000002,0.0,0.0,2.1106628,2.1106628,1.498570588,0.8691709410400001,2.1106628,2.0,229.0,227.0,197.0,48.64,229.0
B2 C10 Fe71 Mo3 Nb2 P12,5.0,42.0,37.0,23.04,6.0592,26.0,47.0,83.0,36.0,60.59,9.1168,55.0,10.811,95.96,85.149,49.52101904,13.5018062592,55.845,317.3,3823.0,3505.7,1895.026,497.97116,1811.0,5.0,15.0,10.0,9.42,2.3984,8.0,2.0,5.0,3.0,3.69,0.5712,4.0,76.0,164.0,88.0,123.74,15.155200000000002,132.0,1.6,2.55,0.9499999999999996,1.9547,0.1912619999999997,1.83,1.0,2.0,1.0,1.95,0.095,2.0,0.0,3.0,3.0,0.58,0.8815999999999999,0.0,0.0,6.0,6.0,4.49,2.1747999999999994,6.0,0.0,0.0,0.0,0.0,0.0,0.0,3.0,8.0,5.0,7.02,1.3916000000000002,8.0,0.0,1.0,1.0,0.05,0.095,0.0,0.0,5.0,5.0,0.86,1.3072,0.0,0.0,6.0,6.0,3.11,1.4928000000000003,4.0,0.0,0.0,0.0,0.0,0.0,0.0,3.0,7.0,4.0,4.02,0.2771999999999996,4.0,5.64,22.5702380952,16.9302380952,11.868478571424005,3.050174428563841,10.73,0.0,4.496,4.496,0.6750800000000001,1.0261216000000002,0.0,0.0,2.1106628,2.1106628,1.498570588,0.8691709410400001,2.1106628,2.0,229.0,227.0,197.0,48.64,229.0
B2 C10 Fe71 Mo4 Nb1 P12,5.0,42.0,37.0,23.05,6.064,26.0,47.0,83.0,36.0,60.62,9.1024,55.0,10.811,95.96,85.149,49.551555240000006,13.516463635199996,55.845,317.3,3823.0,3505.7,1896.486,500.3947600000001,1811.0,5.0,15.0,10.0,9.43,2.3936,8.0,2.0,5.0,3.0,3.69,0.5712000000000002,4.0,76.0,164.0,88.0,123.64,15.1072,132.0,1.6,2.55,0.9499999999999996,1.9603,0.1922319999999997,1.83,1.0,2.0,1.0,1.95,0.095,2.0,0.0,3.0,3.0,0.58,0.8815999999999999,0.0,0.0,6.0,6.0,4.5,2.17,6.0,0.0,0.0,0.0,0.0,0.0,0.0,3.0,8.0,5.0,7.03,1.3774000000000002,8.0,0.0,1.0,1.0,0.05,0.095,0.0,0.0,5.0,5.0,0.86,1.3072,0.0,0.0,6.0,6.0,3.1,1.4880000000000002,4.0,0.0,0.0,0.0,0.0,0.0,0.0,3.0,7.0,4.0,4.01,0.2585999999999998,4.0,5.64,22.5702380952,16.9302380952,11.843578571424,3.00884042856384,10.73,0.0,4.496,4.496,0.6750800000000001,1.0261216000000002,0.0,0.0,2.1106628,2.1106628,1.498570588,0.8691709410400001,2.1106628,2.0,229.0,227.0,197.0,48.64,229.0
B2 C9 Cr2 Fe78 P9,5.0,26.0,21.0,22.75,5.12,26.0,49.0,83.0,34.0,59.72,7.791999999999999,55.0,10.811,55.845,45.034,48.68384358,11.303894271999996,55.845,317.3,3823.0,3505.7,1875.767,381.5605800000001,1811.0,6.0,15.0,9.0,9.23,2.048,8.0,2.0,4.0,2.0,3.69,0.496,4.0,76.0,139.0,63.0,123.89,13.255999999999998,132.0,1.66,2.55,0.8899999999999999,1.928,0.1636,1.83,1.0,2.0,1.0,1.98,0.0392,2.0,0.0,3.0,3.0,0.47,0.7519999999999999,0.0,0.0,6.0,6.0,4.78,1.912,6.0,0.0,0.0,0.0,0.0,0.0,0.0,3.0,8.0,5.0,7.23,1.2011999999999998,8.0,0.0,1.0,1.0,0.02,0.0392,0.0,0.0,5.0,5.0,0.73,1.168,0.0,0.0,5.0,5.0,3.22,1.2879999999999998,4.0,0.0,0.0,0.0,0.0,0.0,0.0,3.0,6.0,3.0,3.97,0.1745999999999998,4.0,5.64,22.5702380952,16.9302380952,11.275571428568,2.03303999999376,10.73,0.0,4.496,4.496,0.58137,0.930192,0.0,0.0,2.1106628,2.1106628,1.646316984,0.72437947296,2.1106628,2.0,229.0,227.0,204.16,39.744,229.0
B2 C9 Cr5 Fe75 P9,5.0,26.0,21.0,22.69,5.095999999999999,26.0,49.0,83.0,34.0,59.54,7.864,55.0,10.811,55.845,45.034,48.568376580000006,11.257707471999996,55.845,317.3,3823.0,3505.7,1886.837,396.27216000000016,1811.0,6.0,15.0,9.0,9.17,2.072,8.0,2.0,4.0,2.0,3.69,0.496,4.0,76.0,139.0,63.0,124.1,13.340000000000002,132.0,1.66,2.55,0.8899999999999999,1.9229,0.1656399999999998,1.83,1.0,2.0,1.0,1.95,0.095,2.0,0.0,3.0,3.0,0.47,0.752,0.0,0.0,6.0,6.0,4.75,1.9,6.0,0.0,0.0,0.0,0.0,0.0,0.0,3.0,8.0,5.0,7.17,1.245,8.0,0.0,1.0,1.0,0.05,0.095,0.0,0.0,5.0,5.0,0.73,1.168,0.0,0.0,5.0,5.0,3.25,1.3,4.0,0.0,0.0,0.0,0.0,0.0,0.0,3.0,6.0,3.0,4.03,0.2358000000000002,4.0,5.64,22.5702380952,16.9302380952,11.289371428568002,2.030555999993761,10.73,0.0,4.496,4.496,0.58137,0.930192,0.0,0.0,2.1106628,2.1106628,1.5829971,0.79149855,2.1106628,2.0,229.0,227.0,204.16,39.744,229.0
B2 C9 Cr8 Fe72 P9,5.0,26.0,21.0,22.63,5.072,26.0,49.0,83.0,34.0,59.36,7.935999999999999,55.0,10.811,55.845,45.034,48.45290958,11.211520671999995,55.845,317.3,3823.0,3505.7,1897.907,409.65534000000014,1811.0,6.0,15.0,9.0,9.11,2.096,8.0,2.0,4.0,2.0,3.69,0.496,4.0,76.0,139.0,63.0,124.31,13.424,132.0,1.66,2.55,0.8899999999999999,1.9178,0.1676799999999999,1.83,1.0,2.0,1.0,1.92,0.1472,2.0,0.0,3.0,3.0,0.47,0.7519999999999999,0.0,0.0,6.0,6.0,4.72,1.888,6.0,0.0,0.0,0.0,0.0,0.0,0.0,3.0,8.0,5.0,7.11,1.2816,8.0,0.0,1.0,1.0,0.08,0.1472,0.0,0.0,5.0,5.0,0.73,1.168,0.0,0.0,5.0,5.0,3.28,1.3120000000000005,4.0,0.0,0.0,0.0,0.0,0.0,0.0,3.0,6.0,3.0,4.09,0.3419999999999998,4.0,5.64,22.5702380952,16.9302380952,11.303171428568,2.0280719999937595,10.73,0.0,4.496,4.496,0.58137,0.930192,0.0,0.0,2.1106628,2.1106628,1.519677216,0.85101924096,2.1106628,2.0,229.0,227.0,204.16,39.744,229.0
B2 C9 Fe80 P9,5.0,26.0,21.0,22.79,5.136,26.0,55.0,83.0,28.0,59.84,7.744000000000002,55.0,10.811,55.845,45.034,48.76082158000001,11.334685471999991,55.845,317.3,3823.0,3505.7,1868.387,371.0148600000001,1811.0,8.0,15.0,7.0,9.27,2.032,8.0,2.0,4.0,2.0,3.69,0.496,4.0,76.0,132.0,56.0,123.75,13.2,132.0,1.83,2.55,0.7199999999999998,1.9314,0.16224,1.83,2.0,2.0,0.0,2.0,0.0,2.0,0.0,3.0,3.0,0.47,0.7519999999999999,0.0,0.0,6.0,6.0,4.8,1.92,6.0,0.0,0.0,0.0,0.0,0.0,0.0,3.0,8.0,5.0,7.27,1.168,8.0,0.0,0.0,0.0,0.0,0.0,0.0,0.0,5.0,5.0,0.73,1.168,0.0,0.0,4.0,4.0,3.2,1.2799999999999998,4.0,0.0,0.0,0.0,0.0,0.0,0.0,3.0,5.0,2.0,3.93,0.1673999999999998,4.0,5.64,22.5702380952,16.9302380952,11.266371428568002,2.0346959999937613,10.73,0.0,4.496,4.496,0.58137,0.930192,0.0,0.0,2.1106628,2.1106628,1.68853024,0.6754120960000001,2.1106628,2.0,229.0,227.0,204.16,39.744,229.0
B2 Nb35 Ni60 Sn3,5.0,50.0,45.0,32.75,6.81,28.0,47.0,80.0,33.0,56.89,6.923000000000001,61.0,10.811,118.71,107.899,71.510793,17.80886332,58.6934,505.08,2750.0,2244.92,2061.4124,493.474824,1728.0,5.0,14.0,9.0,8.43,2.401,10.0,2.0,5.0,3.0,4.34,0.5015999999999999,4.0,84.0,164.0,80.0,137.65,18.526,124.0,1.6,2.04,0.4399999999999999,1.8056,0.1439199999999998,1.91,1.0,2.0,1.0,1.65,0.455,2.0,0.0,2.0,2.0,0.08,0.152,0.0,0.0,10.0,10.0,6.5,2.01,8.0,0.0,0.0,0.0,0.0,0.0,0.0,3.0,14.0,11.0,8.23,2.4702,10.0,0.0,1.0,1.0,0.35,0.455,0.0,0.0,5.0,5.0,0.22,0.418,0.0,0.0,6.0,6.0,3.3,1.89,2.0,0.0,0.0,0.0,0.0,0.0,0.0,2.0,7.0,5.0,3.87,2.244,2.0,7.1725,33.285,26.1125,13.697,4.31338,10.32,0.0,1.524,1.524,0.03048,0.0597408,0.0,0.0,0.5953947,0.5953947,0.35723682,0.285789456,0.5953947,141.0,229.0,88.0,222.7,7.170000000000011,225.0
B2.32 Fe83.56 Nb4.84 Si5.8 Tb3.48,5.0,65.0,60.0,26.899999999999995,4.016639999999996,26.0,29.0,78.0,49.0,55.43639999999999,3.385928639999993,55.0,10.811,158.92535,148.11435,58.571127172,10.3083063825792,55.845,1629.0,2750.0,1121.0,1855.3804,109.45672672000002,1811.0,3.0,14.0,11.0,8.144800000000002,0.9044844800000016,8.0,2.0,6.0,4.0,4.013599999999999,0.2337369599999994,4.0,84.0,194.0,110.0,133.3748,7.184033279999994,132.0,1.21,2.04,0.8300000000000001,1.8062240000000005,0.0614596735999998,1.83,1.0,2.0,1.0,1.9516,0.09211488,2.0,0.0,2.0,2.0,0.1392,0.25579392,0.0,0.0,6.0,6.0,5.2072,1.3249273599999998,6.0,0.0,9.0,9.0,0.3132,0.60460128,0.0,3.0,11.0,8.0,7.611200000000001,0.8856230399999993,8.0,0.0,1.0,1.0,0.0484,0.09211488,0.0,0.0,5.0,5.0,0.348,0.6394847999999999,0.0,0.0,6.0,6.0,3.632800000000001,0.8428095999999996,4.0,0.0,5.0,5.0,0.174,0.3358896,0.0,4.0,7.0,3.0,4.2032,0.3631590399999998,4.0,7.1725,31.7366666667,24.5641666667,12.302258000001162,2.865578340801993,10.73,0.0,1.524,1.524,0.0801907999999999,0.14735861408,0.0,0.0,2.1106628,2.1106628,1.7636698356800002,0.5798946419715838,2.1106628,166.0,229.0,63.0,226.2044,5.0349104000000064,229.0
B2.32 Fe87.04 Nb4.84 Si5.8,5.0,41.0,36.0,25.5428,2.2921507200000035,26.0,47.0,78.0,31.0,56.3412,3.2389891200000007,55.0,10.811,92.90638,82.09538,54.983930992000005,5.169841993100794,55.845,1687.0,2750.0,1063.0,1861.714,108.54975519999996,1811.0,5.0,14.0,9.0,8.318800000000001,0.8762268800000012,8.0,2.0,5.0,3.0,3.944,0.1997056,4.0,84.0,164.0,80.0,131.2172,4.536073280000007,132.0,1.6,2.04,0.4399999999999999,1.8278000000000003,0.0220510399999997,1.83,1.0,2.0,1.0,1.9516,0.09211488,2.0,0.0,2.0,2.0,0.1392,0.25579392,0.0,0.0,6.0,6.0,5.416,1.0166271999999998,6.0,0.0,0.0,0.0,0.0,0.0,0.0,3.0,8.0,5.0,7.506800000000002,0.8585625599999986,8.0,0.0,1.0,1.0,0.0484,0.09211488,0.0,0.0,5.0,5.0,0.348,0.6394848000000001,0.0,0.0,6.0,6.0,3.772,0.6125727999999998,4.0,0.0,0.0,0.0,0.0,0.0,0.0,4.0,7.0,3.0,4.1684,0.3126851200000001,4.0,7.1725,20.44,13.267500000000002,11.571226,1.6685071072000006,10.73,0.0,1.524,1.524,0.0801907999999999,0.14735861408,0.0,0.0,2.1106628,2.1106628,1.8371209011200005,0.4761817375703039,2.1106628,166.0,229.0,63.0,227.4224,2.898997760000016,229.0
B2.5 C5 Cr2 Fe68 Mo5 Ni5 P12.5,5.0,42.0,37.0,23.96,4.984,26.0,49.0,83.0,34.0,59.955,8.1725,55.0,10.811,95.96,85.149,51.48972224999999,11.110828400000004,55.845,317.3,3823.0,3505.7,1795.7925,376.402375,1811.0,6.0,15.0,9.0,9.26,2.17,8.0,2.0,5.0,3.0,3.775,0.4600000000000001,4.0,76.0,154.0,78.0,125.715,11.907499999999995,132.0,1.66,2.55,0.8899999999999999,1.9333500000000003,0.1538250000000001,1.83,1.0,2.0,1.0,1.93,0.1302,2.0,0.0,3.0,3.0,0.5,0.8,0.0,0.0,8.0,8.0,4.83,1.932,6.0,0.0,0.0,0.0,0.0,0.0,0.0,3.0,10.0,7.0,7.26,1.2804,8.0,0.0,1.0,1.0,0.07,0.1301999999999999,0.0,0.0,5.0,5.0,0.7,1.12,0.0,0.0,5.0,5.0,3.17,1.385,4.0,0.0,0.0,0.0,0.0,0.0,0.0,2.0,6.0,4.0,3.94,0.429,4.0,5.64,22.5702380952,16.9302380952,12.103292261900002,2.9754072321350007,10.73,0.0,4.496,4.496,0.4660250000000001,0.7456400000000002,0.0,0.0,2.1106628,2.1106628,1.465020439,0.8780736109599999,2.1106628,2.0,229.0,227.0,197.1,50.64,229.0
B2.5 C5 Fe74.5 Mo5.5 P12.5,5.0,42.0,37.0,23.98,4.992000000000001,26.0,50.0,83.0,33.0,59.75,8.15,55.0,10.811,95.96,85.149,51.62485525,11.164881599999996,55.845,317.3,3823.0,3505.7,1797.9875,370.171875,1811.0,6.0,15.0,9.0,9.19,2.124,8.0,2.0,5.0,3.0,3.78,0.4620000000000002,4.0,76.0,154.0,78.0,126.085,11.884000000000004,132.0,1.83,2.55,0.7199999999999998,1.9344,0.1555559999999999,1.83,1.0,2.0,1.0,1.945,0.1039499999999999,2.0,0.0,3.0,3.0,0.5,0.8,0.0,0.0,6.0,6.0,4.745,1.898,6.0,0.0,0.0,0.0,0.0,0.0,0.0,3.0,8.0,5.0,7.19,1.2069,8.0,0.0,1.0,1.0,0.055,0.10395,0.0,0.0,5.0,5.0,0.7,1.12,0.0,0.0,5.0,5.0,3.255,1.3019999999999998,4.0,0.0,0.0,0.0,0.0,0.0,0.0,3.0,6.0,3.0,4.01,0.2683999999999998,4.0,5.64,22.5702380952,16.9302380952,12.1393922619,2.9982783095159995,10.73,0.0,4.496,4.496,0.4660250000000001,0.7456400000000001,0.0,0.0,2.1106628,2.1106628,1.572443786,0.8019463308600001,2.1106628,2.0,229.0,227.0,197.3,50.71999999999999,229.0
B2.89 La13.51 Mg60 Ni23.6,5.0,57.0,52.0,21.6532,12.546394960000002,12.0,13.0,72.0,59.0,59.033100000000005,12.438143619999996,68.0,10.811,138.90547,128.09447,47.513209297,29.971238853766604,24.305,923.0,2348.0,1425.0,1190.6395,321.1674,923.0,2.0,13.0,11.0,4.341,3.1715382,2.0,2.0,6.0,4.0,3.6124,0.82807672,3.0,84.0,207.0,123.0,144.2573,16.953077539999992,141.0,1.1,2.04,0.94,1.444326,0.2542280851999999,1.31,2.0,2.0,0.0,2.0,0.0,2.0,0.0,1.0,1.0,0.0289,0.05612958,0.0,0.0,8.0,8.0,2.0231,2.8210968000000003,0.0,0.0,0.0,0.0,0.0,0.0,0.0,2.0,10.0,8.0,4.052,2.807456,2.0,0.0,0.0,0.0,0.0,0.0,0.0,0.0,5.0,5.0,0.1445,0.2806479,0.0,0.0,9.0,9.0,1.6879000000000002,2.1230406200000003,0.0,0.0,0.0,0.0,0.0,0.0,0.0,0.0,9.0,9.0,1.8324,2.19888,0.0,7.1725,36.8975,29.725,21.3616575,6.031795643500001,22.89,0.0,1.524,1.524,0.0440436,0.08554147992,0.0,0.0,0.5953947,0.5953947,0.1405131492,0.2147040919776,0.0,166.0,225.0,59.0,200.5068,11.560790399999998,194.0
B20 Fe70 Hf3 Nb4 Y3,5.0,72.0,67.0,24.17,7.667999999999999,26.0,12.0,72.0,60.0,56.49,6.204000000000001,55.0,10.811,178.49,167.679,52.9918307,16.872332279999995,55.845,1799.0,2750.0,951.0,1976.45,242.27700000000004,1811.0,3.0,13.0,10.0,8.61,1.7559999999999996,8.0,2.0,6.0,4.0,3.73,0.6920000000000001,4.0,84.0,190.0,106.0,126.71,17.084000000000007,132.0,1.22,2.04,0.8200000000000001,1.8286,0.0865200000000002,1.83,1.0,2.0,1.0,1.96,0.0768,2.0,0.0,1.0,1.0,0.2,0.32,0.0,0.0,6.0,6.0,4.45,2.17,6.0,0.0,14.0,14.0,0.42,0.8148000000000001,0.0,3.0,18.0,15.0,7.03,2.0162,8.0,0.0,1.0,1.0,0.04,0.0768,0.0,0.0,5.0,5.0,1.0,1.6,0.0,0.0,9.0,9.0,3.55,1.4200000000000004,4.0,0.0,0.0,0.0,0.0,0.0,0.0,4.0,9.0,5.0,4.59,0.826,4.0,7.1725,32.365,25.192500000000003,11.30965,2.4663700000000004,10.73,0.0,1.524,1.524,0.3048,0.48768,0.0,0.0,2.1106628,2.1106628,1.47746396,0.886478376,2.1106628,166.0,229.0,63.0,214.3,21.75599999999999,229.0
B20 Fe71 Hf3 Nb4 Y2,5.0,72.0,67.0,24.04,7.616,26.0,12.0,72.0,60.0,56.92,6.032000000000002,55.0,10.811,178.49,167.679,52.661222200000005,16.74008888,55.845,1799.0,2750.0,951.0,1976.57,242.2122,1811.0,3.0,13.0,10.0,8.66,1.7360000000000002,8.0,2.0,6.0,4.0,3.72,0.688,4.0,84.0,190.0,106.0,126.13,16.852000000000004,132.0,1.22,2.04,0.8200000000000001,1.8347,0.08212,1.83,1.0,2.0,1.0,1.96,0.0768,2.0,0.0,1.0,1.0,0.2,0.32,0.0,0.0,6.0,6.0,4.5,2.13,6.0,0.0,14.0,14.0,0.42,0.8148000000000002,0.0,3.0,18.0,15.0,7.08,1.9616,8.0,0.0,1.0,1.0,0.04,0.0768,0.0,0.0,5.0,5.0,1.0,1.6,0.0,0.0,9.0,9.0,3.5,1.4,4.0,0.0,0.0,0.0,0.0,0.0,0.0,4.0,9.0,5.0,4.54,0.7668,4.0,7.1725,32.365,25.192500000000003,11.0933,2.0842060000000004,10.73,0.0,1.524,1.524,0.3048,0.48768,0.0,0.0,2.1106628,2.1106628,1.498570588,0.8691709410400001,2.1106628,166.0,229.0,63.0,214.65,21.525,229.0
B20 Fe72 Hf3 Nb4 Y1,5.0,72.0,67.0,23.91,7.564,26.0,12.0,72.0,60.0,57.35,5.860000000000001,55.0,10.811,178.49,167.679,52.3306137,16.607845479999995,55.845,1799.0,2750.0,951.0,1976.69,242.1474,1811.0,3.0,13.0,10.0,8.71,1.7160000000000004,8.0,2.0,6.0,4.0,3.71,0.684,4.0,84.0,190.0,106.0,125.55,16.62,132.0,1.22,2.04,0.8200000000000001,1.8408,0.07968,1.83,1.0,2.0,1.0,1.96,0.0768,2.0,0.0,1.0,1.0,0.2,0.32,0.0,0.0,6.0,6.0,4.55,2.088,6.0,0.0,14.0,14.0,0.42,0.8148000000000001,0.0,3.0,18.0,15.0,7.13,1.905,8.0,0.0,1.0,1.0,0.04,0.0768,0.0,0.0,5.0,5.0,1.0,1.6,0.0,0.0,9.0,9.0,3.45,1.38,4.0,0.0,0.0,0.0,0.0,0.0,0.0,4.0,9.0,5.0,4.49,0.7056000000000001,4.0,7.1725,32.365,25.192500000000003,10.87695,1.6933880000000006,10.73,0.0,1.524,1.524,0.3048,0.48768,0.0,0.0,2.1106628,2.1106628,1.519677216,0.8510192409600001,2.1106628,166.0,229.0,63.0,215.0,21.28,229.0
B20 Fe72 Nb4 Si4,5.0,41.0,36.0,21.92,7.401599999999998,26.0,47.0,78.0,31.0,59.0,6.72,55.0,10.811,92.90638,82.09538,47.2102752,16.089692096,55.845,1687.0,2750.0,1063.0,1951.0,222.72,1811.0,5.0,14.0,9.0,9.12,1.9423999999999997,8.0,2.0,5.0,3.0,3.6,0.688,4.0,84.0,164.0,80.0,122.84,16.483199999999997,132.0,1.6,2.04,0.4399999999999999,1.8656,0.0725119999999999,1.83,1.0,2.0,1.0,1.96,0.0768,2.0,0.0,2.0,2.0,0.28,0.4256,0.0,0.0,6.0,6.0,4.48,2.1888,6.0,0.0,0.0,0.0,0.0,0.0,0.0,3.0,8.0,5.0,6.72,1.8432,8.0,0.0,1.0,1.0,0.04,0.0768,0.0,0.0,5.0,5.0,1.16,1.7632,0.0,0.0,6.0,6.0,3.12,1.4975999999999998,4.0,0.0,0.0,0.0,0.0,0.0,0.0,4.0,7.0,3.0,4.32,0.4864000000000001,4.0,7.1725,20.44,13.267500000000002,10.704900000000002,1.412959999999999,10.73,0.0,1.524,1.524,0.33572,0.5102944,0.0,0.0,2.1106628,2.1106628,1.519677216,0.8510192409600001,2.1106628,166.0,229.0,63.0,216.32,20.128000000000004,229.0
B20 Fe73 Hf3 Nb4,5.0,72.0,67.0,23.78,7.512,26.0,45.0,72.0,27.0,57.78,5.688000000000001,55.0,10.811,178.49,167.679,52.0000052,16.475602079999998,55.845,1811.0,2750.0,939.0,1976.81,242.0826,1811.0,4.0,13.0,9.0,8.76,1.696,8.0,2.0,6.0,4.0,3.7,0.6799999999999998,4.0,84.0,175.0,91.0,124.97,16.388,132.0,1.3,2.04,0.74,1.8469,0.0772399999999999,1.83,1.0,2.0,1.0,1.96,0.0768,2.0,0.0,1.0,1.0,0.2,0.32,0.0,0.0,6.0,6.0,4.6,2.0440000000000005,6.0,0.0,14.0,14.0,0.42,0.8148000000000002,0.0,3.0,18.0,15.0,7.18,1.8464,8.0,0.0,1.0,1.0,0.04,0.0768,0.0,0.0,5.0,5.0,1.0,1.6,0.0,0.0,8.0,8.0,3.4,1.36,4.0,0.0,0.0,0.0,0.0,0.0,0.0,4.0,8.0,4.0,4.44,0.6424000000000002,4.0,7.1725,22.2,15.0275,10.660600000000002,1.395239999999999,10.73,0.0,1.524,1.524,0.3048,0.48768,0.0,0.0,2.1106628,2.1106628,1.540783844,0.8320232757599999,2.1106628,166.0,229.0,63.0,215.35,21.021000000000004,229.0
B21.56 Fe70.56 Nb2 Y5.88,5.0,41.0,36.0,22.5368,7.56186816,26.0,12.0,72.0,60.0,55.9768,6.909203840000003,55.0,10.811,92.90638,82.09538,48.82087518,16.389858177616002,55.845,1799.0,2750.0,951.0,1944.8516,206.04352608,1811.0,3.0,13.0,10.0,8.724,1.8438112,8.0,2.0,5.0,3.0,3.6476,0.7104451200000002,4.0,84.0,190.0,106.0,125.7016,17.98172992,132.0,1.22,2.04,0.8200000000000001,1.834808,0.0884787904,1.83,1.0,2.0,1.0,1.98,0.0392,2.0,0.0,1.0,1.0,0.2155999999999999,0.3382332799999999,0.0,0.0,6.0,6.0,4.3724,2.29686912,6.0,0.0,0.0,0.0,0.0,0.0,0.0,3.0,8.0,5.0,6.568,2.0208384,8.0,0.0,1.0,1.0,0.02,0.0392,0.0,0.0,5.0,5.0,1.078,1.6911664000000002,0.0,0.0,9.0,9.0,3.4716000000000005,1.4969539199999995,4.0,0.0,0.0,0.0,0.0,0.0,0.0,4.0,9.0,5.0,4.5696,0.8038195200000001,4.0,7.1725,32.365,25.192500000000003,11.384141,2.7391833784000004,10.73,0.0,1.524,1.524,0.3285744,0.51546751872,0.0,0.0,2.1106628,2.1106628,1.4892836716800002,0.876890225885184,2.1106628,166.0,229.0,63.0,213.3592,22.697928959999995,229.0
B21.56 Fe70.56 Ta2 Y5.88,5.0,73.0,68.0,23.1768,7.837836159999999,26.0,12.0,72.0,60.0,55.9968,6.900579840000001,55.0,10.811,180.94788,170.13688,50.58170518,17.149128073615998,55.845,1799.0,3290.0,1491.0,1955.6516,222.55456608000003,1811.0,3.0,13.0,10.0,8.724,1.8438112,8.0,2.0,6.0,4.0,3.6676,0.7190691200000002,4.0,84.0,190.0,106.0,125.8216,18.03347392,132.0,1.22,2.04,0.8200000000000001,1.832808,0.0893411904,1.83,2.0,2.0,0.0,2.0,0.0,2.0,0.0,1.0,1.0,0.2155999999999999,0.3382332799999999,0.0,0.0,6.0,6.0,4.3524,2.32509312,6.0,0.0,14.0,14.0,0.28,0.5488000000000001,0.0,3.0,19.0,16.0,6.848,2.1117824,8.0,0.0,0.0,0.0,0.0,0.0,0.0,0.0,5.0,5.0,1.078,1.6911664000000002,0.0,0.0,9.0,9.0,3.4916,1.50557792,4.0,0.0,0.0,0.0,0.0,0.0,0.0,4.0,9.0,5.0,4.5696,0.8038195200000001,4.0,7.1725,32.365,25.192500000000003,11.382941,2.736972498400001,10.73,0.0,1.524,1.524,0.3285744,0.51546751872,0.0,0.0,2.1106628,2.1106628,1.4892836716800002,0.876890225885184,2.1106628,166.0,229.0,63.0,213.3592,22.697928959999995,229.0
B21.56 Fe70.56 Ti2 Y5.88,5.0,39.0,34.0,22.1568,7.40428416,26.0,12.0,72.0,60.0,55.896800000000006,6.943699840000004,55.0,10.811,88.90585,78.09485000000001,47.92008758,16.003562067696,55.845,1799.0,2348.0,549.0,1928.6716,181.30754208000005,1811.0,3.0,13.0,10.0,8.704,1.8524352,8.0,2.0,5.0,3.0,3.6276,0.7018211200000002,4.0,84.0,190.0,106.0,125.6216,17.94723392,132.0,1.22,2.04,0.8200000000000001,1.8336080000000003,0.0889962304000001,1.83,2.0,2.0,0.0,2.0,0.0,2.0,0.0,1.0,1.0,0.2155999999999999,0.3382332799999999,0.0,0.0,6.0,6.0,4.3324,2.3533171200000003,6.0,0.0,0.0,0.0,0.0,0.0,0.0,3.0,8.0,5.0,6.547999999999999,2.0490624000000004,8.0,0.0,0.0,0.0,0.0,0.0,0.0,0.0,5.0,5.0,1.078,1.6911664000000002,0.0,0.0,9.0,9.0,3.5116,1.51420192,4.0,0.0,0.0,0.0,0.0,0.0,0.0,4.0,9.0,5.0,4.589600000000001,0.8320435200000003,4.0,7.1725,32.365,25.192500000000003,11.354341000000002,2.6842798584000014,10.73,0.0,1.524,1.524,0.3285744,0.51546751872,0.0,0.0,2.1106628,2.1106628,1.4892841223466668,0.8768895899043839,2.1106628,166.0,229.0,63.0,212.65920000000003,23.06013695999999,229.0
B22 Co10 Fe62 Y6,5.0,39.0,34.0,22.26,7.5943999999999985,26.0,12.0,72.0,60.0,56.46,7.145599999999999,55.0,10.811,88.90585,78.09485000000001,48.22999049999999,16.46435582,55.845,1768.0,2348.0,580.0,1924.12,186.50719999999995,1811.0,3.0,13.0,10.0,8.9,1.824,8.0,2.0,5.0,3.0,3.62,0.7127999999999999,4.0,84.0,190.0,106.0,124.32,17.740800000000004,132.0,1.22,2.04,0.8200000000000001,1.8446,0.0930559999999999,1.83,2.0,2.0,0.0,2.0,0.0,2.0,0.0,1.0,1.0,0.22,0.3432,0.0,0.0,7.0,7.0,4.48,2.3888,6.0,0.0,0.0,0.0,0.0,0.0,0.0,3.0,9.0,6.0,6.7,2.072,8.0,0.0,0.0,0.0,0.0,0.0,0.0,0.0,5.0,5.0,1.1,1.716,0.0,0.0,9.0,9.0,3.32,1.5248000000000002,4.0,0.0,0.0,0.0,0.0,0.0,0.0,3.0,9.0,6.0,4.42,0.8048000000000001,4.0,7.1725,32.365,25.192500000000003,11.19695,2.5401659999999997,10.73,0.0,1.524,1.524,0.3352799999999999,0.5230368,0.0,0.0,2.1106628,2.1106628,1.463458056,0.81953651136,2.1106628,166.0,229.0,63.0,209.54,24.1304,229.0
B22 Co12 Fe60 Y6,5.0,39.0,34.0,22.28,7.603199999999999,26.0,12.0,72.0,60.0,56.52,7.166400000000001,55.0,10.811,88.90585,78.09485000000001,48.29175439999999,16.491531936000005,55.845,1768.0,2348.0,580.0,1923.26,186.8856,1811.0,3.0,13.0,10.0,8.92,1.8144,8.0,2.0,5.0,3.0,3.62,0.7128,4.0,84.0,190.0,106.0,124.2,17.688,132.0,1.22,2.04,0.8200000000000001,1.8456,0.0937919999999999,1.83,2.0,2.0,0.0,2.0,0.0,2.0,0.0,1.0,1.0,0.22,0.3432,0.0,0.0,7.0,7.0,4.5,2.4,6.0,0.0,0.0,0.0,0.0,0.0,0.0,3.0,9.0,6.0,6.72,2.0832,8.0,0.0,0.0,0.0,0.0,0.0,0.0,0.0,5.0,5.0,1.1,1.716,0.0,0.0,9.0,9.0,3.3,1.524,4.0,0.0,0.0,0.0,0.0,0.0,0.0,3.0,9.0,6.0,4.4,0.8160000000000001,4.0,7.1725,32.365,25.192500000000003,11.18725,2.5413300000000003,10.73,0.0,1.524,1.524,0.3352799999999999,0.5230368,0.0,0.0,2.1106628,2.1106628,1.452214224,0.81323996544,2.1106628,166.0,229.0,63.0,208.84,24.192,229.0
B22 Co14 Fe58 Y6,5.0,39.0,34.0,22.3,7.612,26.0,12.0,72.0,60.0,56.58,7.182399999999999,55.0,10.811,88.90585,78.09485000000001,48.3535183,16.518708052,55.845,1768.0,2348.0,580.0,1922.4,187.26400000000004,1811.0,3.0,13.0,10.0,8.94,1.8032,8.0,2.0,5.0,3.0,3.62,0.7127999999999999,4.0,84.0,190.0,106.0,124.08,17.6352,132.0,1.22,2.04,0.8200000000000001,1.8466,0.0944479999999999,1.83,2.0,2.0,0.0,2.0,0.0,2.0,0.0,1.0,1.0,0.22,0.3432,0.0,0.0,7.0,7.0,4.52,2.4112000000000005,6.0,0.0,0.0,0.0,0.0,0.0,0.0,3.0,9.0,6.0,6.74,2.0944,8.0,0.0,0.0,0.0,0.0,0.0,0.0,0.0,5.0,5.0,1.1,1.716,0.0,0.0,9.0,9.0,3.28,1.5216000000000005,4.0,0.0,0.0,0.0,0.0,0.0,0.0,3.0,9.0,6.0,4.38,0.8271999999999999,4.0,7.1725,32.365,25.192500000000003,11.177550000000002,2.5424940000000014,10.73,0.0,1.524,1.524,0.3352799999999999,0.5230368,0.0,0.0,2.1106628,2.1106628,1.440970392,0.8069434195199999,2.1106628,166.0,229.0,63.0,208.14,24.1976,229.0
B22 Co16 Fe56 Y6,5.0,39.0,34.0,22.32,7.6208,26.0,12.0,72.0,60.0,56.64,7.1936,55.0,10.811,88.90585,78.09485000000001,48.41528219999999,16.545884168,55.845,1768.0,2348.0,580.0,1921.54,187.6424,1811.0,3.0,13.0,10.0,8.96,1.7904000000000002,8.0,2.0,5.0,3.0,3.62,0.7127999999999999,4.0,84.0,190.0,106.0,123.96,17.582400000000003,132.0,1.22,2.04,0.8200000000000001,1.8476,0.0950239999999999,1.83,2.0,2.0,0.0,2.0,0.0,2.0,0.0,1.0,1.0,0.22,0.3432,0.0,0.0,7.0,7.0,4.54,2.4224,6.0,0.0,0.0,0.0,0.0,0.0,0.0,3.0,9.0,6.0,6.76,2.1056,8.0,0.0,0.0,0.0,0.0,0.0,0.0,0.0,5.0,5.0,1.1,1.716,0.0,0.0,9.0,9.0,3.26,1.5175999999999998,4.0,0.0,0.0,0.0,0.0,0.0,0.0,3.0,9.0,6.0,4.36,0.8384,4.0,7.1725,32.365,25.192500000000003,11.16785,2.543658000000001,10.73,0.0,1.524,1.524,0.3352799999999999,0.5230368,0.0,0.0,2.1106628,2.1106628,1.42972656,0.8006468736000002,2.1106628,166.0,229.0,63.0,207.44,24.1472,229.0
B22 Co2 Fe70 Y6,5.0,39.0,34.0,22.18,7.5592,26.0,12.0,72.0,60.0,56.22,7.014399999999999,55.0,10.811,88.90585,78.09485000000001,47.9829349,16.355651355999996,55.845,1768.0,2348.0,580.0,1927.56,184.9936,1811.0,3.0,13.0,10.0,8.82,1.8464000000000005,8.0,2.0,5.0,3.0,3.62,0.7127999999999999,4.0,84.0,190.0,106.0,124.8,17.952,132.0,1.22,2.04,0.8200000000000001,1.8406,0.0893119999999999,1.83,2.0,2.0,0.0,2.0,0.0,2.0,0.0,1.0,1.0,0.22,0.3432,0.0,0.0,7.0,7.0,4.4,2.344,6.0,0.0,0.0,0.0,0.0,0.0,0.0,3.0,9.0,6.0,6.62,2.0272,8.0,0.0,0.0,0.0,0.0,0.0,0.0,0.0,5.0,5.0,1.1,1.716,0.0,0.0,9.0,9.0,3.4,1.5119999999999998,4.0,0.0,0.0,0.0,0.0,0.0,0.0,3.0,9.0,6.0,4.5,0.76,4.0,7.1725,32.365,25.192500000000003,11.23575,2.535510000000001,10.73,0.0,1.524,1.524,0.3352799999999999,0.5230368,0.0,0.0,2.1106628,2.1106628,1.508433384,0.8447226950400001,2.1106628,166.0,229.0,63.0,212.34,23.324,229.0
B22 Co4 Fe68 Y6,5.0,39.0,34.0,22.2,7.568,26.0,12.0,72.0,60.0,56.28,7.0544,55.0,10.811,88.90585,78.09485000000001,48.0446988,16.382827472,55.845,1768.0,2348.0,580.0,1926.7,185.372,1811.0,3.0,13.0,10.0,8.84,1.8432,8.0,2.0,5.0,3.0,3.62,0.7127999999999999,4.0,84.0,190.0,106.0,124.68,17.899199999999997,132.0,1.22,2.04,0.8200000000000001,1.8416,0.0903679999999999,1.83,2.0,2.0,0.0,2.0,0.0,2.0,0.0,1.0,1.0,0.22,0.3432,0.0,0.0,7.0,7.0,4.42,2.3552,6.0,0.0,0.0,0.0,0.0,0.0,0.0,3.0,9.0,6.0,6.64,2.0384,8.0,0.0,0.0,0.0,0.0,0.0,0.0,0.0,5.0,5.0,1.1,1.716,0.0,0.0,9.0,9.0,3.38,1.5175999999999998,4.0,0.0,0.0,0.0,0.0,0.0,0.0,3.0,9.0,6.0,4.48,0.7712000000000002,4.0,7.1725,32.365,25.192500000000003,11.22605,2.5366740000000005,10.73,0.0,1.524,1.524,0.3352799999999999,0.5230368,0.0,0.0,2.1106628,2.1106628,1.497189552,0.8384261491199999,2.1106628,166.0,229.0,63.0,211.64,23.60960000000001,229.0
B22 Co6 Fe66 Y6,5.0,39.0,34.0,22.22,7.5768,26.0,12.0,72.0,60.0,56.34,7.089600000000002,55.0,10.811,88.90585,78.09485000000001,48.1064627,16.410003588000002,55.845,1768.0,2348.0,580.0,1925.84,185.7504,1811.0,3.0,13.0,10.0,8.86,1.8384,8.0,2.0,5.0,3.0,3.62,0.7127999999999999,4.0,84.0,190.0,106.0,124.56,17.8464,132.0,1.22,2.04,0.8200000000000001,1.8426,0.0913439999999999,1.83,2.0,2.0,0.0,2.0,0.0,2.0,0.0,1.0,1.0,0.22,0.3432,0.0,0.0,7.0,7.0,4.44,2.3664,6.0,0.0,0.0,0.0,0.0,0.0,0.0,3.0,9.0,6.0,6.66,2.0496,8.0,0.0,0.0,0.0,0.0,0.0,0.0,0.0,5.0,5.0,1.1,1.716,0.0,0.0,9.0,9.0,3.36,1.5216000000000005,4.0,0.0,0.0,0.0,0.0,0.0,0.0,3.0,9.0,6.0,4.46,0.7824000000000001,4.0,7.1725,32.365,25.192500000000003,11.21635,2.5378380000000003,10.73,0.0,1.524,1.524,0.3352799999999999,0.5230368,0.0,0.0,2.1106628,2.1106628,1.48594572,0.8321296032000001,2.1106628,166.0,229.0,63.0,210.94,23.839199999999995,229.0
B22 Co8 Fe64 Y6,5.0,39.0,34.0,22.24,7.585600000000002,26.0,12.0,72.0,60.0,56.4,7.12,55.0,10.811,88.90585,78.09485000000001,48.1682266,16.437179704000002,55.845,1768.0,2348.0,580.0,1924.98,186.1288,1811.0,3.0,13.0,10.0,8.88,1.832,8.0,2.0,5.0,3.0,3.62,0.7127999999999999,4.0,84.0,190.0,106.0,124.44,17.7936,132.0,1.22,2.04,0.8200000000000001,1.8436,0.09224,1.83,2.0,2.0,0.0,2.0,0.0,2.0,0.0,1.0,1.0,0.22,0.3432,0.0,0.0,7.0,7.0,4.46,2.3776,6.0,0.0,0.0,0.0,0.0,0.0,0.0,3.0,9.0,6.0,6.68,2.0608,8.0,0.0,0.0,0.0,0.0,0.0,0.0,0.0,5.0,5.0,1.1,1.716,0.0,0.0,9.0,9.0,3.34,1.524,4.0,0.0,0.0,0.0,0.0,0.0,0.0,3.0,9.0,6.0,4.44,0.7936000000000001,4.0,7.1725,32.365,25.192500000000003,11.20665,2.539002,10.73,0.0,1.524,1.524,0.3352799999999999,0.5230368,0.0,0.0,2.1106628,2.1106628,1.4747018880000002,0.82583305728,2.1106628,166.0,229.0,63.0,210.24,24.0128,229.0
B22 Cr10 Fe63 Nb5,5.0,41.0,36.0,21.93,7.449199999999999,26.0,47.0,72.0,25.0,57.74,6.274400000000002,55.0,10.811,92.90638,82.09538,47.405699000000006,16.101667559999996,55.845,1811.0,2750.0,939.0,2012.99,254.5074,1811.0,5.0,13.0,8.0,8.75,1.87,8.0,2.0,5.0,3.0,3.61,0.7084,4.0,84.0,164.0,80.0,123.74,17.4856,132.0,1.6,2.04,0.4399999999999999,1.8477,0.084612,1.83,1.0,2.0,1.0,1.85,0.2549999999999999,2.0,0.0,1.0,1.0,0.22,0.3432,0.0,0.0,6.0,6.0,4.48,2.0192,6.0,0.0,0.0,0.0,0.0,0.0,0.0,3.0,8.0,5.0,6.55,1.827,8.0,0.0,1.0,1.0,0.15,0.255,0.0,0.0,5.0,5.0,1.1,1.7160000000000002,0.0,0.0,6.0,6.0,3.32,1.4608,4.0,0.0,0.0,0.0,0.0,0.0,0.0,4.0,7.0,3.0,4.57,0.7182000000000001,4.0,7.1725,18.18,11.0075,10.36585,1.4050740000000002,10.73,0.0,1.524,1.524,0.3352799999999999,0.5230368,0.0,0.0,2.1106628,2.1106628,1.329717564,0.98399099736,2.1106628,166.0,229.0,63.0,215.14,21.621600000000008,229.0
B22 Cr11 Fe61 Nb6,5.0,41.0,36.0,22.06,7.506400000000001,26.0,47.0,72.0,25.0,57.6,6.336,55.0,10.811,92.90638,82.09538,47.73782380000001,16.247802471999993,55.845,1811.0,2750.0,939.0,2026.07,262.3854,1811.0,5.0,13.0,8.0,8.7,1.892,8.0,2.0,5.0,3.0,3.62,0.7127999999999999,4.0,84.0,164.0,80.0,124.13,17.6572,132.0,1.6,2.04,0.4399999999999999,1.8437,0.086372,1.83,1.0,2.0,1.0,1.83,0.2821999999999999,2.0,0.0,1.0,1.0,0.22,0.3432,0.0,0.0,6.0,6.0,4.45,2.012,6.0,0.0,0.0,0.0,0.0,0.0,0.0,3.0,8.0,5.0,6.5,1.83,8.0,0.0,1.0,1.0,0.17,0.2822,0.0,0.0,5.0,5.0,1.1,1.716,0.0,0.0,6.0,6.0,3.35,1.474,4.0,0.0,0.0,0.0,0.0,0.0,0.0,4.0,7.0,3.0,4.62,0.7564,4.0,7.1725,18.18,11.0075,10.44495,1.439878000000001,10.73,0.0,1.524,1.524,0.3352799999999999,0.5230368,0.0,0.0,2.1106628,2.1106628,1.287504308,1.00425336024,2.1106628,166.0,229.0,63.0,215.14,21.621600000000008,229.0
B22 Cr4 Fe66 Nb8,5.0,41.0,36.0,22.5,7.7,26.0,47.0,72.0,25.0,57.86,6.2216,55.0,10.811,92.90638,82.09538,48.748474400000006,16.692488735999994,55.845,1811.0,2750.0,939.0,2019.02,274.5864,1811.0,5.0,13.0,8.0,8.78,1.8568,8.0,2.0,5.0,3.0,3.64,0.7216,4.0,84.0,164.0,80.0,124.28,17.7232,132.0,1.6,2.04,0.4399999999999999,1.851,0.08316,1.83,1.0,2.0,1.0,1.88,0.2112,2.0,0.0,1.0,1.0,0.22,0.3432,0.0,0.0,6.0,6.0,4.48,2.048,6.0,0.0,0.0,0.0,0.0,0.0,0.0,3.0,8.0,5.0,6.58,1.8744,8.0,0.0,1.0,1.0,0.12,0.2112,0.0,0.0,5.0,5.0,1.1,1.7160000000000002,0.0,0.0,6.0,6.0,3.32,1.4608,4.0,0.0,0.0,0.0,0.0,0.0,0.0,4.0,7.0,3.0,4.54,0.7128,4.0,7.1725,18.18,11.0075,10.561750000000002,1.4912699999999992,10.73,0.0,1.524,1.524,0.3352799999999999,0.5230368,0.0,0.0,2.1106628,2.1106628,1.393037448,0.94726546464,2.1106628,166.0,229.0,63.0,215.14,21.621600000000008,229.0
B22 Cr4 Fe67 Nb7,5.0,41.0,36.0,22.35,7.633999999999999,26.0,47.0,72.0,25.0,57.94,6.186399999999999,55.0,10.811,92.90638,82.09538,48.37786059999999,16.529418664000005,55.845,1811.0,2750.0,939.0,2009.63,266.1642,1811.0,5.0,13.0,8.0,8.81,1.8436,8.0,2.0,5.0,3.0,3.63,0.7172000000000002,4.0,84.0,164.0,80.0,123.96,17.582400000000003,132.0,1.6,2.04,0.4399999999999999,1.8533,0.0821479999999999,1.83,1.0,2.0,1.0,1.89,0.1958,2.0,0.0,1.0,1.0,0.22,0.3432,0.0,0.0,6.0,6.0,4.5,2.05,6.0,0.0,0.0,0.0,0.0,0.0,0.0,3.0,8.0,5.0,6.61,1.8626,8.0,0.0,1.0,1.0,0.11,0.1958,0.0,0.0,5.0,5.0,1.1,1.716,0.0,0.0,6.0,6.0,3.3,1.4520000000000002,4.0,0.0,0.0,0.0,0.0,0.0,0.0,4.0,7.0,3.0,4.51,0.6834,4.0,7.1725,18.18,11.0075,10.48725,1.4584899999999994,10.73,0.0,1.524,1.524,0.3352799999999999,0.5230368,0.0,0.0,2.1106628,2.1106628,1.414144076,0.93333509016,2.1106628,166.0,229.0,63.0,215.14,21.621600000000008,229.0
B22 Cr5 Fe65 Nb8,5.0,41.0,36.0,22.48,7.6912,26.0,47.0,72.0,25.0,57.8,6.247999999999998,55.0,10.811,92.90638,82.09538,48.7099854,16.675553576000002,55.845,1811.0,2750.0,939.0,2022.71,275.223,1811.0,5.0,13.0,8.0,8.76,1.8656,8.0,2.0,5.0,3.0,3.64,0.7216,4.0,84.0,164.0,80.0,124.35,17.754000000000005,132.0,1.6,2.04,0.4399999999999999,1.8493,0.083908,1.83,1.0,2.0,1.0,1.87,0.2261999999999999,2.0,0.0,1.0,1.0,0.22,0.3432,0.0,0.0,6.0,6.0,4.47,2.042,6.0,0.0,0.0,0.0,0.0,0.0,0.0,3.0,8.0,5.0,6.56,1.872,8.0,0.0,1.0,1.0,0.13,0.2262,0.0,0.0,5.0,5.0,1.1,1.7160000000000002,0.0,0.0,6.0,6.0,3.33,1.4651999999999998,4.0,0.0,0.0,0.0,0.0,0.0,0.0,4.0,7.0,3.0,4.56,0.7279999999999999,4.0,7.1725,18.18,11.0075,10.56635,1.493294,10.73,0.0,1.524,1.524,0.3352799999999999,0.5230368,0.0,0.0,2.1106628,2.1106628,1.37193082,0.960351574,2.1106628,166.0,229.0,63.0,215.14,21.621600000000008,229.0
B22 Cr6 Fe66 Nb6,5.0,41.0,36.0,22.16,7.5504,26.0,47.0,72.0,25.0,57.9,6.204,55.0,10.811,92.90638,82.09538,47.9302688,16.332478272,55.845,1811.0,2750.0,939.0,2007.62,259.5384,1811.0,5.0,13.0,8.0,8.8,1.8480000000000003,8.0,2.0,5.0,3.0,3.62,0.7127999999999999,4.0,84.0,164.0,80.0,123.78,17.5032,132.0,1.6,2.04,0.4399999999999999,1.8522,0.082632,1.83,1.0,2.0,1.0,1.88,0.2112,2.0,0.0,1.0,1.0,0.22,0.3432,0.0,0.0,6.0,6.0,4.5,2.04,6.0,0.0,0.0,0.0,0.0,0.0,0.0,3.0,8.0,5.0,6.6,1.848,8.0,0.0,1.0,1.0,0.12,0.2112,0.0,0.0,5.0,5.0,1.1,1.716,0.0,0.0,6.0,6.0,3.3,1.452,4.0,0.0,0.0,0.0,0.0,0.0,0.0,4.0,7.0,3.0,4.52,0.6863999999999999,4.0,7.1725,18.18,11.0075,10.42195,1.4297580000000008,10.73,0.0,1.524,1.524,0.3352799999999999,0.5230368,0.0,0.0,2.1106628,2.1106628,1.393037448,0.94726546464,2.1106628,166.0,229.0,63.0,215.14,21.621600000000008,229.0
B22 Cr8 Fe62 Nb8,5.0,41.0,36.0,22.42,7.664799999999999,26.0,47.0,72.0,25.0,57.62,6.327199999999998,55.0,10.811,92.90638,82.09538,48.5945184,16.624748095999998,55.845,1811.0,2750.0,939.0,2033.78,276.2472,1811.0,5.0,13.0,8.0,8.7,1.892,8.0,2.0,5.0,3.0,3.64,0.7216,4.0,84.0,164.0,80.0,124.56,17.8464,132.0,1.6,2.04,0.4399999999999999,1.8442,0.0861519999999999,1.83,1.0,2.0,1.0,1.84,0.2687999999999999,2.0,0.0,1.0,1.0,0.22,0.3432,0.0,0.0,6.0,6.0,4.44,2.024,6.0,0.0,0.0,0.0,0.0,0.0,0.0,3.0,8.0,5.0,6.5,1.86,8.0,0.0,1.0,1.0,0.16,0.2688,0.0,0.0,5.0,5.0,1.1,1.7160000000000002,0.0,0.0,6.0,6.0,3.36,1.4784,4.0,0.0,0.0,0.0,0.0,0.0,0.0,4.0,7.0,3.0,4.62,0.7687999999999999,4.0,7.1725,18.18,11.0075,10.58015,1.4993659999999993,10.73,0.0,1.524,1.524,0.3352799999999999,0.5230368,0.0,0.0,2.1106628,2.1106628,1.308610936,0.99454431136,2.1106628,166.0,229.0,63.0,215.14,21.621600000000008,229.0
B22 Cr8 Fe64 Nb6,5.0,41.0,36.0,22.12,7.5328,26.0,47.0,72.0,25.0,57.78,6.256800000000001,55.0,10.811,92.90638,82.09538,47.8532908,16.298607951999998,55.845,1811.0,2750.0,939.0,2015.0,261.12,1811.0,5.0,13.0,8.0,8.76,1.8656,8.0,2.0,5.0,3.0,3.62,0.7127999999999999,4.0,84.0,164.0,80.0,123.92,17.5648,132.0,1.6,2.04,0.4399999999999999,1.8488,0.0841279999999999,1.83,1.0,2.0,1.0,1.86,0.2407999999999999,2.0,0.0,1.0,1.0,0.22,0.3432,0.0,0.0,6.0,6.0,4.48,2.0287999999999995,6.0,0.0,0.0,0.0,0.0,0.0,0.0,3.0,8.0,5.0,6.56,1.8432,8.0,0.0,1.0,1.0,0.14,0.2408,0.0,0.0,5.0,5.0,1.1,1.716,0.0,0.0,6.0,6.0,3.32,1.4608,4.0,0.0,0.0,0.0,0.0,0.0,0.0,4.0,7.0,3.0,4.56,0.7167999999999999,4.0,7.1725,18.18,11.0075,10.43115,1.433806,10.73,0.0,1.524,1.524,0.3352799999999999,0.5230368,0.0,0.0,2.1106628,2.1106628,1.350824192,0.97259341824,2.1106628,166.0,229.0,63.0,215.14,21.621600000000008,229.0
B22 Cr9 Fe63 Nb6,5.0,41.0,36.0,22.1,7.523999999999998,26.0,47.0,72.0,25.0,57.72,6.283199999999999,55.0,10.811,92.90638,82.09538,47.814801800000005,16.281672792,55.845,1811.0,2750.0,939.0,2018.69,261.68940000000003,1811.0,5.0,13.0,8.0,8.74,1.8744,8.0,2.0,5.0,3.0,3.62,0.7128,4.0,84.0,164.0,80.0,123.99,17.5956,132.0,1.6,2.04,0.4399999999999999,1.8471,0.084876,1.83,1.0,2.0,1.0,1.85,0.2549999999999999,2.0,0.0,1.0,1.0,0.22,0.3432,0.0,0.0,6.0,6.0,4.47,2.0232,6.0,0.0,0.0,0.0,0.0,0.0,0.0,3.0,8.0,5.0,6.54,1.8396,8.0,0.0,1.0,1.0,0.15,0.255,0.0,0.0,5.0,5.0,1.1,1.716,0.0,0.0,6.0,6.0,3.33,1.4652,4.0,0.0,0.0,0.0,0.0,0.0,0.0,4.0,7.0,3.0,4.58,0.7308,4.0,7.1725,18.18,11.0075,10.43575,1.4358299999999995,10.73,0.0,1.524,1.524,0.3352799999999999,0.5230368,0.0,0.0,2.1106628,2.1106628,1.329717564,0.98399099736,2.1106628,166.0,229.0,63.0,215.14,21.621600000000008,229.0
B22 Fe66 W6 Y6,5.0,74.0,69.0,25.04,8.8176,26.0,12.0,72.0,60.0,55.92,7.075200000000001,55.0,10.811,183.84,173.029,55.600871,19.70754324,55.845,1799.0,3695.0,1896.0,2041.46,333.30240000000003,1811.0,3.0,13.0,10.0,8.68,1.9008,8.0,2.0,6.0,4.0,3.74,0.7655999999999998,4.0,84.0,190.0,106.0,126.72,18.7968,132.0,1.22,2.36,1.14,1.8714,0.1328159999999999,1.83,2.0,2.0,0.0,2.0,0.0,2.0,0.0,1.0,1.0,0.22,0.3432,0.0,0.0,6.0,6.0,4.26,2.2968,6.0,0.0,14.0,14.0,0.84,1.5792,0.0,3.0,20.0,17.0,7.32,2.4192,8.0,0.0,0.0,0.0,0.0,0.0,0.0,0.0,5.0,5.0,1.1,1.716,0.0,0.0,9.0,9.0,3.54,1.5576,4.0,0.0,0.0,0.0,0.0,0.0,0.0,4.0,9.0,5.0,4.64,0.8447999999999999,4.0,7.1725,32.365,25.192500000000003,11.564650000000002,3.0342840000000013,10.73,0.0,1.524,1.524,0.3352799999999999,0.5230368,0.0,0.0,2.1106628,2.1106628,1.393037448,0.94726546464,2.1106628,166.0,229.0,63.0,213.04,22.982400000000005,229.0
B22 Fe67 Mo5 Y6,5.0,42.0,37.0,22.96,7.9024,26.0,12.0,72.0,60.0,55.91,7.079599999999998,55.0,10.811,95.96,85.149,49.92692099999999,17.211005240000002,55.845,1799.0,2896.0,1097.0,1982.67,252.07820000000004,1811.0,3.0,13.0,10.0,8.7,1.892,8.0,2.0,5.0,3.0,3.67,0.7348,4.0,84.0,190.0,106.0,126.02,18.4888,132.0,1.22,2.16,0.9400000000000002,1.8561,0.111306,1.83,1.0,2.0,1.0,1.95,0.095,2.0,0.0,1.0,1.0,0.22,0.3432,0.0,0.0,6.0,6.0,4.33,2.3048,6.0,0.0,0.0,0.0,0.0,0.0,0.0,3.0,8.0,5.0,6.5,2.01,8.0,0.0,1.0,1.0,0.05,0.095,0.0,0.0,5.0,5.0,1.1,1.716,0.0,0.0,9.0,9.0,3.47,1.5268000000000002,4.0,0.0,0.0,0.0,0.0,0.0,0.0,4.0,9.0,5.0,4.62,0.8308000000000001,4.0,7.1725,32.365,25.192500000000003,11.493450000000005,2.9242410000000016,10.73,0.0,1.524,1.524,0.3352799999999999,0.5230368,0.0,0.0,2.1106628,2.1106628,1.414144076,0.93333509016,2.1106628,166.0,229.0,63.0,213.04,22.982400000000005,229.0
B22 Fe67 Ni5 Y6,5.0,39.0,34.0,22.26,7.5944,26.0,12.0,72.0,60.0,56.46,7.291600000000001,55.0,10.811,88.90585,78.09485000000001,48.063591,16.391140040000003,55.845,1728.0,2348.0,620.0,1924.27,186.4412,1811.0,3.0,13.0,10.0,8.9,1.914,8.0,2.0,5.0,3.0,3.62,0.7127999999999999,4.0,84.0,190.0,106.0,124.52,17.8808,132.0,1.22,2.04,0.8200000000000001,1.8436,0.093056,1.83,2.0,2.0,0.0,2.0,0.0,2.0,0.0,1.0,1.0,0.22,0.3432,0.0,0.0,8.0,8.0,4.48,2.3888,6.0,0.0,0.0,0.0,0.0,0.0,0.0,3.0,10.0,7.0,6.7,2.072,8.0,0.0,0.0,0.0,0.0,0.0,0.0,0.0,5.0,5.0,1.1,1.716,0.0,0.0,9.0,9.0,3.32,1.5927999999999998,4.0,0.0,0.0,0.0,0.0,0.0,0.0,2.0,9.0,7.0,4.42,0.8047999999999998,4.0,7.1725,32.365,25.192500000000003,11.224950000000002,2.536806000000001,10.73,0.0,1.524,1.524,0.3352799999999999,0.5230368,0.0,0.0,2.1106628,2.1106628,1.4439138110000005,0.8934436452600002,2.1106628,166.0,229.0,63.0,212.84,22.8704,229.0
B22 Fe67 W5 Y6,5.0,74.0,69.0,24.56,8.6064,26.0,12.0,72.0,60.0,55.96,7.0576,55.0,10.811,183.84,173.029,54.320921,19.14436524,55.845,1799.0,3695.0,1896.0,2022.62,310.4052,1811.0,3.0,13.0,10.0,8.7,1.892,8.0,2.0,6.0,4.0,3.72,0.7567999999999999,4.0,84.0,190.0,106.0,126.42,18.6648,132.0,1.22,2.36,1.14,1.8661,0.125906,1.83,2.0,2.0,0.0,2.0,0.0,2.0,0.0,1.0,1.0,0.22,0.3432,0.0,0.0,6.0,6.0,4.28,2.3048,6.0,0.0,14.0,14.0,0.7,1.33,0.0,3.0,20.0,17.0,7.2,2.352,8.0,0.0,0.0,0.0,0.0,0.0,0.0,0.0,5.0,5.0,1.1,1.716,0.0,0.0,9.0,9.0,3.52,1.5488,4.0,0.0,0.0,0.0,0.0,0.0,0.0,4.0,9.0,5.0,4.62,0.8308000000000001,4.0,7.1725,32.365,25.192500000000003,11.511450000000002,2.956281000000001,10.73,0.0,1.524,1.524,0.3352799999999999,0.5230368,0.0,0.0,2.1106628,2.1106628,1.414144076,0.93333509016,2.1106628,166.0,229.0,63.0,213.04,22.982400000000005,229.0
B22 Fe68 Mo4 Y6,5.0,42.0,37.0,22.8,7.832000000000001,26.0,12.0,72.0,60.0,55.96,7.057600000000001,55.0,10.811,95.96,85.149,49.52577099999999,17.034499240000006,55.845,1799.0,2896.0,1097.0,1971.82,239.45359999999997,1811.0,3.0,13.0,10.0,8.72,1.8832000000000004,8.0,2.0,5.0,3.0,3.66,0.7303999999999999,4.0,84.0,190.0,106.0,125.8,18.392,132.0,1.22,2.16,0.9400000000000002,1.8528,0.1069439999999998,1.83,1.0,2.0,1.0,1.96,0.0768,2.0,0.0,1.0,1.0,0.22,0.3432,0.0,0.0,6.0,6.0,4.34,2.3104,6.0,0.0,0.0,0.0,0.0,0.0,0.0,3.0,8.0,5.0,6.52,2.0128000000000004,8.0,0.0,1.0,1.0,0.04,0.0768,0.0,0.0,5.0,5.0,1.1,1.7160000000000002,0.0,0.0,9.0,9.0,3.46,1.5224000000000002,4.0,0.0,0.0,0.0,0.0,0.0,0.0,4.0,9.0,5.0,4.6,0.8159999999999998,4.0,7.1725,32.365,25.192500000000003,11.44385,2.850229999999999,10.73,0.0,1.524,1.524,0.3352799999999999,0.5230368,0.0,0.0,2.1106628,2.1106628,1.435250704,0.91856045056,2.1106628,166.0,229.0,63.0,213.04,22.982400000000005,229.0
B22 Fe68 Ni4 Y6,5.0,39.0,34.0,22.24,7.585599999999999,26.0,12.0,72.0,60.0,56.4,7.231999999999999,55.0,10.811,88.90585,78.09485000000001,48.035107,16.378607080000002,55.845,1728.0,2348.0,620.0,1925.1,186.076,1811.0,3.0,13.0,10.0,8.88,1.9024000000000003,8.0,2.0,5.0,3.0,3.62,0.7127999999999999,4.0,84.0,190.0,106.0,124.6,17.912000000000003,132.0,1.22,2.04,0.8200000000000001,1.8428,0.0921439999999998,1.83,2.0,2.0,0.0,2.0,0.0,2.0,0.0,1.0,1.0,0.22,0.3432,0.0,0.0,8.0,8.0,4.46,2.3776,6.0,0.0,0.0,0.0,0.0,0.0,0.0,3.0,10.0,7.0,6.68,2.0608000000000004,8.0,0.0,0.0,0.0,0.0,0.0,0.0,0.0,5.0,5.0,1.1,1.7160000000000002,0.0,0.0,9.0,9.0,3.34,1.5768,4.0,0.0,0.0,0.0,0.0,0.0,0.0,2.0,9.0,7.0,4.44,0.7936000000000001,4.0,7.1725,32.365,25.192500000000003,11.22905,2.536313999999998,10.73,0.0,1.524,1.524,0.3352799999999999,0.5230368,0.0,0.0,2.1106628,2.1106628,1.459066492,0.8861709788800001,2.1106628,166.0,229.0,63.0,212.88,22.89280000000001,229.0
B22 Fe68 W4 Y6,5.0,74.0,69.0,24.08,8.395200000000003,26.0,12.0,72.0,60.0,56.0,7.04,55.0,10.811,183.84,173.029,53.040971,18.58118724,55.845,1799.0,3695.0,1896.0,2003.78,286.7544,1811.0,3.0,13.0,10.0,8.72,1.8832000000000004,8.0,2.0,6.0,4.0,3.7,0.748,4.0,84.0,190.0,106.0,126.12,18.5328,132.0,1.22,2.36,1.14,1.8608,0.1187839999999998,1.83,2.0,2.0,0.0,2.0,0.0,2.0,0.0,1.0,1.0,0.22,0.3432,0.0,0.0,6.0,6.0,4.3,2.312,6.0,0.0,14.0,14.0,0.56,1.0752,0.0,3.0,20.0,17.0,7.08,2.2848,8.0,0.0,0.0,0.0,0.0,0.0,0.0,0.0,5.0,5.0,1.1,1.7160000000000002,0.0,0.0,9.0,9.0,3.5,1.54,4.0,0.0,0.0,0.0,0.0,0.0,0.0,4.0,9.0,5.0,4.6,0.8159999999999998,4.0,7.1725,32.365,25.192500000000003,11.45825,2.87615,10.73,0.0,1.524,1.524,0.3352799999999999,0.5230368,0.0,0.0,2.1106628,2.1106628,1.435250704,0.91856045056,2.1106628,166.0,229.0,63.0,213.04,22.982400000000005,229.0
B22 Fe69 Mo3 Y6,5.0,42.0,37.0,22.64,7.7616,26.0,12.0,72.0,60.0,56.01,7.0356,55.0,10.811,95.96,85.149,49.124621,16.857993240000003,55.845,1799.0,2896.0,1097.0,1960.97,226.39500000000004,1811.0,3.0,13.0,10.0,8.74,1.8744000000000005,8.0,2.0,5.0,3.0,3.65,0.726,4.0,84.0,190.0,106.0,125.58,18.2952,132.0,1.22,2.16,0.9400000000000002,1.8495,0.1024499999999999,1.83,1.0,2.0,1.0,1.97,0.0582,2.0,0.0,1.0,1.0,0.22,0.3432,0.0,0.0,6.0,6.0,4.35,2.316,6.0,0.0,0.0,0.0,0.0,0.0,0.0,3.0,8.0,5.0,6.54,2.0148,8.0,0.0,1.0,1.0,0.03,0.0581999999999999,0.0,0.0,5.0,5.0,1.1,1.716,0.0,0.0,9.0,9.0,3.45,1.518,4.0,0.0,0.0,0.0,0.0,0.0,0.0,4.0,9.0,5.0,4.58,0.8004000000000001,4.0,7.1725,32.365,25.192500000000003,11.39425,2.774234999999999,10.73,0.0,1.524,1.524,0.3352799999999999,0.5230368,0.0,0.0,2.1106628,2.1106628,1.456357332,0.90294154584,2.1106628,166.0,229.0,63.0,213.04,22.9824,229.0
B22 Fe69 Ni3 Y6,5.0,39.0,34.0,22.22,7.5768,26.0,12.0,72.0,60.0,56.34,7.170000000000003,55.0,10.811,88.90585,78.09485000000001,48.006623,16.366074119999997,55.845,1728.0,2348.0,620.0,1925.93,185.7108000000001,1811.0,3.0,13.0,10.0,8.86,1.89,8.0,2.0,5.0,3.0,3.62,0.7127999999999999,4.0,84.0,190.0,106.0,124.68,17.939999999999994,132.0,1.22,2.04,0.8200000000000001,1.842,0.0911999999999998,1.83,2.0,2.0,0.0,2.0,0.0,2.0,0.0,1.0,1.0,0.22,0.3432,0.0,0.0,8.0,8.0,4.44,2.3664,6.0,0.0,0.0,0.0,0.0,0.0,0.0,3.0,10.0,7.0,6.66,2.0496000000000003,8.0,0.0,0.0,0.0,0.0,0.0,0.0,0.0,5.0,5.0,1.1,1.716,0.0,0.0,9.0,9.0,3.36,1.56,4.0,0.0,0.0,0.0,0.0,0.0,0.0,2.0,9.0,7.0,4.46,0.7824000000000001,4.0,7.1725,32.365,25.192500000000003,11.23315,2.535822,10.73,0.0,1.524,1.524,0.3352799999999999,0.5230368,0.0,0.0,2.1106628,2.1106628,1.4742191730000005,0.87829220526,2.1106628,166.0,229.0,63.0,212.92,22.91520000000001,229.0
B22 Fe69 W3 Y6,5.0,74.0,69.0,23.6,8.184,26.0,12.0,72.0,60.0,56.04,7.0224,55.0,10.811,183.84,173.029,51.76102099999999,18.01800924,55.845,1799.0,3695.0,1896.0,1984.94,262.35,1811.0,3.0,13.0,10.0,8.74,1.8744000000000005,8.0,2.0,6.0,4.0,3.68,0.7391999999999999,4.0,84.0,190.0,106.0,125.82,18.400800000000004,132.0,1.22,2.36,1.14,1.8555,0.11145,1.83,2.0,2.0,0.0,2.0,0.0,2.0,0.0,1.0,1.0,0.22,0.3432,0.0,0.0,6.0,6.0,4.32,2.3184,6.0,0.0,14.0,14.0,0.42,0.8148000000000001,0.0,3.0,20.0,17.0,6.96,2.2176,8.0,0.0,0.0,0.0,0.0,0.0,0.0,0.0,5.0,5.0,1.1,1.716,0.0,0.0,9.0,9.0,3.48,1.5312,4.0,0.0,0.0,0.0,0.0,0.0,0.0,4.0,9.0,5.0,4.58,0.8004000000000001,4.0,7.1725,32.365,25.192500000000003,11.40505,2.7938909999999986,10.73,0.0,1.524,1.524,0.3352799999999999,0.5230368,0.0,0.0,2.1106628,2.1106628,1.456357332,0.90294154584,2.1106628,166.0,229.0,63.0,213.04,22.9824,229.0
B22 Fe70 Mo2 Y6,5.0,42.0,37.0,22.48,7.6912,26.0,12.0,72.0,60.0,56.06,7.013600000000001,55.0,10.811,95.96,85.149,48.723471,16.681487240000003,55.845,1799.0,2896.0,1097.0,1950.12,212.9024,1811.0,3.0,13.0,10.0,8.76,1.8656,8.0,2.0,5.0,3.0,3.64,0.7216,4.0,84.0,190.0,106.0,125.36,18.198400000000003,132.0,1.22,2.16,0.9400000000000002,1.8462,0.0978239999999998,1.83,1.0,2.0,1.0,1.98,0.0392,2.0,0.0,1.0,1.0,0.22,0.3432,0.0,0.0,6.0,6.0,4.36,2.3216,6.0,0.0,0.0,0.0,0.0,0.0,0.0,3.0,8.0,5.0,6.56,2.016,8.0,0.0,1.0,1.0,0.02,0.0392,0.0,0.0,5.0,5.0,1.1,1.716,0.0,0.0,9.0,9.0,3.44,1.5136,4.0,0.0,0.0,0.0,0.0,0.0,0.0,4.0,9.0,5.0,4.56,0.7839999999999998,4.0,7.1725,32.365,25.192500000000003,11.34465,2.696255999999999,10.73,0.0,1.524,1.524,0.3352799999999999,0.5230368,0.0,0.0,2.1106628,2.1106628,1.47746396,0.886478376,2.1106628,166.0,229.0,63.0,213.04,22.9824,229.0
B22 Fe70 Ni2 Y6,5.0,39.0,34.0,22.2,7.568000000000001,26.0,12.0,72.0,60.0,56.28,7.105600000000001,55.0,10.811,88.90585,78.09485000000001,47.978139,16.353541160000002,55.845,1728.0,2348.0,620.0,1926.76,185.3456,1811.0,3.0,13.0,10.0,8.84,1.8768,8.0,2.0,5.0,3.0,3.62,0.7127999999999999,4.0,84.0,190.0,106.0,124.76,17.964799999999997,132.0,1.22,2.04,0.8200000000000001,1.8412,0.0902239999999998,1.83,2.0,2.0,0.0,2.0,0.0,2.0,0.0,1.0,1.0,0.22,0.3432,0.0,0.0,8.0,8.0,4.42,2.3552,6.0,0.0,0.0,0.0,0.0,0.0,0.0,3.0,10.0,7.0,6.64,2.0384,8.0,0.0,0.0,0.0,0.0,0.0,0.0,0.0,5.0,5.0,1.1,1.716,0.0,0.0,9.0,9.0,3.38,1.5424,4.0,0.0,0.0,0.0,0.0,0.0,0.0,2.0,9.0,7.0,4.48,0.7712000000000002,4.0,7.1725,32.365,25.192500000000003,11.23725,2.535329999999999,10.73,0.0,1.524,1.524,0.3352799999999999,0.5230368,0.0,0.0,2.1106628,2.1106628,1.489371854,0.8698073244,2.1106628,166.0,229.0,63.0,212.96,22.9376,229.0
B22 Fe70 W2 Y6,5.0,74.0,69.0,23.12,7.972799999999999,26.0,12.0,72.0,60.0,56.08,7.0048,55.0,10.811,183.84,173.029,50.481071,17.454831239999997,55.845,1799.0,3695.0,1896.0,1966.1,237.19199999999992,1811.0,3.0,13.0,10.0,8.76,1.8656,8.0,2.0,6.0,4.0,3.66,0.7303999999999999,4.0,84.0,190.0,106.0,125.52,18.2688,132.0,1.22,2.36,1.14,1.8502,0.1039039999999998,1.83,2.0,2.0,0.0,2.0,0.0,2.0,0.0,1.0,1.0,0.22,0.3432,0.0,0.0,6.0,6.0,4.34,2.324,6.0,0.0,14.0,14.0,0.28,0.5488000000000001,0.0,3.0,20.0,17.0,6.84,2.1504,8.0,0.0,0.0,0.0,0.0,0.0,0.0,0.0,5.0,5.0,1.1,1.716,0.0,0.0,9.0,9.0,3.46,1.5224000000000002,4.0,0.0,0.0,0.0,0.0,0.0,0.0,4.0,9.0,5.0,4.56,0.7839999999999998,4.0,7.1725,32.365,25.192500000000003,11.35185,2.709503999999999,10.73,0.0,1.524,1.524,0.3352799999999999,0.5230368,0.0,0.0,2.1106628,2.1106628,1.47746396,0.886478376,2.1106628,166.0,229.0,63.0,213.04,22.9824,229.0
B22 Fe71 Mo1 Y6,5.0,42.0,37.0,22.32,7.620799999999999,26.0,12.0,72.0,60.0,56.11,6.9916,55.0,10.811,95.96,85.149,48.322321,16.504981240000003,55.845,1799.0,2896.0,1097.0,1939.27,198.9758,1811.0,3.0,13.0,10.0,8.78,1.8568,8.0,2.0,5.0,3.0,3.63,0.7172000000000002,4.0,84.0,190.0,106.0,125.14,18.1016,132.0,1.22,2.16,0.9400000000000002,1.8429,0.0930659999999999,1.83,1.0,2.0,1.0,1.99,0.0198,2.0,0.0,1.0,1.0,0.22,0.3432,0.0,0.0,6.0,6.0,4.37,2.3272,6.0,0.0,0.0,0.0,0.0,0.0,0.0,3.0,8.0,5.0,6.58,2.0164,8.0,0.0,1.0,1.0,0.01,0.0197999999999999,0.0,0.0,5.0,5.0,1.1,1.716,0.0,0.0,9.0,9.0,3.43,1.5092,4.0,0.0,0.0,0.0,0.0,0.0,0.0,4.0,9.0,5.0,4.54,0.7668,4.0,7.1725,32.365,25.192500000000003,11.295050000000002,2.616293000000001,10.73,0.0,1.524,1.524,0.3352799999999999,0.5230368,0.0,0.0,2.1106628,2.1106628,1.498570588,0.8691709410400001,2.1106628,166.0,229.0,63.0,213.04,22.9824,229.0
B22 Fe71 Ni1 Y6,5.0,39.0,34.0,22.18,7.559200000000001,26.0,12.0,72.0,60.0,56.22,7.038799999999998,55.0,10.811,88.90585,78.09485000000001,47.94965499999999,16.341008200000005,55.845,1728.0,2348.0,620.0,1927.59,184.9804,1811.0,3.0,13.0,10.0,8.82,1.8628,8.0,2.0,5.0,3.0,3.62,0.7127999999999999,4.0,84.0,190.0,106.0,124.84,17.986399999999996,132.0,1.22,2.04,0.8200000000000001,1.8404,0.0892159999999998,1.83,2.0,2.0,0.0,2.0,0.0,2.0,0.0,1.0,1.0,0.22,0.3432,0.0,0.0,8.0,8.0,4.4,2.344,6.0,0.0,0.0,0.0,0.0,0.0,0.0,3.0,10.0,7.0,6.62,2.0272,8.0,0.0,0.0,0.0,0.0,0.0,0.0,0.0,5.0,5.0,1.1,1.716,0.0,0.0,9.0,9.0,3.4,1.524,4.0,0.0,0.0,0.0,0.0,0.0,0.0,2.0,9.0,7.0,4.5,0.76,4.0,7.1725,32.365,25.192500000000003,11.24135,2.534838,10.73,0.0,1.524,1.524,0.3352799999999999,0.5230368,0.0,0.0,2.1106628,2.1106628,1.5045245350000005,0.8607163362999998,2.1106628,166.0,229.0,63.0,213.0,22.96,229.0
B22 Fe71 W1 Y6,5.0,74.0,69.0,22.64,7.7616,26.0,12.0,72.0,60.0,56.12,6.987199999999998,55.0,10.811,183.84,173.029,49.20112099999999,16.891653240000004,55.845,1799.0,3695.0,1896.0,1947.26,211.2804,1811.0,3.0,13.0,10.0,8.78,1.8568,8.0,2.0,6.0,4.0,3.64,0.7216,4.0,84.0,190.0,106.0,125.22,18.1368,132.0,1.22,2.36,1.14,1.8449,0.0961459999999999,1.83,2.0,2.0,0.0,2.0,0.0,2.0,0.0,1.0,1.0,0.22,0.3432,0.0,0.0,6.0,6.0,4.36,2.3288,6.0,0.0,14.0,14.0,0.14,0.2772,0.0,3.0,20.0,17.0,6.72,2.0832,8.0,0.0,0.0,0.0,0.0,0.0,0.0,0.0,5.0,5.0,1.1,1.716,0.0,0.0,9.0,9.0,3.44,1.5136,4.0,0.0,0.0,0.0,0.0,0.0,0.0,4.0,9.0,5.0,4.54,0.7668,4.0,7.1725,32.365,25.192500000000003,11.29865,2.622989,10.73,0.0,1.524,1.524,0.3352799999999999,0.5230368,0.0,0.0,2.1106628,2.1106628,1.498570588,0.8691709410400001,2.1106628,166.0,229.0,63.0,213.04,22.9824,229.0
B22 Fe72 Y6,5.0,39.0,34.0,22.16,7.5504,26.0,12.0,72.0,60.0,56.16,6.969599999999998,55.0,10.811,88.90585,78.09485000000001,47.921171,16.328475240000003,55.845,1799.0,2348.0,549.0,1928.42,184.61520000000004,1811.0,3.0,13.0,10.0,8.8,1.8480000000000003,8.0,2.0,5.0,3.0,3.62,0.7127999999999999,4.0,84.0,190.0,106.0,124.92,18.0048,132.0,1.22,2.04,0.8200000000000001,1.8396,0.0881759999999999,1.83,2.0,2.0,0.0,2.0,0.0,2.0,0.0,1.0,1.0,0.22,0.3432,0.0,0.0,6.0,6.0,4.38,2.3328,6.0,0.0,0.0,0.0,0.0,0.0,0.0,3.0,8.0,5.0,6.6,2.016,8.0,0.0,0.0,0.0,0.0,0.0,0.0,0.0,5.0,5.0,1.1,1.716,0.0,0.0,9.0,9.0,3.42,1.5048,4.0,0.0,0.0,0.0,0.0,0.0,0.0,4.0,9.0,5.0,4.52,0.7487999999999998,4.0,7.1725,32.365,25.192500000000003,11.24545,2.534346,10.73,0.0,1.524,1.524,0.3352799999999999,0.5230368,0.0,0.0,2.1106628,2.1106628,1.519677216,0.85101924096,2.1106628,166.0,229.0,63.0,213.04,22.9824,229.0
B22.32 Dy7 Fe66.96 Mo3.72,5.0,66.0,61.0,24.708,8.797651199999999,26.0,31.0,72.0,41.0,56.9284,6.727962240000002,55.0,10.811,162.5,151.689,54.75153919999999,19.615056698880004,55.845,1685.0,2896.0,1211.0,1962.4004,241.59147167999984,1811.0,3.0,13.0,10.0,8.6916,1.92326976,8.0,2.0,6.0,4.0,3.7308,0.77262912,4.0,84.0,192.0,108.0,126.30479999999996,18.88486272000001,132.0,1.22,2.16,0.9400000000000002,1.846448,0.1097298816,1.83,1.0,2.0,1.0,1.9628,0.0716323199999999,2.0,0.0,1.0,1.0,0.2232,0.3467635199999999,0.0,0.0,6.0,6.0,4.2036,2.46499104,6.0,0.0,10.0,10.0,0.7,1.3020000000000005,0.0,3.0,12.0,9.0,7.089600000000001,1.90666368,8.0,0.0,1.0,1.0,0.0372,0.07163232,0.0,0.0,5.0,5.0,1.116,1.7338175999999998,0.0,0.0,5.0,5.0,2.8644,1.67968416,4.0,0.0,4.0,4.0,0.28,0.5207999999999999,0.0,4.0,6.0,2.0,4.297599999999999,0.4402099199999996,4.0,7.1725,31.24,24.0675,11.556178,3.0632914367999984,10.73,0.0,1.524,1.524,0.3401568,0.5284676044800001,0.0,0.0,2.1106628,2.1106628,1.41329981088,0.933908515029504,2.1106628,166.0,229.0,63.0,212.4884,23.34079775999999,229.0
B22.56 Co20.3 Dy6 Fe47.38 Mo3.76,5.0,66.0,61.0,24.467,8.783510399999999,26.0,31.0,72.0,41.0,57.8162,6.47435336,55.0,10.811,162.5,151.689,54.21985718499998,19.586076361872006,55.845,1685.0,2896.0,1211.0,1956.6542,247.21402911999996,1811.0,3.0,13.0,10.0,8.955799999999998,1.84268824,8.0,2.0,6.0,4.0,3.7064,0.76992768,4.0,84.0,192.0,108.0,124.3804,18.21963648,132.0,1.22,2.16,0.9400000000000002,1.863334,0.1087873783999999,1.83,1.0,2.0,1.0,1.9624,0.07237248,2.0,0.0,1.0,1.0,0.2255999999999999,0.3494092799999999,0.0,0.0,7.0,7.0,4.4518,2.54286816,6.0,0.0,10.0,10.0,0.5999999999999999,1.128,0.0,3.0,12.0,9.0,7.239799999999999,2.0062307200000005,8.0,0.0,1.0,1.0,0.0375999999999999,0.0723724799999999,0.0,0.0,5.0,5.0,1.128,1.7470463999999997,0.0,0.0,5.0,5.0,2.6922,1.5377846399999997,4.0,0.0,4.0,4.0,0.2399999999999999,0.4512,0.0,3.0,6.0,3.0,4.097799999999999,0.5501180799999996,4.0,7.1725,31.24,24.0675,11.246069,2.733455331199999,10.73,0.0,1.524,1.524,0.3438143999999999,0.5324997427199999,0.0,0.0,2.1106628,2.1106628,1.31437168824,0.8496098592783359,2.1106628,166.0,229.0,63.0,205.5822,23.95172584,229.0
B22.56 Co27.07 Dy6 Fe40.61 Mo3.76,5.0,66.0,61.0,24.5347,8.814056639999999,26.0,31.0,72.0,41.0,58.0193,6.30809184,55.0,10.811,162.5,151.689,54.42892798649999,19.680409107508805,55.845,1685.0,2896.0,1211.0,1953.7431,248.74643215999987,1811.0,3.0,13.0,10.0,9.0235,1.794196799999999,8.0,2.0,6.0,4.0,3.7064,0.7699276799999999,4.0,84.0,192.0,108.0,123.97420000000002,18.036359039999983,132.0,1.22,2.16,0.9400000000000002,1.866719,0.1074294517999999,1.83,1.0,2.0,1.0,1.9624,0.0723724800000002,2.0,0.0,1.0,1.0,0.2256,0.34940928,0.0,0.0,7.0,7.0,4.5195,2.5815384,6.0,0.0,10.0,10.0,0.6,1.128,0.0,3.0,12.0,9.0,7.3075,2.041868,8.0,0.0,1.0,1.0,0.0375999999999999,0.0723724799999999,0.0,0.0,5.0,5.0,1.128,1.7470464,0.0,0.0,5.0,5.0,2.6245,1.4991144,4.0,0.0,4.0,4.0,0.24,0.4512,0.0,3.0,6.0,3.0,4.0301,0.58575536,4.0,7.1725,31.24,24.0675,11.2132345,2.7398646256,10.73,0.0,1.524,1.524,0.3438143999999999,0.53249974272,0.0,0.0,2.1106628,2.1106628,1.27631131692,0.8250076352570879,2.1106628,166.0,229.0,63.0,203.2127,22.88365002,229.0
B22.56 Co33.84 Dy6 Fe33.84 Mo3.76,5.0,66.0,61.0,24.6024,8.844602879999998,26.0,31.0,72.0,41.0,58.22239999999999,6.216453119999991,55.0,10.811,162.5,151.689,54.63799878799999,19.7747418531456,55.845,1685.0,2896.0,1211.0,1950.832,250.27883519999983,1768.0,3.0,13.0,10.0,9.0912,1.763650559999999,8.0,2.0,6.0,4.0,3.7064,0.76992768,4.0,84.0,192.0,108.0,123.56799999999996,17.853081600000017,126.0,1.22,2.16,0.9400000000000002,1.870104,0.1051548671999999,1.83,1.0,2.0,1.0,1.9624,0.07237248,2.0,0.0,1.0,1.0,0.2255999999999999,0.3494092799999999,0.0,0.0,7.0,7.0,4.5872,2.620208639999999,6.0,0.0,10.0,10.0,0.5999999999999999,1.128,0.0,3.0,12.0,9.0,7.375199999999999,2.0775052800000005,8.0,0.0,1.0,1.0,0.0375999999999999,0.0723724799999999,0.0,0.0,5.0,5.0,1.128,1.7470463999999992,0.0,0.0,5.0,5.0,2.5567999999999995,1.46044416,3.0,0.0,4.0,4.0,0.2399999999999999,0.4512,0.0,3.0,6.0,3.0,3.9624,0.6513523199999999,3.0,7.1725,31.24,24.0675,11.1804,2.74627392,10.245,0.0,1.524,1.524,0.3438143999999999,0.53249974272,0.0,0.0,2.1106628,2.1106628,1.2382509456000002,0.8004054112358399,1.5484712,166.0,229.0,63.0,200.8432,21.173913599999988,194.0
B22.56 Co6.77 Dy6 Fe60.91 Mo3.76,5.0,66.0,61.0,24.3317,8.722463040000001,26.0,31.0,72.0,41.0,57.4103,6.662718019999999,55.0,10.811,162.5,151.689,53.80202440149999,19.397550209956805,55.845,1685.0,2896.0,1211.0,1962.4721,244.15148656,1811.0,3.0,13.0,10.0,8.8205,1.9100946999999997,8.0,2.0,6.0,4.0,3.7064,0.76992768,4.0,84.0,192.0,108.0,125.1922,18.58592063999999,132.0,1.22,2.16,0.9400000000000002,1.856569,0.1087546358,1.83,1.0,2.0,1.0,1.9624,0.0723724800000002,2.0,0.0,1.0,1.0,0.2256,0.3494092799999999,0.0,0.0,7.0,7.0,4.3165,2.4655848,6.0,0.0,10.0,10.0,0.6,1.128,0.0,3.0,12.0,9.0,7.104499999999999,1.9350088000000003,8.0,0.0,1.0,1.0,0.0375999999999999,0.0723724799999999,0.0,0.0,5.0,5.0,1.128,1.7470463999999994,0.0,0.0,5.0,5.0,2.8275,1.6150679999999995,4.0,0.0,4.0,4.0,0.24,0.4512,0.0,3.0,6.0,3.0,4.2331,0.4788961600000001,4.0,7.1725,31.24,24.0675,11.3116895,2.7206462095999995,10.73,0.0,1.524,1.524,0.3438143999999999,0.53249974272,0.0,0.0,2.1106628,2.1106628,1.39043621172,0.8987779672558078,2.1106628,166.0,229.0,63.0,210.3177,24.16368682,229.0
B22.56 Dy6 Fe67.68 Mo3.76,5.0,66.0,61.0,24.264000000000003,8.691916799999998,26.0,31.0,72.0,41.0,57.20719999999999,6.674511359999995,55.0,10.811,162.5,151.689,53.5929536,19.30321746432,55.845,1685.0,2896.0,1211.0,1965.3832,242.61908351999983,1811.0,3.0,13.0,10.0,8.752799999999999,1.9163366399999997,8.0,2.0,6.0,4.0,3.7064,0.76992768,4.0,84.0,192.0,108.0,125.59839999999998,18.76919808000001,132.0,1.22,2.16,0.9400000000000002,1.853184,0.1073639423999998,1.83,1.0,2.0,1.0,1.9624,0.07237248,2.0,0.0,1.0,1.0,0.2255999999999999,0.3494092799999999,0.0,0.0,6.0,6.0,4.2488,2.42691456,6.0,0.0,10.0,10.0,0.5999999999999999,1.128,0.0,3.0,12.0,9.0,7.0368,1.89937152,8.0,0.0,1.0,1.0,0.0375999999999999,0.0723724799999999,0.0,0.0,5.0,5.0,1.128,1.7470463999999997,0.0,0.0,5.0,5.0,2.8952,1.6537382399999998,4.0,0.0,4.0,4.0,0.2399999999999999,0.4512,0.0,4.0,6.0,2.0,4.3008,0.4432588799999998,4.0,7.1725,31.24,24.0675,11.344524,2.714236915199999,10.73,0.0,1.524,1.524,0.3438143999999999,0.53249974272,0.0,0.0,2.1106628,2.1106628,1.42849658304,0.9233801912770558,2.1106628,166.0,229.0,63.0,212.6872,23.30772864,229.0
B22.8 Dy5 Fe68.4 Mo3.8,5.0,66.0,61.0,23.82,8.581919999999998,26.0,31.0,72.0,41.0,57.486,6.618384000000003,55.0,10.811,162.5,151.689,52.434368000000006,18.980255807999995,55.845,1685.0,2896.0,1211.0,1968.366,243.61328800000004,1811.0,3.0,13.0,10.0,8.814,1.908816,8.0,2.0,6.0,4.0,3.682,0.7669919999999998,4.0,84.0,192.0,108.0,124.892,18.646752,132.0,1.22,2.16,0.9400000000000002,1.85992,0.10492256,1.83,1.0,2.0,1.0,1.962,0.0731119999999998,2.0,0.0,1.0,1.0,0.228,0.352032,0.0,0.0,6.0,6.0,4.2940000000000005,2.387464,6.0,0.0,10.0,10.0,0.5,0.95,0.0,3.0,12.0,9.0,6.984,1.8914880000000005,8.0,0.0,1.0,1.0,0.038,0.073112,0.0,0.0,5.0,5.0,1.14,1.7601600000000002,0.0,0.0,5.0,5.0,2.926,1.626856,4.0,0.0,4.0,4.0,0.2,0.38,0.0,4.0,6.0,2.0,4.304,0.4462720000000001,4.0,7.1725,31.24,24.0675,11.132870000000002,2.357054880000001,10.73,0.0,1.524,1.524,0.347472,0.5364967680000001,0.0,0.0,2.1106628,2.1106628,1.4436933552000002,0.9124142004864,2.1106628,166.0,229.0,63.0,212.886,23.268615999999987,229.0
B23 Co14.2 Fe56.8 Nb6,5.0,41.0,36.0,22.212,7.91752,26.0,47.0,72.0,25.0,58.856,6.04624,55.0,10.811,92.90638,82.09538,48.14938649,17.1756577854,55.845,1768.0,2750.0,982.0,1984.744,258.92848,1811.0,5.0,13.0,8.0,9.112,1.7884799999999998,8.0,2.0,5.0,3.0,3.6,0.736,4.0,84.0,164.0,80.0,122.028,17.492880000000003,132.0,1.6,2.04,0.4399999999999999,1.8716,0.0798495999999999,1.83,1.0,2.0,1.0,1.94,0.1128,2.0,0.0,1.0,1.0,0.23,0.3542,0.0,0.0,7.0,7.0,4.642,2.2123600000000003,6.0,0.0,0.0,0.0,0.0,0.0,0.0,3.0,9.0,6.0,6.812,1.97096,8.0,0.0,1.0,1.0,0.06,0.1128,0.0,0.0,5.0,5.0,1.15,1.771,0.0,0.0,6.0,6.0,3.0579999999999994,1.423152,4.0,0.0,0.0,0.0,0.0,0.0,0.0,3.0,7.0,4.0,4.268,0.6645599999999999,4.0,7.1725,18.18,11.0075,10.289905,1.4467593200000004,10.73,0.0,1.524,1.524,0.35052,0.5398008,0.0,0.0,2.1106628,2.1106628,1.4187393808,0.8228688408640003,2.1106628,166.0,229.0,63.0,209.54,24.44176,229.0
B23 Fe71 Nb6,5.0,41.0,36.0,22.07,7.8522,26.0,47.0,72.0,25.0,58.43,6.2422,55.0,10.811,92.90638,82.09538,47.7108628,16.973936888,55.845,1811.0,2750.0,939.0,1990.85,255.387,1811.0,5.0,13.0,8.0,8.97,1.8538000000000003,8.0,2.0,5.0,3.0,3.6,0.736,4.0,84.0,164.0,80.0,122.88,17.884800000000002,132.0,1.6,2.04,0.4399999999999999,1.8645000000000005,0.0807300000000001,1.83,1.0,2.0,1.0,1.94,0.1128,2.0,0.0,1.0,1.0,0.23,0.3542,0.0,0.0,6.0,6.0,4.5,2.13,6.0,0.0,0.0,0.0,0.0,0.0,0.0,3.0,8.0,5.0,6.67,1.8886,8.0,0.0,1.0,1.0,0.06,0.1128,0.0,0.0,5.0,5.0,1.15,1.771,0.0,0.0,6.0,6.0,3.2,1.472,4.0,0.0,0.0,0.0,0.0,0.0,0.0,4.0,7.0,3.0,4.41,0.5822,4.0,7.1725,18.18,11.0075,10.358775,1.4656864999999994,10.73,0.0,1.524,1.524,0.35052,0.5398008,0.0,0.0,2.1106628,2.1106628,1.498570588,0.8691709410400001,2.1106628,166.0,229.0,63.0,214.51,22.31460000000001,229.0
B23.04 Dy4 Fe69.12 Mo3.84,5.0,66.0,61.0,23.376000000000005,8.467660799999997,26.0,31.0,72.0,41.0,57.76480000000001,6.559580160000004,55.0,10.811,162.5,151.689,51.2757824,18.64617172992,55.845,1685.0,2896.0,1211.0,1971.3488,244.57408512,1811.0,3.0,13.0,10.0,8.8752,1.90070784,8.0,2.0,6.0,4.0,3.6576,0.76382208,4.0,84.0,192.0,108.0,124.1856,18.517524479999995,132.0,1.22,2.16,0.9400000000000002,1.866656,0.1024057344,1.83,1.0,2.0,1.0,1.9616,0.07385088,2.0,0.0,1.0,1.0,0.2304,0.35463168,0.0,0.0,6.0,6.0,4.3392,2.34663936,6.0,0.0,10.0,10.0,0.4,0.7680000000000001,0.0,3.0,12.0,9.0,6.9312000000000005,1.88301312,8.0,0.0,1.0,1.0,0.0384,0.07385088,0.0,0.0,5.0,5.0,1.152,1.7731583999999998,0.0,0.0,5.0,5.0,2.9568,1.5990374400000005,4.0,0.0,4.0,4.0,0.16,0.3072,0.0,4.0,6.0,2.0,4.3072,0.44924928,4.0,7.1725,31.24,24.0675,10.921216,1.9917453312000004,10.73,0.0,1.524,1.524,0.3511296,0.54045868032,0.0,0.0,2.1106628,2.1106628,1.45889012736,0.9010105426575362,2.1106628,166.0,229.0,63.0,213.08480000000003,23.223459839999983,229.0
B23.04 Er4.8 Fe68.16 Nb4,5.0,68.0,63.0,23.7776,8.652718080000001,26.0,35.0,72.0,37.0,57.6368,6.618562559999997,55.0,10.811,167.259,156.44799999999998,52.2994936,19.11789785088,55.845,1770.0,2750.0,980.0,1970.3168,236.41107455999992,1811.0,3.0,13.0,10.0,8.792,1.9390464,8.0,2.0,6.0,4.0,3.6752,0.7719321600000001,4.0,84.0,189.0,105.0,124.9568,18.87289344000001,132.0,1.24,2.04,0.8,1.840864,0.0917618688,1.83,1.0,2.0,1.0,1.96,0.0768,2.0,0.0,1.0,1.0,0.2304,0.3546316799999999,0.0,0.0,6.0,6.0,4.2496,2.38614528,6.0,0.0,12.0,12.0,0.576,1.0967039999999997,0.0,3.0,14.0,11.0,7.015999999999999,2.0118528,8.0,0.0,1.0,1.0,0.04,0.0768,0.0,0.0,5.0,5.0,1.152,1.7731583999999998,0.0,0.0,6.0,6.0,2.9664,1.6516915200000002,4.0,0.0,2.0,2.0,0.096,0.1827839999999999,0.0,2.0,7.0,5.0,4.2544,0.5632204799999997,4.0,7.1725,30.585,23.4125,11.161392,2.4261550080000007,10.73,0.0,1.524,1.524,0.3511296,0.54045868032,0.0,0.0,2.1106628,2.1106628,1.43862776448,0.916118160420864,2.1106628,166.0,229.0,63.0,212.8048,23.37291264,229.0
B23.04 Fe68.16 Gd4.8 Nb4,5.0,64.0,59.0,23.585600000000003,8.56424448,26.0,27.0,72.0,45.0,57.25280000000001,6.795509760000004,55.0,10.811,157.25,146.439,51.819061600000005,18.89651478528,55.845,1586.0,2750.0,1164.0,1961.4848,241.1874201600001,1811.0,3.0,13.0,10.0,8.792,1.9390464000000005,8.0,2.0,6.0,4.0,3.6752,0.7719321600000001,4.0,84.0,196.0,112.0,125.2928,19.02772224,132.0,1.2,2.04,0.8400000000000001,1.838944,0.0926466048,1.83,1.0,2.0,1.0,1.96,0.0768,2.0,0.0,1.0,1.0,0.2304,0.35463168,0.0,0.0,6.0,6.0,4.2976,2.3207116800000005,6.0,0.0,7.0,7.0,0.3360000000000001,0.6397440000000001,0.0,3.0,10.0,7.0,6.824000000000001,1.9080192,8.0,0.0,1.0,1.0,0.04,0.0768,0.0,0.0,5.0,5.0,1.152,1.7731584000000002,0.0,0.0,9.0,9.0,3.3984,1.56598272,4.0,0.0,7.0,7.0,0.3360000000000001,0.6397440000000001,0.0,4.0,16.0,12.0,4.926400000000001,1.2628684800000003,4.0,7.1725,32.05,24.8775,11.231712000000002,2.554418688000001,10.73,0.0,1.524,1.524,0.3511296,0.5404586803200001,0.0,0.0,2.1106628,2.1106628,1.4386277644800003,0.916118160420864,2.1106628,166.0,229.0,63.0,212.80480000000003,23.37291263999999,229.0
B23.04 Fe68.16 Ho4.8 Nb4,5.0,67.0,62.0,23.729600000000005,8.630599679999998,26.0,33.0,72.0,39.0,57.5408,6.662799359999999,55.0,10.811,164.93032,154.11932,52.18771696,19.066391175168,55.845,1747.0,2750.0,1003.0,1969.2128,237.00811776000015,1811.0,3.0,13.0,10.0,8.792,1.9390464000000005,8.0,2.0,6.0,4.0,3.6752,0.7719321600000001,4.0,84.0,192.0,108.0,125.10080000000002,18.939248639999988,132.0,1.23,2.04,0.81,1.840384,0.0919830528000001,1.83,1.0,2.0,1.0,1.96,0.0768,2.0,0.0,1.0,1.0,0.2304,0.35463168,0.0,0.0,6.0,6.0,4.2496,2.38614528,6.0,0.0,11.0,11.0,0.528,1.0053120000000002,0.0,3.0,13.0,10.0,6.968000000000001,1.9858944,8.0,0.0,1.0,1.0,0.04,0.0768,0.0,0.0,5.0,5.0,1.152,1.7731584000000002,0.0,0.0,6.0,6.0,2.9664,1.65169152,4.0,0.0,3.0,3.0,0.144,0.274176,0.0,3.0,7.0,4.0,4.3024,0.5372620800000002,4.0,7.1725,30.7333333333,23.5608333333,11.1685119999984,2.439141887997082,10.73,0.0,1.524,1.524,0.3511296,0.5404586803200001,0.0,0.0,2.1106628,2.1106628,1.4386277644800003,0.916118160420864,2.1106628,166.0,229.0,63.0,212.80480000000003,23.37291263999999,229.0
B23.04 Fe68.16 Nb4 Tb4.8,5.0,65.0,60.0,23.6336,8.586362880000001,26.0,29.0,72.0,43.0,57.3488,6.751272959999998,55.0,10.811,158.92535,148.11435,51.8994784,18.93357084672,55.845,1629.0,2750.0,1121.0,1963.5488000000005,240.0712089600001,1811.0,3.0,13.0,10.0,8.792,1.9390464000000005,8.0,2.0,6.0,4.0,3.6752,0.7719321600000001,4.0,84.0,194.0,110.0,125.19680000000002,18.983485439999992,132.0,1.21,2.04,0.8300000000000001,1.839424,0.0924254208,1.83,1.0,2.0,1.0,1.96,0.0768,2.0,0.0,1.0,1.0,0.2304,0.35463168,0.0,0.0,6.0,6.0,4.2496,2.38614528,6.0,0.0,9.0,9.0,0.432,0.822528,0.0,3.0,11.0,8.0,6.872,1.9339776000000004,8.0,0.0,1.0,1.0,0.04,0.0768,0.0,0.0,5.0,5.0,1.152,1.7731584000000002,0.0,0.0,6.0,6.0,2.9664,1.65169152,4.0,0.0,5.0,5.0,0.24,0.4569600000000001,0.0,4.0,7.0,3.0,4.3984000000000005,0.5430988800000002,4.0,7.1725,31.7366666667,24.5641666667,11.216672000001603,2.5269857280029204,10.73,0.0,1.524,1.524,0.3511296,0.5404586803200001,0.0,0.0,2.1106628,2.1106628,1.4386277644800003,0.916118160420864,2.1106628,166.0,229.0,63.0,212.80480000000003,23.37291263999999,229.0
B23.04 Fe68.16 Nb4 Tm4.8,5.0,69.0,64.0,23.8256,8.674836480000002,26.0,37.0,72.0,35.0,57.732800000000005,6.5743257600000025,55.0,10.811,168.93421,158.12321,52.379903680000005,19.154950815744,55.845,1811.0,2750.0,939.0,1972.6208,235.16507136000007,1811.0,3.0,13.0,10.0,8.792,1.9390464000000005,8.0,2.0,6.0,4.0,3.6752,0.7719321600000001,4.0,84.0,190.0,106.0,125.00480000000002,18.89501183999999,132.0,1.25,2.04,0.79,1.8413440000000003,0.0915406848000001,1.83,1.0,2.0,1.0,1.96,0.0768,2.0,0.0,1.0,1.0,0.2304,0.35463168,0.0,0.0,6.0,6.0,4.2496,2.38614528,6.0,0.0,13.0,13.0,0.6240000000000001,1.1880960000000005,0.0,3.0,15.0,12.0,7.064000000000001,2.0378112,8.0,0.0,1.0,1.0,0.04,0.0768,0.0,0.0,5.0,5.0,1.152,1.7731584000000002,0.0,0.0,6.0,6.0,2.9664,1.65169152,4.0,0.0,1.0,1.0,0.048,0.091392,0.0,1.0,7.0,6.0,4.2064,0.5891788800000002,4.0,7.1725,29.78,22.6075,11.122752000000002,2.3556756480000014,10.73,0.0,1.524,1.524,0.3511296,0.5404586803200001,0.0,0.0,2.1106628,2.1106628,1.4386277644800003,0.916118160420864,2.1106628,166.0,229.0,63.0,212.80480000000003,23.37291263999999,229.0
B24 Co14.2 Fe55.8 Nb6,5.0,41.0,36.0,22.002,8.16096,26.0,47.0,72.0,25.0,59.026,6.227520000000002,55.0,10.811,92.90638,82.09538,47.69904649,17.7062623152,55.845,1768.0,2750.0,982.0,1990.114,262.9716,1811.0,5.0,13.0,8.0,9.162,1.8422400000000003,8.0,2.0,5.0,3.0,3.58,0.7583999999999999,4.0,84.0,164.0,80.0,121.548,18.023040000000005,132.0,1.6,2.04,0.4399999999999999,1.8737,0.0816131999999999,1.83,1.0,2.0,1.0,1.94,0.1128,2.0,0.0,1.0,1.0,0.24,0.3648,0.0,0.0,7.0,7.0,4.581999999999999,2.2692000000000005,6.0,0.0,0.0,0.0,0.0,0.0,0.0,3.0,9.0,6.0,6.7620000000000005,2.0172,8.0,0.0,1.0,1.0,0.06,0.1128,0.0,0.0,5.0,5.0,1.2,1.824,0.0,0.0,6.0,6.0,3.018,1.4537520000000002,4.0,0.0,0.0,0.0,0.0,0.0,0.0,3.0,7.0,4.0,4.278,0.6731999999999998,4.0,7.1725,18.18,11.0075,10.25433,1.4819281200000003,10.73,0.0,1.524,1.524,0.36576,0.5559552,0.0,0.0,2.1106628,2.1106628,1.3976327528,0.83857965168,2.1106628,166.0,229.0,63.0,208.91,24.83124,229.0
B24 Co14.2 Fe56.8 Nb5,5.0,41.0,36.0,21.852,8.088960000000002,26.0,47.0,72.0,25.0,59.106,6.18912,55.0,10.811,92.90638,82.09538,47.32843268999999,17.5283676912,55.845,1768.0,2750.0,982.0,1980.724,253.22008,1811.0,5.0,13.0,8.0,9.192,1.82784,8.0,2.0,5.0,3.0,3.57,0.7536000000000002,4.0,84.0,164.0,80.0,121.228,17.869440000000004,132.0,1.6,2.04,0.4399999999999999,1.8760000000000003,0.079856,1.83,1.0,2.0,1.0,1.95,0.095,2.0,0.0,1.0,1.0,0.24,0.3648,0.0,0.0,7.0,7.0,4.601999999999999,2.26916,6.0,0.0,0.0,0.0,0.0,0.0,0.0,3.0,9.0,6.0,6.792000000000001,1.99936,8.0,0.0,1.0,1.0,0.05,0.095,0.0,0.0,5.0,5.0,1.2,1.824,0.0,0.0,6.0,6.0,2.9979999999999998,1.4390400000000003,4.0,0.0,0.0,0.0,0.0,0.0,0.0,3.0,7.0,4.0,4.247999999999999,0.6361599999999997,4.0,7.1725,18.18,11.0075,10.17983,1.4435184000000003,10.73,0.0,1.524,1.524,0.36576,0.5559552,0.0,0.0,2.1106628,2.1106628,1.4187393808,0.822868840864,2.1106628,166.0,229.0,63.0,208.91,24.83124,229.0
B24 Co40 Fe27 Mo1.5 Si1.5 Ti3 Zr3,5.0,42.0,37.0,21.72,8.257200000000001,27.0,43.0,78.0,35.0,59.86,6.371400000000001,58.0,10.811,95.96,85.149,47.27948049999999,18.080690055,58.933195,1687.0,2896.0,1209.0,1950.505,229.81215000000003,1768.0,4.0,14.0,10.0,9.42,1.8558,9.0,2.0,5.0,3.0,3.55,0.7605,4.0,84.0,175.0,91.0,120.225,17.664750000000005,126.0,1.33,2.16,0.8300000000000001,1.8827,0.084342,1.88,1.0,2.0,1.0,1.985,0.0295499999999999,2.0,0.0,2.0,2.0,0.27,0.4023,0.0,0.0,7.0,7.0,4.615,2.6674500000000005,7.0,0.0,0.0,0.0,0.0,0.0,0.0,3.0,9.0,6.0,6.87,2.3142,9.0,0.0,1.0,1.0,0.015,0.02955,0.0,0.0,5.0,5.0,1.26,1.8774,0.0,0.0,8.0,8.0,2.835,1.44585,3.0,0.0,0.0,0.0,0.0,0.0,0.0,3.0,8.0,5.0,4.11,0.9507000000000002,3.0,7.1725,23.195,16.0225,10.455,1.7436000000000005,10.245,0.0,1.524,1.524,0.377355,0.56225895,0.0,0.0,2.1106628,2.1106628,1.189268112,0.78491560192,1.5484712,166.0,229.0,63.0,197.75,18.69,194.0
B24 Cr10 Fe60 Nb6,5.0,41.0,36.0,21.66,7.996799999999999,26.0,47.0,72.0,25.0,58.0,6.72,55.0,10.811,92.90638,82.09538,46.875632800000005,17.311023743999996,55.845,1811.0,2750.0,939.0,2033.12,266.5439999999999,1811.0,5.0,13.0,8.0,8.82,2.0064,8.0,2.0,5.0,3.0,3.58,0.7583999999999999,4.0,84.0,164.0,80.0,123.1,18.768,132.0,1.6,2.04,0.4399999999999999,1.8496,0.091392,1.83,1.0,2.0,1.0,1.84,0.2687999999999999,2.0,0.0,1.0,1.0,0.24,0.3647999999999999,0.0,0.0,6.0,6.0,4.34,2.124,6.0,0.0,0.0,0.0,0.0,0.0,0.0,3.0,8.0,5.0,6.42,1.896,8.0,0.0,1.0,1.0,0.16,0.2688,0.0,0.0,5.0,5.0,1.2,1.824,0.0,0.0,6.0,6.0,3.26,1.5648000000000002,4.0,0.0,0.0,0.0,0.0,0.0,0.0,4.0,7.0,3.0,4.62,0.7439999999999999,4.0,7.1725,18.18,11.0075,10.3692,1.5344159999999991,10.73,0.0,1.524,1.524,0.36576,0.5559552,0.0,0.0,2.1106628,2.1106628,1.26639768,1.013118144,2.1106628,166.0,229.0,63.0,213.88,22.982400000000005,229.0
B24 Cr10 Fe61 Nb5,5.0,41.0,36.0,21.51,7.9248,26.0,47.0,72.0,25.0,58.08,6.681599999999999,55.0,10.811,92.90638,82.09538,46.505019,17.13312912,55.845,1811.0,2750.0,939.0,2023.73,259.5306,1811.0,5.0,13.0,8.0,8.85,1.992,8.0,2.0,5.0,3.0,3.57,0.7536000000000002,4.0,84.0,164.0,80.0,122.78,18.6144,132.0,1.6,2.04,0.4399999999999999,1.8519,0.0902879999999999,1.83,1.0,2.0,1.0,1.85,0.2549999999999999,2.0,0.0,1.0,1.0,0.24,0.3648,0.0,0.0,6.0,6.0,4.36,2.1288,6.0,0.0,0.0,0.0,0.0,0.0,0.0,3.0,8.0,5.0,6.45,1.891,8.0,0.0,1.0,1.0,0.15,0.255,0.0,0.0,5.0,5.0,1.2,1.824,0.0,0.0,6.0,6.0,3.24,1.5552,4.0,0.0,0.0,0.0,0.0,0.0,0.0,4.0,7.0,3.0,4.59,0.7198,4.0,7.1725,18.18,11.0075,10.2947,1.498656,10.73,0.0,1.524,1.524,0.36576,0.5559552,0.0,0.0,2.1106628,2.1106628,1.287504308,1.00425336024,2.1106628,166.0,229.0,63.0,213.88,22.9824,229.0
B24 Cr5 Fe63 Nb8,5.0,41.0,36.0,22.06,8.1888,26.0,47.0,72.0,25.0,58.14,6.652800000000001,55.0,10.811,92.90638,82.09538,47.8093054,17.759186592000002,55.845,1811.0,2750.0,939.0,2033.45,280.28700000000003,1811.0,5.0,13.0,8.0,8.86,1.9872,8.0,2.0,5.0,3.0,3.6,0.768,4.0,84.0,164.0,80.0,123.39,18.9072,132.0,1.6,2.04,0.4399999999999999,1.8535,0.08952,1.83,1.0,2.0,1.0,1.87,0.2261999999999999,2.0,0.0,1.0,1.0,0.24,0.3648,0.0,0.0,6.0,6.0,4.35,2.144,6.0,0.0,0.0,0.0,0.0,0.0,0.0,3.0,8.0,5.0,6.46,1.9404,8.0,0.0,1.0,1.0,0.13,0.2262,0.0,0.0,5.0,5.0,1.2,1.824,0.0,0.0,6.0,6.0,3.25,1.56,4.0,0.0,0.0,0.0,0.0,0.0,0.0,4.0,7.0,3.0,4.58,0.7308000000000001,4.0,7.1725,18.18,11.0075,10.4952,1.5948959999999996,10.73,0.0,1.524,1.524,0.36576,0.5559552,0.0,0.0,2.1106628,2.1106628,1.329717564,0.98399099736,2.1106628,166.0,229.0,63.0,213.88,22.9824,229.0
B24 Cr6 Fe64 Nb6,5.0,41.0,36.0,21.74,8.0352,26.0,47.0,72.0,25.0,58.24,6.604800000000001,55.0,10.811,92.90638,82.09538,47.0295888,17.384922624,55.845,1811.0,2750.0,939.0,2018.36,265.4208,1811.0,5.0,13.0,8.0,8.9,1.9680000000000004,8.0,2.0,5.0,3.0,3.58,0.7583999999999999,4.0,84.0,164.0,80.0,122.82,18.6336,132.0,1.6,2.04,0.4399999999999999,1.8564,0.088128,1.83,1.0,2.0,1.0,1.88,0.2112,2.0,0.0,1.0,1.0,0.24,0.3648,0.0,0.0,6.0,6.0,4.38,2.148,6.0,0.0,0.0,0.0,0.0,0.0,0.0,3.0,8.0,5.0,6.5,1.92,8.0,0.0,1.0,1.0,0.12,0.2112,0.0,0.0,5.0,5.0,1.2,1.824,0.0,0.0,6.0,6.0,3.22,1.5456,4.0,0.0,0.0,0.0,0.0,0.0,0.0,4.0,7.0,3.0,4.54,0.6912,4.0,7.1725,18.18,11.0075,10.3508,1.5255840000000005,10.73,0.0,1.524,1.524,0.36576,0.5559552,0.0,0.0,2.1106628,2.1106628,1.350824192,0.97259341824,2.1106628,166.0,229.0,63.0,213.88,22.982400000000005,229.0
B24 Cr8 Fe60 Nb8,5.0,41.0,36.0,22.0,8.16,26.0,47.0,72.0,25.0,57.96,6.7392,55.0,10.811,92.90638,82.09538,47.6938384,17.703762432000005,55.845,1811.0,2750.0,939.0,2044.52,280.224,1811.0,5.0,13.0,8.0,8.8,2.0160000000000005,8.0,2.0,5.0,3.0,3.6,0.768,4.0,84.0,164.0,80.0,123.6,19.008000000000003,132.0,1.6,2.04,0.4399999999999999,1.8484000000000005,0.0919680000000001,1.83,1.0,2.0,1.0,1.84,0.2687999999999999,2.0,0.0,1.0,1.0,0.24,0.3648,0.0,0.0,6.0,6.0,4.32,2.1248,6.0,0.0,0.0,0.0,0.0,0.0,0.0,3.0,8.0,5.0,6.4,1.92,8.0,0.0,1.0,1.0,0.16,0.2687999999999999,0.0,0.0,5.0,5.0,1.2,1.824,0.0,0.0,6.0,6.0,3.28,1.5744,4.0,0.0,0.0,0.0,0.0,0.0,0.0,4.0,7.0,3.0,4.64,0.7679999999999998,4.0,7.1725,18.18,11.0075,10.509,1.6015199999999998,10.73,0.0,1.524,1.524,0.36576,0.5559552,0.0,0.0,2.1106628,2.1106628,1.26639768,1.013118144,2.1106628,166.0,229.0,63.0,213.88,22.9824,229.0
B24 Cr8 Fe62 Nb6,5.0,41.0,36.0,21.7,8.015999999999998,26.0,47.0,72.0,25.0,58.12,6.662399999999999,55.0,10.811,92.90638,82.09538,46.9526108,17.347973183999997,55.845,1811.0,2750.0,939.0,2025.74,266.2776,1811.0,5.0,13.0,8.0,8.86,1.9872,8.0,2.0,5.0,3.0,3.58,0.7583999999999999,4.0,84.0,164.0,80.0,122.96,18.7008,132.0,1.6,2.04,0.4399999999999999,1.853,0.08976,1.83,1.0,2.0,1.0,1.86,0.2407999999999999,2.0,0.0,1.0,1.0,0.24,0.3648,0.0,0.0,6.0,6.0,4.36,2.136,6.0,0.0,0.0,0.0,0.0,0.0,0.0,3.0,8.0,5.0,6.46,1.9096,8.0,0.0,1.0,1.0,0.14,0.2408,0.0,0.0,5.0,5.0,1.2,1.824,0.0,0.0,6.0,6.0,3.24,1.5552,4.0,0.0,0.0,0.0,0.0,0.0,0.0,4.0,7.0,3.0,4.58,0.7192000000000001,4.0,7.1725,18.18,11.0075,10.36,1.5300000000000005,10.73,0.0,1.524,1.524,0.36576,0.5559552,0.0,0.0,2.1106628,2.1106628,1.308610936,0.99454431136,2.1106628,166.0,229.0,63.0,213.88,22.982400000000005,229.0
B24.24 Cr3.03 Fe64.65 Nb8.08,5.0,41.0,36.0,22.061000000000003,8.271172799999999,26.0,47.0,72.0,25.0,58.2926,6.645347519999999,55.0,10.811,92.90638,82.09538,47.806696234,17.9355135342432,55.845,1811.0,2750.0,939.0,2028.2207,280.86636510000005,1811.0,5.0,13.0,8.0,8.908999999999999,1.9833167999999997,8.0,2.0,5.0,3.0,3.596,0.7737407999999999,4.0,84.0,164.0,80.0,123.16250000000002,18.985979999999987,132.0,1.6,2.04,0.4399999999999999,1.857169,0.0886364687999999,1.83,1.0,2.0,1.0,1.8889,0.1975135799999998,2.0,0.0,1.0,1.0,0.2423999999999999,0.3672844800000001,0.0,0.0,6.0,6.0,4.3537,2.1678316800000004,6.0,0.0,0.0,0.0,0.0,0.0,0.0,3.0,8.0,5.0,6.485,1.958895,8.0,0.0,1.0,1.0,0.1110999999999999,0.19751358,0.0,0.0,5.0,5.0,1.212,1.8364224,0.0,0.0,6.0,6.0,3.2223,1.56217104,4.0,0.0,0.0,0.0,0.0,0.0,0.0,4.0,7.0,3.0,4.5454,0.7052022,4.0,7.1725,18.18,11.0075,10.48356,1.6052018879999996,10.73,0.0,1.524,1.524,0.3694175999999999,0.5597415475199999,0.0,0.0,2.1106628,2.1106628,1.3645435002,0.9647322546414,2.1106628,166.0,229.0,63.0,213.7288,23.138922239999992,229.0
B25 Co13.45 Fe56.05 Nb5.5,5.0,41.0,36.0,21.7095,8.354750000000001,26.0,47.0,72.0,25.0,59.2135,6.393250000000002,55.0,10.811,92.90638,82.09538,47.0402381275,18.11461906375,55.845,1768.0,2750.0,982.0,1991.1115,261.921985,1811.0,5.0,13.0,8.0,9.2195,1.89025,8.0,2.0,5.0,3.0,3.555,0.7775,4.0,84.0,164.0,80.0,120.953,18.476500000000005,132.0,1.6,2.04,0.4399999999999999,1.8765750000000003,0.082633825,1.83,1.0,2.0,1.0,1.945,0.1039499999999999,2.0,0.0,1.0,1.0,0.25,0.375,0.0,0.0,7.0,7.0,4.5245,2.319945,6.0,0.0,0.0,0.0,0.0,0.0,0.0,3.0,9.0,6.0,6.7195,2.048895,8.0,0.0,1.0,1.0,0.055,0.10395,0.0,0.0,5.0,5.0,1.25,1.875,0.0,0.0,6.0,6.0,2.9755,1.4877500000000003,4.0,0.0,0.0,0.0,0.0,0.0,0.0,3.0,7.0,4.0,4.2805,0.6588949999999998,4.0,7.1725,18.18,11.0075,10.1851425,1.5063212499999994,10.73,0.0,1.524,1.524,0.381,0.5715,0.0,0.0,2.1106628,2.1106628,1.3912958758,0.848690484238,2.1106628,166.0,229.0,63.0,208.5425,25.1831825,229.0
B26 Cr4 Fe63 Nb7,5.0,41.0,36.0,21.51,8.585199999999999,26.0,47.0,72.0,25.0,58.62,6.957599999999998,55.0,10.811,92.90638,82.09538,46.5765006,18.598060312,55.845,1811.0,2750.0,939.0,2031.11,277.3386,1811.0,5.0,13.0,8.0,9.01,2.0748,8.0,2.0,5.0,3.0,3.55,0.806,4.0,84.0,164.0,80.0,122.04,19.7808,132.0,1.6,2.04,0.4399999999999999,1.8617,0.0927159999999999,1.83,1.0,2.0,1.0,1.89,0.1958,2.0,0.0,1.0,1.0,0.26,0.3848,0.0,0.0,6.0,6.0,4.26,2.2516000000000003,6.0,0.0,0.0,0.0,0.0,0.0,0.0,3.0,8.0,5.0,6.41,2.0034,8.0,0.0,1.0,1.0,0.11,0.1957999999999999,0.0,0.0,5.0,5.0,1.3,1.924,0.0,0.0,6.0,6.0,3.14,1.6328,4.0,0.0,0.0,0.0,0.0,0.0,0.0,4.0,7.0,3.0,4.55,0.693,4.0,7.1725,18.18,11.0075,10.34495,1.6496740000000003,10.73,0.0,1.524,1.524,0.39624,0.5864351999999999,0.0,0.0,2.1106628,2.1106628,1.329717564,0.98399099736,2.1106628,166.0,229.0,63.0,212.62,24.2424,229.0
B26 Cr6 Fe62 Nb6,5.0,41.0,36.0,21.32,8.4864,26.0,47.0,72.0,25.0,58.58,6.978400000000001,55.0,10.811,92.90638,82.09538,46.1289088,18.365312576,55.845,1811.0,2750.0,939.0,2029.1,270.444,1811.0,5.0,13.0,8.0,9.0,2.08,8.0,2.0,5.0,3.0,3.54,0.8008,4.0,84.0,164.0,80.0,121.86,19.6872,132.0,1.6,2.04,0.4399999999999999,1.8606,0.0932879999999999,1.83,1.0,2.0,1.0,1.88,0.2112,2.0,0.0,1.0,1.0,0.26,0.3848,0.0,0.0,6.0,6.0,4.26,2.2464,6.0,0.0,0.0,0.0,0.0,0.0,0.0,3.0,8.0,5.0,6.4,1.984,8.0,0.0,1.0,1.0,0.12,0.2112,0.0,0.0,5.0,5.0,1.3,1.9240000000000004,0.0,0.0,6.0,6.0,3.14,1.6328,4.0,0.0,0.0,0.0,0.0,0.0,0.0,4.0,7.0,3.0,4.56,0.6944,4.0,7.1725,18.18,11.0075,10.279649999999998,1.615718000000001,10.73,0.0,1.524,1.524,0.39624,0.5864352,0.0,0.0,2.1106628,2.1106628,1.308610936,0.99454431136,2.1106628,166.0,229.0,63.0,212.62,24.2424,229.0
B26 Cr8 Fe61 Nb5,5.0,41.0,36.0,21.13,8.3876,26.0,47.0,72.0,25.0,58.54,6.999200000000001,55.0,10.811,92.90638,82.09538,45.681317,18.13256484,55.845,1811.0,2750.0,939.0,2027.09,263.62979999999993,1811.0,5.0,13.0,8.0,8.99,2.0852000000000004,8.0,2.0,5.0,3.0,3.53,0.7956,4.0,84.0,164.0,80.0,121.68,19.593599999999995,132.0,1.6,2.04,0.4399999999999999,1.8595,0.0938599999999999,1.83,1.0,2.0,1.0,1.87,0.2261999999999999,2.0,0.0,1.0,1.0,0.26,0.3848,0.0,0.0,6.0,6.0,4.26,2.2412,6.0,0.0,0.0,0.0,0.0,0.0,0.0,3.0,8.0,5.0,6.39,1.9642,8.0,0.0,1.0,1.0,0.13,0.2261999999999999,0.0,0.0,5.0,5.0,1.3,1.924,0.0,0.0,6.0,6.0,3.14,1.6328,4.0,0.0,0.0,0.0,0.0,0.0,0.0,4.0,7.0,3.0,4.57,0.6954,4.0,7.1725,18.18,11.0075,10.21435,1.5817620000000003,10.73,0.0,1.524,1.524,0.39624,0.5864351999999999,0.0,0.0,2.1106628,2.1106628,1.287504308,1.00425336024,2.1106628,166.0,229.0,63.0,212.62,24.2424,229.0
B3 Cr8.5 Nb3 Ni69 P16.5,5.0,41.0,36.0,25.215,4.7904,28.0,47.0,83.0,36.0,63.52,6.9372000000000025,61.0,10.811,92.90638,82.09538,53.14030663,10.0492332528,58.6934,317.3,2750.0,2432.7,1582.9145,417.652785,1728.0,5.0,15.0,10.0,10.425,1.6642500000000005,10.0,2.0,5.0,3.0,3.805,0.3739499999999999,4.0,84.0,164.0,80.0,122.47,7.4133,124.0,1.6,2.19,0.5899999999999999,1.92955,0.0925754999999999,1.91,1.0,2.0,1.0,1.885,0.20355,2.0,0.0,3.0,3.0,0.525,0.8452500000000001,0.0,0.0,8.0,8.0,6.065,2.6703,8.0,0.0,0.0,0.0,0.0,0.0,0.0,3.0,10.0,7.0,8.475,2.1045,10.0,0.0,1.0,1.0,0.115,0.20355,0.0,0.0,5.0,5.0,0.645,1.03845,0.0,0.0,6.0,6.0,1.985,0.7741499999999999,2.0,0.0,0.0,0.0,0.0,0.0,0.0,2.0,7.0,5.0,2.745,1.0281,2.0,7.1725,22.5702380952,15.3977380952,12.556614285708,3.641898999989881,10.32,0.0,1.625,1.625,0.313845,0.50529045,0.0,0.0,0.5953947,0.5953947,0.410822343,0.25470985266,0.5953947,2.0,229.0,227.0,186.895,62.26905,225.0
B31.5 Co43 Fe20 Ta5.5,5.0,73.0,68.0,22.4,10.962,27.0,48.0,72.0,24.0,61.26,6.766199999999999,58.0,10.811,180.94788,170.13688,49.86787225,24.6058295175,58.933195,1768.0,3290.0,1522.0,2043.01,329.3126,1768.0,5.0,13.0,8.0,9.84,1.9908,9.0,2.0,6.0,4.0,3.48,0.9324,4.0,84.0,170.0,86.0,116.39,20.4057,126.0,1.5,2.04,0.54,1.8995,0.088515,1.88,2.0,2.0,0.0,2.0,0.0,2.0,0.0,1.0,1.0,0.315,0.43155,0.0,0.0,7.0,7.0,4.375,2.9075,7.0,0.0,14.0,14.0,0.77,1.4553,0.0,3.0,19.0,16.0,7.46,2.8098,9.0,0.0,0.0,0.0,0.0,0.0,0.0,0.0,5.0,5.0,1.575,2.15775,0.0,0.0,7.0,7.0,2.475,1.55925,3.0,0.0,0.0,0.0,0.0,0.0,0.0,3.0,7.0,4.0,4.05,0.9229999999999998,3.0,7.1725,18.12,10.947500000000002,9.8072875,1.659916125,10.245,0.0,1.524,1.524,0.48006,0.6576822,0.0,0.0,2.1106628,2.1106628,1.087975176,0.8051016302399999,1.5484712,166.0,229.0,63.0,194.105,17.796449999999997,194.0
B4 C4 Co10 Fe66 Mo4 P9 Si3,5.0,42.0,37.0,23.75,5.08,26.0,50.0,83.0,33.0,59.87,7.592,55.0,10.811,95.96,85.149,51.13249108000001,11.366853271999991,55.845,317.3,3823.0,3505.7,1813.907,290.0223200000001,1811.0,6.0,15.0,9.0,9.27,1.9919999999999995,8.0,2.0,5.0,3.0,3.76,0.4640000000000001,4.0,76.0,154.0,78.0,125.24,11.376,132.0,1.83,2.55,0.7199999999999998,1.9199,0.1278419999999998,1.83,1.0,2.0,1.0,1.96,0.0768,2.0,0.0,3.0,3.0,0.45,0.72,0.0,0.0,7.0,7.0,4.86,1.944,6.0,0.0,0.0,0.0,0.0,0.0,0.0,3.0,9.0,6.0,7.27,1.3096,8.0,0.0,1.0,1.0,0.04,0.0768,0.0,0.0,5.0,5.0,0.75,1.2,0.0,0.0,5.0,5.0,3.14,1.284,4.0,0.0,0.0,0.0,0.0,0.0,0.0,3.0,6.0,3.0,3.93,0.3533999999999999,4.0,5.64,22.5702380952,16.9302380952,11.890921428568,2.7391479999942407,10.73,0.0,4.496,4.496,0.41024,0.6563840000000001,0.0,0.0,2.1106628,2.1106628,1.547884568,0.7429845926400002,2.1106628,2.0,229.0,227.0,201.09,40.6286,229.0
B4 C4 Co20 Fe56 Mo4 P9 Si3,5.0,42.0,37.0,23.85,5.119999999999999,26.0,50.0,83.0,33.0,60.17,7.472,55.0,10.811,95.96,85.149,51.44131058000001,11.490381071999996,55.845,317.3,3823.0,3505.7,1809.607,292.61448,1811.0,6.0,15.0,9.0,9.37,1.9519999999999995,8.0,2.0,5.0,3.0,3.76,0.4640000000000001,4.0,76.0,154.0,78.0,124.64,11.136,132.0,1.83,2.55,0.7199999999999998,1.9249,0.1257419999999998,1.83,1.0,2.0,1.0,1.96,0.0768,2.0,0.0,3.0,3.0,0.45,0.72,0.0,0.0,7.0,7.0,4.96,1.984,6.0,0.0,0.0,0.0,0.0,0.0,0.0,3.0,9.0,6.0,7.37,1.3576,8.0,0.0,1.0,1.0,0.04,0.0768,0.0,0.0,5.0,5.0,0.75,1.2,0.0,0.0,5.0,5.0,3.04,1.232,4.0,0.0,0.0,0.0,0.0,0.0,0.0,3.0,6.0,3.0,3.83,0.4813999999999999,4.0,5.64,22.5702380952,16.9302380952,11.842421428568,2.7546679999942403,10.73,0.0,4.496,4.496,0.41024,0.6563840000000001,0.0,0.0,2.1106628,2.1106628,1.491665408,0.7159993958399999,2.1106628,2.0,229.0,227.0,197.59,39.4566,229.0
B4 C4 Co30 Fe46 Mo4 P9 Si3,5.0,42.0,37.0,23.95,5.160000000000001,26.0,50.0,83.0,33.0,60.47,7.351999999999999,55.0,10.811,95.96,85.149,51.750130080000005,11.613908871999994,55.845,317.3,3823.0,3505.7,1805.307,297.32388,1811.0,6.0,15.0,9.0,9.47,1.9120000000000008,8.0,2.0,5.0,3.0,3.76,0.4640000000000001,4.0,76.0,154.0,78.0,124.04,10.896,132.0,1.83,2.55,0.7199999999999998,1.9299,0.1236419999999998,1.83,1.0,2.0,1.0,1.96,0.0768,2.0,0.0,3.0,3.0,0.45,0.72,0.0,0.0,7.0,7.0,5.06,2.0288000000000004,6.0,0.0,0.0,0.0,0.0,0.0,0.0,3.0,9.0,6.0,7.47,1.4056,8.0,0.0,1.0,1.0,0.04,0.0768,0.0,0.0,5.0,5.0,0.75,1.2,0.0,0.0,5.0,5.0,2.94,1.176,4.0,0.0,0.0,0.0,0.0,0.0,0.0,3.0,6.0,3.0,3.73,0.5694,4.0,5.64,22.5702380952,16.9302380952,11.793921428568002,2.770187999994241,10.73,0.0,4.496,4.496,0.41024,0.6563840000000001,0.0,0.0,2.1106628,2.1106628,1.435446248,0.6890141990399999,2.1106628,2.0,229.0,227.0,194.09,36.8846,229.0
B4 C4 Fe73 Ga3 Mo4 P10 Si2,5.0,42.0,37.0,23.81,5.0840000000000005,26.0,50.0,83.0,33.0,60.19,8.392599999999998,55.0,10.811,95.96,85.149,51.268894200000005,11.363649279999995,55.845,302.91,3823.0,3520.09,1759.2673000000002,378.6655899999998,1811.0,6.0,15.0,9.0,9.33,2.2082,8.0,2.0,5.0,3.0,3.76,0.4640000000000001,4.0,76.0,154.0,78.0,125.5,11.77,132.0,1.81,2.55,0.7399999999999998,1.9172,0.1344319999999999,1.83,1.0,2.0,1.0,1.96,0.0768,2.0,0.0,3.0,3.0,0.49,0.7545999999999999,0.0,0.0,10.0,10.0,4.88,1.952,6.0,0.0,0.0,0.0,0.0,0.0,0.0,3.0,13.0,10.0,7.33,1.3184,8.0,0.0,1.0,1.0,0.04,0.0768,0.0,0.0,5.0,5.0,0.89,1.3706,0.0,0.0,5.0,5.0,3.12,1.4351999999999998,4.0,0.0,0.0,0.0,0.0,0.0,0.0,3.0,6.0,3.0,4.05,0.2889999999999999,4.0,5.64,22.5702380952,16.9302380952,12.204548809520002,3.080569071422401,10.73,0.0,4.496,4.496,0.4187599999999999,0.670016,0.0,0.0,2.1106628,2.1106628,1.540783844,0.8320232757600001,2.1106628,2.0,229.0,227.0,197.39,49.86380000000001,229.0
B4 C4 Fe74 Ga2 Mo4 P10 Si2,5.0,42.0,37.0,23.76,5.063999999999999,26.0,50.0,83.0,33.0,60.0,8.2,55.0,10.811,95.96,85.149,51.1301142,11.308137279999997,55.845,302.91,3823.0,3520.09,1774.3482,353.7610959999999,1811.0,6.0,15.0,9.0,9.28,2.1568,8.0,2.0,5.0,3.0,3.76,0.4640000000000001,4.0,76.0,154.0,78.0,125.6,11.744000000000003,132.0,1.81,2.55,0.7399999999999998,1.9174000000000004,0.1343440000000001,1.83,1.0,2.0,1.0,1.96,0.0768,2.0,0.0,3.0,3.0,0.48,0.7487999999999999,0.0,0.0,10.0,10.0,4.84,1.936,6.0,0.0,0.0,0.0,0.0,0.0,0.0,3.0,13.0,10.0,7.28,1.2944,8.0,0.0,1.0,1.0,0.04,0.0768,0.0,0.0,5.0,5.0,0.84,1.3104,0.0,0.0,5.0,5.0,3.16,1.3904,4.0,0.0,0.0,0.0,0.0,0.0,0.0,3.0,6.0,3.0,4.04,0.272,4.0,5.64,22.5702380952,16.9302380952,12.12327380952,2.9767690476128,10.73,0.0,4.496,4.496,0.4187599999999999,0.670016,0.0,0.0,2.1106628,2.1106628,1.561890472,0.8121830454400001,2.1106628,2.0,229.0,227.0,199.04,47.856,229.0
B4 C4 Fe74 Mo5 P10 Si3,5.0,42.0,37.0,23.7,5.234000000000001,26.0,50.0,83.0,33.0,59.8,8.083999999999998,55.0,10.811,95.96,85.149,50.9761092,11.704347463999996,55.845,317.3,3823.0,3505.7,1814.12,311.6087999999999,1811.0,6.0,15.0,9.0,9.22,2.1276,8.0,2.0,5.0,3.0,3.76,0.4792000000000002,4.0,76.0,154.0,78.0,125.81,11.980199999999998,132.0,1.83,2.55,0.7199999999999998,1.9218000000000004,0.1371720000000001,1.83,1.0,2.0,1.0,1.95,0.095,2.0,0.0,3.0,3.0,0.48,0.7583999999999999,0.0,0.0,6.0,6.0,4.69,1.9698,6.0,0.0,0.0,0.0,0.0,0.0,0.0,3.0,8.0,5.0,7.12,1.3023999999999998,8.0,0.0,1.0,1.0,0.05,0.095,0.0,0.0,5.0,5.0,0.78,1.2323999999999995,0.0,0.0,5.0,5.0,3.21,1.3481999999999998,4.0,0.0,0.0,0.0,0.0,0.0,0.0,3.0,6.0,3.0,4.04,0.2728,4.0,5.64,22.5702380952,16.9302380952,12.107423809519998,2.950775047612799,10.73,0.0,4.496,4.496,0.42649,0.6738542,0.0,0.0,2.1106628,2.1106628,1.561890472,0.8121830454400001,2.1106628,2.0,229.0,227.0,202.32,43.635200000000005,229.0
B4 C4 Fe75 Ga3 Mo2 P10 Si2,5.0,42.0,37.0,23.49,4.956,26.0,50.0,83.0,33.0,60.29,8.3466,55.0,10.811,95.96,85.149,50.4665942,11.042729279999998,55.845,302.91,3823.0,3520.09,1737.5673000000002,372.1555899999999,1811.0,6.0,15.0,9.0,9.37,2.1898,8.0,2.0,5.0,3.0,3.74,0.4559999999999999,4.0,76.0,154.0,78.0,125.06,11.567599999999995,132.0,1.81,2.55,0.7399999999999998,1.9106000000000003,0.1273600000000001,1.83,1.0,2.0,1.0,1.98,0.0392,2.0,0.0,3.0,3.0,0.49,0.7545999999999999,0.0,0.0,10.0,10.0,4.9,1.96,6.0,0.0,0.0,0.0,0.0,0.0,0.0,3.0,13.0,10.0,7.37,1.2828,8.0,0.0,1.0,1.0,0.02,0.0392,0.0,0.0,5.0,5.0,0.89,1.3706,0.0,0.0,5.0,5.0,3.1,1.4259999999999995,4.0,0.0,0.0,0.0,0.0,0.0,0.0,3.0,6.0,3.0,4.01,0.2181999999999998,4.0,5.64,22.5702380952,16.9302380952,12.10534880952,2.974879023803201,10.73,0.0,4.496,4.496,0.4187599999999999,0.670016,0.0,0.0,2.1106628,2.1106628,1.5829971,0.79149855,2.1106628,2.0,229.0,227.0,197.39,49.86380000000001,229.0
B4 C4 Fe75 Mo4 P10 Si3,5.0,42.0,37.0,23.54,5.1668,26.0,50.0,83.0,33.0,59.85,8.063000000000002,55.0,10.811,95.96,85.149,50.5749592,11.535864463999996,55.845,317.3,3823.0,3505.7,1803.27,304.1702,1811.0,6.0,15.0,9.0,9.24,2.1192,8.0,2.0,5.0,3.0,3.75,0.475,4.0,76.0,154.0,78.0,125.59,11.887799999999997,132.0,1.83,2.55,0.7199999999999998,1.9185,0.1338599999999998,1.83,1.0,2.0,1.0,1.96,0.0768,2.0,0.0,3.0,3.0,0.48,0.7584000000000001,0.0,0.0,6.0,6.0,4.7,1.974,6.0,0.0,0.0,0.0,0.0,0.0,0.0,3.0,8.0,5.0,7.14,1.2900000000000005,8.0,0.0,1.0,1.0,0.04,0.0768,0.0,0.0,5.0,5.0,0.78,1.2323999999999995,0.0,0.0,5.0,5.0,3.2,1.344,4.0,0.0,0.0,0.0,0.0,0.0,0.0,3.0,6.0,3.0,4.02,0.2367999999999996,4.0,5.64,22.5702380952,16.9302380952,12.05782380952,2.8959875238031985,10.73,0.0,4.496,4.496,0.42649,0.6738542,0.0,0.0,2.1106628,2.1106628,1.5829971,0.79149855,2.1106628,2.0,229.0,227.0,202.32,43.635200000000005,229.0
B4 C4 Fe76 Ga2 Mo2 P10 Si2,5.0,42.0,37.0,23.44,4.935999999999999,26.0,50.0,83.0,33.0,60.1,8.156,55.0,10.811,95.96,85.149,50.327814200000006,10.987217279999996,55.845,302.91,3823.0,3520.09,1752.6482,347.685096,1811.0,6.0,15.0,9.0,9.32,2.1392,8.0,2.0,5.0,3.0,3.74,0.4559999999999999,4.0,76.0,154.0,78.0,125.16,11.550400000000002,132.0,1.81,2.55,0.7399999999999998,1.9108,0.1272799999999999,1.83,1.0,2.0,1.0,1.98,0.0392,2.0,0.0,3.0,3.0,0.48,0.7488000000000001,0.0,0.0,10.0,10.0,4.86,1.944,6.0,0.0,0.0,0.0,0.0,0.0,0.0,3.0,13.0,10.0,7.32,1.2608,8.0,0.0,1.0,1.0,0.02,0.0392,0.0,0.0,5.0,5.0,0.84,1.3104,0.0,0.0,5.0,5.0,3.14,1.3816,4.0,0.0,0.0,0.0,0.0,0.0,0.0,3.0,6.0,3.0,4.0,0.2,4.0,5.64,22.5702380952,16.9302380952,12.02407380952,2.8658439999936003,10.73,0.0,4.496,4.496,0.4187599999999999,0.670016,0.0,0.0,2.1106628,2.1106628,1.604103728,0.7699697894399999,2.1106628,2.0,229.0,227.0,199.04,47.856,229.0
B4 C4 Fe76 Mo3 P10 Si3,5.0,42.0,37.0,23.38,5.099600000000001,26.0,50.0,83.0,33.0,59.9,8.041999999999998,55.0,10.811,95.96,85.149,50.17380920000001,11.367381463999994,55.845,317.3,3823.0,3505.7,1792.42,301.3492,1811.0,6.0,15.0,9.0,9.26,2.1108,8.0,2.0,5.0,3.0,3.74,0.4707999999999998,4.0,76.0,154.0,78.0,125.37,11.7954,132.0,1.83,2.55,0.7199999999999998,1.9152,0.1304159999999998,1.83,1.0,2.0,1.0,1.97,0.0582,2.0,0.0,3.0,3.0,0.48,0.7584000000000001,0.0,0.0,6.0,6.0,4.71,1.9782,6.0,0.0,0.0,0.0,0.0,0.0,0.0,3.0,8.0,5.0,7.16,1.2768,8.0,0.0,1.0,1.0,0.03,0.0581999999999999,0.0,0.0,5.0,5.0,0.78,1.2323999999999995,0.0,0.0,5.0,5.0,3.19,1.3398,4.0,0.0,0.0,0.0,0.0,0.0,0.0,3.0,6.0,3.0,4.0,0.2,4.0,5.64,22.5702380952,16.9302380952,12.00822380952,2.8392159999936,10.73,0.0,4.496,4.496,0.42649,0.6738542000000001,0.0,0.0,2.1106628,2.1106628,1.604103728,0.7699697894399999,2.1106628,2.0,229.0,227.0,202.32,43.635200000000005,229.0
B4 C4 Fe76 Mo4 P9 Si3,5.0,42.0,37.0,23.65,5.040000000000001,26.0,50.0,83.0,33.0,59.57,7.712000000000001,55.0,10.811,95.96,85.149,50.82367158000001,11.243325471999992,55.845,317.3,3823.0,3505.7,1818.207,288.99032000000005,1811.0,6.0,15.0,9.0,9.17,2.032,8.0,2.0,5.0,3.0,3.76,0.4640000000000001,4.0,76.0,154.0,78.0,125.84,11.615999999999996,132.0,1.83,2.55,0.7199999999999998,1.9149,0.1299419999999998,1.83,1.0,2.0,1.0,1.96,0.0768,2.0,0.0,3.0,3.0,0.45,0.72,0.0,0.0,6.0,6.0,4.76,1.904,6.0,0.0,0.0,0.0,0.0,0.0,0.0,3.0,8.0,5.0,7.17,1.2616,8.0,0.0,1.0,1.0,0.04,0.0768,0.0,0.0,5.0,5.0,0.75,1.2,0.0,0.0,5.0,5.0,3.24,1.2959999999999996,4.0,0.0,0.0,0.0,0.0,0.0,0.0,3.0,6.0,3.0,4.03,0.2352000000000002,4.0,5.64,22.5702380952,16.9302380952,11.939421428568,2.72362799999424,10.73,0.0,4.496,4.496,0.41024,0.6563840000000001,0.0,0.0,2.1106628,2.1106628,1.604103728,0.7699697894399999,2.1106628,2.0,229.0,227.0,204.59,40.4006,229.0
B4 C4 Fe77 Mo2 P10 Si3,5.0,42.0,37.0,23.22,5.0324,26.0,50.0,83.0,33.0,59.95,8.021,55.0,10.811,95.96,85.149,49.7726592,11.198898464,55.845,317.3,3823.0,3505.7,1781.57,298.5282000000001,1811.0,6.0,15.0,9.0,9.28,2.1023999999999994,8.0,2.0,5.0,3.0,3.73,0.4665999999999999,4.0,76.0,154.0,78.0,125.15,11.702999999999998,132.0,1.83,2.55,0.7199999999999998,1.9119,0.1268399999999997,1.83,1.0,2.0,1.0,1.98,0.0392,2.0,0.0,3.0,3.0,0.48,0.7584000000000001,0.0,0.0,6.0,6.0,4.72,1.9824,6.0,0.0,0.0,0.0,0.0,0.0,0.0,3.0,8.0,5.0,7.18,1.2628,8.0,0.0,1.0,1.0,0.02,0.0392,0.0,0.0,5.0,5.0,0.78,1.2323999999999995,0.0,0.0,5.0,5.0,3.18,1.3355999999999997,4.0,0.0,0.0,0.0,0.0,0.0,0.0,3.0,6.0,3.0,3.98,0.196,4.0,5.64,22.5702380952,16.9302380952,11.95862380952,2.7804604761839986,10.73,0.0,4.496,4.496,0.42649,0.6738542000000001,0.0,0.0,2.1106628,2.1106628,1.625210356,0.7475967637600002,2.1106628,2.0,229.0,227.0,202.32,43.635200000000005,229.0
B4 C4 Fe78 Mo1 P10 Si3,5.0,42.0,37.0,23.06,4.9652,26.0,50.0,83.0,33.0,60.0,8.0,55.0,10.811,95.96,85.149,49.3715092,11.030415464,55.845,317.3,3823.0,3505.7,1770.72,295.7072,1811.0,6.0,15.0,9.0,9.3,2.0940000000000007,8.0,2.0,5.0,3.0,3.72,0.4623999999999999,4.0,76.0,154.0,78.0,124.93,11.610599999999994,132.0,1.83,2.55,0.7199999999999998,1.9086,0.1231319999999999,1.83,1.0,2.0,1.0,1.99,0.0198,2.0,0.0,3.0,3.0,0.48,0.7583999999999999,0.0,0.0,6.0,6.0,4.73,1.9866,6.0,0.0,0.0,0.0,0.0,0.0,0.0,3.0,8.0,5.0,7.2,1.2479999999999998,8.0,0.0,1.0,1.0,0.01,0.0198,0.0,0.0,5.0,5.0,0.78,1.2323999999999995,0.0,0.0,5.0,5.0,3.17,1.3314,4.0,0.0,0.0,0.0,0.0,0.0,0.0,3.0,6.0,3.0,3.96,0.192,4.0,5.64,22.5702380952,16.9302380952,11.90902380952,2.7197209523744004,10.73,0.0,4.496,4.496,0.42649,0.6738542000000001,0.0,0.0,2.1106628,2.1106628,1.646316984,0.72437947296,2.1106628,2.0,229.0,227.0,202.32,43.6352,229.0
B4 C4 Fe79 P10 Si3,5.0,26.0,21.0,22.9,4.8980000000000015,26.0,55.0,83.0,28.0,60.05,7.978999999999997,55.0,10.811,55.845,45.034,48.9703592,10.861932463999995,55.845,317.3,3823.0,3505.7,1759.87,292.8862000000001,1811.0,8.0,15.0,7.0,9.32,2.0856000000000003,8.0,2.0,4.0,2.0,3.71,0.4582,4.0,76.0,132.0,56.0,124.71,11.518200000000004,132.0,1.83,2.55,0.7199999999999998,1.9053,0.1192919999999999,1.83,2.0,2.0,0.0,2.0,0.0,2.0,0.0,3.0,3.0,0.48,0.7584000000000001,0.0,0.0,6.0,6.0,4.74,1.9908,6.0,0.0,0.0,0.0,0.0,0.0,0.0,3.0,8.0,5.0,7.22,1.2324000000000002,8.0,0.0,0.0,0.0,0.0,0.0,0.0,0.0,5.0,5.0,0.78,1.2323999999999995,0.0,0.0,4.0,4.0,3.16,1.3271999999999995,4.0,0.0,0.0,0.0,0.0,0.0,0.0,3.0,5.0,2.0,3.94,0.188,4.0,5.64,22.5702380952,16.9302380952,11.85942380952,2.6569974285648,10.73,0.0,4.496,4.496,0.42649,0.6738542000000001,0.0,0.0,2.1106628,2.1106628,1.667423612,0.7003179170399999,2.1106628,2.0,229.0,227.0,202.32,43.635200000000005,229.0
B4 C7 Cr5 Fe75 P9,5.0,26.0,21.0,22.67,5.127999999999998,26.0,49.0,83.0,34.0,59.44,7.703999999999999,55.0,10.811,55.845,45.034,48.54438258,11.296097871999995,55.845,317.3,3823.0,3505.7,1857.337,346.7121600000001,1811.0,6.0,15.0,9.0,9.15,2.0400000000000005,8.0,2.0,4.0,2.0,3.69,0.496,4.0,76.0,139.0,63.0,124.26,13.083999999999996,132.0,1.66,2.55,0.8899999999999999,1.9127,0.1493199999999999,1.83,1.0,2.0,1.0,1.95,0.095,2.0,0.0,3.0,3.0,0.45,0.72,0.0,0.0,6.0,6.0,4.75,1.9,6.0,0.0,0.0,0.0,0.0,0.0,0.0,3.0,8.0,5.0,7.15,1.2749999999999997,8.0,0.0,1.0,1.0,0.05,0.095,0.0,0.0,5.0,5.0,0.75,1.2,0.0,0.0,5.0,5.0,3.25,1.3,4.0,0.0,0.0,0.0,0.0,0.0,0.0,3.0,6.0,3.0,4.05,0.2709999999999998,4.0,5.64,22.5702380952,16.9302380952,11.320021428568,2.0250389999937592,10.73,0.0,4.496,4.496,0.52193,0.835088,0.0,0.0,2.1106628,2.1106628,1.5829971,0.79149855,2.1106628,2.0,229.0,227.0,203.6,40.64,229.0
B4 Cr8.5 Nb3 Ni69 P15.5,5.0,41.0,36.0,25.115,4.9344,28.0,47.0,83.0,36.0,63.41,6.760099999999998,61.0,10.811,92.90638,82.09538,52.93867901,10.3395770256,58.6934,317.3,2750.0,2432.7,1603.2215,398.6356650000001,1728.0,5.0,15.0,10.0,10.405,1.6320499999999998,10.0,2.0,5.0,3.0,3.795,0.39005,4.0,84.0,164.0,80.0,122.24,7.783600000000003,124.0,1.6,2.19,0.5899999999999999,1.92805,0.0901604999999999,1.91,1.0,2.0,1.0,1.885,0.2035499999999999,2.0,0.0,3.0,3.0,0.505,0.81305,0.0,0.0,8.0,8.0,6.065,2.6703,8.0,0.0,0.0,0.0,0.0,0.0,0.0,3.0,10.0,7.0,8.455,2.1321,10.0,0.0,1.0,1.0,0.115,0.2035499999999999,0.0,0.0,5.0,5.0,0.665,1.07065,0.0,0.0,6.0,6.0,1.985,0.7741499999999999,2.0,0.0,0.0,0.0,0.0,0.0,0.0,2.0,7.0,5.0,2.765,1.0557,2.0,7.1725,22.5702380952,15.3977380952,12.402636904756,3.4985981547522806,10.32,0.0,1.625,1.625,0.312835,0.50366435,0.0,0.0,0.5953947,0.5953947,0.410822343,0.25470985266,0.5953947,2.0,229.0,227.0,188.535,59.62865,225.0
B5 C10 Co20 Fe40 Ni15 P10,5.0,28.0,23.0,22.35,6.474999999999999,26.0,55.0,83.0,28.0,62.35,8.025,55.0,10.811,58.933195,48.122195,47.7676452,14.205830200000005,55.845,317.3,3823.0,3505.7,1868.63,438.811,1811.0,8.0,15.0,7.0,10.05,2.075,8.0,2.0,4.0,2.0,3.6,0.6,4.0,76.0,132.0,56.0,119.1,14.550000000000002,132.0,1.83,2.55,0.7199999999999998,1.9705,0.16675,1.83,2.0,2.0,0.0,2.0,0.0,2.0,0.0,3.0,3.0,0.55,0.825,0.0,0.0,8.0,8.0,5.0,2.5,6.0,0.0,0.0,0.0,0.0,0.0,0.0,3.0,10.0,7.0,7.55,1.675,8.0,0.0,0.0,0.0,0.0,0.0,0.0,0.0,5.0,5.0,0.95,1.425,0.0,0.0,4.0,4.0,2.5,1.4,4.0,0.0,0.0,0.0,0.0,0.0,0.0,2.0,5.0,3.0,3.45,0.705,4.0,5.64,22.5702380952,16.9302380952,11.06864880952,2.300317857136001,10.73,0.0,4.496,4.496,0.6883000000000001,1.03245,0.0,0.0,2.1106628,2.1106628,1.2432685650000002,0.815996442,2.1106628,2.0,229.0,227.0,192.05,40.61499999999999,229.0
B5 C10 Co35 Fe40 P10,5.0,27.0,22.0,22.2,6.4,26.0,55.0,83.0,28.0,61.9,8.249999999999998,55.0,10.811,58.933195,48.122195,47.803614450000005,14.223814824999998,55.845,317.3,3823.0,3505.7,1874.63,437.0110000000001,1811.0,8.0,15.0,7.0,9.9,2.1500000000000004,8.0,2.0,4.0,2.0,3.6,0.6,4.0,76.0,132.0,56.0,119.4,14.699999999999996,132.0,1.83,2.55,0.7199999999999998,1.966,0.1689999999999999,1.83,2.0,2.0,0.0,2.0,0.0,2.0,0.0,3.0,3.0,0.55,0.825,0.0,0.0,7.0,7.0,4.85,2.425,6.0,0.0,0.0,0.0,0.0,0.0,0.0,3.0,9.0,6.0,7.4,1.5999999999999996,8.0,0.0,0.0,0.0,0.0,0.0,0.0,0.0,5.0,5.0,0.95,1.425,0.0,0.0,4.0,4.0,2.65,1.325,4.0,0.0,0.0,0.0,0.0,0.0,0.0,3.0,5.0,2.0,3.6,0.54,4.0,5.64,22.5702380952,16.9302380952,11.05739880952,2.302567857136,10.73,0.0,4.496,4.496,0.6883000000000001,1.03245,0.0,0.0,2.1106628,2.1106628,1.38623004,0.69311502,2.1106628,2.0,229.0,227.0,187.4,39.22,229.0
B5 C10 Fe40 Ni35 P10,5.0,28.0,23.0,22.55,6.575,26.0,55.0,83.0,28.0,62.95,7.725000000000001,55.0,10.811,58.6934,47.8824,47.7196862,14.1818507,55.845,317.3,3823.0,3505.7,1860.63,441.21100000000007,1811.0,8.0,15.0,7.0,10.25,1.975,8.0,2.0,4.0,2.0,3.6,0.6,4.0,76.0,132.0,56.0,118.7,14.35,132.0,1.83,2.55,0.7199999999999998,1.9765,0.16375,1.83,2.0,2.0,0.0,2.0,0.0,2.0,0.0,3.0,3.0,0.55,0.825,0.0,0.0,8.0,8.0,5.2,2.6,6.0,0.0,0.0,0.0,0.0,0.0,0.0,3.0,10.0,7.0,7.75,1.775,8.0,0.0,0.0,0.0,0.0,0.0,0.0,0.0,5.0,5.0,0.95,1.425,0.0,0.0,4.0,4.0,2.3,1.36,4.0,0.0,0.0,0.0,0.0,0.0,0.0,2.0,5.0,3.0,3.25,0.925,4.0,5.64,22.5702380952,16.9302380952,11.08364880952,2.297317857136,10.73,0.0,4.496,4.496,0.6883000000000001,1.03245,0.0,0.0,2.1106628,2.1106628,1.052653265,0.846407628,2.1106628,2.0,229.0,227.0,198.25,43.325,229.0
B5 C2.5 Co25 Fe25 Ni25 P10 Si7.5,5.0,28.0,23.0,23.2,5.7,26.0,55.0,83.0,28.0,63.175,7.762499999999999,55.0,10.811,58.933195,48.122195,49.41250494999999,12.617040075000002,55.845,317.3,3823.0,3505.7,1697.98,277.783,1728.0,8.0,15.0,7.0,10.3,1.95,8.0,2.0,4.0,2.0,3.675,0.4875000000000001,4.0,76.0,132.0,56.0,120.625,10.0625,124.0,1.83,2.55,0.7199999999999998,1.93225,0.0932125,1.83,2.0,2.0,0.0,2.0,0.0,2.0,0.0,3.0,3.0,0.55,0.825,0.0,0.0,8.0,8.0,5.25,2.625,6.0,0.0,0.0,0.0,0.0,0.0,0.0,3.0,10.0,7.0,7.8,1.8,8.0,0.0,0.0,0.0,0.0,0.0,0.0,0.0,5.0,5.0,0.95,1.425,0.0,0.0,4.0,4.0,2.25,1.25,2.0,0.0,0.0,0.0,0.0,0.0,0.0,2.0,5.0,3.0,3.2,0.74,2.0,5.64,22.5702380952,16.9302380952,12.11339880952,3.340358035708,10.245,0.0,4.496,4.496,0.4090749999999999,0.6136125,0.0,0.0,2.1106628,2.1106628,1.063632175,0.7659348250000001,0.5953947,2.0,229.0,227.0,192.375,40.7125,194.0
B5 C2.5 Co25 Fe25 Ni25 P12.5 Si5,5.0,28.0,23.0,23.225,5.662499999999999,26.0,55.0,83.0,28.0,63.3,7.949999999999999,55.0,10.811,58.933195,48.122195,49.4847115,12.50873025,55.845,317.3,3823.0,3505.7,1663.7375,336.609375,1728.0,8.0,15.0,7.0,10.325,1.9875,8.0,2.0,4.0,2.0,3.675,0.4875000000000001,4.0,76.0,132.0,56.0,120.525,10.2125,124.0,1.83,2.55,0.7199999999999998,1.9395,0.1031999999999999,1.83,2.0,2.0,0.0,2.0,0.0,2.0,0.0,3.0,3.0,0.575,0.8625,0.0,0.0,8.0,8.0,5.25,2.625,6.0,0.0,0.0,0.0,0.0,0.0,0.0,3.0,10.0,7.0,7.825,1.7625,8.0,0.0,0.0,0.0,0.0,0.0,0.0,0.0,5.0,5.0,0.925,1.3875,0.0,0.0,4.0,4.0,2.25,1.25,2.0,0.0,0.0,0.0,0.0,0.0,0.0,2.0,5.0,3.0,3.175,0.71875,2.0,5.64,22.5702380952,16.9302380952,12.166654761900002,3.428230357135001,10.245,0.0,4.496,4.496,0.430375,0.6455625,0.0,0.0,2.1106628,2.1106628,1.063632175,0.7659348250000001,0.5953947,2.0,229.0,227.0,186.75,48.2625,194.0
B5 C5 Co25 Fe25 Ni25 P10 Si5,5.0,28.0,23.0,23.0,6.0,26.0,55.0,83.0,28.0,63.15,7.724999999999999,55.0,10.811,58.933195,48.122195,49.01063495,13.219845075,55.845,317.3,3823.0,3505.7,1751.38,304.944,1728.0,8.0,15.0,7.0,10.3,1.95,8.0,2.0,4.0,2.0,3.65,0.525,4.0,76.0,132.0,56.0,119.75,11.375,124.0,1.83,2.55,0.7199999999999998,1.9485,0.1175999999999999,1.83,2.0,2.0,0.0,2.0,0.0,2.0,0.0,3.0,3.0,0.55,0.825,0.0,0.0,8.0,8.0,5.25,2.625,6.0,0.0,0.0,0.0,0.0,0.0,0.0,3.0,10.0,7.0,7.8,1.8,8.0,0.0,0.0,0.0,0.0,0.0,0.0,0.0,5.0,5.0,0.95,1.425,0.0,0.0,4.0,4.0,2.25,1.25,2.0,0.0,0.0,0.0,0.0,0.0,0.0,2.0,5.0,3.0,3.2,0.74,2.0,5.64,22.5702380952,16.9302380952,11.743398809520002,3.0350279761840016,10.245,0.0,4.496,4.496,0.5021500000000001,0.753225,0.0,0.0,2.1106628,2.1106628,1.063632175,0.7659348250000001,0.5953947,2.0,229.0,227.0,191.55,40.46499999999999,194.0
B5 C7 Fe72 Ga4 P8.7 Si3.3,5.0,31.0,26.0,22.397,5.87656,26.0,55.0,83.0,28.0,61.345,9.1368,55.0,10.811,69.723,58.912,48.000157794,13.034400153120002,55.845,302.91,3823.0,3520.09,1784.3225000000002,380.1981999999999,1811.0,8.0,15.0,7.0,9.677,2.41488,8.0,2.0,4.0,2.0,3.64,0.5471999999999999,4.0,76.0,132.0,56.0,122.412,13.806720000000006,132.0,1.81,2.55,0.7399999999999998,1.92373,0.14563578,1.83,2.0,2.0,0.0,2.0,0.0,2.0,0.0,3.0,3.0,0.5569999999999999,0.80208,0.0,0.0,10.0,10.0,4.72,2.2656,6.0,0.0,0.0,0.0,0.0,0.0,0.0,3.0,13.0,10.0,7.277,1.4989599999999998,8.0,0.0,0.0,0.0,0.0,0.0,0.0,0.0,5.0,5.0,1.123,1.61712,0.0,0.0,4.0,4.0,2.88,1.6128,4.0,0.0,0.0,0.0,0.0,0.0,0.0,3.0,5.0,2.0,4.003,0.1794600000000001,4.0,5.64,22.5702380952,16.9302380952,11.8714557142824,2.985995599994431,10.73,0.0,4.496,4.496,0.557804,0.8478620800000001,0.0,0.0,2.1106628,2.1106628,1.519677216,0.85101924096,2.1106628,2.0,229.0,227.0,196.985,48.08258999999999,229.0
B5 C7 Fe74 Ga2 P8.7 Si3.3,5.0,31.0,26.0,22.297,5.828560000000001,26.0,55.0,83.0,28.0,60.965,8.8282,55.0,10.811,69.723,58.912,47.722597794,12.90117135312,55.845,302.91,3823.0,3520.09,1814.4843000000003,334.5437680000002,1811.0,8.0,15.0,7.0,9.577,2.33396,8.0,2.0,4.0,2.0,3.64,0.5471999999999999,4.0,76.0,132.0,56.0,122.612,13.894240000000003,132.0,1.81,2.55,0.7399999999999998,1.9241300000000003,0.1454701800000001,1.83,2.0,2.0,0.0,2.0,0.0,2.0,0.0,3.0,3.0,0.5369999999999999,0.79476,0.0,0.0,10.0,10.0,4.64,2.2272000000000003,6.0,0.0,0.0,0.0,0.0,0.0,0.0,3.0,13.0,10.0,7.1770000000000005,1.45096,8.0,0.0,0.0,0.0,0.0,0.0,0.0,0.0,5.0,5.0,1.023,1.51404,0.0,0.0,4.0,4.0,2.96,1.5392,4.0,0.0,0.0,0.0,0.0,0.0,0.0,3.0,5.0,2.0,3.983,0.1710419999999999,4.0,5.64,22.5702380952,16.9302380952,11.7089057142824,2.752067828565728,10.73,0.0,4.496,4.496,0.557804,0.8478620800000001,0.0,0.0,2.1106628,2.1106628,1.561890472,0.8121830454399999,2.1106628,2.0,229.0,227.0,200.285,44.26139,229.0
B5 C7 Fe75 Ga1 P8.7 Si3.3,5.0,31.0,26.0,22.247,5.80456,26.0,55.0,83.0,28.0,60.775,8.6625,55.0,10.811,69.723,58.912,47.583817794,12.83455695312,55.845,302.91,3823.0,3520.09,1829.5652,330.92435200000017,1811.0,8.0,15.0,7.0,9.527,2.2905000000000006,8.0,2.0,4.0,2.0,3.64,0.5471999999999999,4.0,76.0,132.0,56.0,122.712,13.932000000000006,132.0,1.81,2.55,0.7399999999999998,1.9243300000000003,0.1453873800000001,1.83,2.0,2.0,0.0,2.0,0.0,2.0,0.0,3.0,3.0,0.5269999999999999,0.7905,0.0,0.0,10.0,10.0,4.6,2.208,6.0,0.0,0.0,0.0,0.0,0.0,0.0,3.0,13.0,10.0,7.127000000000001,1.4269599999999998,8.0,0.0,0.0,0.0,0.0,0.0,0.0,0.0,5.0,5.0,0.973,1.4594999999999998,0.0,0.0,4.0,4.0,3.0,1.5,4.0,0.0,0.0,0.0,0.0,0.0,0.0,3.0,5.0,2.0,3.973,0.1693019999999997,4.0,5.64,22.5702380952,16.9302380952,11.6276307142824,2.630227442851376,10.73,0.0,4.496,4.496,0.557804,0.8478620800000002,0.0,0.0,2.1106628,2.1106628,1.5829971,0.79149855,2.1106628,2.0,229.0,227.0,201.935,42.25179,229.0
B5 C7 Fe76 P8.7 Si3.3,5.0,26.0,21.0,22.197,5.78056,26.0,55.0,83.0,28.0,60.585,8.4892,55.0,10.811,55.845,45.034,47.445037794,12.767942553119996,55.845,317.3,3823.0,3505.7,1844.6461,327.3049360000001,1811.0,8.0,15.0,7.0,9.477,2.2450400000000004,8.0,2.0,4.0,2.0,3.64,0.5471999999999999,4.0,76.0,132.0,56.0,122.81199999999998,13.965760000000008,132.0,1.83,2.55,0.7199999999999998,1.92453,0.14530458,1.83,2.0,2.0,0.0,2.0,0.0,2.0,0.0,3.0,3.0,0.5169999999999999,0.78584,0.0,0.0,6.0,6.0,4.56,2.1888,6.0,0.0,0.0,0.0,0.0,0.0,0.0,3.0,8.0,5.0,7.077000000000001,1.4029599999999995,8.0,0.0,0.0,0.0,0.0,0.0,0.0,0.0,5.0,5.0,0.923,1.40296,0.0,0.0,4.0,4.0,3.04,1.4592,4.0,0.0,0.0,0.0,0.0,0.0,0.0,3.0,5.0,2.0,3.963,0.1675619999999999,4.0,5.64,22.5702380952,16.9302380952,11.5463557142824,2.505136057137023,10.73,0.0,4.496,4.496,0.557804,0.8478620800000001,0.0,0.0,2.1106628,2.1106628,1.604103728,0.7699697894399999,2.1106628,2.0,229.0,227.0,203.585,40.17618999999999,229.0
B5 C7.5 Co25 Fe25 Ni25 P10 Si2.5,5.0,28.0,23.0,22.8,6.3,26.0,55.0,83.0,28.0,63.125,7.6875,55.0,10.811,58.933195,48.122195,48.60876495,13.822650075000002,55.845,317.3,3823.0,3505.7,1804.78,360.165,1728.0,8.0,15.0,7.0,10.3,1.95,8.0,2.0,4.0,2.0,3.625,0.5625,4.0,76.0,132.0,56.0,118.875,12.6875,124.0,1.83,2.55,0.7199999999999998,1.96475,0.1403625,1.83,2.0,2.0,0.0,2.0,0.0,2.0,0.0,3.0,3.0,0.55,0.825,0.0,0.0,8.0,8.0,5.25,2.625,6.0,0.0,0.0,0.0,0.0,0.0,0.0,3.0,10.0,7.0,7.8,1.8,8.0,0.0,0.0,0.0,0.0,0.0,0.0,0.0,5.0,5.0,0.95,1.425,0.0,0.0,4.0,4.0,2.25,1.25,2.0,0.0,0.0,0.0,0.0,0.0,0.0,2.0,5.0,3.0,3.2,0.74,2.0,5.64,22.5702380952,16.9302380952,11.37339880952,2.69269791666,10.245,0.0,4.496,4.496,0.595225,0.8928375,0.0,0.0,2.1106628,2.1106628,1.063632175,0.765934825,0.5953947,2.0,229.0,227.0,190.725,40.2175,194.0
B5 Cr8.5 Nb3 Ni69 P14.5,5.0,41.0,36.0,25.015,5.0784,28.0,47.0,83.0,36.0,63.3,6.582999999999998,61.0,10.811,92.90638,82.09538,52.73705139,10.6299207984,58.6934,317.3,2750.0,2432.7,1623.5285,378.806265,1728.0,5.0,15.0,10.0,10.385,1.5998499999999998,10.0,2.0,5.0,3.0,3.785,0.4061499999999999,4.0,84.0,164.0,80.0,122.01,8.153899999999998,124.0,1.6,2.19,0.5899999999999999,1.92655,0.0877454999999999,1.91,1.0,2.0,1.0,1.885,0.20355,2.0,0.0,3.0,3.0,0.485,0.7808499999999999,0.0,0.0,8.0,8.0,6.065,2.6703,8.0,0.0,0.0,0.0,0.0,0.0,0.0,3.0,10.0,7.0,8.435,2.1596999999999995,10.0,0.0,1.0,1.0,0.115,0.20355,0.0,0.0,5.0,5.0,0.685,1.10285,0.0,0.0,6.0,6.0,1.985,0.7741499999999999,2.0,0.0,0.0,0.0,0.0,0.0,0.0,2.0,7.0,5.0,2.785,1.0833,2.0,7.1725,22.5702380952,15.3977380952,12.248659523804,3.349138214276601,10.32,0.0,1.625,1.625,0.311825,0.50203825,0.0,0.0,0.5953947,0.5953947,0.410822343,0.25470985266,0.5953947,2.0,229.0,227.0,190.175,56.98825,225.0
B5.5 C5 Cr4 Fe65.5 Ga4 Mo4 P12,5.0,42.0,37.0,23.285,5.72825,26.0,49.0,83.0,34.0,60.715,9.28105,55.0,10.811,95.96,85.149,50.197630440000005,12.764950817999996,55.845,302.91,3823.0,3520.09,1759.7274000000002,462.7279679999998,1811.0,6.0,15.0,9.0,9.455,2.45885,8.0,2.0,5.0,3.0,3.71,0.5294999999999999,4.0,76.0,154.0,78.0,124.32,13.609600000000002,132.0,1.66,2.55,0.8899999999999999,1.92635,0.1568345,1.83,1.0,2.0,1.0,1.92,0.1472,2.0,0.0,3.0,3.0,0.555,0.8158500000000001,0.0,0.0,10.0,10.0,4.73,2.1285,6.0,0.0,0.0,0.0,0.0,0.0,0.0,3.0,13.0,10.0,7.205,1.50505,8.0,0.0,1.0,1.0,0.08,0.1472,0.0,0.0,5.0,5.0,1.035,1.5214499999999995,0.0,0.0,5.0,5.0,3.02,1.6006,4.0,0.0,0.0,0.0,0.0,0.0,0.0,3.0,6.0,3.0,4.135,0.4627499999999998,4.0,5.64,22.5702380952,16.9302380952,12.242566071424005,3.283630714278402,10.73,0.0,4.496,4.496,0.5036200000000001,0.7806109999999999,0.0,0.0,2.1106628,2.1106628,1.382484134,0.95391405246,2.1106628,2.0,229.0,227.0,189.945,57.816350000000014,229.0
B6 C12 Cr7 Er2 Fe56 Mn5 Mo12,5.0,68.0,63.0,24.91,7.055,26.0,35.0,77.0,42.0,57.09,6.567600000000003,55.0,10.811,167.259,156.44799999999998,54.61015325,15.845734624999997,55.845,1519.0,3823.0,2304.0,2225.27,559.158,1811.0,3.0,14.0,11.0,8.49,1.8636,8.0,2.0,6.0,4.0,3.8,0.6480000000000001,4.0,76.0,189.0,113.0,127.02,17.407200000000003,132.0,1.24,2.55,1.3099999999999998,1.9309,0.2166599999999999,1.83,1.0,2.0,1.0,1.81,0.3077999999999999,2.0,0.0,2.0,2.0,0.3,0.492,0.0,0.0,6.0,6.0,4.56,1.824,6.0,0.0,12.0,12.0,0.24,0.4704,0.0,3.0,14.0,11.0,6.91,1.5134,8.0,0.0,1.0,1.0,0.19,0.3078,0.0,0.0,5.0,5.0,0.78,1.2792,0.0,0.0,5.0,5.0,3.44,1.376,4.0,0.0,2.0,2.0,0.04,0.0784,0.0,2.0,6.0,4.0,4.45,0.71,4.0,5.64,30.585,24.945,10.918129310345,1.9699856896551,10.73,0.0,4.496,4.496,0.6309600000000001,1.0347744,0.0,0.0,2.1106628,2.1106628,1.1819866740344829,1.0401172610813794,2.1106628,166.0,229.0,63.0,219.72,13.92,229.0
B6 C15 Co3 Cr15 Fe45 Mo14 Y2,5.0,42.0,37.0,23.97,7.6674,26.0,12.0,77.0,65.0,56.95,7.884000000000001,55.0,10.811,95.96,85.149,52.36044285,17.200158852,55.845,1768.0,3823.0,2055.0,2350.74,594.3507999999998,1811.0,3.0,14.0,11.0,8.55,2.1960000000000006,8.0,2.0,5.0,3.0,3.74,0.7307999999999999,4.0,76.0,190.0,114.0,125.83,19.9686,132.0,1.22,2.55,1.3299999999999998,1.9606,0.24218,1.83,1.0,2.0,1.0,1.71,0.4118,2.0,0.0,2.0,2.0,0.36,0.5688,0.0,0.0,7.0,7.0,4.38,1.9748,6.0,0.0,0.0,0.0,0.0,0.0,0.0,3.0,9.0,6.0,6.45,1.548,8.0,0.0,1.0,1.0,0.29,0.4117999999999999,0.0,0.0,5.0,5.0,0.9,1.4220000000000002,0.0,0.0,9.0,9.0,3.52,1.5096,4.0,0.0,0.0,0.0,0.0,0.0,0.0,3.0,9.0,6.0,4.71,0.9546,4.0,5.64,32.365,26.725,10.9346,2.2653479999999995,10.73,0.0,4.496,4.496,0.7658400000000002,1.2100272000000003,0.0,0.0,2.1106628,2.1106628,0.996252396,1.03610249184,2.1106628,166.0,229.0,63.0,218.22,15.9544,229.0
B6 C15 Co48 Cr15 Er2 Mo14,5.0,68.0,63.0,25.0,8.4,27.0,35.0,77.0,42.0,58.76,7.060799999999998,58.0,10.811,167.259,156.44799999999998,55.31719359999999,19.329019392000003,58.933195,1768.0,3823.0,2055.0,2330.81,607.9730000000001,1768.0,3.0,14.0,11.0,9.0,1.98,9.0,2.0,6.0,4.0,3.76,0.7392,4.0,76.0,189.0,113.0,123.11,18.8262,126.0,1.24,2.55,1.3099999999999998,1.9835,0.22615,1.88,1.0,2.0,1.0,1.71,0.4118,2.0,0.0,2.0,2.0,0.36,0.5688,0.0,0.0,7.0,7.0,4.81,2.2126,7.0,0.0,12.0,12.0,0.24,0.4703999999999999,0.0,3.0,14.0,11.0,7.12,2.08,9.0,0.0,1.0,1.0,0.29,0.4117999999999999,0.0,0.0,5.0,5.0,0.9,1.422,0.0,0.0,5.0,5.0,2.89,1.3294,3.0,0.0,2.0,2.0,0.04,0.0784,0.0,2.0,6.0,4.0,4.12,1.196,3.0,5.64,30.585,24.945,10.68075,2.351535,10.245,0.0,4.496,4.496,0.7658400000000002,1.2100272,0.0,0.0,1.5484712,1.5484712,0.7432661760000001,0.7729968230399998,1.5484712,166.0,229.0,63.0,202.47,15.387400000000005,194.0
B6 C15 Co5 Cr15 Fe43 Mo14 Y2,5.0,42.0,37.0,23.99,7.675800000000001,26.0,12.0,77.0,65.0,57.01,7.894799999999999,55.0,10.811,95.96,85.149,52.42220675000001,17.244628859999995,55.845,1768.0,3823.0,2055.0,2349.88,594.8496,1811.0,3.0,14.0,11.0,8.57,2.2036,8.0,2.0,5.0,3.0,3.74,0.7307999999999999,4.0,76.0,190.0,114.0,125.71,19.9182,132.0,1.22,2.55,1.3299999999999998,1.9616,0.24148,1.83,1.0,2.0,1.0,1.71,0.4118,2.0,0.0,2.0,2.0,0.36,0.5688,0.0,0.0,7.0,7.0,4.4,1.984,6.0,0.0,0.0,0.0,0.0,0.0,0.0,3.0,9.0,6.0,6.47,1.5688,8.0,0.0,1.0,1.0,0.29,0.4117999999999999,0.0,0.0,5.0,5.0,0.9,1.4220000000000002,0.0,0.0,9.0,9.0,3.5,1.52,4.0,0.0,0.0,0.0,0.0,0.0,0.0,3.0,9.0,6.0,4.69,0.9694000000000004,4.0,5.64,32.365,26.725,10.9249,2.271362,10.73,0.0,4.496,4.496,0.7658400000000002,1.2100272,0.0,0.0,2.1106628,2.1106628,0.985008564,1.02440890656,2.1106628,166.0,229.0,63.0,217.52,16.531199999999995,229.0
B6 C15 Co50 Cr15 Mo14,5.0,42.0,37.0,24.18,7.8096,27.0,49.0,77.0,28.0,59.22,6.8676,58.0,10.811,95.96,85.149,53.15067749999999,17.7691278,58.933195,1768.0,3823.0,2055.0,2330.77,608.0010000000001,1768.0,6.0,14.0,8.0,9.12,1.9296,9.0,2.0,5.0,3.0,3.72,0.7223999999999998,4.0,76.0,154.0,78.0,121.85,18.297000000000004,126.0,1.66,2.55,0.8899999999999999,1.9963,0.2171900000000001,1.88,1.0,2.0,1.0,1.71,0.4118,2.0,0.0,2.0,2.0,0.36,0.5688,0.0,0.0,7.0,7.0,4.95,2.079,7.0,0.0,0.0,0.0,0.0,0.0,0.0,3.0,9.0,6.0,7.02,1.98,9.0,0.0,1.0,1.0,0.29,0.4117999999999999,0.0,0.0,5.0,5.0,0.9,1.422,0.0,0.0,5.0,5.0,2.95,1.239,3.0,0.0,0.0,0.0,0.0,0.0,0.0,3.0,6.0,3.0,4.14,1.182,3.0,5.64,15.69,10.05,10.27395,1.791309,10.245,0.0,4.496,4.496,0.7658400000000002,1.2100272,0.0,0.0,1.5484712,1.5484712,0.7742356000000001,0.7742356000000001,1.5484712,166.0,229.0,63.0,202.47,15.3874,194.0
B6 C15 Co7 Cr15 Fe41 Mo14 Y2,5.0,42.0,37.0,24.01,7.687200000000001,26.0,12.0,77.0,65.0,57.07,7.900799999999999,55.0,10.811,95.96,85.149,52.48397065,17.289098868,55.845,1768.0,3823.0,2055.0,2349.02,595.3484000000001,1811.0,3.0,14.0,11.0,8.59,2.2096,8.0,2.0,5.0,3.0,3.74,0.7307999999999999,4.0,76.0,190.0,114.0,125.59,19.8678,132.0,1.22,2.55,1.3299999999999998,1.9626,0.24078,1.83,1.0,2.0,1.0,1.71,0.4118,2.0,0.0,2.0,2.0,0.36,0.5688,0.0,0.0,7.0,7.0,4.42,1.9932000000000003,6.0,0.0,0.0,0.0,0.0,0.0,0.0,3.0,9.0,6.0,6.49,1.5896,8.0,0.0,1.0,1.0,0.29,0.4117999999999999,0.0,0.0,5.0,5.0,0.9,1.422,0.0,0.0,9.0,9.0,3.48,1.5288,4.0,0.0,0.0,0.0,0.0,0.0,0.0,3.0,9.0,6.0,4.67,0.9842,4.0,5.64,32.365,26.725,10.9152,2.277376,10.73,0.0,4.496,4.496,0.7658400000000002,1.2100272000000003,0.0,0.0,2.1106628,2.1106628,0.973764732,1.01271532128,2.1106628,166.0,229.0,63.0,216.82,17.052000000000003,229.0
B6 C15 Co9 Cr15 Fe39 Mo14 Y2,5.0,42.0,37.0,24.03,7.701600000000001,26.0,12.0,77.0,65.0,57.13,7.902000000000002,55.0,10.811,95.96,85.149,52.54573455,17.333568876,55.845,1768.0,3823.0,2055.0,2348.16,595.8471999999999,1811.0,3.0,14.0,11.0,8.61,2.214,8.0,2.0,5.0,3.0,3.74,0.7307999999999999,4.0,76.0,190.0,114.0,125.47,19.8174,132.0,1.22,2.55,1.3299999999999998,1.9636,0.24008,1.83,1.0,2.0,1.0,1.71,0.4118,2.0,0.0,2.0,2.0,0.36,0.5688,0.0,0.0,7.0,7.0,4.44,2.0024,6.0,0.0,0.0,0.0,0.0,0.0,0.0,3.0,9.0,6.0,6.51,1.6103999999999998,8.0,0.0,1.0,1.0,0.29,0.4117999999999999,0.0,0.0,5.0,5.0,0.9,1.422,0.0,0.0,9.0,9.0,3.46,1.5360000000000005,4.0,0.0,0.0,0.0,0.0,0.0,0.0,3.0,9.0,6.0,4.65,0.999,4.0,5.64,32.365,26.725,10.9055,2.28339,10.73,0.0,4.496,4.496,0.7658400000000002,1.2100272,0.0,0.0,2.1106628,2.1106628,0.9625209,1.001021736,2.1106628,166.0,229.0,63.0,216.12,17.5168,229.0
B6 C15 Cr15 Er2 Fe48 Mo14,5.0,68.0,63.0,24.52,8.054400000000001,26.0,35.0,77.0,42.0,57.32,7.6656,55.0,10.811,167.259,156.44799999999998,53.83486,18.2617392,55.845,1770.0,3823.0,2053.0,2351.45,593.939,1811.0,3.0,14.0,11.0,8.52,2.1815999999999995,8.0,2.0,6.0,4.0,3.76,0.7392,4.0,76.0,189.0,113.0,125.99,20.035800000000005,132.0,1.24,2.55,1.3099999999999998,1.9595,0.24295,1.83,1.0,2.0,1.0,1.71,0.4118,2.0,0.0,2.0,2.0,0.36,0.5688,0.0,0.0,6.0,6.0,4.33,1.9918,6.0,0.0,12.0,12.0,0.24,0.4703999999999999,0.0,3.0,14.0,11.0,6.64,1.6000000000000003,8.0,0.0,1.0,1.0,0.29,0.4117999999999999,0.0,0.0,5.0,5.0,0.9,1.422,0.0,0.0,5.0,5.0,3.37,1.5501999999999998,4.0,0.0,2.0,2.0,0.04,0.0784,0.0,2.0,6.0,4.0,4.6,0.86,4.0,5.64,30.585,24.945,10.91355,2.207199,10.73,0.0,4.496,4.496,0.7658400000000002,1.2100272,0.0,0.0,2.1106628,2.1106628,1.013118144,1.05364286976,2.1106628,166.0,229.0,63.0,219.27,14.984199999999994,229.0
B6 C15 Cr15 Fe48 Mo14 Y2,5.0,42.0,37.0,23.94,7.654799999999999,26.0,12.0,77.0,65.0,56.86,7.8588,55.0,10.811,95.96,85.149,52.267797,17.13345384,55.845,1799.0,3823.0,2024.0,2352.03,593.6026,1811.0,3.0,14.0,11.0,8.52,2.1815999999999995,8.0,2.0,5.0,3.0,3.74,0.7307999999999999,4.0,76.0,190.0,114.0,126.01,20.0442,132.0,1.22,2.55,1.3299999999999998,1.9591000000000005,0.24323,1.83,1.0,2.0,1.0,1.71,0.4118,2.0,0.0,2.0,2.0,0.36,0.5688,0.0,0.0,6.0,6.0,4.35,1.961,6.0,0.0,0.0,0.0,0.0,0.0,0.0,3.0,8.0,5.0,6.42,1.5167999999999997,8.0,0.0,1.0,1.0,0.29,0.4117999999999999,0.0,0.0,5.0,5.0,0.9,1.4220000000000002,0.0,0.0,9.0,9.0,3.55,1.4910000000000003,4.0,0.0,0.0,0.0,0.0,0.0,0.0,4.0,9.0,5.0,4.74,0.9324,4.0,5.64,32.365,26.725,10.94915,2.2563269999999997,10.73,0.0,4.496,4.496,0.7658400000000002,1.2100272,0.0,0.0,2.1106628,2.1106628,1.013118144,1.05364286976,2.1106628,166.0,229.0,63.0,219.27,14.984199999999994,229.0
B6 C15 Cr15 Fe48 Mo14 Y2,5.0,42.0,37.0,23.94,7.654799999999999,26.0,12.0,77.0,65.0,56.86,7.8588,55.0,10.811,95.96,85.149,52.267797,17.13345384,55.845,1799.0,3823.0,2024.0,2352.03,593.6026,1811.0,3.0,14.0,11.0,8.52,2.1815999999999995,8.0,2.0,5.0,3.0,3.74,0.7307999999999999,4.0,76.0,190.0,114.0,126.01,20.0442,132.0,1.22,2.55,1.3299999999999998,1.9591000000000005,0.24323,1.83,1.0,2.0,1.0,1.71,0.4118,2.0,0.0,2.0,2.0,0.36,0.5688,0.0,0.0,6.0,6.0,4.35,1.961,6.0,0.0,0.0,0.0,0.0,0.0,0.0,3.0,8.0,5.0,6.42,1.5167999999999997,8.0,0.0,1.0,1.0,0.29,0.4117999999999999,0.0,0.0,5.0,5.0,0.9,1.4220000000000002,0.0,0.0,9.0,9.0,3.55,1.4910000000000003,4.0,0.0,0.0,0.0,0.0,0.0,0.0,4.0,9.0,5.0,4.74,0.9324,4.0,5.64,32.365,26.725,10.94915,2.2563269999999997,10.73,0.0,4.496,4.496,0.7658400000000002,1.2100272,0.0,0.0,2.1106628,2.1106628,1.013118144,1.05364286976,2.1106628,166.0,229.0,63.0,219.27,14.984199999999994,229.0
B6 C15 Cr20 Fe41 Mo10 W6 Y2,5.0,74.0,69.0,26.08,9.451199999999998,26.0,12.0,77.0,65.0,56.52,8.001600000000002,55.0,10.811,183.84,173.029,58.150452,23.874871279999997,55.845,1799.0,3823.0,2024.0,2440.12,656.6256,1811.0,3.0,14.0,11.0,8.38,2.2404000000000006,8.0,2.0,6.0,4.0,3.82,0.7644,4.0,76.0,190.0,114.0,127.28,20.577600000000004,132.0,1.22,2.55,1.3299999999999998,1.9692,0.2677919999999999,1.83,1.0,2.0,1.0,1.7,0.42,2.0,0.0,2.0,2.0,0.36,0.5688,0.0,0.0,6.0,6.0,4.22,1.9276,6.0,0.0,14.0,14.0,0.84,1.5792000000000002,0.0,3.0,20.0,17.0,7.12,2.2672,8.0,0.0,1.0,1.0,0.3,0.42,0.0,0.0,5.0,5.0,0.9,1.4220000000000002,0.0,0.0,9.0,9.0,3.68,1.5456,4.0,0.0,0.0,0.0,0.0,0.0,0.0,4.0,9.0,5.0,4.88,0.9856,4.0,5.64,32.365,26.725,11.09295,2.403958,10.73,0.0,4.496,4.496,0.7658400000000002,1.2100272,0.0,0.0,2.1106628,2.1106628,0.865371748,1.02113866264,2.1106628,166.0,229.0,63.0,219.27,14.984199999999996,229.0
B6 C15 Cr20 Fe43 Mo10 W4 Y2,5.0,74.0,69.0,25.12,8.5984,26.0,12.0,77.0,65.0,56.6,7.968000000000001,55.0,10.811,183.84,173.029,55.590552,19.88528264,55.845,1799.0,3823.0,2024.0,2402.44,628.2847999999999,1811.0,3.0,14.0,11.0,8.42,2.2236,8.0,2.0,6.0,4.0,3.78,0.7476,4.0,76.0,190.0,114.0,126.68,20.325599999999994,132.0,1.22,2.55,1.3299999999999998,1.9586,0.2595799999999999,1.83,1.0,2.0,1.0,1.7,0.4200000000000001,2.0,0.0,2.0,2.0,0.36,0.5688,0.0,0.0,6.0,6.0,4.26,1.9404,6.0,0.0,14.0,14.0,0.56,1.0752000000000002,0.0,3.0,20.0,17.0,6.88,2.0128,8.0,0.0,1.0,1.0,0.3,0.4200000000000001,0.0,0.0,5.0,5.0,0.9,1.4220000000000002,0.0,0.0,9.0,9.0,3.64,1.5287999999999995,4.0,0.0,0.0,0.0,0.0,0.0,0.0,4.0,9.0,5.0,4.84,0.9744,4.0,5.64,32.365,26.725,10.98655,2.282284,10.73,0.0,4.496,4.496,0.7658400000000002,1.2100272,0.0,0.0,2.1106628,2.1106628,0.907585004,1.0346469045600002,2.1106628,166.0,229.0,63.0,219.27,14.984199999999996,229.0
B6 C15 Cr20 Fe45 Mo10 W2 Y2,5.0,74.0,69.0,24.16,7.8112,26.0,12.0,77.0,65.0,56.68,7.9344,55.0,10.811,183.84,173.029,53.03065200000001,17.786164639999996,55.845,1799.0,3823.0,2024.0,2364.76,596.9296,1811.0,3.0,14.0,11.0,8.46,2.206800000000001,8.0,2.0,6.0,4.0,3.74,0.7307999999999999,4.0,76.0,190.0,114.0,126.08,20.0736,132.0,1.22,2.55,1.3299999999999998,1.948,0.25052,1.83,1.0,2.0,1.0,1.7,0.4200000000000001,2.0,0.0,2.0,2.0,0.36,0.5688,0.0,0.0,6.0,6.0,4.3,1.95,6.0,0.0,14.0,14.0,0.28,0.5488000000000001,0.0,3.0,20.0,17.0,6.64,1.7584,8.0,0.0,1.0,1.0,0.3,0.42,0.0,0.0,5.0,5.0,0.9,1.4220000000000002,0.0,0.0,9.0,9.0,3.6,1.5120000000000002,4.0,0.0,0.0,0.0,0.0,0.0,0.0,4.0,9.0,5.0,4.8,0.96,4.0,5.64,32.365,26.725,10.88015,2.152097999999999,10.73,0.0,4.496,4.496,0.7658400000000002,1.2100272,0.0,0.0,2.1106628,2.1106628,0.94979826,1.044778086,2.1106628,166.0,229.0,63.0,219.27,14.984199999999996,229.0
B6 C15 Cr20 Fe47 Mo10 Y2,5.0,42.0,37.0,23.2,7.343999999999999,26.0,12.0,77.0,65.0,56.76,7.900799999999999,55.0,10.811,95.96,85.149,50.470752000000005,16.297185839999994,55.845,1799.0,3823.0,2024.0,2327.08,565.0704,1811.0,3.0,14.0,11.0,8.5,2.19,8.0,2.0,5.0,3.0,3.7,0.714,4.0,76.0,190.0,114.0,125.48,19.8216,132.0,1.22,2.55,1.3299999999999998,1.9374,0.2406119999999998,1.83,1.0,2.0,1.0,1.7,0.4200000000000001,2.0,0.0,2.0,2.0,0.36,0.5688,0.0,0.0,6.0,6.0,4.34,1.9564,6.0,0.0,0.0,0.0,0.0,0.0,0.0,3.0,8.0,5.0,6.4,1.504,8.0,0.0,1.0,1.0,0.3,0.42,0.0,0.0,5.0,5.0,0.9,1.4220000000000002,0.0,0.0,9.0,9.0,3.56,1.4952,4.0,0.0,0.0,0.0,0.0,0.0,0.0,4.0,9.0,5.0,4.76,0.9424,4.0,5.64,32.365,26.725,10.773749999999998,2.013399999999999,10.73,0.0,4.496,4.496,0.7658400000000002,1.2100272,0.0,0.0,2.1106628,2.1106628,0.992011516,1.05153220696,2.1106628,166.0,229.0,63.0,219.27,14.984199999999994,229.0
B6 C15 Cr5 Er2 Fe58 Mo14,5.0,68.0,63.0,24.72,8.054400000000001,26.0,35.0,77.0,42.0,57.92,7.4136000000000015,55.0,10.811,167.259,156.44799999999998,54.21975,18.09413,55.845,1770.0,3823.0,2053.0,2314.55,619.355,1811.0,3.0,14.0,11.0,8.72,2.0976000000000004,8.0,2.0,6.0,4.0,3.76,0.7392000000000002,4.0,76.0,189.0,113.0,125.29,19.7418,132.0,1.24,2.55,1.3099999999999998,1.9765,0.23105,1.83,1.0,2.0,1.0,1.81,0.3077999999999999,2.0,0.0,2.0,2.0,0.36,0.5688,0.0,0.0,6.0,6.0,4.43,2.0378000000000003,6.0,0.0,12.0,12.0,0.24,0.4704,0.0,3.0,14.0,11.0,6.84,1.632,8.0,0.0,1.0,1.0,0.19,0.3078,0.0,0.0,5.0,5.0,0.9,1.422,0.0,0.0,5.0,5.0,3.27,1.5042000000000002,4.0,0.0,2.0,2.0,0.04,0.0784,0.0,2.0,6.0,4.0,4.4,0.6800000000000002,4.0,5.64,30.585,24.945,10.86755,2.1712290000000007,10.73,0.0,4.496,4.496,0.7658400000000002,1.2100272,0.0,0.0,2.1106628,2.1106628,1.224184424,1.02831491616,2.1106628,166.0,229.0,63.0,219.27,14.984199999999996,229.0
B6 C15 Er2 Fe63 Mo14,5.0,68.0,63.0,24.82,8.0244,26.0,35.0,77.0,42.0,58.22,7.2876,55.0,10.811,167.259,156.44799999999998,54.412195,17.952591899999998,55.845,1770.0,3823.0,2053.0,2296.1,632.27,1811.0,3.0,14.0,11.0,8.82,2.0556,8.0,2.0,6.0,4.0,3.76,0.7392000000000002,4.0,76.0,189.0,113.0,124.94,19.5948,132.0,1.24,2.55,1.3099999999999998,1.985,0.2250999999999999,1.83,1.0,2.0,1.0,1.86,0.2407999999999999,2.0,0.0,2.0,2.0,0.36,0.5688,0.0,0.0,6.0,6.0,4.48,2.0608,6.0,0.0,12.0,12.0,0.24,0.4704,0.0,3.0,14.0,11.0,6.94,1.618,8.0,0.0,1.0,1.0,0.14,0.2408,0.0,0.0,5.0,5.0,0.9,1.422,0.0,0.0,5.0,5.0,3.22,1.4812,4.0,0.0,2.0,2.0,0.04,0.0784,0.0,2.0,6.0,4.0,4.3,0.5599999999999999,4.0,5.64,30.585,24.945,10.844550000000002,2.146344000000001,10.73,0.0,4.496,4.496,0.7658400000000002,1.2100272000000003,0.0,0.0,2.1106628,2.1106628,1.329717564,0.98399099736,2.1106628,166.0,229.0,63.0,219.27,14.984199999999994,229.0
B6 Cr8.5 Nb3 Ni69 P13.5,5.0,41.0,36.0,24.915,5.2224,28.0,47.0,83.0,36.0,63.19,6.405899999999999,61.0,10.811,92.90638,82.09538,52.53542377000001,10.920264571199992,58.6934,317.3,2750.0,2432.7,1643.8355,358.1645850000001,1728.0,5.0,15.0,10.0,10.365,1.5676500000000002,10.0,2.0,5.0,3.0,3.775,0.42225,4.0,84.0,164.0,80.0,121.78,8.5242,124.0,1.6,2.19,0.5899999999999999,1.92505,0.0853305,1.91,1.0,2.0,1.0,1.885,0.2035499999999999,2.0,0.0,3.0,3.0,0.465,0.74865,0.0,0.0,8.0,8.0,6.065,2.6703,8.0,0.0,0.0,0.0,0.0,0.0,0.0,3.0,10.0,7.0,8.415,2.1873000000000005,10.0,0.0,1.0,1.0,0.115,0.20355,0.0,0.0,5.0,5.0,0.705,1.13505,0.0,0.0,6.0,6.0,1.985,0.7741499999999999,2.0,0.0,0.0,0.0,0.0,0.0,0.0,2.0,7.0,5.0,2.805,1.1109,2.0,7.1725,22.5702380952,15.3977380952,12.094682142852,3.193519178562841,10.32,0.0,1.625,1.625,0.310815,0.50041215,0.0,0.0,0.5953947,0.5953947,0.410822343,0.25470985266,0.5953947,2.0,229.0,227.0,191.815,54.34785,225.0
B7.5 C2.5 Co25 Fe25 Ni25 P10 Si5,5.0,28.0,23.0,22.975,6.0375,26.0,55.0,83.0,28.0,63.025,7.5375,55.0,10.811,58.933195,48.122195,48.98064245,13.264833824999998,55.845,317.3,3823.0,3505.7,1714.505,282.1915,1728.0,8.0,15.0,7.0,10.275,1.9125,8.0,2.0,4.0,2.0,3.65,0.525,4.0,76.0,132.0,56.0,119.95,11.075,124.0,1.83,2.55,0.7199999999999998,1.93575,0.0972,1.83,2.0,2.0,0.0,2.0,0.0,2.0,0.0,3.0,3.0,0.525,0.7875,0.0,0.0,8.0,8.0,5.25,2.625,6.0,0.0,0.0,0.0,0.0,0.0,0.0,3.0,10.0,7.0,7.775,1.8375,8.0,0.0,0.0,0.0,0.0,0.0,0.0,0.0,5.0,5.0,0.975,1.4625,0.0,0.0,4.0,4.0,2.25,1.25,2.0,0.0,0.0,0.0,0.0,0.0,0.0,2.0,5.0,3.0,3.225,0.77,2.0,5.64,22.5702380952,16.9302380952,11.78171130952,3.0235342261839997,10.245,0.0,4.496,4.496,0.42785,0.641775,0.0,0.0,2.1106628,2.1106628,1.063632175,0.7659348250000001,0.5953947,2.0,229.0,227.0,190.85,41.49750000000001,194.0
B7.5 C5 Co25 Fe25 Ni25 P7.5 Si5,5.0,28.0,23.0,22.75,6.375,26.0,55.0,83.0,28.0,62.875,7.3125,55.0,10.811,58.933195,48.122195,48.5065659,13.975948649999998,55.845,317.3,3823.0,3505.7,1802.1475,288.389375,1728.0,8.0,15.0,7.0,10.25,1.875,8.0,2.0,4.0,2.0,3.625,0.5625,4.0,76.0,132.0,56.0,119.175,12.2375,124.0,1.83,2.55,0.7199999999999998,1.94475,0.1116000000000001,1.83,2.0,2.0,0.0,2.0,0.0,2.0,0.0,3.0,3.0,0.5,0.75,0.0,0.0,8.0,8.0,5.25,2.625,6.0,0.0,0.0,0.0,0.0,0.0,0.0,3.0,10.0,7.0,7.75,1.875,8.0,0.0,0.0,0.0,0.0,0.0,0.0,0.0,5.0,5.0,1.0,1.5,0.0,0.0,4.0,4.0,2.25,1.25,2.0,0.0,0.0,0.0,0.0,0.0,0.0,2.0,5.0,3.0,3.25,0.7875,2.0,5.64,22.5702380952,16.9302380952,11.35845535714,2.589921874995,10.245,0.0,4.496,4.496,0.499625,0.7494375000000001,0.0,0.0,2.1106628,2.1106628,1.063632175,0.7659348250000001,0.5953947,2.0,229.0,227.0,195.65,34.485,194.0
Be0.11 Cu59.93 Ti9.99 Zr29.97,4.0,40.0,36.0,31.5699,5.053001939999999,29.0,43.0,67.0,24.0,55.91139999999999,9.71939088,64.0,9.012182,91.224,82.21181800000001,70.2147773002,12.59292808626012,63.546,1357.77,2128.0,770.23,1647.095061,346.9766272488,1357.77,2.0,11.0,9.0,8.192900000000002,3.36459006,11.0,2.0,5.0,3.0,4.2975,0.4210785000000001,4.0,96.0,175.0,79.0,147.6447,18.865355760000003,132.0,1.33,1.9,0.5699999999999998,1.692844,0.2482971815999999,1.9,1.0,2.0,1.0,1.4006999999999998,0.48027902,1.0,0.0,0.0,0.0,0.0,0.0,0.0,0.0,10.0,10.0,6.7922,3.84486908,10.0,0.0,0.0,0.0,0.0,0.0,0.0,2.0,11.0,9.0,8.192900000000002,3.36459006,11.0,0.0,1.0,1.0,0.5992999999999999,0.48027902,1.0,0.0,0.0,0.0,0.0,0.0,0.0,0.0,8.0,8.0,3.1968,3.83871744,0.0,0.0,0.0,0.0,0.0,0.0,0.0,0.0,8.0,8.0,3.7961,3.35975688,1.0,7.89,23.195,15.305,15.261802499999998,5.040512442,11.07,0.0,0.0,0.0,0.0,0.0,0.0,0.0,2.25333333333e-05,2.25333333333e-05,2.25107999999667e-06,4.052394215994005e-06,0.0,194.0,225.0,31.0,212.5783,14.888649620000006,225.0
Be10 Cu54 Ti9 Zr27,4.0,40.0,36.0,28.84,6.199200000000001,29.0,43.0,67.0,24.0,57.01,9.5472,64.0,9.012182,91.224,82.21181800000001,64.1545682,14.617493172000003,63.546,1357.77,2128.0,770.23,1638.4458000000002,318.81902400000007,1357.77,2.0,11.0,9.0,7.58,3.6936,11.0,2.0,5.0,3.0,4.07,0.5022000000000001,4.0,96.0,175.0,79.0,142.53,20.6784,132.0,1.33,1.9,0.5699999999999998,1.6807,0.2368439999999999,1.9,1.0,2.0,1.0,1.46,0.4967999999999999,1.0,0.0,0.0,0.0,0.0,0.0,0.0,0.0,10.0,10.0,6.12,4.1904,10.0,0.0,0.0,0.0,0.0,0.0,0.0,2.0,11.0,9.0,7.58,3.6936,11.0,0.0,1.0,1.0,0.54,0.4967999999999999,1.0,0.0,0.0,0.0,0.0,0.0,0.0,0.0,8.0,8.0,2.88,3.6864,0.0,0.0,0.0,0.0,0.0,0.0,0.0,0.0,8.0,8.0,3.42,3.2976,1.0,7.89,23.195,15.305,14.53155,5.066784,11.07,0.0,0.0,0.0,0.0,0.0,0.0,0.0,2.25333333333e-05,2.25333333333e-05,2.027999999997e-06,3.69095999999454e-06,0.0,194.0,225.0,31.0,210.74,15.400799999999998,225.0
Be12.5 Cu47.5 Zr40,4.0,40.0,36.0,30.275,7.78,29.0,44.0,67.0,23.0,56.375,9.9,64.0,9.012182,91.224,82.21181800000001,67.80047275,18.738821800000004,63.546,1357.77,2128.0,770.23,1691.14075,349.48740000000004,1357.77,2.0,11.0,9.0,7.075,3.72875,11.0,2.0,5.0,3.0,4.15,0.68,4.0,96.0,175.0,79.0,144.7,24.24,132.0,1.33,1.9,0.5699999999999998,1.63075,0.2557874999999999,1.9,1.0,2.0,1.0,1.525,0.49875,1.0,0.0,0.0,0.0,0.0,0.0,0.0,0.0,10.0,10.0,5.55,4.2275,10.0,0.0,0.0,0.0,0.0,0.0,0.0,2.0,11.0,9.0,7.075,3.72875,11.0,0.0,1.0,1.0,0.475,0.49875,1.0,0.0,0.0,0.0,0.0,0.0,0.0,0.0,8.0,8.0,3.2,3.84,0.0,0.0,0.0,0.0,0.0,0.0,0.0,0.0,8.0,8.0,3.675,3.46,1.0,7.89,23.195,15.305,15.5225,6.138,11.07,0.0,0.0,0.0,0.0,0.0,0.0,0.0,0.0,0.0,0.0,0.0,0.0,194.0,225.0,31.0,208.725,15.46125,225.0
Be18 Cu10 Ni9 Ti49.5 Zr13.5,4.0,40.0,36.0,22.43,7.060499999999999,22.0,43.0,67.0,24.0,51.175,10.030499999999998,43.0,9.012182,91.224,82.21181800000001,49.26860376,15.879899556,47.867,1357.77,2128.0,770.23,1820.172,202.73328,1941.0,2.0,11.0,9.0,4.88,2.1456,4.0,2.0,5.0,3.0,3.775,0.639,4.0,96.0,175.0,79.0,144.465,23.6241,160.0,1.33,1.91,0.5799999999999998,1.58635,0.120987,1.54,1.0,2.0,1.0,1.9,0.18,2.0,0.0,0.0,0.0,0.0,0.0,0.0,0.0,10.0,10.0,2.98,2.3075999999999994,2.0,0.0,0.0,0.0,0.0,0.0,0.0,2.0,11.0,9.0,4.88,2.1456,4.0,0.0,1.0,1.0,0.1,0.18,0.0,0.0,0.0,0.0,0.0,0.0,0.0,0.0,8.0,8.0,5.22,3.5028,8.0,0.0,0.0,0.0,0.0,0.0,0.0,0.0,8.0,8.0,5.32,3.3768,8.0,7.89,23.195,15.305,14.848875,4.0761675,16.69,0.0,0.0,0.0,0.0,0.0,0.0,0.0,0.5953947,0.5953947,0.0535966769999999,0.09752364414,2.25333333333e-05,194.0,225.0,31.0,199.89,9.541799999999991,194.0
Be18 Cu14 Nb8 Ni12 Zr48,4.0,41.0,37.0,30.62,10.6656,40.0,44.0,67.0,23.0,53.22,9.8464,44.0,9.012182,92.90638,83.894198,68.78187116000001,25.4043651008,91.224,1357.77,2750.0,1392.23,1919.6878,332.82966400000004,2128.0,2.0,11.0,9.0,5.42,2.6616000000000004,4.0,2.0,5.0,3.0,4.2,0.8959999999999999,5.0,96.0,175.0,79.0,147.76,28.748800000000003,175.0,1.33,1.91,0.5799999999999998,1.5442000000000002,0.2056319999999999,1.33,1.0,2.0,1.0,1.78,0.3431999999999999,2.0,0.0,0.0,0.0,0.0,0.0,0.0,0.0,10.0,10.0,3.64,2.8848000000000003,2.0,0.0,0.0,0.0,0.0,0.0,0.0,2.0,11.0,9.0,5.42,2.6616000000000004,4.0,0.0,1.0,1.0,0.22,0.3432,0.0,0.0,0.0,0.0,0.0,0.0,0.0,0.0,8.0,8.0,4.56,3.5328,8.0,0.0,0.0,0.0,0.0,0.0,0.0,0.0,8.0,8.0,4.78,3.4464,8.0,7.89,23.195,15.305,16.796400000000002,6.364032,23.195,0.0,0.0,0.0,0.0,0.0,0.0,0.0,0.5953947,0.5953947,0.071447364,0.12574736064,0.0,194.0,229.0,35.0,204.86,14.335200000000004,194.0
Be18 Cu9 Ni8 Ti40 Zr25,4.0,40.0,36.0,24.37,9.2292,22.0,43.0,67.0,24.0,50.9,9.77,43.0,9.012182,91.224,82.21181800000001,53.98960476,21.089956001600004,47.867,1357.77,2128.0,770.23,1849.6393,212.2689100000001,1941.0,2.0,11.0,9.0,4.75,1.965,4.0,2.0,5.0,3.0,3.89,0.6803999999999999,4.0,96.0,175.0,79.0,146.83,24.620999999999995,160.0,1.33,1.91,0.5799999999999998,1.5549000000000002,0.12437,1.54,1.0,2.0,1.0,1.91,0.1638,2.0,0.0,0.0,0.0,0.0,0.0,0.0,0.0,10.0,10.0,2.84,2.1144,2.0,0.0,0.0,0.0,0.0,0.0,0.0,2.0,11.0,9.0,4.75,1.965,4.0,0.0,1.0,1.0,0.09,0.1638,0.0,0.0,0.0,0.0,0.0,0.0,0.0,0.0,8.0,8.0,5.36,3.432,8.0,0.0,0.0,0.0,0.0,0.0,0.0,0.0,8.0,8.0,5.45,3.315,8.0,7.89,23.195,15.305,15.71685,4.517595000000001,16.69,0.0,0.0,0.0,0.0,0.0,0.0,0.0,0.5953947,0.5953947,0.0476405893333333,0.0876406577066666,2.25333333333e-05,194.0,225.0,31.0,199.27,8.748200000000006,194.0
Be18 Cu9 Ni8 Ti50 Zr15,4.0,40.0,36.0,22.57,7.255199999999999,22.0,43.0,67.0,24.0,50.8,9.84,43.0,9.012182,91.224,82.21181800000001,49.65390476,16.417924953600004,47.867,1357.77,2128.0,770.23,1830.9393,199.17891,1941.0,2.0,11.0,9.0,4.75,1.965,4.0,2.0,5.0,3.0,3.79,0.6444,4.0,96.0,175.0,79.0,145.33,23.571,160.0,1.33,1.91,0.5799999999999998,1.5759,0.1117939999999998,1.54,1.0,2.0,1.0,1.91,0.1638,2.0,0.0,0.0,0.0,0.0,0.0,0.0,0.0,10.0,10.0,2.84,2.1144,2.0,0.0,0.0,0.0,0.0,0.0,0.0,2.0,11.0,9.0,4.75,1.965,4.0,0.0,1.0,1.0,0.09,0.1638,0.0,0.0,0.0,0.0,0.0,0.0,0.0,0.0,8.0,8.0,5.36,3.4319999999999995,8.0,0.0,0.0,0.0,0.0,0.0,0.0,0.0,8.0,8.0,5.45,3.315,8.0,7.89,23.195,15.305,15.06635,4.062245000000001,16.69,0.0,0.0,0.0,0.0,0.0,0.0,0.0,0.5953947,0.5953947,0.0476428426666666,0.0876402971733333,2.25333333333e-05,194.0,225.0,31.0,199.27,8.748200000000006,194.0
Be18 Cu9 Ni8 Ti55 Zr10,4.0,40.0,36.0,21.67,6.361199999999999,22.0,43.0,67.0,24.0,50.75,9.875,43.0,9.012182,91.224,82.21181800000001,47.48605476,13.8505941936,47.867,1357.77,2128.0,770.23,1821.5893,192.63391000000004,1941.0,2.0,11.0,9.0,4.75,1.965,4.0,2.0,5.0,3.0,3.74,0.6263999999999998,4.0,96.0,175.0,79.0,144.58,23.046,160.0,1.33,1.91,0.5799999999999998,1.5864000000000005,0.1082240000000001,1.54,1.0,2.0,1.0,1.91,0.1638,2.0,0.0,0.0,0.0,0.0,0.0,0.0,0.0,10.0,10.0,2.84,2.1144,2.0,0.0,0.0,0.0,0.0,0.0,0.0,2.0,11.0,9.0,4.75,1.965,4.0,0.0,1.0,1.0,0.09,0.1638,0.0,0.0,0.0,0.0,0.0,0.0,0.0,0.0,8.0,8.0,5.36,3.4319999999999995,8.0,0.0,0.0,0.0,0.0,0.0,0.0,0.0,8.0,8.0,5.45,3.315,8.0,7.89,23.195,15.305,14.7411,3.8345700000000007,16.69,0.0,0.0,0.0,0.0,0.0,0.0,0.0,0.5953947,0.5953947,0.0476439693333333,0.0876401169066666,2.25333333333e-05,194.0,225.0,31.0,199.27,8.748200000000006,194.0
Be18.4 Cu8 Ni9.2 Ti50.6 Zr13.8,4.0,40.0,36.0,22.284,7.015920000000002,22.0,43.0,67.0,24.0,50.89000000000001,9.886320000000005,43.0,9.012182,91.224,82.21181800000001,48.95132828800001,15.79494606144001,47.867,1357.77,2128.0,770.23,1830.4476,194.0034912,1941.0,2.0,11.0,9.0,4.744000000000001,1.9680640000000005,4.0,2.0,5.0,3.0,3.770000000000001,0.6513599999999997,4.0,96.0,175.0,79.0,144.74200000000002,23.792304,160.0,1.33,1.91,0.5799999999999998,1.5793800000000005,0.1121332800000002,1.54,1.0,2.0,1.0,1.9200000000000004,0.1471999999999997,2.0,0.0,0.0,0.0,0.0,0.0,0.0,0.0,10.0,10.0,2.8240000000000007,2.1005440000000006,2.0,0.0,0.0,0.0,0.0,0.0,0.0,2.0,11.0,9.0,4.744000000000001,1.9680640000000005,4.0,0.0,1.0,1.0,0.08,0.1472,0.0,0.0,0.0,0.0,0.0,0.0,0.0,0.0,8.0,8.0,5.336000000000001,3.431232,8.0,0.0,0.0,0.0,0.0,0.0,0.0,0.0,8.0,8.0,5.416000000000001,3.328192,8.0,7.89,23.195,15.305,14.93285,4.058589200000001,16.69,0.0,0.0,0.0,0.0,0.0,0.0,0.0,0.5953947,0.5953947,0.0547877142666666,0.0994716853749333,2.25333333333e-05,194.0,225.0,31.0,199.332,8.829792000000015,194.0
Be18.8 Cu6 Ni9.4 Ti51.7 Zr14.1,4.0,40.0,36.0,22.138,6.96258,22.0,43.0,67.0,24.0,50.605,9.72618,43.0,9.012182,91.224,82.21181800000001,48.63405281599999,15.690956038559998,47.867,1357.77,2128.0,770.23,1840.7232,184.6982688,1941.0,2.0,11.0,9.0,4.608,1.7807359999999997,4.0,2.0,5.0,3.0,3.765,0.6636399999999999,4.0,96.0,175.0,79.0,145.019,23.944996,160.0,1.33,1.91,0.5799999999999998,1.57241,0.1027777199999998,1.54,1.0,2.0,1.0,1.94,0.1128,2.0,0.0,0.0,0.0,0.0,0.0,0.0,0.0,10.0,10.0,2.668,1.8822560000000004,2.0,0.0,0.0,0.0,0.0,0.0,0.0,2.0,11.0,9.0,4.608,1.7807359999999997,4.0,0.0,1.0,1.0,0.06,0.1128,0.0,0.0,0.0,0.0,0.0,0.0,0.0,0.0,8.0,8.0,5.452000000000001,3.3531679999999997,8.0,0.0,0.0,0.0,0.0,0.0,0.0,0.0,8.0,8.0,5.5120000000000005,3.274208,8.0,7.89,23.195,15.305,15.016825000000004,4.036308299999999,16.69,0.0,0.0,0.0,0.0,0.0,0.0,0.0,0.5953947,0.5953947,0.0559787515333333,0.1014101983117333,2.25333333333e-05,194.0,225.0,31.0,198.774,8.077608000000001,194.0
Be19.2 Cu4 Ni9.6 Ti52.8 Zr14.4,4.0,40.0,36.0,21.992,6.908928000000002,22.0,43.0,67.0,24.0,50.32,9.55008,43.0,9.012182,91.224,82.21181800000001,48.316777344,15.567929487360002,47.867,1357.77,2128.0,770.23,1850.9988,174.81761279999998,1941.0,2.0,11.0,9.0,4.472,1.5836160000000004,4.0,2.0,5.0,3.0,3.76,0.6758400000000002,4.0,96.0,175.0,79.0,145.296,24.082176,160.0,1.33,1.91,0.5799999999999998,1.5654399999999995,0.0946713599999998,1.54,1.0,2.0,1.0,1.96,0.0768,2.0,0.0,0.0,0.0,0.0,0.0,0.0,0.0,10.0,10.0,2.512,1.6527360000000002,2.0,0.0,0.0,0.0,0.0,0.0,0.0,2.0,11.0,9.0,4.472,1.5836160000000004,4.0,0.0,1.0,1.0,0.04,0.0768,0.0,0.0,0.0,0.0,0.0,0.0,0.0,0.0,8.0,8.0,5.568,3.268608,8.0,0.0,0.0,0.0,0.0,0.0,0.0,0.0,8.0,8.0,5.608,3.2148479999999995,8.0,7.89,23.195,15.305,15.1008,4.009324800000001,16.69,0.0,0.0,0.0,0.0,0.0,0.0,0.0,0.5953947,0.5953947,0.0571697887999999,0.1033391829504,2.25333333333e-05,194.0,225.0,31.0,198.216,7.285247999999985,194.0
Be19.6 Cu2 Ni9.8 Ti53.9 Zr14.7,4.0,40.0,36.0,21.846,6.9956320000000005,22.0,43.0,67.0,24.0,50.035,9.358019999999998,43.0,9.012182,91.224,82.21181800000001,47.999501872,15.425866407840005,47.867,1357.77,2128.0,770.23,1861.2744,164.36152320000002,1941.0,2.0,11.0,9.0,4.335999999999999,1.3767039999999997,4.0,2.0,5.0,3.0,3.755,0.6879600000000002,4.0,96.0,175.0,79.0,145.57299999999998,24.203844000000007,160.0,1.33,1.91,0.5799999999999998,1.5584699999999998,0.0870808399999999,1.54,1.0,2.0,1.0,1.98,0.0392,2.0,0.0,0.0,0.0,0.0,0.0,0.0,0.0,10.0,10.0,2.356,1.411984,2.0,0.0,0.0,0.0,0.0,0.0,0.0,2.0,11.0,9.0,4.335999999999999,1.3767039999999997,4.0,0.0,1.0,1.0,0.02,0.0392,0.0,0.0,0.0,0.0,0.0,0.0,0.0,0.0,8.0,8.0,5.684,3.1775519999999995,8.0,0.0,0.0,0.0,0.0,0.0,0.0,0.0,8.0,8.0,5.704,3.150112,8.0,7.89,23.195,15.305,15.184775,3.9776387,16.69,0.0,0.0,0.0,0.0,0.0,0.0,0.0,0.5953947,0.5953947,0.0583608260666666,0.1052586392909333,2.25333333333e-05,194.0,225.0,31.0,197.658,6.45271199999999,194.0
Be2 Cu25 Mg63 Tb10,4.0,65.0,61.0,21.39,12.527,12.0,29.0,68.0,39.0,63.08,6.816000000000002,68.0,9.012182,158.92535,149.913168,47.27142864,30.468069952,24.305,923.0,1629.0,706.0,1115.0325,241.96095000000005,923.0,2.0,11.0,9.0,4.35,3.325,2.0,2.0,6.0,4.0,3.53,0.7289999999999999,3.0,96.0,194.0,98.0,143.15,10.170000000000003,141.0,1.21,1.9,0.69,1.4527,0.228342,1.31,1.0,2.0,1.0,1.75,0.375,2.0,0.0,0.0,0.0,0.0,0.0,0.0,0.0,10.0,10.0,2.5,3.75,0.0,0.0,9.0,9.0,0.9,1.62,0.0,2.0,11.0,9.0,5.15,4.095,2.0,0.0,1.0,1.0,0.25,0.375,0.0,0.0,0.0,0.0,0.0,0.0,0.0,0.0,0.0,0.0,0.0,0.0,0.0,0.0,5.0,5.0,0.5,0.9,0.0,0.0,5.0,5.0,0.75,0.975,0.0,7.89,31.7366666667,23.8466666667,20.51966666667,5.230020000001799,22.89,0.0,0.0,0.0,0.0,0.0,0.0,0.0,0.0,0.0,0.0,0.0,0.0,194.0,225.0,31.0,201.75,11.625,194.0
Be20 Co20 Hf20 Ti20 Zr20,4.0,72.0,68.0,33.0,18.4,4.0,43.0,67.0,24.0,51.4,8.88,43.0,9.012182,178.49,169.477818,77.10527540000001,46.20137968000001,9.012182,1560.0,2506.0,946.0,1980.6,269.12,1560.0,2.0,9.0,7.0,4.6,1.76,2.0,2.0,6.0,4.0,4.2,1.04,2.0,96.0,175.0,79.0,146.4,28.32,96.0,1.3,1.88,0.5799999999999998,1.524,0.1672,1.3,2.0,2.0,0.0,2.0,0.0,2.0,0.0,0.0,0.0,0.0,0.0,0.0,0.0,7.0,7.0,2.6,1.76,0.0,0.0,14.0,14.0,2.8,4.48,0.0,2.0,18.0,16.0,7.4,4.88,2.0,0.0,0.0,0.0,0.0,0.0,0.0,0.0,0.0,0.0,0.0,0.0,0.0,0.0,8.0,8.0,5.4,3.12,0.0,0.0,0.0,0.0,0.0,0.0,0.0,0.0,8.0,8.0,5.4,3.12,0.0,7.89,23.195,15.305,16.044,5.581199999999999,7.89,0.0,0.0,0.0,0.0,0.0,0.0,0.0,1.5484712,1.5484712,0.3096987466666666,0.4955089813333333,0.0,194.0,194.0,0.0,194.0,0.0,194.0
Be20 Cu10 Fe2 Mg12 Nb12 Ni6 Y2 Zr36,4.0,41.0,37.0,27.44,13.1392,40.0,12.0,68.0,56.0,54.44,11.0,44.0,9.012182,92.90638,83.894198,61.479663,30.4686496,91.224,923.0,2750.0,1827.0,1830.497,434.88288,2128.0,2.0,11.0,9.0,4.6,2.16,4.0,2.0,5.0,3.0,3.98,1.0272,5.0,96.0,190.0,94.0,145.88,27.08,175.0,1.22,1.91,0.69,1.5075999999999998,0.1868,1.33,1.0,2.0,1.0,1.78,0.3432,2.0,0.0,0.0,0.0,0.0,0.0,0.0,0.0,10.0,10.0,2.82,2.468,2.0,0.0,0.0,0.0,0.0,0.0,0.0,2.0,11.0,9.0,4.6,2.16,4.0,0.0,1.0,1.0,0.22,0.3432,0.0,0.0,0.0,0.0,0.0,0.0,0.0,0.0,9.0,9.0,3.98,3.580799999999999,8.0,0.0,0.0,0.0,0.0,0.0,0.0,0.0,9.0,9.0,4.2,3.6,8.0,7.89,32.365,24.475,17.444699999999997,6.220372,23.195,0.0,0.0,0.0,0.0,0.0,0.0,0.0,2.1106628,2.1106628,0.077936938,0.14340396592,0.0,194.0,229.0,35.0,203.86,13.804000000000006,194.0
Be20 Cu10 Mg12 Nb12 Ni8 Y2 Zr36,4.0,41.0,37.0,27.48,13.1072,40.0,12.0,68.0,56.0,54.56,11.12,44.0,9.012182,92.90638,83.894198,61.53663100000001,30.400288,91.224,923.0,2750.0,1827.0,1828.837,436.47648,2128.0,2.0,11.0,9.0,4.64,2.216,4.0,2.0,5.0,3.0,3.98,1.0272,5.0,96.0,190.0,94.0,145.72,27.24,175.0,1.22,1.91,0.69,1.5092,0.1883999999999999,1.33,1.0,2.0,1.0,1.78,0.3432,2.0,0.0,0.0,0.0,0.0,0.0,0.0,0.0,10.0,10.0,2.86,2.524,2.0,0.0,0.0,0.0,0.0,0.0,0.0,2.0,11.0,9.0,4.64,2.216,4.0,0.0,1.0,1.0,0.22,0.3432,0.0,0.0,0.0,0.0,0.0,0.0,0.0,0.0,9.0,9.0,3.94,3.62,8.0,0.0,0.0,0.0,0.0,0.0,0.0,0.0,9.0,9.0,4.16,3.64,8.0,7.89,32.365,24.475,17.436500000000002,6.23054,23.195,0.0,0.0,0.0,0.0,0.0,0.0,0.0,0.5953947,0.5953947,0.047631576,0.08764209984,0.0,194.0,229.0,35.0,203.78,13.692000000000002,194.0
Be20 Cu20 Hf20 Ti20 Zr20,4.0,72.0,68.0,33.4,18.08,4.0,43.0,67.0,24.0,52.6,10.32,43.0,9.012182,178.49,169.477818,78.0278364,45.46333088,9.012182,1357.77,2506.0,1148.23,1898.554,351.7352,1357.77,2.0,11.0,9.0,5.0,2.4,2.0,2.0,6.0,4.0,4.2,1.04,2.0,96.0,175.0,79.0,147.6,26.88,96.0,1.3,1.9,0.5999999999999999,1.528,0.1703999999999999,1.3,1.0,2.0,1.0,1.8,0.32,1.0,0.0,0.0,0.0,0.0,0.0,0.0,0.0,10.0,10.0,3.2,2.72,0.0,0.0,14.0,14.0,2.8,4.48,0.0,2.0,18.0,16.0,7.8,5.36,2.0,0.0,1.0,1.0,0.2,0.32,0.0,0.0,0.0,0.0,0.0,0.0,0.0,0.0,8.0,8.0,4.8,3.84,0.0,0.0,0.0,0.0,0.0,0.0,0.0,0.0,8.0,8.0,5.0,3.6,0.0,7.89,23.195,15.305,16.209,5.3832,7.89,0.0,0.0,0.0,0.0,0.0,0.0,0.0,2.25333333333e-05,2.25333333333e-05,4.50666666666e-06,7.210666666656e-06,0.0,194.0,225.0,31.0,200.2,9.919999999999993,194.0
Be20 Cu8 Mg24 Ni8 Ti10 Y4 Zr26,4.0,40.0,36.0,22.4,12.432,40.0,12.0,68.0,56.0,55.94,12.312,44.0,9.012182,91.224,82.21181800000001,49.4759624,28.589366592,91.224,923.0,2128.0,1205.0,1599.7216,379.427264,2128.0,2.0,11.0,9.0,4.12,2.0416,4.0,2.0,5.0,3.0,3.66,0.9808,5.0,96.0,190.0,94.0,142.62,24.104,175.0,1.22,1.91,0.69,1.4818,0.1823439999999999,1.33,1.0,2.0,1.0,1.92,0.1472,2.0,0.0,0.0,0.0,0.0,0.0,0.0,0.0,10.0,10.0,2.2,2.1760000000000006,2.0,0.0,0.0,0.0,0.0,0.0,0.0,2.0,11.0,9.0,4.12,2.0416,4.0,0.0,1.0,1.0,0.08,0.1472,0.0,0.0,0.0,0.0,0.0,0.0,0.0,0.0,9.0,9.0,3.4,3.76,8.0,0.0,0.0,0.0,0.0,0.0,0.0,0.0,9.0,9.0,3.48,3.696,8.0,7.89,32.365,24.475,17.7771,6.438532,23.195,0.0,0.0,0.0,0.0,0.0,0.0,0.0,0.5953947,0.5953947,0.0476338293333333,0.0876417393066666,0.0,194.0,225.0,31.0,198.96,8.332800000000004,194.0
Be20 Hf20 Ni20 Ti20 Zr20,4.0,72.0,68.0,33.2,18.24,4.0,43.0,67.0,24.0,52.0,9.6,43.0,9.012182,178.49,169.477818,77.0573164,46.23974688000001,9.012182,1560.0,2506.0,946.0,1972.6,275.52,1560.0,2.0,10.0,8.0,4.8,2.08,2.0,2.0,6.0,4.0,4.2,1.04,2.0,96.0,175.0,79.0,146.0,28.8,96.0,1.3,1.91,0.6099999999999999,1.53,0.172,1.3,2.0,2.0,0.0,2.0,0.0,2.0,0.0,0.0,0.0,0.0,0.0,0.0,0.0,8.0,8.0,2.8,2.08,0.0,0.0,14.0,14.0,2.8,4.48,0.0,2.0,18.0,16.0,7.6,5.12,2.0,0.0,0.0,0.0,0.0,0.0,0.0,0.0,0.0,0.0,0.0,0.0,0.0,0.0,8.0,8.0,5.2,3.36,0.0,0.0,0.0,0.0,0.0,0.0,0.0,0.0,8.0,8.0,5.2,3.36,0.0,7.89,23.195,15.305,16.059,5.563199999999999,7.89,0.0,0.0,0.0,0.0,0.0,0.0,0.0,0.5953947,0.5953947,0.1190834466666666,0.1905245013333333,0.0,194.0,225.0,31.0,200.2,9.919999999999993,194.0
Be20 Ni10 Ti55 Zr15,4.0,40.0,36.0,21.7,7.08,22.0,43.0,67.0,24.0,49.75,9.15,43.0,9.012182,91.224,82.21181800000001,47.6822264,15.46801776,47.867,1560.0,2128.0,568.0,1871.55,153.33,1941.0,2.0,10.0,8.0,4.2,1.16,4.0,2.0,5.0,3.0,3.75,0.7,4.0,96.0,175.0,79.0,145.85,24.31,160.0,1.33,1.91,0.5799999999999998,1.5515,0.0790999999999999,1.54,2.0,2.0,0.0,2.0,0.0,2.0,0.0,0.0,0.0,0.0,0.0,0.0,0.0,8.0,8.0,2.2,1.16,2.0,0.0,0.0,0.0,0.0,0.0,0.0,2.0,10.0,8.0,4.2,1.16,4.0,0.0,0.0,0.0,0.0,0.0,0.0,0.0,0.0,0.0,0.0,0.0,0.0,0.0,8.0,8.0,5.8,3.08,8.0,0.0,0.0,0.0,0.0,0.0,0.0,0.0,8.0,8.0,5.8,3.08,8.0,7.89,23.195,15.305,15.26875,3.9412500000000006,16.69,0.0,0.0,0.0,0.0,0.0,0.0,0.0,0.5953947,0.5953947,0.0595518633333333,0.1071685673333333,2.25333333333e-05,194.0,225.0,31.0,197.1,5.579999999999996,194.0
Be21.5 Cu11 Mg0.5 Ni11 Ti15 Y1 Zr40,4.0,40.0,36.0,26.88,11.451200000000002,40.0,12.0,68.0,56.0,52.665,10.6448,44.0,9.012182,91.224,82.21181800000001,60.06418663,26.2706829048,91.224,923.0,2128.0,1205.0,1839.7897,260.93133,2128.0,2.0,11.0,9.0,4.98,2.4288000000000007,4.0,2.0,5.0,3.0,3.975,0.8589999999999999,5.0,96.0,190.0,94.0,145.405,28.9464,175.0,1.22,1.91,0.69,1.5383999999999998,0.175372,1.33,1.0,2.0,1.0,1.89,0.1958,2.0,0.0,0.0,0.0,0.0,0.0,0.0,0.0,10.0,10.0,3.09,2.6004,2.0,0.0,0.0,0.0,0.0,0.0,0.0,2.0,11.0,9.0,4.98,2.4288000000000007,4.0,0.0,1.0,1.0,0.11,0.1958,0.0,0.0,0.0,0.0,0.0,0.0,0.0,0.0,9.0,9.0,4.71,3.7048,8.0,0.0,0.0,0.0,0.0,0.0,0.0,0.0,9.0,9.0,4.82,3.5816,8.0,7.89,32.365,24.475,16.26885,6.055399500000001,23.195,0.0,0.0,0.0,0.0,0.0,0.0,0.0,0.5953947,0.5953947,0.065496797,0.11657753866,0.0,194.0,225.0,31.0,200.82,10.639199999999995,194.0
Be22.5 C2 Cu12.5 Ni8 Ti14 Zr41,4.0,40.0,36.0,26.365,12.10105,40.0,43.0,77.0,34.0,53.555,10.7905,44.0,9.012182,91.224,82.21181800000001,59.009896950000005,27.549590263500004,91.224,1357.77,3823.0,2465.23,1879.64125,298.568975,2128.0,2.0,14.0,12.0,5.105,2.61275,4.0,2.0,5.0,3.0,3.92,0.9408,5.0,76.0,175.0,99.0,143.69,30.241,175.0,1.33,2.55,1.2199999999999998,1.5554500000000002,0.189195,1.33,1.0,2.0,1.0,1.875,0.21875,2.0,0.0,2.0,2.0,0.04,0.0784,0.0,0.0,10.0,10.0,2.99,2.5541,2.0,0.0,0.0,0.0,0.0,0.0,0.0,2.0,11.0,9.0,4.905,2.3389500000000005,4.0,0.0,1.0,1.0,0.125,0.21875,0.0,0.0,4.0,4.0,0.08,0.1568,0.0,0.0,8.0,8.0,4.56,3.784,8.0,0.0,0.0,0.0,0.0,0.0,0.0,0.0,8.0,8.0,4.765,3.5585000000000004,8.0,5.64,23.195,17.555,15.94395,6.154755,23.195,0.0,4.496,4.496,0.08992,0.1762432,0.0,0.0,0.5953947,0.5953947,0.0476347306666666,0.0876415950933333,0.0,194.0,225.0,31.0,200.355,10.104449999999996,194.0
Be22.5 C8 Cu12.5 Ni2 Ti14 Zr41,4.0,40.0,36.0,25.045,13.37005,40.0,43.0,77.0,34.0,54.515,11.8465,44.0,9.012182,91.224,82.21181800000001,56.20893495,30.6459982055,91.224,1357.77,3823.0,2465.23,2005.34125,391.405575,2128.0,2.0,14.0,12.0,5.345,2.98475,4.0,2.0,5.0,3.0,3.8,1.098,5.0,76.0,175.0,99.0,140.81,33.409,175.0,1.33,2.55,1.2199999999999998,1.59385,0.2421674999999999,1.33,1.0,2.0,1.0,1.875,0.21875,2.0,0.0,2.0,2.0,0.16,0.2944,0.0,0.0,10.0,10.0,2.51,2.0921,2.0,0.0,0.0,0.0,0.0,0.0,0.0,2.0,11.0,9.0,4.545,1.83195,4.0,0.0,1.0,1.0,0.125,0.21875,0.0,0.0,4.0,4.0,0.32,0.5888000000000001,0.0,0.0,8.0,8.0,4.44,3.916,8.0,0.0,0.0,0.0,0.0,0.0,0.0,0.0,8.0,8.0,4.885,3.4265,8.0,5.64,23.195,17.555,15.66315,6.463635,23.195,0.0,4.496,4.496,0.35968,0.6618112,0.0,0.0,0.5953947,0.5953947,0.0119110486666666,0.0233393460533333,0.0,194.0,225.0,31.0,198.495,7.686450000000003,194.0
Be22.5 Cu12.5 Ni10 Ti13.8 Zr41.2,4.0,40.0,36.0,26.841,11.614566,40.0,43.0,67.0,24.0,53.23700000000001,10.4367,44.0,9.012182,91.224,82.21181800000001,60.03026495,26.582571443700004,91.224,1357.77,2128.0,770.23,1838.1152500000003,267.261225,2128.0,2.0,11.0,9.0,5.025,2.4887500000000005,4.0,2.0,5.0,3.0,3.962,0.8829000000000002,5.0,96.0,175.0,79.0,144.68,29.212,175.0,1.33,1.91,0.5799999999999998,1.5422300000000002,0.1754929999999999,1.33,1.0,2.0,1.0,1.875,0.21875,2.0,0.0,0.0,0.0,0.0,0.0,0.0,0.0,10.0,10.0,3.15,2.6825,2.0,0.0,0.0,0.0,0.0,0.0,0.0,2.0,11.0,9.0,5.025,2.4887500000000005,4.0,0.0,1.0,1.0,0.125,0.21875,0.0,0.0,0.0,0.0,0.0,0.0,0.0,0.0,8.0,8.0,4.6,3.74,8.0,0.0,0.0,0.0,0.0,0.0,0.0,0.0,8.0,8.0,4.725,3.6025,8.0,7.89,23.195,15.305,16.05056,6.063504,23.195,0.0,0.0,0.0,0.0,0.0,0.0,0.0,0.5953947,0.5953947,0.0595425796,0.10717042408,0.0,194.0,225.0,31.0,200.975,10.811249999999996,194.0
Be22.5 Cu12.5 Zr65,4.0,40.0,36.0,30.525,12.3175,40.0,44.0,67.0,23.0,51.675,9.9775,44.0,9.012182,91.224,82.21181800000001,69.26659095000001,28.544631765000005,91.224,1357.77,2128.0,770.23,1903.92125,291.302375,2128.0,2.0,11.0,9.0,4.425,1.64375,4.0,2.0,5.0,3.0,4.2,1.04,5.0,96.0,175.0,79.0,151.85,30.095,175.0,1.33,1.9,0.5699999999999998,1.4552500000000002,0.162825,1.33,1.0,2.0,1.0,1.875,0.21875,2.0,0.0,0.0,0.0,0.0,0.0,0.0,0.0,10.0,10.0,2.55,1.8625,2.0,0.0,0.0,0.0,0.0,0.0,0.0,2.0,11.0,9.0,4.425,1.64375,4.0,0.0,1.0,1.0,0.125,0.21875,0.0,0.0,0.0,0.0,0.0,0.0,0.0,0.0,8.0,8.0,5.2,3.64,8.0,0.0,0.0,0.0,0.0,0.0,0.0,0.0,8.0,8.0,5.325,3.4775,8.0,7.89,23.195,15.305,18.23575,6.447025000000001,23.195,0.0,0.0,0.0,0.0,0.0,0.0,0.0,0.0,0.0,0.0,0.0,0.0,194.0,225.0,31.0,197.875,6.78125,194.0
Be23 Cr6 Cu9 Ni10 Ti24 Zr28,4.0,40.0,36.0,24.25,10.425,40.0,43.0,67.0,24.0,52.85,10.146,44.0,9.012182,91.224,82.21181800000001,53.81184786,23.6792630116,91.224,1357.77,2180.0,822.23,1846.2793,243.27601200000004,2128.0,2.0,11.0,9.0,4.89,2.255,4.0,2.0,5.0,3.0,3.82,0.8372000000000002,5.0,96.0,175.0,79.0,142.1,27.016,175.0,1.33,1.91,0.5799999999999998,1.5647,0.1432879999999999,1.33,1.0,2.0,1.0,1.85,0.2549999999999999,2.0,0.0,0.0,0.0,0.0,0.0,0.0,0.0,10.0,10.0,3.04,2.48,2.0,0.0,0.0,0.0,0.0,0.0,0.0,2.0,11.0,9.0,4.89,2.255,4.0,0.0,1.0,1.0,0.15,0.2549999999999999,0.0,0.0,0.0,0.0,0.0,0.0,0.0,0.0,8.0,8.0,4.66,3.5143999999999997,8.0,0.0,0.0,0.0,0.0,0.0,0.0,0.0,8.0,8.0,4.81,3.4604000000000004,8.0,7.89,23.195,15.305,15.0146,5.385216000000001,23.195,0.0,0.0,0.0,0.0,0.0,0.0,0.0,0.5953947,0.5953947,0.0595448779999999,0.1071699644,0.0,194.0,229.0,35.0,201.99,11.985000000000005,194.0
Be23 Cu9 Fe6 Ni10 Ti24 Zr28,4.0,40.0,36.0,24.37,10.5078,40.0,43.0,67.0,24.0,53.21,10.0584,44.0,9.012182,91.224,82.21181800000001,54.04278186,23.6784512284,91.224,1357.77,2128.0,770.23,1824.1393,226.255128,2128.0,2.0,11.0,9.0,5.01,2.435,4.0,2.0,5.0,3.0,3.82,0.8372000000000002,5.0,96.0,175.0,79.0,141.68,27.4528,175.0,1.33,1.91,0.5799999999999998,1.5749000000000002,0.15615,1.33,1.0,2.0,1.0,1.91,0.1638,2.0,0.0,0.0,0.0,0.0,0.0,0.0,0.0,10.0,10.0,3.1,2.57,2.0,0.0,0.0,0.0,0.0,0.0,0.0,2.0,11.0,9.0,5.01,2.435,4.0,0.0,1.0,1.0,0.09,0.1638,0.0,0.0,0.0,0.0,0.0,0.0,0.0,0.0,8.0,8.0,4.6,3.536,8.0,0.0,0.0,0.0,0.0,0.0,0.0,0.0,8.0,8.0,4.69,3.4424,8.0,7.89,23.195,15.305,14.987,5.413920000000001,23.195,0.0,0.0,0.0,0.0,0.0,0.0,0.0,2.1106628,2.1106628,0.1861846459999999,0.31277938928,0.0,194.0,229.0,35.0,201.99,11.985000000000005,194.0
Be23 Cu9 Ni10 Ti24 V6 Zr28,4.0,40.0,36.0,24.19,10.4814,40.0,43.0,67.0,24.0,52.67,10.2972,44.0,9.012182,91.224,82.21181800000001,53.74857185999999,23.7387424516,91.224,1357.77,2183.0,825.23,1846.4593,243.427212,2128.0,2.0,11.0,9.0,4.83,2.1650000000000005,4.0,2.0,5.0,3.0,3.82,0.8372000000000002,5.0,96.0,175.0,79.0,142.94,27.3496,175.0,1.33,1.91,0.5799999999999998,1.5629,0.1414159999999999,1.33,1.0,2.0,1.0,1.91,0.1638,2.0,0.0,0.0,0.0,0.0,0.0,0.0,0.0,10.0,10.0,2.92,2.3,2.0,0.0,0.0,0.0,0.0,0.0,0.0,2.0,11.0,9.0,4.83,2.1650000000000005,4.0,0.0,1.0,1.0,0.09,0.1638,0.0,0.0,0.0,0.0,0.0,0.0,0.0,0.0,8.0,8.0,4.78,3.6152,8.0,0.0,0.0,0.0,0.0,0.0,0.0,0.0,8.0,8.0,4.87,3.5108,8.0,7.89,23.195,15.305,15.1238,5.271648,23.195,0.0,0.0,0.0,0.0,0.0,0.0,0.0,0.5953947,0.5953947,0.0595448779999999,0.1071699644,0.0,194.0,229.0,35.0,201.99,11.985000000000005,194.0
Be24 Cu12 Fe8 Nb8 Zr48,4.0,41.0,37.0,29.0,12.48,40.0,44.0,67.0,23.0,53.04,9.6448,44.0,9.012182,92.90638,83.894198,65.47607408,29.106857830400003,91.224,1357.77,2750.0,1392.23,1923.6524,328.389312,2128.0,2.0,11.0,9.0,4.76,2.0544,4.0,2.0,5.0,3.0,4.08,1.0304,5.0,96.0,175.0,79.0,146.56,30.0928,175.0,1.33,1.9,0.5699999999999998,1.5175999999999998,0.1800959999999999,1.33,1.0,2.0,1.0,1.8,0.3199999999999999,2.0,0.0,0.0,0.0,0.0,0.0,0.0,0.0,10.0,10.0,2.96,2.3424,2.0,0.0,0.0,0.0,0.0,0.0,0.0,2.0,11.0,9.0,4.76,2.0544,4.0,0.0,1.0,1.0,0.2,0.32,0.0,0.0,0.0,0.0,0.0,0.0,0.0,0.0,8.0,8.0,4.64,3.4432,8.0,0.0,0.0,0.0,0.0,0.0,0.0,0.0,8.0,8.0,4.84,3.3792,8.0,7.89,23.195,15.305,16.668400000000002,6.507391999999999,23.195,0.0,0.0,0.0,0.0,0.0,0.0,0.0,2.1106628,2.1106628,0.168853024,0.31068956416,0.0,194.0,229.0,35.0,203.32,13.420799999999996,194.0
Be25 Cu20 Ti11 Zr44,4.0,40.0,36.0,26.82,12.4704,40.0,43.0,67.0,24.0,53.64,10.824000000000002,44.0,9.012182,91.224,82.21181800000001,60.36617550000001,28.42681536,91.224,1357.77,2128.0,770.23,1811.384,307.1376,2128.0,2.0,11.0,9.0,4.9,2.4400000000000004,4.0,2.0,5.0,3.0,3.94,0.97,5.0,96.0,175.0,79.0,145.0,29.7,175.0,1.33,1.9,0.5699999999999998,1.5271,0.173448,1.33,1.0,2.0,1.0,1.8,0.3199999999999999,2.0,0.0,0.0,0.0,0.0,0.0,0.0,0.0,10.0,10.0,3.1,2.76,2.0,0.0,0.0,0.0,0.0,0.0,0.0,2.0,11.0,9.0,4.9,2.4400000000000004,4.0,0.0,1.0,1.0,0.2,0.32,0.0,0.0,0.0,0.0,0.0,0.0,0.0,0.0,8.0,8.0,4.4,3.96,8.0,0.0,0.0,0.0,0.0,0.0,0.0,0.0,8.0,8.0,4.6,3.74,8.0,7.89,23.195,15.305,16.2282,6.232379999999999,23.195,0.0,0.0,0.0,0.0,0.0,0.0,0.0,2.25333333333e-05,2.25333333333e-05,2.4786666666630003e-06,4.4120266666601404e-06,0.0,194.0,225.0,31.0,200.2,9.919999999999993,194.0
Be26 Cr6 Cu10 Ti27 Zr31,4.0,40.0,36.0,23.72,11.1832,40.0,43.0,67.0,24.0,52.01,10.1928,44.0,9.012182,91.224,82.21181800000001,53.02106332,25.790808077600005,91.224,1357.77,2180.0,822.23,1855.927,253.51344,2128.0,2.0,11.0,9.0,4.3,1.5439999999999998,4.0,2.0,5.0,3.0,3.79,0.9308,5.0,96.0,175.0,79.0,143.95,27.918000000000003,175.0,1.33,1.9,0.5699999999999998,1.5259,0.1214579999999999,1.33,1.0,2.0,1.0,1.84,0.2687999999999999,2.0,0.0,0.0,0.0,0.0,0.0,0.0,0.0,10.0,10.0,2.46,1.8128,2.0,0.0,0.0,0.0,0.0,0.0,0.0,2.0,11.0,9.0,4.3,1.5439999999999998,4.0,0.0,1.0,1.0,0.16,0.2688,0.0,0.0,0.0,0.0,0.0,0.0,0.0,0.0,8.0,8.0,4.94,3.5567999999999995,8.0,0.0,0.0,0.0,0.0,0.0,0.0,0.0,8.0,8.0,5.1,3.4720000000000004,8.0,7.89,23.195,15.305,15.52655,5.382702,23.195,0.0,0.0,0.0,0.0,0.0,0.0,0.0,2.25333333333e-05,2.25333333333e-05,6.083999999991001e-06,8.88263999998686e-06,0.0,194.0,229.0,35.0,199.2,8.735999999999992,194.0
Be26 Cu10 Fe6 Ti27 Zr31,4.0,40.0,36.0,23.84,11.3104,40.0,43.0,67.0,24.0,52.37,10.249199999999998,44.0,9.012182,91.224,82.21181800000001,53.25199732,25.9126025192,91.224,1357.77,2128.0,770.23,1833.787,240.30708,2128.0,2.0,11.0,9.0,4.42,1.7456,4.0,2.0,5.0,3.0,3.79,0.9308,5.0,96.0,175.0,79.0,143.53,28.405199999999997,175.0,1.33,1.9,0.5699999999999998,1.5361000000000002,0.1277819999999999,1.33,1.0,2.0,1.0,1.9,0.18,2.0,0.0,0.0,0.0,0.0,0.0,0.0,0.0,10.0,10.0,2.52,1.9136,2.0,0.0,0.0,0.0,0.0,0.0,0.0,2.0,11.0,9.0,4.42,1.7456,4.0,0.0,1.0,1.0,0.1,0.18,0.0,0.0,0.0,0.0,0.0,0.0,0.0,0.0,8.0,8.0,4.88,3.6192000000000006,8.0,0.0,0.0,0.0,0.0,0.0,0.0,0.0,8.0,8.0,4.98,3.5032000000000005,8.0,7.89,23.195,15.305,15.49895,5.414718000000001,23.195,0.0,0.0,0.0,0.0,0.0,0.0,0.0,2.1106628,2.1106628,0.126645852,0.23808203376,0.0,194.0,229.0,35.0,199.2,8.735999999999992,194.0
Be26 Cu10 Ni6 Ti27 Zr31,4.0,40.0,36.0,23.96,11.4376,40.0,43.0,67.0,24.0,52.73,10.6668,44.0,9.012182,91.224,82.21181800000001,53.42290132,26.0937607592,91.224,1357.77,2128.0,770.23,1828.807,246.08388,2128.0,2.0,11.0,9.0,4.54,1.9472,4.0,2.0,5.0,3.0,3.79,0.9308,5.0,96.0,175.0,79.0,143.05,28.962,175.0,1.33,1.91,0.5799999999999998,1.5409,0.1312439999999999,1.33,1.0,2.0,1.0,1.9,0.18,2.0,0.0,0.0,0.0,0.0,0.0,0.0,0.0,10.0,10.0,2.64,2.1152,2.0,0.0,0.0,0.0,0.0,0.0,0.0,2.0,11.0,9.0,4.54,1.9472,4.0,0.0,1.0,1.0,0.1,0.18,0.0,0.0,0.0,0.0,0.0,0.0,0.0,0.0,8.0,8.0,4.76,3.7584,8.0,0.0,0.0,0.0,0.0,0.0,0.0,0.0,8.0,8.0,4.86,3.6424,8.0,7.89,23.195,15.305,15.47435,5.4432540000000005,23.195,0.0,0.0,0.0,0.0,0.0,0.0,0.0,0.5953947,0.5953947,0.0357297659999999,0.06715979208,0.0,194.0,225.0,31.0,198.96,8.332800000000006,194.0
Be26 Cu10 Ti27 V6 Zr31,4.0,40.0,36.0,23.66,11.1988,40.0,43.0,67.0,24.0,51.83,10.3224,44.0,9.012182,91.224,82.21181800000001,52.95778732,25.842694397600003,91.224,1357.77,2183.0,825.23,1856.107,253.64304,2128.0,2.0,11.0,9.0,4.24,1.4432000000000005,4.0,2.0,5.0,3.0,3.79,0.9308,5.0,96.0,175.0,79.0,144.79,27.928800000000003,175.0,1.33,1.9,0.5699999999999998,1.5241000000000002,0.1203419999999998,1.33,1.0,2.0,1.0,1.9,0.18,2.0,0.0,0.0,0.0,0.0,0.0,0.0,0.0,10.0,10.0,2.34,1.6112,2.0,0.0,0.0,0.0,0.0,0.0,0.0,2.0,11.0,9.0,4.24,1.4432000000000005,4.0,0.0,1.0,1.0,0.1,0.18,0.0,0.0,0.0,0.0,0.0,0.0,0.0,0.0,8.0,8.0,5.06,3.6432000000000007,8.0,0.0,0.0,0.0,0.0,0.0,0.0,0.0,8.0,8.0,5.16,3.5152,8.0,7.89,23.195,15.305,15.635749999999998,5.256030000000001,23.195,0.0,0.0,0.0,0.0,0.0,0.0,0.0,2.25333333333e-05,2.25333333333e-05,6.083999999991001e-06,8.88263999998686e-06,0.0,194.0,229.0,35.0,199.2,8.735999999999992,194.0
Be27.5 Cu15 Ti24 Zr33.5,4.0,40.0,36.0,24.13,12.093899999999998,40.0,43.0,67.0,24.0,53.085,10.92775,44.0,9.012182,91.224,82.21181800000001,54.05837004999999,27.747261051500004,91.224,1357.77,2128.0,770.23,1811.3855,274.346675,2128.0,2.0,11.0,9.0,4.5,1.95,4.0,2.0,5.0,3.0,3.785,0.9817499999999998,5.0,96.0,175.0,79.0,143.225,29.34125,175.0,1.33,1.9,0.5699999999999998,1.5319000000000005,0.1352729999999999,1.33,1.0,2.0,1.0,1.85,0.2549999999999999,2.0,0.0,0.0,0.0,0.0,0.0,0.0,0.0,10.0,10.0,2.65,2.205,2.0,0.0,0.0,0.0,0.0,0.0,0.0,2.0,11.0,9.0,4.5,1.95,4.0,0.0,1.0,1.0,0.15,0.255,0.0,0.0,0.0,0.0,0.0,0.0,0.0,0.0,8.0,8.0,4.6,3.91,8.0,0.0,0.0,0.0,0.0,0.0,0.0,0.0,8.0,8.0,4.75,3.7375,8.0,7.89,23.195,15.305,15.606175,5.6047487500000015,23.195,0.0,0.0,0.0,0.0,0.0,0.0,0.0,2.25333333333e-05,2.25333333333e-05,5.407999999992e-06,8.22015999998784e-06,0.0,194.0,225.0,31.0,198.65,7.905000000000004,194.0
Be30 Cr5 Ti40 Zr25,4.0,40.0,36.0,21.2,10.32,22.0,43.0,67.0,24.0,50.75,9.75,43.0,9.012182,91.224,82.21181800000001,47.25625959999999,22.946446560000005,47.867,1560.0,2180.0,620.0,1885.4,195.24,1941.0,2.0,6.0,4.0,3.5,0.9,4.0,2.0,5.0,3.0,3.65,0.99,4.0,96.0,175.0,79.0,143.5,28.95,160.0,1.33,1.66,0.3299999999999998,1.5025,0.08625,1.54,1.0,2.0,1.0,1.95,0.095,2.0,0.0,0.0,0.0,0.0,0.0,0.0,0.0,5.0,5.0,1.55,0.93,2.0,0.0,0.0,0.0,0.0,0.0,0.0,2.0,6.0,4.0,3.5,0.9,4.0,0.0,1.0,1.0,0.05,0.095,0.0,0.0,0.0,0.0,0.0,0.0,0.0,0.0,8.0,8.0,5.45,3.315,8.0,0.0,0.0,0.0,0.0,0.0,0.0,0.0,8.0,8.0,5.5,3.3,8.0,7.89,23.195,15.305,15.40125,4.927875000000001,16.69,0.0,0.0,0.0,0.0,0.0,0.0,0.0,2.25333333333e-05,2.25333333333e-05,9.01333333332e-06,1.0815999999984e-05,2.25333333333e-05,194.0,229.0,35.0,195.75,3.325,194.0
Be30 Cr5 Ti45 Zr20,4.0,40.0,36.0,20.3,9.78,22.0,43.0,67.0,24.0,50.7,9.78,43.0,9.012182,91.224,82.21181800000001,45.0884096,21.64573656,47.867,1560.0,2180.0,620.0,1876.05,189.63,1941.0,2.0,6.0,4.0,3.5,0.9,4.0,2.0,5.0,3.0,3.6,0.96,4.0,96.0,175.0,79.0,142.75,28.425,160.0,1.33,1.66,0.3299999999999998,1.513,0.0732,1.54,1.0,2.0,1.0,1.95,0.095,2.0,0.0,0.0,0.0,0.0,0.0,0.0,0.0,5.0,5.0,1.55,0.93,2.0,0.0,0.0,0.0,0.0,0.0,0.0,2.0,6.0,4.0,3.5,0.9,4.0,0.0,1.0,1.0,0.05,0.095,0.0,0.0,0.0,0.0,0.0,0.0,0.0,0.0,8.0,8.0,5.45,3.315,8.0,0.0,0.0,0.0,0.0,0.0,0.0,0.0,8.0,8.0,5.5,3.3,8.0,7.89,23.195,15.305,15.076,4.700200000000001,16.69,0.0,0.0,0.0,0.0,0.0,0.0,0.0,2.25333333333e-05,2.25333333333e-05,1.0139999999985e-05,1.11539999999835e-05,2.25333333333e-05,194.0,229.0,35.0,195.75,3.325,194.0
Be35 Ti30 Zr35,4.0,40.0,36.0,22.0,12.6,4.0,43.0,67.0,24.0,51.75,10.675,44.0,9.012182,91.224,82.21181800000001,49.44276369999999,29.24686541,9.012182,1560.0,2128.0,568.0,1873.1,219.17000000000004,1560.0,2.0,4.0,2.0,3.3,0.91,2.0,2.0,5.0,3.0,3.65,1.155,2.0,96.0,175.0,79.0,142.85,32.795,96.0,1.33,1.57,0.24,1.477,0.1028999999999999,1.33,2.0,2.0,0.0,2.0,0.0,2.0,0.0,0.0,0.0,0.0,0.0,0.0,0.0,2.0,2.0,1.3,0.91,0.0,0.0,0.0,0.0,0.0,0.0,0.0,2.0,4.0,2.0,3.3,0.91,2.0,0.0,0.0,0.0,0.0,0.0,0.0,0.0,0.0,0.0,0.0,0.0,0.0,0.0,8.0,8.0,5.2,3.64,0.0,0.0,0.0,0.0,0.0,0.0,0.0,0.0,8.0,8.0,5.2,3.64,0.0,7.89,23.195,15.305,15.88675,5.5977250000000005,7.89,0.0,0.0,0.0,0.0,0.0,0.0,0.0,2.25333333333e-05,2.25333333333e-05,6.75999999999e-06,9.463999999986e-06,0.0,194.0,194.0,0.0,194.0,0.0,194.0
Be35 Ti35 Zr30,4.0,40.0,36.0,21.1,11.97,4.0,43.0,67.0,24.0,51.7,10.71,43.0,9.012182,91.224,82.21181800000001,47.2749137,26.78391219,9.012182,1560.0,2128.0,568.0,1863.75,212.625,1560.0,2.0,4.0,2.0,3.3,0.91,2.0,2.0,5.0,3.0,3.6,1.12,2.0,96.0,175.0,79.0,142.1,32.27,96.0,1.33,1.57,0.24,1.4875,0.0944999999999999,1.54,2.0,2.0,0.0,2.0,0.0,2.0,0.0,0.0,0.0,0.0,0.0,0.0,0.0,2.0,2.0,1.3,0.91,0.0,0.0,0.0,0.0,0.0,0.0,0.0,2.0,4.0,2.0,3.3,0.91,2.0,0.0,0.0,0.0,0.0,0.0,0.0,0.0,0.0,0.0,0.0,0.0,0.0,0.0,8.0,8.0,5.2,3.64,0.0,0.0,0.0,0.0,0.0,0.0,0.0,0.0,8.0,8.0,5.2,3.64,0.0,7.89,23.195,15.305,15.5615,5.370050000000001,7.89,0.0,0.0,0.0,0.0,0.0,0.0,0.0,2.25333333333e-05,2.25333333333e-05,7.886666666655001e-06,1.02526666666515e-05,0.0,194.0,194.0,0.0,194.0,0.0,194.0
Be35 Ti40 Zr25,4.0,40.0,36.0,20.2,11.34,22.0,43.0,67.0,24.0,51.65,10.745,43.0,9.012182,91.224,82.21181800000001,45.1070637,25.26641719,47.867,1560.0,2128.0,568.0,1854.4,206.08,1941.0,2.0,4.0,2.0,3.3,0.91,4.0,2.0,5.0,3.0,3.55,1.085,4.0,96.0,175.0,79.0,141.35,31.745,160.0,1.33,1.57,0.24,1.4980000000000002,0.0839999999999999,1.54,2.0,2.0,0.0,2.0,0.0,2.0,0.0,0.0,0.0,0.0,0.0,0.0,0.0,2.0,2.0,1.3,0.91,2.0,0.0,0.0,0.0,0.0,0.0,0.0,2.0,4.0,2.0,3.3,0.91,4.0,0.0,0.0,0.0,0.0,0.0,0.0,0.0,0.0,0.0,0.0,0.0,0.0,0.0,8.0,8.0,5.2,3.64,8.0,0.0,0.0,0.0,0.0,0.0,0.0,0.0,8.0,8.0,5.2,3.64,8.0,7.89,23.195,15.305,15.23625,5.142375,16.69,0.0,0.0,0.0,0.0,0.0,0.0,0.0,2.25333333333e-05,2.25333333333e-05,9.01333333332e-06,1.0815999999984e-05,2.25333333333e-05,194.0,194.0,0.0,194.0,0.0,194.0
Be35 Ti45 Zr20,4.0,40.0,36.0,19.3,10.71,22.0,43.0,67.0,24.0,51.6,10.78,43.0,9.012182,91.224,82.21181800000001,42.9392137,23.74892219,47.867,1560.0,2128.0,568.0,1845.05,199.535,1941.0,2.0,4.0,2.0,3.3,0.91,4.0,2.0,5.0,3.0,3.5,1.05,4.0,96.0,175.0,79.0,140.6,31.22,160.0,1.33,1.57,0.24,1.5085,0.0714,1.54,2.0,2.0,0.0,2.0,0.0,2.0,0.0,0.0,0.0,0.0,0.0,0.0,0.0,2.0,2.0,1.3,0.91,2.0,0.0,0.0,0.0,0.0,0.0,0.0,2.0,4.0,2.0,3.3,0.91,4.0,0.0,0.0,0.0,0.0,0.0,0.0,0.0,0.0,0.0,0.0,0.0,0.0,0.0,8.0,8.0,5.2,3.64,8.0,0.0,0.0,0.0,0.0,0.0,0.0,0.0,8.0,8.0,5.2,3.64,8.0,7.89,23.195,15.305,14.911,4.914700000000001,16.69,0.0,0.0,0.0,0.0,0.0,0.0,0.0,2.25333333333e-05,2.25333333333e-05,1.0139999999985e-05,1.11539999999835e-05,2.25333333333e-05,194.0,194.0,0.0,194.0,0.0,194.0
Be7 Cu25 Ni15 Sn3 Ti45 Zr5,4.0,50.0,46.0,25.13,5.7752,22.0,43.0,80.0,37.0,53.79,10.69,43.0,9.012182,118.71,109.697818,54.98401274,12.8413677696,47.867,505.08,2128.0,1622.92,1702.8448999999998,264.40163000000007,1941.0,2.0,14.0,12.0,6.81,3.4834000000000005,4.0,2.0,5.0,3.0,3.94,0.2716,4.0,96.0,175.0,79.0,143.24,18.26,160.0,1.33,1.96,0.6299999999999999,1.6897,0.1874579999999999,1.54,1.0,2.0,1.0,1.75,0.375,2.0,0.0,2.0,2.0,0.06,0.1164,0.0,0.0,10.0,10.0,5.0,3.7,2.0,0.0,0.0,0.0,0.0,0.0,0.0,2.0,14.0,12.0,6.81,3.4834000000000005,4.0,0.0,1.0,1.0,0.25,0.375,0.0,0.0,4.0,4.0,0.12,0.2328,0.0,0.0,8.0,8.0,4.3,3.7,8.0,0.0,0.0,0.0,0.0,0.0,0.0,0.0,8.0,8.0,4.67,3.33,8.0,7.89,33.285,25.395,14.536599999999998,3.928804,16.69,0.0,0.0,0.0,0.0,0.0,0.0,0.0,0.5953947,0.5953947,0.089319345,0.1518226065,2.25333333333e-05,141.0,225.0,84.0,204.81,16.152,194.0
Be7 Cu25 Ni15 Sn3 Ti50,4.0,50.0,46.0,24.23,5.062200000000001,22.0,43.0,80.0,37.0,53.74,10.74,43.0,9.012182,118.71,109.697818,52.81616274,11.0817200436,47.867,505.08,1941.0,1435.92,1693.4949,257.85663000000005,1941.0,2.0,14.0,12.0,6.81,3.4834000000000005,4.0,2.0,5.0,3.0,3.89,0.2645999999999999,4.0,96.0,160.0,64.0,142.49,17.51,160.0,1.54,1.96,0.4199999999999999,1.7001999999999995,0.1784279999999999,1.54,1.0,2.0,1.0,1.75,0.375,2.0,0.0,2.0,2.0,0.06,0.1164,0.0,0.0,10.0,10.0,5.0,3.7,2.0,0.0,0.0,0.0,0.0,0.0,0.0,2.0,14.0,12.0,6.81,3.4834000000000005,4.0,0.0,1.0,1.0,0.25,0.375,0.0,0.0,4.0,4.0,0.12,0.2328,0.0,0.0,8.0,8.0,4.3,3.7,8.0,0.0,0.0,0.0,0.0,0.0,0.0,0.0,8.0,8.0,4.67,3.33,8.0,7.89,33.285,25.395,14.211350000000005,3.623069000000001,16.69,0.0,0.0,0.0,0.0,0.0,0.0,0.0,0.5953947,0.5953947,0.0893204716666666,0.1518222685,2.25333333333e-05,141.0,225.0,84.0,204.81,16.152,194.0
Be78.97 Cu2.37 Ni2.87 Ti2.37 Zr13.42,4.0,40.0,36.0,10.539099999999998,10.327854539999995,4.0,43.0,67.0,24.0,63.10129999999998,6.200205160000011,67.0,9.012182,91.224,82.21181800000001,23.6841696054,23.172937223968752,9.012182,1357.77,2128.0,770.23,1645.284049,148.32579291320005,1560.0,2.0,11.0,9.0,2.7586999999999997,1.1982907799999991,2.0,2.0,5.0,3.0,2.5547999999999997,0.8762511199999996,2.0,96.0,175.0,79.0,109.7754,21.75686675999999,96.0,1.33,1.91,0.5799999999999998,1.55466,0.060993628,1.57,1.0,2.0,1.0,1.9763,0.04627662,2.0,0.0,0.0,0.0,0.0,0.0,0.0,0.0,10.0,10.0,0.7824,1.2357225599999997,0.0,0.0,0.0,0.0,0.0,0.0,0.0,2.0,11.0,9.0,2.7586999999999997,1.1982907799999991,2.0,0.0,1.0,1.0,0.0237,0.0462766199999999,0.0,0.0,0.0,0.0,0.0,0.0,0.0,0.0,8.0,8.0,1.3205999999999998,2.14835208,0.0,0.0,0.0,0.0,0.0,0.0,0.0,0.0,8.0,8.0,1.3442999999999998,2.1395072399999995,0.0,7.89,23.195,15.305,10.297598,3.8025602812,7.89,0.0,0.0,0.0,0.0,0.0,0.0,0.0,0.5953947,0.5953947,0.01708836193,0.033194783805218,0.0,194.0,225.0,31.0,195.62439999999995,3.0785628799999563,194.0
C13.99 Fe81.41 P0.1 Si3.8 Tm0.7,6.0,69.0,63.0,23.036,5.4694808,26.0,37.0,83.0,46.0,58.85380000000001,6.580710360000005,55.0,12.0107,168.93421,156.92351000000002,49.42447366200002,12.12703729226359,55.845,317.3,3823.0,3505.7,2086.3221000000003,485.9224764200003,1811.0,3.0,15.0,12.0,9.039400000000002,1.7769026800000016,8.0,2.0,6.0,4.0,3.6952,0.5285425599999999,4.0,76.0,190.0,114.0,123.7486,14.362449079999996,132.0,1.25,2.55,1.2999999999999998,1.929688,0.1740839216,1.83,2.0,2.0,0.0,2.0,0.0,2.0,0.0,3.0,3.0,0.3588,0.5892213600000001,0.0,0.0,6.0,6.0,4.884600000000001,1.8160942799999995,6.0,0.0,13.0,13.0,0.091,0.180726,0.0,4.0,15.0,11.0,7.334400000000001,1.1910483199999993,8.0,0.0,0.0,0.0,0.0,0.0,0.0,0.0,4.0,4.0,0.7146,1.1735161200000002,0.0,0.0,4.0,4.0,3.2564,1.21072952,4.0,0.0,1.0,1.0,0.007,0.013902,0.0,1.0,4.0,3.0,3.978,0.0436479999999998,4.0,5.64,29.78,24.14,10.532079238095202,1.3688037708190364,10.73,0.0,4.496,4.496,0.6599894000000002,1.0838345926800002,0.0,0.0,2.1106628,2.1106628,1.7182905854800004,0.6388604396814639,2.1106628,2.0,229.0,227.0,223.5555,9.126516899999984,229.0
C13.99 Fe81.43 P0.08 Si3.8 Tm0.7,6.0,69.0,63.0,23.038200000000003,5.467052679999998,26.0,37.0,83.0,46.0,58.848200000000006,6.573053320000003,55.0,12.0107,168.93421,156.92351000000002,49.4294479096,12.12143480369104,55.845,317.3,3823.0,3505.7,2086.62084,485.8388889680001,1811.0,3.0,15.0,12.0,9.038000000000002,1.775018800000001,8.0,2.0,6.0,4.0,3.6954,0.5283359599999998,4.0,76.0,190.0,114.0,123.7536,14.357536640000008,132.0,1.25,2.55,1.2999999999999998,1.929616,0.1740000575999999,1.83,2.0,2.0,0.0,2.0,0.0,2.0,0.0,3.0,3.0,0.3582,0.58837932,0.0,0.0,6.0,6.0,4.885800000000001,1.81458612,6.0,0.0,13.0,13.0,0.091,0.180726,0.0,4.0,15.0,11.0,7.335000000000001,1.1903289999999995,8.0,0.0,0.0,0.0,0.0,0.0,0.0,0.0,4.0,4.0,0.7140000000000001,1.1728164,0.0,0.0,4.0,4.0,3.2572,1.20972408,4.0,0.0,1.0,1.0,0.0069999999999999,0.013902,0.0,1.0,4.0,3.0,3.9782,0.0432599200000002,4.0,5.64,29.78,24.14,10.52971119047616,1.36814119109523,10.73,0.0,4.496,4.496,0.6596644,1.0835647434400002,0.0,0.0,2.1106628,2.1106628,1.7187127180400004,0.6383299034800559,2.1106628,2.0,229.0,227.0,223.6009,9.051305860000005,229.0
C7 Fe80 P13,6.0,26.0,20.0,23.17,4.527999999999999,26.0,55.0,83.0,28.0,60.18,8.288,55.0,12.0107,55.845,43.8343,49.54333806,10.082659104,55.845,317.3,3823.0,3505.7,1757.659,374.4933400000001,1811.0,8.0,15.0,7.0,9.33,2.128,8.0,2.0,4.0,2.0,3.73,0.432,4.0,76.0,132.0,56.0,124.83,11.472,132.0,1.83,2.55,0.7199999999999998,1.9272,0.1555199999999999,1.83,2.0,2.0,0.0,2.0,0.0,2.0,0.0,3.0,3.0,0.53,0.8480000000000001,0.0,0.0,6.0,6.0,4.8,1.9200000000000004,6.0,0.0,0.0,0.0,0.0,0.0,0.0,4.0,8.0,4.0,7.33,1.0719999999999998,8.0,0.0,0.0,0.0,0.0,0.0,0.0,0.0,4.0,4.0,0.67,1.0719999999999998,0.0,0.0,4.0,4.0,3.2,1.28,4.0,0.0,0.0,0.0,0.0,0.0,0.0,3.0,4.0,1.0,3.87,0.2261999999999999,4.0,5.64,22.5702380952,16.9302380952,11.912930952376,2.77089985713424,10.73,0.0,4.496,4.496,0.52597,0.8415520000000001,0.0,0.0,2.1106628,2.1106628,1.68853024,0.6754120960000001,2.1106628,2.0,229.0,227.0,197.04,51.136,229.0
Ca18.1 Cu45.5 Mg36.4,12.0,29.0,17.0,21.183000000000003,7.11347,29.0,7.0,68.0,61.0,55.139,17.426318000000002,64.0,24.305,63.546,39.241,45.014568,16.863603119999997,63.546,923.0,1357.77,434.77,1155.57235,183.9998615,1357.77,2.0,11.0,9.0,6.095,4.463550000000001,11.0,3.0,4.0,1.0,3.636,0.463008,4.0,132.0,176.0,44.0,143.24,11.859120000000004,132.0,1.0,1.9,0.8999999999999999,1.52234,0.3436705999999999,1.9,1.0,2.0,1.0,1.545,0.49595,1.0,0.0,0.0,0.0,0.0,0.0,0.0,0.0,10.0,10.0,4.55,4.959499999999999,10.0,0.0,0.0,0.0,0.0,0.0,0.0,2.0,11.0,9.0,6.095,4.463550000000001,11.0,0.0,1.0,1.0,0.455,0.49595,1.0,0.0,0.0,0.0,0.0,0.0,0.0,0.0,0.0,0.0,0.0,0.0,0.0,0.0,0.0,0.0,0.0,0.0,0.0,0.0,1.0,1.0,0.455,0.49595,1.0,11.07,37.77,26.700000000000003,20.20518,8.3130138,11.07,0.0,0.0,0.0,0.0,0.0,0.0,0.0,0.0,0.0,0.0,0.0,0.0,194.0,225.0,31.0,213.716,14.353248000000006,225.0
Ca18.2 Cu54.5 Mg27.3,12.0,29.0,17.0,22.721,6.844110000000001,29.0,7.0,68.0,61.0,54.718,17.369352,64.0,24.305,63.546,39.241,48.562031,16.332526209999997,63.546,923.0,1357.77,434.77,1194.89365,177.5352215,1357.77,2.0,11.0,9.0,6.905,4.463550000000001,11.0,3.0,4.0,1.0,3.727,0.3969419999999998,4.0,132.0,176.0,44.0,142.465,12.206740000000002,132.0,1.0,1.9,0.8999999999999999,1.57513,0.3541082999999999,1.9,1.0,2.0,1.0,1.455,0.49595,1.0,0.0,0.0,0.0,0.0,0.0,0.0,0.0,10.0,10.0,5.45,4.959499999999999,10.0,0.0,0.0,0.0,0.0,0.0,0.0,2.0,11.0,9.0,6.905,4.463550000000001,11.0,0.0,1.0,1.0,0.545,0.49595,1.0,0.0,0.0,0.0,0.0,0.0,0.0,0.0,0.0,0.0,0.0,0.0,0.0,0.0,0.0,0.0,0.0,0.0,0.0,0.0,1.0,1.0,0.545,0.49595,1.0,11.07,37.77,26.700000000000003,19.156260000000003,8.8140234,11.07,0.0,0.0,0.0,0.0,0.0,0.0,0.0,0.0,0.0,0.0,0.0,0.0,194.0,225.0,31.0,216.537,12.305201999999998,225.0
Ca22.7 Cu40.9 Mg36.4,12.0,29.0,17.0,20.768999999999995,6.732957999999999,29.0,7.0,68.0,61.0,52.517,20.664718000000004,64.0,24.305,63.546,39.241,43.93504,16.04176528,63.546,923.0,1357.77,434.77,1144.40493,174.53262725999997,1357.77,2.0,11.0,9.0,5.680999999999999,4.350942,11.0,3.0,4.0,1.0,3.636,0.4630080000000001,4.0,132.0,176.0,44.0,145.264,13.954144000000005,132.0,1.0,1.9,0.8999999999999999,1.48094,0.3427910799999999,1.9,1.0,2.0,1.0,1.591,0.4834379999999999,1.0,0.0,0.0,0.0,0.0,0.0,0.0,0.0,10.0,10.0,4.09,4.83438,10.0,0.0,0.0,0.0,0.0,0.0,0.0,2.0,11.0,9.0,5.680999999999999,4.350942,11.0,0.0,1.0,1.0,0.409,0.4834379999999999,1.0,0.0,0.0,0.0,0.0,0.0,0.0,0.0,0.0,0.0,0.0,0.0,0.0,0.0,0.0,0.0,0.0,0.0,0.0,0.0,1.0,1.0,0.409,0.4834379999999999,1.0,11.07,37.77,26.700000000000003,21.433380000000003,8.47724484,11.07,0.0,0.0,0.0,0.0,0.0,0.0,0.0,0.0,0.0,0.0,0.0,0.0,194.0,225.0,31.0,213.716,14.353248000000006,225.0
Ca22.7 Cu45.5 Mg31.8,12.0,29.0,17.0,21.551,6.77859,29.0,7.0,68.0,61.0,52.333,20.581182,64.0,24.305,63.546,39.241,45.740126,16.203345340000002,63.546,923.0,1357.77,434.77,1164.40435,175.96274150000002,1357.77,2.0,11.0,9.0,6.095,4.463550000000001,11.0,3.0,4.0,1.0,3.682,0.4337519999999999,4.0,132.0,176.0,44.0,144.85,14.142099999999996,132.0,1.0,1.9,0.8999999999999999,1.50808,0.3566471999999999,1.9,1.0,2.0,1.0,1.545,0.49595,1.0,0.0,0.0,0.0,0.0,0.0,0.0,0.0,10.0,10.0,4.55,4.9595,10.0,0.0,0.0,0.0,0.0,0.0,0.0,2.0,11.0,9.0,6.095,4.463550000000001,11.0,0.0,1.0,1.0,0.455,0.49595,1.0,0.0,0.0,0.0,0.0,0.0,0.0,0.0,0.0,0.0,0.0,0.0,0.0,0.0,0.0,0.0,0.0,0.0,0.0,0.0,1.0,1.0,0.455,0.49595,1.0,11.07,37.77,26.700000000000003,20.889660000000003,8.9358906,11.07,0.0,0.0,0.0,0.0,0.0,0.0,0.0,0.0,0.0,0.0,0.0,0.0,194.0,225.0,31.0,215.142,13.446312000000002,225.0
Ca27.2 Cu36.4 Mg36.4,12.0,29.0,17.0,20.364,6.287007999999998,12.0,7.0,68.0,61.0,49.952,23.365888,64.0,24.305,63.546,39.241,42.87898,15.04559056,24.305,923.0,1357.77,434.77,1133.48028,163.28291615999998,923.0,2.0,11.0,9.0,5.275999999999999,4.167071999999999,2.0,3.0,4.0,1.0,3.636,0.4630080000000001,3.0,132.0,176.0,44.0,147.244,15.643264,132.0,1.0,1.9,0.8999999999999999,1.4404399999999995,0.3345596799999998,1.31,1.0,2.0,1.0,1.636,0.463008,1.0,0.0,0.0,0.0,0.0,0.0,0.0,0.0,10.0,10.0,3.64,4.63008,0.0,0.0,0.0,0.0,0.0,0.0,0.0,2.0,11.0,9.0,5.275999999999999,4.167071999999999,2.0,0.0,1.0,1.0,0.364,0.463008,0.0,0.0,0.0,0.0,0.0,0.0,0.0,0.0,0.0,0.0,0.0,0.0,0.0,0.0,0.0,0.0,0.0,0.0,0.0,0.0,1.0,1.0,0.364,0.463008,0.0,11.07,37.77,26.700000000000003,22.63488,8.41923264,11.07,0.0,0.0,0.0,0.0,0.0,0.0,0.0,0.0,0.0,0.0,0.0,0.0,194.0,225.0,31.0,213.716,14.353248000000006,194.0
Ca27.2 Cu45.5 Mg27.3,12.0,29.0,17.0,21.911,6.450989999999999,29.0,7.0,68.0,61.0,49.588,23.167872,64.0,24.305,63.546,39.241,46.449911,15.55744099,63.546,923.0,1357.77,434.77,1173.04435,168.10034149999998,1357.77,2.0,11.0,9.0,6.095,4.463550000000001,11.0,3.0,4.0,1.0,3.727,0.3969419999999998,4.0,132.0,176.0,44.0,146.425,16.088800000000006,132.0,1.0,1.9,0.8999999999999999,1.4941300000000002,0.3693416999999999,1.9,1.0,2.0,1.0,1.545,0.49595,1.0,0.0,0.0,0.0,0.0,0.0,0.0,0.0,10.0,10.0,4.55,4.9595,10.0,0.0,0.0,0.0,0.0,0.0,0.0,2.0,11.0,9.0,6.095,4.463550000000001,11.0,0.0,1.0,1.0,0.455,0.49595,1.0,0.0,0.0,0.0,0.0,0.0,0.0,0.0,0.0,0.0,0.0,0.0,0.0,0.0,0.0,0.0,0.0,0.0,0.0,0.0,1.0,1.0,0.455,0.49595,1.0,11.07,37.77,26.700000000000003,21.55926,9.5452266,11.07,0.0,0.0,0.0,0.0,0.0,0.0,0.0,0.0,0.0,0.0,0.0,0.0,194.0,225.0,31.0,216.537,12.305201999999998,225.0
Ca27.3 Cu40.9 Mg31.8,12.0,29.0,17.0,21.137,6.431933999999999,29.0,7.0,68.0,61.0,49.711000000000006,23.320206,64.0,24.305,63.546,39.241,44.660598,15.448258836,63.546,923.0,1357.77,434.77,1153.23693,167.30805125999998,1357.77,2.0,11.0,9.0,5.681,4.350942,11.0,3.0,4.0,1.0,3.682,0.4337519999999999,4.0,132.0,176.0,44.0,146.87400000000002,15.90279600000001,132.0,1.0,1.9,0.8999999999999999,1.46668,0.3544557599999999,1.9,1.0,2.0,1.0,1.591,0.4834379999999999,1.0,0.0,0.0,0.0,0.0,0.0,0.0,0.0,10.0,10.0,4.09,4.83438,10.0,0.0,0.0,0.0,0.0,0.0,0.0,2.0,11.0,9.0,5.681,4.350942,11.0,0.0,1.0,1.0,0.409,0.4834379999999999,1.0,0.0,0.0,0.0,0.0,0.0,0.0,0.0,0.0,0.0,0.0,0.0,0.0,0.0,0.0,0.0,0.0,0.0,0.0,0.0,1.0,1.0,0.409,0.4834379999999999,1.0,11.07,37.77,26.700000000000003,22.11786,9.03714948,11.07,0.0,0.0,0.0,0.0,0.0,0.0,0.0,0.0,0.0,0.0,0.0,0.0,194.0,225.0,31.0,215.142,13.446312000000002,225.0
Ca27.3 Cu50 Mg22.7,12.0,29.0,17.0,22.684,6.316,29.0,7.0,68.0,61.0,49.347,23.121462,64.0,24.305,63.546,39.241,48.231529,15.314471,63.546,923.0,1357.77,434.77,1192.8010000000002,164.96899999999997,1357.77,2.0,11.0,9.0,6.5,4.5,11.0,3.0,4.0,1.0,3.773,0.3509420000000001,4.0,132.0,176.0,44.0,146.055,16.349970000000003,132.0,1.0,1.9,0.8999999999999999,1.52037,0.37963,1.9,1.0,2.0,1.0,1.5,0.5,1.0,0.0,0.0,0.0,0.0,0.0,0.0,0.0,10.0,10.0,5.0,5.0,10.0,0.0,0.0,0.0,0.0,0.0,0.0,2.0,11.0,9.0,6.5,4.5,11.0,0.0,1.0,1.0,0.5,0.5,1.0,0.0,0.0,0.0,0.0,0.0,0.0,0.0,0.0,0.0,0.0,0.0,0.0,0.0,0.0,0.0,0.0,0.0,0.0,0.0,1.0,1.0,0.5,0.5,1.0,11.07,37.77,26.700000000000003,21.042240000000003,9.97224,11.07,0.0,0.0,0.0,0.0,0.0,0.0,0.0,0.0,0.0,0.0,0.0,0.0,194.0,225.0,31.0,217.963,10.879202000000005,225.0
Ca27.3 Cu54.5 Mg18.2,12.0,29.0,17.0,23.449,6.05059,29.0,7.0,68.0,61.0,49.167,23.023182,64.0,24.305,63.546,39.241,49.997374,14.76800234,63.546,923.0,1357.77,434.77,1212.36565,158.49074149999998,1357.77,2.0,11.0,9.0,6.905,4.463550000000001,11.0,3.0,4.0,1.0,3.818,0.2977520000000002,4.0,132.0,176.0,44.0,145.65,16.5711,132.0,1.0,1.9,0.8999999999999999,1.54692,0.3848571999999998,1.9,1.0,2.0,1.0,1.455,0.49595,1.0,0.0,0.0,0.0,0.0,0.0,0.0,0.0,10.0,10.0,5.45,4.9595,10.0,0.0,0.0,0.0,0.0,0.0,0.0,2.0,11.0,9.0,6.905,4.463550000000001,11.0,0.0,1.0,1.0,0.545,0.49595,1.0,0.0,0.0,0.0,0.0,0.0,0.0,0.0,0.0,0.0,0.0,0.0,0.0,0.0,0.0,0.0,0.0,0.0,0.0,0.0,1.0,1.0,0.545,0.49595,1.0,11.07,37.77,26.700000000000003,20.51034,10.289970600000002,11.07,0.0,0.0,0.0,0.0,0.0,0.0,0.0,0.0,0.0,0.0,0.0,0.0,194.0,225.0,31.0,219.358,9.230311999999998,225.0
Ca30 Cu45 Mg25,12.0,29.0,17.0,22.05,6.255,29.0,7.0,68.0,61.0,47.9,24.54,64.0,24.305,63.546,39.241,46.69535,15.165584999999998,63.546,923.0,1357.77,434.77,1176.2465,163.37114999999997,1357.77,2.0,11.0,9.0,6.05,4.455,11.0,3.0,4.0,1.0,3.75,0.375,4.0,132.0,176.0,44.0,147.45,17.13,132.0,1.0,1.9,0.8999999999999999,1.4825,0.3757499999999998,1.9,1.0,2.0,1.0,1.55,0.495,1.0,0.0,0.0,0.0,0.0,0.0,0.0,0.0,10.0,10.0,4.5,4.95,10.0,0.0,0.0,0.0,0.0,0.0,0.0,2.0,11.0,9.0,6.05,4.455,11.0,0.0,1.0,1.0,0.45,0.495,1.0,0.0,0.0,0.0,0.0,0.0,0.0,0.0,0.0,0.0,0.0,0.0,0.0,0.0,0.0,0.0,0.0,0.0,0.0,0.0,1.0,1.0,0.45,0.495,1.0,11.07,37.77,26.700000000000003,22.035,9.8685,11.07,0.0,0.0,0.0,0.0,0.0,0.0,0.0,0.0,0.0,0.0,0.0,0.0,194.0,225.0,31.0,217.25,11.625,225.0
Ca31.8 Cu36.4 Mg31.8,12.0,29.0,17.0,20.732,6.019104,29.0,7.0,68.0,61.0,47.146,25.532856,64.0,24.305,63.546,39.241,43.604538000000005,14.517384336,63.546,923.0,1357.77,434.77,1142.31228,156.85322016,1357.77,2.0,11.0,9.0,5.276,4.167072,11.0,3.0,4.0,1.0,3.682,0.4337519999999999,4.0,132.0,176.0,44.0,148.854,17.264856000000005,132.0,1.0,1.9,0.8999999999999999,1.42618,0.3449409599999999,1.9,1.0,2.0,1.0,1.636,0.463008,1.0,0.0,0.0,0.0,0.0,0.0,0.0,0.0,10.0,10.0,3.64,4.63008,10.0,0.0,0.0,0.0,0.0,0.0,0.0,2.0,11.0,9.0,5.276,4.167072,11.0,0.0,1.0,1.0,0.364,0.463008,1.0,0.0,0.0,0.0,0.0,0.0,0.0,0.0,0.0,0.0,0.0,0.0,0.0,0.0,0.0,0.0,0.0,0.0,0.0,0.0,1.0,1.0,0.364,0.463008,1.0,11.07,37.77,26.700000000000003,23.319360000000003,9.190607040000002,11.07,0.0,0.0,0.0,0.0,0.0,0.0,0.0,0.0,0.0,0.0,0.0,0.0,194.0,225.0,31.0,215.142,13.446312000000002,225.0
Ca31.8 Cu40.9 Mg27.3,12.0,29.0,17.0,21.497,6.137454,29.0,7.0,68.0,61.0,46.966,25.418376,64.0,24.305,63.546,39.241,45.370383,14.867654705999998,63.546,923.0,1357.77,434.77,1161.87693,160.24053125999998,1357.77,2.0,11.0,9.0,5.681,4.350942,11.0,3.0,4.0,1.0,3.727,0.3969419999999998,4.0,132.0,176.0,44.0,148.449,17.522436000000006,132.0,1.0,1.9,0.8999999999999999,1.45273,0.3658668599999999,1.9,1.0,2.0,1.0,1.591,0.483438,1.0,0.0,0.0,0.0,0.0,0.0,0.0,0.0,10.0,10.0,4.09,4.83438,10.0,0.0,0.0,0.0,0.0,0.0,0.0,2.0,11.0,9.0,5.681,4.350942,11.0,0.0,1.0,1.0,0.409,0.483438,1.0,0.0,0.0,0.0,0.0,0.0,0.0,0.0,0.0,0.0,0.0,0.0,0.0,0.0,0.0,0.0,0.0,0.0,0.0,0.0,1.0,1.0,0.409,0.483438,1.0,11.07,37.77,26.700000000000003,22.78746,9.584882280000002,11.07,0.0,0.0,0.0,0.0,0.0,0.0,0.0,0.0,0.0,0.0,0.0,0.0,194.0,225.0,31.0,216.537,12.305201999999998,225.0
Ca31.8 Cu45.5 Mg22.7,12.0,29.0,17.0,22.279,6.11611,29.0,7.0,68.0,61.0,46.782,25.301352,64.0,24.305,63.546,39.241,47.175469,14.897183209999998,63.546,923.0,1357.77,434.77,1181.87635,160.0632215,1357.77,2.0,11.0,9.0,6.095,4.463550000000001,11.0,3.0,4.0,1.0,3.773,0.3509420000000001,4.0,132.0,176.0,44.0,148.035,17.785739999999997,132.0,1.0,1.9,0.8999999999999999,1.47987,0.3823182999999999,1.9,1.0,2.0,1.0,1.545,0.49595,1.0,0.0,0.0,0.0,0.0,0.0,0.0,0.0,10.0,10.0,4.55,4.959499999999999,10.0,0.0,0.0,0.0,0.0,0.0,0.0,2.0,11.0,9.0,6.095,4.463550000000001,11.0,0.0,1.0,1.0,0.455,0.4959499999999999,1.0,0.0,0.0,0.0,0.0,0.0,0.0,0.0,0.0,0.0,0.0,0.0,0.0,0.0,0.0,0.0,0.0,0.0,0.0,0.0,1.0,1.0,0.455,0.4959499999999999,1.0,11.07,37.77,26.700000000000003,22.24374,10.1681034,11.07,0.0,0.0,0.0,0.0,0.0,0.0,0.0,0.0,0.0,0.0,0.0,0.0,194.0,225.0,31.0,217.963,10.879202000000005,225.0
Ca31.8 Cu50 Mg18.2,12.0,29.0,17.0,23.044,5.956,29.0,7.0,68.0,61.0,46.602,25.186872000000005,64.0,24.305,63.546,39.241,48.941314000000006,14.604686,63.546,923.0,1357.77,434.77,1201.441,156.329,1357.77,2.0,11.0,9.0,6.5,4.5,11.0,3.0,4.0,1.0,3.818,0.2977520000000002,4.0,132.0,176.0,44.0,147.63,18.04332,132.0,1.0,1.9,0.8999999999999999,1.50642,0.39358,1.9,1.0,2.0,1.0,1.5,0.5,1.0,0.0,0.0,0.0,0.0,0.0,0.0,0.0,10.0,10.0,5.0,5.0,10.0,0.0,0.0,0.0,0.0,0.0,0.0,2.0,11.0,9.0,6.5,4.5,11.0,0.0,1.0,1.0,0.5,0.5,1.0,0.0,0.0,0.0,0.0,0.0,0.0,0.0,0.0,0.0,0.0,0.0,0.0,0.0,0.0,0.0,0.0,0.0,0.0,0.0,1.0,1.0,0.5,0.5,1.0,11.07,37.77,26.700000000000003,21.71184,10.641840000000002,11.07,0.0,0.0,0.0,0.0,0.0,0.0,0.0,0.0,0.0,0.0,0.0,0.0,194.0,225.0,31.0,219.358,9.230311999999996,225.0
Ca33.33 Cu33.33 Mg33.33,12.0,29.0,17.0,20.33333333333333,5.777777777777777,12.0,7.0,68.0,61.0,46.333333333333336,26.222222222222225,7.0,24.305,63.546,39.241,42.643,13.935333333333332,24.305,923.0,1357.77,434.77,1131.9233333333334,150.56444444444446,923.0,2.0,11.0,9.0,5.0,4.0,2.0,3.0,4.0,1.0,3.666666666666667,0.4444444444444443,3.0,132.0,176.0,44.0,149.66666666666666,17.555555555555554,132.0,1.0,1.9,0.8999999999999999,1.403333333333333,0.331111111111111,1.0,1.0,2.0,1.0,1.6666666666666663,0.4444444444444445,1.0,0.0,0.0,0.0,0.0,0.0,0.0,0.0,10.0,10.0,3.333333333333333,4.444444444444444,0.0,0.0,0.0,0.0,0.0,0.0,0.0,2.0,11.0,9.0,5.0,4.0,2.0,0.0,1.0,1.0,0.3333333333333333,0.4444444444444444,0.0,0.0,0.0,0.0,0.0,0.0,0.0,0.0,0.0,0.0,0.0,0.0,0.0,0.0,0.0,0.0,0.0,0.0,0.0,0.0,1.0,1.0,0.3333333333333333,0.4444444444444444,0.0,11.07,37.77,26.700000000000003,23.91,9.24,11.07,0.0,0.0,0.0,0.0,0.0,0.0,0.0,0.0,0.0,0.0,0.0,0.0,194.0,225.0,31.0,214.66666666666669,13.777777777777771,194.0
Ca35 Cu40 Mg25,12.0,29.0,17.0,21.6,5.92,29.0,7.0,68.0,61.0,45.05,26.635,64.0,24.305,63.546,39.241,45.52195,14.419239999999997,63.546,923.0,1357.77,434.77,1164.108,154.9296,1357.77,2.0,11.0,9.0,5.6,4.32,11.0,3.0,4.0,1.0,3.75,0.375,4.0,132.0,176.0,44.0,149.65,18.445000000000004,132.0,1.0,1.9,0.8999999999999999,1.4375,0.37,1.9,1.0,2.0,1.0,1.6,0.48,1.0,0.0,0.0,0.0,0.0,0.0,0.0,0.0,10.0,10.0,4.0,4.8,10.0,0.0,0.0,0.0,0.0,0.0,0.0,2.0,11.0,9.0,5.6,4.32,11.0,0.0,1.0,1.0,0.4,0.48,1.0,0.0,0.0,0.0,0.0,0.0,0.0,0.0,0.0,0.0,0.0,0.0,0.0,0.0,0.0,0.0,0.0,0.0,0.0,0.0,1.0,1.0,0.4,0.48,1.0,11.07,37.77,26.700000000000003,23.37,10.08,11.07,0.0,0.0,0.0,0.0,0.0,0.0,0.0,0.0,0.0,0.0,0.0,0.0,194.0,225.0,31.0,217.25,11.625,225.0
Ca36.4 Cu36.4 Mg27.2,12.0,29.0,17.0,21.1,5.751200000000001,20.0,7.0,68.0,61.0,44.34,27.18352,7.0,24.305,63.546,39.241,44.330096,13.989178111999998,40.078,923.0,1357.77,434.77,1151.1442799999998,150.42352415999991,1115.0,2.0,11.0,9.0,5.276,4.167072,2.0,3.0,4.0,1.0,3.728,0.3960320000000001,4.0,132.0,176.0,44.0,150.46400000000003,18.590208000000008,132.0,1.0,1.9,0.8999999999999999,1.41192,0.3553222399999999,1.0,1.0,2.0,1.0,1.636,0.463008,1.0,0.0,0.0,0.0,0.0,0.0,0.0,0.0,10.0,10.0,3.64,4.63008,0.0,0.0,0.0,0.0,0.0,0.0,0.0,2.0,11.0,9.0,5.276,4.167072,2.0,0.0,1.0,1.0,0.364,0.463008,0.0,0.0,0.0,0.0,0.0,0.0,0.0,0.0,0.0,0.0,0.0,0.0,0.0,0.0,0.0,0.0,0.0,0.0,0.0,0.0,1.0,1.0,0.364,0.463008,0.0,11.07,37.77,26.700000000000003,24.00384,10.02176448,11.07,0.0,0.0,0.0,0.0,0.0,0.0,0.0,0.0,0.0,0.0,0.0,0.0,194.0,225.0,31.0,216.568,12.276992000000009,225.0
Ca36.4 Cu40.9 Mg22.7,12.0,29.0,17.0,21.865,5.836429999999999,29.0,7.0,68.0,61.0,44.16,27.05248,64.0,24.305,63.546,39.241,46.095941,14.274148262,63.546,923.0,1357.77,434.77,1170.70893,153.01595525999997,1357.77,2.0,11.0,9.0,5.680999999999999,4.350942,11.0,3.0,4.0,1.0,3.773,0.3509420000000001,4.0,132.0,176.0,44.0,150.05900000000003,18.885048000000005,132.0,1.0,1.9,0.8999999999999999,1.4384699999999997,0.3775315399999999,1.9,1.0,2.0,1.0,1.591,0.483438,1.0,0.0,0.0,0.0,0.0,0.0,0.0,0.0,10.0,10.0,4.09,4.83438,10.0,0.0,0.0,0.0,0.0,0.0,0.0,2.0,11.0,9.0,5.680999999999999,4.350942,11.0,0.0,1.0,1.0,0.409,0.483438,1.0,0.0,0.0,0.0,0.0,0.0,0.0,0.0,0.0,0.0,0.0,0.0,0.0,0.0,0.0,0.0,0.0,0.0,0.0,0.0,1.0,1.0,0.409,0.483438,1.0,11.07,37.77,26.700000000000003,23.47194,10.40898768,11.07,0.0,0.0,0.0,0.0,0.0,0.0,0.0,0.0,0.0,0.0,0.0,0.0,194.0,225.0,31.0,217.963,10.879202000000005,225.0
Ca36.4 Cu45.5 Mg18.1,12.0,29.0,17.0,22.647,5.781230000000001,29.0,7.0,68.0,61.0,43.976000000000006,26.918527999999995,64.0,24.305,63.546,39.241,47.901027000000006,14.23692543,63.546,923.0,1357.77,434.77,1190.70835,152.0261015,1357.77,2.0,11.0,9.0,6.095,4.463550000000001,11.0,3.0,4.0,1.0,3.819,0.2964779999999997,4.0,132.0,176.0,44.0,149.645,19.18644,132.0,1.0,1.9,0.8999999999999999,1.46561,0.3952948999999999,1.9,1.0,2.0,1.0,1.545,0.49595,1.0,0.0,0.0,0.0,0.0,0.0,0.0,0.0,10.0,10.0,4.55,4.9595,10.0,0.0,0.0,0.0,0.0,0.0,0.0,2.0,11.0,9.0,6.095,4.463550000000001,11.0,0.0,1.0,1.0,0.455,0.49595,1.0,0.0,0.0,0.0,0.0,0.0,0.0,0.0,0.0,0.0,0.0,0.0,0.0,0.0,0.0,0.0,0.0,0.0,0.0,0.0,1.0,1.0,0.455,0.49595,1.0,11.07,37.77,26.700000000000003,22.92822,10.804815839999998,11.07,0.0,0.0,0.0,0.0,0.0,0.0,0.0,0.0,0.0,0.0,0.0,0.0,194.0,225.0,31.0,219.389,9.190817999999991,225.0
Ca40 Cu30 Mg30,12.0,29.0,17.0,20.3,5.22,20.0,7.0,68.0,61.0,42.4,28.32,7.0,24.305,63.546,39.241,42.3865,12.695699999999997,40.078,923.0,1357.77,434.77,1130.231,136.5234,1115.0,2.0,11.0,9.0,4.7,3.78,2.0,3.0,4.0,1.0,3.7,0.4199999999999999,4.0,132.0,176.0,44.0,152.3,18.960000000000004,176.0,1.0,1.9,0.8999999999999999,1.3630000000000002,0.3222,1.0,1.0,2.0,1.0,1.7,0.42,2.0,0.0,0.0,0.0,0.0,0.0,0.0,0.0,10.0,10.0,3.0,4.2,0.0,0.0,0.0,0.0,0.0,0.0,0.0,2.0,11.0,9.0,4.7,3.78,2.0,0.0,1.0,1.0,0.3,0.42,0.0,0.0,0.0,0.0,0.0,0.0,0.0,0.0,0.0,0.0,0.0,0.0,0.0,0.0,0.0,0.0,0.0,0.0,0.0,0.0,1.0,1.0,0.3,0.42,0.0,11.07,37.77,26.700000000000003,25.296000000000003,9.979200000000002,37.77,0.0,0.0,0.0,0.0,0.0,0.0,0.0,0.0,0.0,0.0,0.0,0.0,194.0,225.0,31.0,215.7,13.020000000000003,225.0
Ca40 Cu35 Mg25,12.0,29.0,17.0,21.15,5.495,20.0,7.0,68.0,61.0,42.2,28.16,7.0,24.305,63.546,39.241,44.34855,13.438215,40.078,923.0,1357.77,434.77,1151.9695,144.06034999999997,1115.0,2.0,11.0,9.0,5.15,4.095,2.0,3.0,4.0,1.0,3.75,0.375,4.0,132.0,176.0,44.0,151.85,19.32,176.0,1.0,1.9,0.8999999999999999,1.3925,0.35525,1.0,1.0,2.0,1.0,1.65,0.455,2.0,0.0,0.0,0.0,0.0,0.0,0.0,0.0,10.0,10.0,3.5,4.55,0.0,0.0,0.0,0.0,0.0,0.0,0.0,2.0,11.0,9.0,5.15,4.095,2.0,0.0,1.0,1.0,0.35,0.455,0.0,0.0,0.0,0.0,0.0,0.0,0.0,0.0,0.0,0.0,0.0,0.0,0.0,0.0,0.0,0.0,0.0,0.0,0.0,0.0,1.0,1.0,0.35,0.455,0.0,11.07,37.77,26.700000000000003,24.705,10.452,37.77,0.0,0.0,0.0,0.0,0.0,0.0,0.0,0.0,0.0,0.0,0.0,0.0,194.0,225.0,31.0,217.25,11.625,225.0
Ca40.9 Cu40.9 Mg18.2,12.0,29.0,17.0,22.225,5.541949999999999,20.0,7.0,68.0,61.0,41.415,28.15147,7.0,24.305,63.546,39.241,46.80572599999999,13.693544131999998,40.078,923.0,1357.77,434.77,1179.34893,145.94843526,1115.0,2.0,11.0,9.0,5.680999999999999,4.350942,2.0,3.0,4.0,1.0,3.818,0.2977520000000002,4.0,132.0,176.0,44.0,151.634,19.931388,132.0,1.0,1.9,0.8999999999999999,1.42452,0.3889426399999999,1.0,1.0,2.0,1.0,1.591,0.483438,1.0,0.0,0.0,0.0,0.0,0.0,0.0,0.0,10.0,10.0,4.09,4.83438,0.0,0.0,0.0,0.0,0.0,0.0,0.0,2.0,11.0,9.0,5.680999999999999,4.350942,2.0,0.0,1.0,1.0,0.409,0.4834379999999998,0.0,0.0,0.0,0.0,0.0,0.0,0.0,0.0,0.0,0.0,0.0,0.0,0.0,0.0,0.0,0.0,0.0,0.0,0.0,0.0,1.0,1.0,0.409,0.4834379999999998,0.0,11.07,37.77,26.700000000000003,24.14154,11.148080280000002,11.07,0.0,0.0,0.0,0.0,0.0,0.0,0.0,0.0,0.0,0.0,0.0,0.0,194.0,225.0,31.0,219.358,9.230311999999996,225.0
Ca45 Cu25 Mg30,12.0,29.0,17.0,19.85,4.71,20.0,7.0,68.0,61.0,39.55,29.295,7.0,24.305,63.546,39.241,41.2131,11.16645,40.078,923.0,1357.77,434.77,1118.0925,119.83874999999998,1115.0,2.0,11.0,9.0,4.25,3.375,2.0,3.0,4.0,1.0,3.7,0.42,4.0,132.0,176.0,44.0,154.5,19.35,176.0,1.0,1.9,0.8999999999999999,1.318,0.291,1.0,1.0,2.0,1.0,1.75,0.375,2.0,0.0,0.0,0.0,0.0,0.0,0.0,0.0,10.0,10.0,2.5,3.75,0.0,0.0,0.0,0.0,0.0,0.0,0.0,2.0,11.0,9.0,4.25,3.375,2.0,0.0,1.0,1.0,0.25,0.375,0.0,0.0,0.0,0.0,0.0,0.0,0.0,0.0,0.0,0.0,0.0,0.0,0.0,0.0,0.0,0.0,0.0,0.0,0.0,0.0,1.0,1.0,0.25,0.375,0.0,11.07,37.77,26.700000000000003,26.631000000000004,10.025100000000002,37.77,0.0,0.0,0.0,0.0,0.0,0.0,0.0,0.0,0.0,0.0,0.0,0.0,194.0,225.0,31.0,215.7,13.020000000000003,225.0
Ca45 Cu30 Mg25,12.0,29.0,17.0,20.7,4.98,20.0,7.0,68.0,61.0,39.35,29.115,7.0,24.305,63.546,39.241,43.17515,12.22251,40.078,923.0,1357.77,434.77,1139.831,130.76340000000005,1115.0,2.0,11.0,9.0,4.7,3.78,2.0,3.0,4.0,1.0,3.75,0.375,4.0,132.0,176.0,44.0,154.05,19.755000000000003,176.0,1.0,1.9,0.8999999999999999,1.3475,0.3314999999999999,1.0,1.0,2.0,1.0,1.7,0.42,2.0,0.0,0.0,0.0,0.0,0.0,0.0,0.0,10.0,10.0,3.0,4.2,0.0,0.0,0.0,0.0,0.0,0.0,0.0,2.0,11.0,9.0,4.7,3.78,2.0,0.0,1.0,1.0,0.3,0.42,0.0,0.0,0.0,0.0,0.0,0.0,0.0,0.0,0.0,0.0,0.0,0.0,0.0,0.0,0.0,0.0,0.0,0.0,0.0,0.0,1.0,1.0,0.3,0.42,0.0,11.07,37.77,26.700000000000003,26.04,10.557,37.77,0.0,0.0,0.0,0.0,0.0,0.0,0.0,0.0,0.0,0.0,0.0,0.0,194.0,225.0,31.0,217.25,11.625,225.0
Ca45 Cu36 Mg19,12.0,29.0,17.0,21.72,5.2416,20.0,7.0,68.0,61.0,39.11,28.899,7.0,24.305,63.546,39.241,45.529610000000005,12.9718008,40.078,923.0,1357.77,434.77,1165.9172,138.134016,1115.0,2.0,11.0,9.0,5.24,4.1472,2.0,3.0,4.0,1.0,3.81,0.3077999999999999,4.0,132.0,176.0,44.0,153.51,20.241,176.0,1.0,1.9,0.8999999999999999,1.3829,0.3723119999999999,1.0,1.0,2.0,1.0,1.64,0.4608,2.0,0.0,0.0,0.0,0.0,0.0,0.0,0.0,10.0,10.0,3.6,4.608,0.0,0.0,0.0,0.0,0.0,0.0,0.0,2.0,11.0,9.0,5.24,4.1472,2.0,0.0,1.0,1.0,0.36,0.4608,0.0,0.0,0.0,0.0,0.0,0.0,0.0,0.0,0.0,0.0,0.0,0.0,0.0,0.0,0.0,0.0,0.0,0.0,0.0,0.0,1.0,1.0,0.36,0.4608,0.0,11.07,37.77,26.700000000000003,25.3308,11.19528,37.77,0.0,0.0,0.0,0.0,0.0,0.0,0.0,0.0,0.0,0.0,0.0,0.0,194.0,225.0,31.0,219.11,9.541799999999991,225.0
Ca47 Cu27 Mg19 Zn7,12.0,30.0,18.0,21.61,5.1652,20.0,7.0,69.0,62.0,38.32,29.4408,7.0,24.305,65.38,41.075,45.18863,12.7397716,40.078,692.68,1357.77,665.09,1114.5055,131.82766,1115.0,2.0,12.0,10.0,5.13,4.131600000000001,2.0,3.0,4.0,1.0,3.81,0.3077999999999999,4.0,122.0,176.0,54.0,153.69,20.9714,176.0,1.0,1.9,0.8999999999999999,1.3474000000000002,0.340768,1.0,1.0,2.0,1.0,1.73,0.3942000000000001,2.0,0.0,0.0,0.0,0.0,0.0,0.0,0.0,10.0,10.0,3.4,4.488,0.0,0.0,0.0,0.0,0.0,0.0,0.0,2.0,12.0,10.0,5.13,4.131600000000001,2.0,0.0,1.0,1.0,0.27,0.3942000000000001,0.0,0.0,0.0,0.0,0.0,0.0,0.0,0.0,0.0,0.0,0.0,0.0,0.0,0.0,0.0,0.0,0.0,0.0,0.0,0.0,1.0,1.0,0.27,0.3942000000000001,0.0,11.07,37.77,26.700000000000003,26.0671,11.000726,37.77,0.0,0.0,0.0,0.0,0.0,0.0,0.0,0.0,0.0,0.0,0.0,0.0,194.0,225.0,31.0,216.94,11.9288,225.0
Ca47.5 Cu30 Mg22.5,12.0,29.0,17.0,20.9,4.86,20.0,7.0,68.0,61.0,37.825,29.28375,7.0,24.305,63.546,39.241,43.569475,11.985915,40.078,923.0,1357.77,434.77,1144.631,127.88340000000002,1115.0,2.0,11.0,9.0,4.7,3.78,2.0,3.0,4.0,1.0,3.775,0.34875,4.0,132.0,176.0,44.0,154.925,20.02125,176.0,1.0,1.9,0.8999999999999999,1.33975,0.3361499999999999,1.0,1.0,2.0,1.0,1.7,0.42,2.0,0.0,0.0,0.0,0.0,0.0,0.0,0.0,10.0,10.0,3.0,4.2,0.0,0.0,0.0,0.0,0.0,0.0,0.0,2.0,11.0,9.0,4.7,3.78,2.0,0.0,1.0,1.0,0.3,0.42,0.0,0.0,0.0,0.0,0.0,0.0,0.0,0.0,0.0,0.0,0.0,0.0,0.0,0.0,0.0,0.0,0.0,0.0,0.0,0.0,1.0,1.0,0.3,0.42,0.0,11.07,37.77,26.700000000000003,26.412000000000003,10.790100000000002,37.77,0.0,0.0,0.0,0.0,0.0,0.0,0.0,0.0,0.0,0.0,0.0,0.0,194.0,225.0,31.0,218.025,10.811249999999996,225.0
Ca50 Cu10 Mg25 Zn15,12.0,30.0,18.0,20.4,4.599999999999999,20.0,7.0,69.0,62.0,37.25,30.25,7.0,24.305,65.38,41.075,42.27685,11.184775,40.078,692.68,1357.77,665.09,1027.929,153.03920000000005,1115.0,2.0,12.0,10.0,4.4,3.6,2.0,3.0,4.0,1.0,3.75,0.375,4.0,122.0,176.0,54.0,154.75,21.25,176.0,1.0,1.9,0.8999999999999999,1.265,0.265,1.0,1.0,2.0,1.0,1.9,0.18,2.0,0.0,0.0,0.0,0.0,0.0,0.0,0.0,10.0,10.0,2.5,3.75,0.0,0.0,0.0,0.0,0.0,0.0,0.0,2.0,12.0,10.0,4.4,3.6,2.0,0.0,1.0,1.0,0.1,0.18,0.0,0.0,0.0,0.0,0.0,0.0,0.0,0.0,0.0,0.0,0.0,0.0,0.0,0.0,0.0,0.0,0.0,0.0,0.0,0.0,1.0,1.0,0.1,0.18,0.0,11.07,37.77,26.700000000000003,27.8085,9.9615,37.77,0.0,0.0,0.0,0.0,0.0,0.0,0.0,0.0,0.0,0.0,0.0,0.0,194.0,225.0,31.0,212.6,14.88,225.0
Ca50 Cu20 Mg30,12.0,29.0,17.0,19.4,4.44,20.0,7.0,68.0,61.0,36.7,29.7,7.0,24.305,63.546,39.241,40.0397,9.44082,40.078,923.0,1357.77,434.77,1105.954,109.77240000000002,1115.0,2.0,11.0,9.0,3.8,2.88,2.0,3.0,4.0,1.0,3.7,0.4199999999999999,4.0,132.0,176.0,44.0,156.7,19.3,176.0,1.0,1.9,0.8999999999999999,1.273,0.2729999999999999,1.0,1.0,2.0,1.0,1.8,0.32,2.0,0.0,0.0,0.0,0.0,0.0,0.0,0.0,10.0,10.0,2.0,3.2,0.0,0.0,0.0,0.0,0.0,0.0,0.0,2.0,11.0,9.0,3.8,2.88,2.0,0.0,1.0,1.0,0.2,0.32,0.0,0.0,0.0,0.0,0.0,0.0,0.0,0.0,0.0,0.0,0.0,0.0,0.0,0.0,0.0,0.0,0.0,0.0,0.0,0.0,1.0,1.0,0.2,0.32,0.0,11.07,37.77,26.700000000000003,27.966000000000005,9.804,37.77,0.0,0.0,0.0,0.0,0.0,0.0,0.0,0.0,0.0,0.0,0.0,0.0,194.0,225.0,31.0,215.7,13.020000000000003,225.0
Ca50 Cu25 Mg10 Zn15,12.0,30.0,18.0,22.95,5.14,20.0,7.0,69.0,62.0,36.65,29.65,7.0,24.305,65.38,41.075,48.163,12.856599999999998,40.078,692.68,1357.77,665.09,1093.1445,154.16825000000006,1115.0,2.0,12.0,10.0,5.75,4.5,2.0,3.0,4.0,1.0,3.9,0.18,4.0,122.0,176.0,54.0,153.4,22.6,176.0,1.0,1.9,0.8999999999999999,1.3535,0.3621999999999999,1.0,1.0,2.0,1.0,1.75,0.375,2.0,0.0,0.0,0.0,0.0,0.0,0.0,0.0,10.0,10.0,4.0,4.8,0.0,0.0,0.0,0.0,0.0,0.0,0.0,2.0,12.0,10.0,5.75,4.5,2.0,0.0,1.0,1.0,0.25,0.375,0.0,0.0,0.0,0.0,0.0,0.0,0.0,0.0,0.0,0.0,0.0,0.0,0.0,0.0,0.0,0.0,0.0,0.0,0.0,0.0,1.0,1.0,0.25,0.375,0.0,11.07,37.77,26.700000000000003,26.035500000000003,11.7345,37.77,0.0,0.0,0.0,0.0,0.0,0.0,0.0,0.0,0.0,0.0,0.0,0.0,194.0,225.0,31.0,217.25,11.625,225.0
Ca50 Cu25 Mg15 Zn10,12.0,30.0,18.0,22.05,5.065,20.0,7.0,69.0,62.0,36.6,29.6,7.0,24.305,65.38,41.075,46.10925,12.572525,40.078,692.68,1357.77,665.09,1104.6605,136.89425000000003,1115.0,2.0,12.0,10.0,5.25,4.225,2.0,3.0,4.0,1.0,3.85,0.2549999999999999,4.0,122.0,176.0,54.0,154.35,21.65,176.0,1.0,1.9,0.8999999999999999,1.3365,0.34445,1.0,1.0,2.0,1.0,1.75,0.375,2.0,0.0,0.0,0.0,0.0,0.0,0.0,0.0,10.0,10.0,3.5,4.55,0.0,0.0,0.0,0.0,0.0,0.0,0.0,2.0,12.0,10.0,5.25,4.225,2.0,0.0,1.0,1.0,0.25,0.375,0.0,0.0,0.0,0.0,0.0,0.0,0.0,0.0,0.0,0.0,0.0,0.0,0.0,0.0,0.0,0.0,0.0,0.0,0.0,0.0,1.0,1.0,0.25,0.375,0.0,11.07,37.77,26.700000000000003,26.482,11.288000000000002,37.77,0.0,0.0,0.0,0.0,0.0,0.0,0.0,0.0,0.0,0.0,0.0,0.0,194.0,225.0,31.0,217.25,11.625,225.0
Ca50 Cu25 Mg20 Zn5,12.0,30.0,18.0,21.15,4.809999999999999,20.0,7.0,69.0,62.0,36.55,29.55,7.0,24.305,65.38,41.075,44.0555,11.877699999999995,40.078,692.68,1357.77,665.09,1116.1765,120.79675000000002,1115.0,2.0,12.0,10.0,4.75,3.85,2.0,3.0,4.0,1.0,3.8,0.3200000000000001,4.0,122.0,176.0,54.0,155.3,20.7,176.0,1.0,1.9,0.8999999999999999,1.3195,0.3233,1.0,1.0,2.0,1.0,1.75,0.375,2.0,0.0,0.0,0.0,0.0,0.0,0.0,0.0,10.0,10.0,3.0,4.2,0.0,0.0,0.0,0.0,0.0,0.0,0.0,2.0,12.0,10.0,4.75,3.85,2.0,0.0,1.0,1.0,0.25,0.375,0.0,0.0,0.0,0.0,0.0,0.0,0.0,0.0,0.0,0.0,0.0,0.0,0.0,0.0,0.0,0.0,0.0,0.0,0.0,0.0,1.0,1.0,0.25,0.375,0.0,11.07,37.77,26.700000000000003,26.928500000000003,10.841500000000003,37.77,0.0,0.0,0.0,0.0,0.0,0.0,0.0,0.0,0.0,0.0,0.0,0.0,194.0,225.0,31.0,217.25,11.625,225.0
Ca50 Cu25 Mg25,12.0,29.0,17.0,20.25,4.375,20.0,7.0,68.0,61.0,36.5,29.5,7.0,24.305,63.546,39.241,42.00175,10.772125,40.078,923.0,1357.77,434.77,1127.6925,115.03875000000004,1115.0,2.0,11.0,9.0,4.25,3.375,2.0,3.0,4.0,1.0,3.75,0.375,4.0,132.0,176.0,44.0,156.25,19.75,176.0,1.0,1.9,0.8999999999999999,1.3025,0.3025,1.0,1.0,2.0,1.0,1.75,0.375,2.0,0.0,0.0,0.0,0.0,0.0,0.0,0.0,10.0,10.0,2.5,3.75,0.0,0.0,0.0,0.0,0.0,0.0,0.0,2.0,11.0,9.0,4.25,3.375,2.0,0.0,1.0,1.0,0.25,0.375,0.0,0.0,0.0,0.0,0.0,0.0,0.0,0.0,0.0,0.0,0.0,0.0,0.0,0.0,0.0,0.0,0.0,0.0,0.0,0.0,1.0,1.0,0.25,0.375,0.0,11.07,37.77,26.700000000000003,27.375,10.395,37.77,0.0,0.0,0.0,0.0,0.0,0.0,0.0,0.0,0.0,0.0,0.0,0.0,194.0,225.0,31.0,217.25,11.625,225.0
Ca50 Cu27.5 Mg22.5,12.0,29.0,17.0,20.675,4.57875,20.0,7.0,68.0,61.0,36.4,29.4,7.0,24.305,63.546,39.241,42.982775,11.30977375,40.078,923.0,1357.77,434.77,1138.56175,120.56453750000004,1115.0,2.0,11.0,9.0,4.475,3.58875,2.0,3.0,4.0,1.0,3.775,0.34875,4.0,132.0,176.0,44.0,156.025,19.975,176.0,1.0,1.9,0.8999999999999999,1.31725,0.3205125,1.0,1.0,2.0,1.0,1.725,0.39875,2.0,0.0,0.0,0.0,0.0,0.0,0.0,0.0,10.0,10.0,2.75,3.9875,0.0,0.0,0.0,0.0,0.0,0.0,0.0,2.0,11.0,9.0,4.475,3.58875,2.0,0.0,1.0,1.0,0.275,0.39875,0.0,0.0,0.0,0.0,0.0,0.0,0.0,0.0,0.0,0.0,0.0,0.0,0.0,0.0,0.0,0.0,0.0,0.0,0.0,0.0,1.0,1.0,0.275,0.39875,0.0,11.07,37.77,26.700000000000003,27.079500000000003,10.690500000000002,37.77,0.0,0.0,0.0,0.0,0.0,0.0,0.0,0.0,0.0,0.0,0.0,0.0,194.0,225.0,31.0,218.025,10.811249999999996,225.0
Ca50 Cu30 Mg20,12.0,29.0,17.0,21.1,4.74,20.0,7.0,68.0,61.0,36.3,29.3,7.0,24.305,63.546,39.241,43.9638,11.749319999999996,40.078,923.0,1357.77,434.77,1149.431,125.0034,1115.0,2.0,11.0,9.0,4.7,3.78,2.0,3.0,4.0,1.0,3.8,0.3200000000000001,4.0,132.0,176.0,44.0,155.8,20.2,176.0,1.0,1.9,0.8999999999999999,1.332,0.3408,1.0,1.0,2.0,1.0,1.7,0.42,2.0,0.0,0.0,0.0,0.0,0.0,0.0,0.0,10.0,10.0,3.0,4.2,0.0,0.0,0.0,0.0,0.0,0.0,0.0,2.0,11.0,9.0,4.7,3.78,2.0,0.0,1.0,1.0,0.3,0.42,0.0,0.0,0.0,0.0,0.0,0.0,0.0,0.0,0.0,0.0,0.0,0.0,0.0,0.0,0.0,0.0,0.0,0.0,0.0,0.0,1.0,1.0,0.3,0.42,0.0,11.07,37.77,26.700000000000003,26.78400000000001,10.986,37.77,0.0,0.0,0.0,0.0,0.0,0.0,0.0,0.0,0.0,0.0,0.0,0.0,194.0,225.0,31.0,218.8,9.919999999999993,225.0
Ca53 Cu24 Mg23,12.0,29.0,17.0,20.32,4.166399999999999,20.0,7.0,68.0,61.0,34.71,29.3726,7.0,24.305,63.546,39.241,42.082530000000006,10.3024656,40.078,923.0,1357.77,434.77,1129.1048,109.75929600000003,1115.0,2.0,11.0,9.0,4.16,3.2832,2.0,3.0,4.0,1.0,3.77,0.3542,4.0,132.0,176.0,44.0,157.39,19.726600000000005,176.0,1.0,1.9,0.8999999999999999,1.2873,0.304538,1.0,1.0,2.0,1.0,1.76,0.3648,2.0,0.0,0.0,0.0,0.0,0.0,0.0,0.0,10.0,10.0,2.4,3.648,0.0,0.0,0.0,0.0,0.0,0.0,0.0,2.0,11.0,9.0,4.16,3.2832,2.0,0.0,1.0,1.0,0.24,0.3648,0.0,0.0,0.0,0.0,0.0,0.0,0.0,0.0,0.0,0.0,0.0,0.0,0.0,0.0,0.0,0.0,0.0,0.0,0.0,0.0,1.0,1.0,0.24,0.3648,0.0,11.07,37.77,26.700000000000003,27.9396,10.420224,37.77,0.0,0.0,0.0,0.0,0.0,0.0,0.0,0.0,0.0,0.0,0.0,0.0,194.0,225.0,31.0,217.87,10.980199999999998,225.0
Ca55 Cu20 Mg25,12.0,29.0,17.0,19.8,3.9,20.0,7.0,68.0,61.0,33.65,29.315,7.0,24.305,63.546,39.241,40.82835,9.087059999999996,40.078,923.0,1357.77,434.77,1115.554,96.88639999999992,1115.0,2.0,11.0,9.0,3.8,2.88,2.0,3.0,4.0,1.0,3.75,0.375,4.0,132.0,176.0,44.0,158.45,19.305000000000003,176.0,1.0,1.9,0.8999999999999999,1.2575,0.28325,1.0,1.0,2.0,1.0,1.8,0.32,2.0,0.0,0.0,0.0,0.0,0.0,0.0,0.0,10.0,10.0,2.0,3.2,0.0,0.0,0.0,0.0,0.0,0.0,0.0,2.0,11.0,9.0,3.8,2.88,2.0,0.0,1.0,1.0,0.2,0.32,0.0,0.0,0.0,0.0,0.0,0.0,0.0,0.0,0.0,0.0,0.0,0.0,0.0,0.0,0.0,0.0,0.0,0.0,0.0,0.0,1.0,1.0,0.2,0.32,0.0,11.07,37.77,26.700000000000003,28.710000000000004,9.966,37.77,0.0,0.0,0.0,0.0,0.0,0.0,0.0,0.0,0.0,0.0,0.0,0.0,194.0,225.0,31.0,217.25,11.625,225.0
Ca55 Cu23 Mg11 Zn11,12.0,30.0,18.0,22.29,4.7828,20.0,7.0,69.0,62.0,33.64,29.304,7.0,24.305,65.38,41.075,46.52383,11.978555599999996,40.078,692.68,1357.77,665.09,1103.2619,129.98563600000003,1115.0,2.0,12.0,10.0,5.17,4.1844,2.0,3.0,4.0,1.0,3.89,0.1957999999999998,4.0,122.0,176.0,54.0,156.09,21.901,176.0,1.0,1.9,0.8999999999999999,1.3126,0.3444319999999999,1.0,1.0,2.0,1.0,1.77,0.3542,2.0,0.0,0.0,0.0,0.0,0.0,0.0,0.0,10.0,10.0,3.4,4.488,0.0,0.0,0.0,0.0,0.0,0.0,0.0,2.0,12.0,10.0,5.17,4.1844,2.0,0.0,1.0,1.0,0.23,0.3542,0.0,0.0,0.0,0.0,0.0,0.0,0.0,0.0,0.0,0.0,0.0,0.0,0.0,0.0,0.0,0.0,0.0,0.0,0.0,0.0,1.0,1.0,0.23,0.3542,0.0,11.07,37.77,26.700000000000003,27.373100000000004,11.43659,37.77,0.0,0.0,0.0,0.0,0.0,0.0,0.0,0.0,0.0,0.0,0.0,0.0,194.0,225.0,31.0,218.18,10.639199999999995,225.0
Ca55 Cu25 Mg20,12.0,29.0,17.0,20.65,4.174999999999999,20.0,7.0,68.0,61.0,33.45,29.095,7.0,24.305,63.546,39.241,42.7904,10.377799999999995,40.078,923.0,1357.77,434.77,1137.2925,110.23875,1115.0,2.0,11.0,9.0,4.25,3.375,2.0,3.0,4.0,1.0,3.8,0.3200000000000001,4.0,132.0,176.0,44.0,158.0,19.8,176.0,1.0,1.9,0.8999999999999999,1.287,0.3157,1.0,1.0,2.0,1.0,1.75,0.375,2.0,0.0,0.0,0.0,0.0,0.0,0.0,0.0,10.0,10.0,2.5,3.75,0.0,0.0,0.0,0.0,0.0,0.0,0.0,2.0,11.0,9.0,4.25,3.375,2.0,0.0,1.0,1.0,0.25,0.375,0.0,0.0,0.0,0.0,0.0,0.0,0.0,0.0,0.0,0.0,0.0,0.0,0.0,0.0,0.0,0.0,0.0,0.0,0.0,0.0,1.0,1.0,0.25,0.375,0.0,11.07,37.77,26.700000000000003,28.119000000000007,10.6161,37.77,0.0,0.0,0.0,0.0,0.0,0.0,0.0,0.0,0.0,0.0,0.0,0.0,194.0,225.0,31.0,218.8,9.919999999999993,225.0
Ca55 Cu30 Mg15,12.0,29.0,17.0,21.5,4.5,20.0,7.0,68.0,61.0,33.25,28.875,7.0,24.305,63.546,39.241,44.75245,11.276129999999998,40.078,923.0,1357.77,434.77,1159.031,119.24339999999997,1115.0,2.0,11.0,9.0,4.7,3.78,2.0,3.0,4.0,1.0,3.85,0.2549999999999999,4.0,132.0,176.0,44.0,157.55,20.295,176.0,1.0,1.9,0.8999999999999999,1.3165,0.3500999999999999,1.0,1.0,2.0,1.0,1.7,0.42,2.0,0.0,0.0,0.0,0.0,0.0,0.0,0.0,10.0,10.0,3.0,4.2,0.0,0.0,0.0,0.0,0.0,0.0,0.0,2.0,11.0,9.0,4.7,3.78,2.0,0.0,1.0,1.0,0.3,0.42,0.0,0.0,0.0,0.0,0.0,0.0,0.0,0.0,0.0,0.0,0.0,0.0,0.0,0.0,0.0,0.0,0.0,0.0,0.0,0.0,1.0,1.0,0.3,0.42,0.0,11.07,37.77,26.700000000000003,27.528,11.2662,37.77,0.0,0.0,0.0,0.0,0.0,0.0,0.0,0.0,0.0,0.0,0.0,0.0,194.0,225.0,31.0,220.35,7.905000000000004,225.0
Ca55 Cu35 Mg10,12.0,29.0,17.0,22.35,4.655,20.0,7.0,68.0,61.0,33.05,28.655,7.0,24.305,63.546,39.241,46.7145,11.78205,40.078,923.0,1357.77,434.77,1180.7695,123.90034999999996,1115.0,2.0,11.0,9.0,5.15,4.095,2.0,3.0,4.0,1.0,3.9,0.18,4.0,132.0,176.0,44.0,157.1,20.79,176.0,1.0,1.9,0.8999999999999999,1.346,0.3877999999999999,1.0,1.0,2.0,1.0,1.65,0.455,2.0,0.0,0.0,0.0,0.0,0.0,0.0,0.0,10.0,10.0,3.5,4.55,0.0,0.0,0.0,0.0,0.0,0.0,0.0,2.0,11.0,9.0,5.15,4.095,2.0,0.0,1.0,1.0,0.35,0.455,0.0,0.0,0.0,0.0,0.0,0.0,0.0,0.0,0.0,0.0,0.0,0.0,0.0,0.0,0.0,0.0,0.0,0.0,0.0,0.0,1.0,1.0,0.35,0.455,0.0,11.07,37.77,26.700000000000003,26.937,11.9163,37.77,0.0,0.0,0.0,0.0,0.0,0.0,0.0,0.0,0.0,0.0,0.0,0.0,194.0,225.0,31.0,221.9,5.579999999999996,225.0
Ca55 Mg15 Zn30,12.0,30.0,18.0,21.8,4.92,20.0,7.0,69.0,62.0,34.75,30.525,7.0,24.305,65.38,41.075,45.30264999999999,12.046409999999996,40.078,692.68,1115.0,422.3200000000001,959.504,171.0456,1115.0,2.0,12.0,10.0,5.0,4.2,2.0,3.0,4.0,1.0,3.85,0.2549999999999999,4.0,122.0,176.0,54.0,154.55,23.595,176.0,1.0,1.65,0.6499999999999999,1.2415,0.26565,1.0,2.0,2.0,0.0,2.0,0.0,2.0,0.0,0.0,0.0,0.0,0.0,0.0,0.0,10.0,10.0,3.0,4.2,0.0,0.0,0.0,0.0,0.0,0.0,0.0,2.0,12.0,10.0,5.0,4.2,2.0,0.0,0.0,0.0,0.0,0.0,0.0,0.0,0.0,0.0,0.0,0.0,0.0,0.0,0.0,0.0,0.0,0.0,0.0,0.0,0.0,0.0,0.0,0.0,0.0,0.0,0.0,0.0,0.0,0.0,0.0,13.96,37.77,23.81,28.395000000000003,10.3125,37.77,0.0,0.0,0.0,0.0,0.0,0.0,0.0,0.0,0.0,0.0,0.0,0.0,194.0,225.0,31.0,211.05,15.345,225.0
Ca55 Mg18 Zn27,12.0,30.0,18.0,21.26,4.719600000000001,20.0,7.0,69.0,62.0,34.72,30.492,7.0,24.305,65.38,41.075,44.07039999999999,11.507183999999992,40.078,692.68,1115.0,422.3200000000001,966.4136,163.44504000000003,1115.0,2.0,12.0,10.0,4.7,3.942,2.0,3.0,4.0,1.0,3.82,0.2952000000000001,4.0,122.0,176.0,54.0,155.12,22.968,176.0,1.0,1.65,0.6499999999999999,1.2313,0.25443,1.0,2.0,2.0,0.0,2.0,0.0,2.0,0.0,0.0,0.0,0.0,0.0,0.0,0.0,10.0,10.0,2.7,3.942,0.0,0.0,0.0,0.0,0.0,0.0,0.0,2.0,12.0,10.0,4.7,3.942,2.0,0.0,0.0,0.0,0.0,0.0,0.0,0.0,0.0,0.0,0.0,0.0,0.0,0.0,0.0,0.0,0.0,0.0,0.0,0.0,0.0,0.0,0.0,0.0,0.0,0.0,0.0,0.0,0.0,0.0,0.0,13.96,37.77,23.81,28.662900000000004,10.017810000000004,37.77,0.0,0.0,0.0,0.0,0.0,0.0,0.0,0.0,0.0,0.0,0.0,0.0,194.0,225.0,31.0,211.05,15.345,225.0
Ca55 Mg20 Zn25,12.0,30.0,18.0,20.9,4.549999999999999,20.0,7.0,69.0,62.0,34.7,30.47,7.0,24.305,65.38,41.075,43.24889999999999,11.065549999999996,40.078,692.68,1115.0,422.3200000000001,971.02,158.37800000000004,1115.0,2.0,12.0,10.0,4.5,3.75,2.0,3.0,4.0,1.0,3.8,0.3200000000000001,4.0,122.0,176.0,54.0,155.5,22.55,176.0,1.0,1.65,0.6499999999999999,1.2245,0.24695,1.0,2.0,2.0,0.0,2.0,0.0,2.0,0.0,0.0,0.0,0.0,0.0,0.0,0.0,10.0,10.0,2.5,3.75,0.0,0.0,0.0,0.0,0.0,0.0,0.0,2.0,12.0,10.0,4.5,3.75,2.0,0.0,0.0,0.0,0.0,0.0,0.0,0.0,0.0,0.0,0.0,0.0,0.0,0.0,0.0,0.0,0.0,0.0,0.0,0.0,0.0,0.0,0.0,0.0,0.0,0.0,0.0,0.0,0.0,0.0,0.0,13.96,37.77,23.81,28.841500000000007,9.82135,37.77,0.0,0.0,0.0,0.0,0.0,0.0,0.0,0.0,0.0,0.0,0.0,0.0,194.0,225.0,31.0,211.05,15.344999999999995,225.0
Ca55 Mg25 Zn20,12.0,30.0,18.0,20.0,4.0,20.0,7.0,69.0,62.0,34.65,30.415,7.0,24.305,65.38,41.075,41.19514999999999,9.673939999999993,40.078,692.68,1115.0,422.3200000000001,982.536,145.71040000000002,1115.0,2.0,12.0,10.0,4.0,3.2,2.0,3.0,4.0,1.0,3.75,0.375,4.0,122.0,176.0,54.0,156.45,21.505,176.0,1.0,1.65,0.6499999999999999,1.2075,0.2282499999999999,1.0,2.0,2.0,0.0,2.0,0.0,2.0,0.0,0.0,0.0,0.0,0.0,0.0,0.0,10.0,10.0,2.0,3.2,0.0,0.0,0.0,0.0,0.0,0.0,0.0,2.0,12.0,10.0,4.0,3.2,2.0,0.0,0.0,0.0,0.0,0.0,0.0,0.0,0.0,0.0,0.0,0.0,0.0,0.0,0.0,0.0,0.0,0.0,0.0,0.0,0.0,0.0,0.0,0.0,0.0,0.0,0.0,0.0,0.0,0.0,0.0,13.96,37.77,23.81,29.288,9.3302,37.77,0.0,0.0,0.0,0.0,0.0,0.0,0.0,0.0,0.0,0.0,0.0,0.0,194.0,225.0,31.0,211.05,15.344999999999995,225.0
Ca58 Cu24 Mg18,12.0,29.0,17.0,20.72,3.9743999999999993,20.0,7.0,68.0,61.0,31.66,28.605600000000003,7.0,24.305,63.546,39.241,42.87118,9.9239136,40.078,923.0,1357.77,434.77,1138.7048,105.151296,1115.0,2.0,11.0,9.0,4.16,3.2832,2.0,3.0,4.0,1.0,3.82,0.2952000000000001,4.0,132.0,176.0,44.0,159.14,19.5576,176.0,1.0,1.9,0.8999999999999999,1.2717999999999998,0.3152879999999999,1.0,1.0,2.0,1.0,1.76,0.3648,2.0,0.0,0.0,0.0,0.0,0.0,0.0,0.0,10.0,10.0,2.4,3.648,0.0,0.0,0.0,0.0,0.0,0.0,0.0,2.0,11.0,9.0,4.16,3.2832,2.0,0.0,1.0,1.0,0.24,0.3648,0.0,0.0,0.0,0.0,0.0,0.0,0.0,0.0,0.0,0.0,0.0,0.0,0.0,0.0,0.0,0.0,0.0,0.0,0.0,0.0,1.0,1.0,0.24,0.3648,0.0,11.07,37.77,26.700000000000003,28.6836,10.540224,37.77,0.0,0.0,0.0,0.0,0.0,0.0,0.0,0.0,0.0,0.0,0.0,0.0,194.0,225.0,31.0,219.42,9.151200000000008,225.0
Ca60 Cu15 Mg25,12.0,29.0,17.0,19.35,3.674999999999999,20.0,7.0,68.0,61.0,30.8,28.56,7.0,24.305,63.546,39.241,39.65495000000001,7.674974999999998,40.078,923.0,1357.77,434.77,1103.4155,90.20774999999998,1115.0,2.0,11.0,9.0,3.35,2.295,2.0,3.0,4.0,1.0,3.75,0.375,4.0,132.0,176.0,44.0,160.65,18.42,176.0,1.0,1.9,0.8999999999999999,1.2125,0.2549999999999999,1.0,1.0,2.0,1.0,1.85,0.2549999999999999,2.0,0.0,0.0,0.0,0.0,0.0,0.0,0.0,10.0,10.0,1.5,2.55,0.0,0.0,0.0,0.0,0.0,0.0,0.0,2.0,11.0,9.0,3.35,2.295,2.0,0.0,1.0,1.0,0.15,0.255,0.0,0.0,0.0,0.0,0.0,0.0,0.0,0.0,0.0,0.0,0.0,0.0,0.0,0.0,0.0,0.0,0.0,0.0,0.0,0.0,1.0,1.0,0.15,0.255,0.0,11.07,37.77,26.700000000000003,30.045000000000005,9.27,37.77,0.0,0.0,0.0,0.0,0.0,0.0,0.0,0.0,0.0,0.0,0.0,0.0,194.0,225.0,31.0,217.25,11.625,225.0
Ca60 Cu20 Mg20,12.0,29.0,17.0,20.2,3.52,20.0,7.0,68.0,61.0,30.6,28.32,7.0,24.305,63.546,39.241,41.617,8.771600000000001,40.078,923.0,1357.77,434.77,1125.154,93.0464,1115.0,2.0,11.0,9.0,3.8,2.88,2.0,3.0,4.0,1.0,3.8,0.3200000000000001,4.0,132.0,176.0,44.0,160.2,18.96,176.0,1.0,1.9,0.8999999999999999,1.242,0.2904,1.0,1.0,2.0,1.0,1.8,0.3199999999999999,2.0,0.0,0.0,0.0,0.0,0.0,0.0,0.0,10.0,10.0,2.0,3.2,0.0,0.0,0.0,0.0,0.0,0.0,0.0,2.0,11.0,9.0,3.8,2.88,2.0,0.0,1.0,1.0,0.2,0.32,0.0,0.0,0.0,0.0,0.0,0.0,0.0,0.0,0.0,0.0,0.0,0.0,0.0,0.0,0.0,0.0,0.0,0.0,0.0,0.0,1.0,1.0,0.2,0.32,0.0,11.07,37.77,26.700000000000003,29.454000000000004,9.9792,37.77,0.0,0.0,0.0,0.0,0.0,0.0,0.0,0.0,0.0,0.0,0.0,0.0,194.0,225.0,31.0,218.8,9.919999999999993,225.0
Ca60 Cu25 Mg15,12.0,29.0,17.0,21.05,3.975,20.0,7.0,68.0,61.0,30.4,28.08,7.0,24.305,63.546,39.241,43.57905000000001,9.983475000000004,40.078,923.0,1357.77,434.77,1146.8925,105.43874999999996,1115.0,2.0,11.0,9.0,4.25,3.375,2.0,3.0,4.0,1.0,3.85,0.2549999999999999,4.0,132.0,176.0,44.0,159.75,19.5,176.0,1.0,1.9,0.8999999999999999,1.2715,0.3258,1.0,1.0,2.0,1.0,1.75,0.375,2.0,0.0,0.0,0.0,0.0,0.0,0.0,0.0,10.0,10.0,2.5,3.75,0.0,0.0,0.0,0.0,0.0,0.0,0.0,2.0,11.0,9.0,4.25,3.375,2.0,0.0,1.0,1.0,0.25,0.375,0.0,0.0,0.0,0.0,0.0,0.0,0.0,0.0,0.0,0.0,0.0,0.0,0.0,0.0,0.0,0.0,0.0,0.0,0.0,0.0,1.0,1.0,0.25,0.375,0.0,11.07,37.77,26.700000000000003,28.863000000000003,10.6884,37.77,0.0,0.0,0.0,0.0,0.0,0.0,0.0,0.0,0.0,0.0,0.0,0.0,194.0,225.0,31.0,220.35,7.905000000000004,225.0
Ca60 Cu27 Mg13,12.0,29.0,17.0,21.39,4.1094,20.0,7.0,68.0,61.0,30.32,27.984,7.0,24.305,63.546,39.241,44.363870000000006,10.3583502,40.078,923.0,1357.77,434.77,1155.5879,109.178334,1115.0,2.0,11.0,9.0,4.43,3.5478,2.0,3.0,4.0,1.0,3.87,0.2261999999999999,4.0,132.0,176.0,44.0,159.57,19.716,176.0,1.0,1.9,0.8999999999999999,1.2833,0.33996,1.0,1.0,2.0,1.0,1.73,0.3942,2.0,0.0,0.0,0.0,0.0,0.0,0.0,0.0,10.0,10.0,2.7,3.9420000000000006,0.0,0.0,0.0,0.0,0.0,0.0,0.0,2.0,11.0,9.0,4.43,3.5478,2.0,0.0,1.0,1.0,0.27,0.3942,0.0,0.0,0.0,0.0,0.0,0.0,0.0,0.0,0.0,0.0,0.0,0.0,0.0,0.0,0.0,0.0,0.0,0.0,0.0,0.0,1.0,1.0,0.27,0.3942,0.0,11.07,37.77,26.700000000000003,28.626600000000003,10.97208,37.77,0.0,0.0,0.0,0.0,0.0,0.0,0.0,0.0,0.0,0.0,0.0,0.0,194.0,225.0,31.0,220.97,7.012200000000002,225.0
Ca60 Mg10 Zn30,12.0,30.0,18.0,22.2,4.68,20.0,7.0,69.0,62.0,31.7,29.64,7.0,24.305,65.38,41.075,46.0913,11.573219999999996,40.078,692.68,1115.0,422.3200000000001,969.104,175.07520000000005,1115.0,2.0,12.0,10.0,5.0,4.2,2.0,3.0,4.0,1.0,3.9,0.18,4.0,122.0,176.0,54.0,156.3,23.64,176.0,1.0,1.65,0.6499999999999999,1.226,0.2712,1.0,2.0,2.0,0.0,2.0,0.0,2.0,0.0,0.0,0.0,0.0,0.0,0.0,0.0,10.0,10.0,3.0,4.2,0.0,0.0,0.0,0.0,0.0,0.0,0.0,2.0,12.0,10.0,5.0,4.2,2.0,0.0,0.0,0.0,0.0,0.0,0.0,0.0,0.0,0.0,0.0,0.0,0.0,0.0,0.0,0.0,0.0,0.0,0.0,0.0,0.0,0.0,0.0,0.0,0.0,0.0,0.0,0.0,0.0,0.0,0.0,13.96,37.77,23.81,29.139000000000006,10.3572,37.77,0.0,0.0,0.0,0.0,0.0,0.0,0.0,0.0,0.0,0.0,0.0,0.0,194.0,225.0,31.0,212.6,14.88,225.0
Ca60 Mg15 Zn25,12.0,30.0,18.0,21.3,4.35,20.0,7.0,69.0,62.0,31.65,29.58,7.0,24.305,65.38,41.075,44.03755,10.671225,40.078,692.68,1115.0,422.3200000000001,980.62,161.256,1115.0,2.0,12.0,10.0,4.5,3.75,2.0,3.0,4.0,1.0,3.85,0.2549999999999999,4.0,122.0,176.0,54.0,157.25,22.5,176.0,1.0,1.65,0.6499999999999999,1.209,0.2507999999999999,1.0,2.0,2.0,0.0,2.0,0.0,2.0,0.0,0.0,0.0,0.0,0.0,0.0,0.0,10.0,10.0,2.5,3.75,0.0,0.0,0.0,0.0,0.0,0.0,0.0,2.0,12.0,10.0,4.5,3.75,2.0,0.0,0.0,0.0,0.0,0.0,0.0,0.0,0.0,0.0,0.0,0.0,0.0,0.0,0.0,0.0,0.0,0.0,0.0,0.0,0.0,0.0,0.0,0.0,0.0,0.0,0.0,0.0,0.0,0.0,0.0,13.96,37.77,23.81,29.585500000000003,9.8214,37.77,0.0,0.0,0.0,0.0,0.0,0.0,0.0,0.0,0.0,0.0,0.0,0.0,194.0,225.0,31.0,212.6,14.88,225.0
Ca60 Mg15 Zn25,12.0,30.0,18.0,21.3,4.35,20.0,7.0,69.0,62.0,31.65,29.58,7.0,24.305,65.38,41.075,44.03755,10.671225,40.078,692.68,1115.0,422.3200000000001,980.62,161.256,1115.0,2.0,12.0,10.0,4.5,3.75,2.0,3.0,4.0,1.0,3.85,0.2549999999999999,4.0,122.0,176.0,54.0,157.25,22.5,176.0,1.0,1.65,0.6499999999999999,1.209,0.2507999999999999,1.0,2.0,2.0,0.0,2.0,0.0,2.0,0.0,0.0,0.0,0.0,0.0,0.0,0.0,10.0,10.0,2.5,3.75,0.0,0.0,0.0,0.0,0.0,0.0,0.0,2.0,12.0,10.0,4.5,3.75,2.0,0.0,0.0,0.0,0.0,0.0,0.0,0.0,0.0,0.0,0.0,0.0,0.0,0.0,0.0,0.0,0.0,0.0,0.0,0.0,0.0,0.0,0.0,0.0,0.0,0.0,0.0,0.0,0.0,0.0,0.0,13.96,37.77,23.81,29.585500000000003,9.8214,37.77,0.0,0.0,0.0,0.0,0.0,0.0,0.0,0.0,0.0,0.0,0.0,0.0,194.0,225.0,31.0,212.6,14.88,225.0
Ca60 Mg17.5 Zn22.5,12.0,30.0,18.0,20.85,4.1175000000000015,20.0,7.0,69.0,62.0,31.625,29.55,7.0,24.305,65.38,41.075,43.010675,10.066196249999996,40.078,692.68,1115.0,422.3200000000001,986.378,154.3464,1115.0,2.0,12.0,10.0,4.25,3.4875,2.0,3.0,4.0,1.0,3.825,0.2887499999999999,4.0,122.0,176.0,54.0,157.725,21.930000000000003,176.0,1.0,1.65,0.6499999999999999,1.2005,0.2405999999999999,1.0,2.0,2.0,0.0,2.0,0.0,2.0,0.0,0.0,0.0,0.0,0.0,0.0,0.0,10.0,10.0,2.25,3.4875,0.0,0.0,0.0,0.0,0.0,0.0,0.0,2.0,12.0,10.0,4.25,3.4875,2.0,0.0,0.0,0.0,0.0,0.0,0.0,0.0,0.0,0.0,0.0,0.0,0.0,0.0,0.0,0.0,0.0,0.0,0.0,0.0,0.0,0.0,0.0,0.0,0.0,0.0,0.0,0.0,0.0,0.0,0.0,13.96,37.77,23.81,29.80875,9.5535,37.77,0.0,0.0,0.0,0.0,0.0,0.0,0.0,0.0,0.0,0.0,0.0,0.0,194.0,225.0,31.0,212.6,14.88,225.0
Ca60 Mg20 Zn20,12.0,30.0,18.0,20.4,3.839999999999999,20.0,7.0,69.0,62.0,31.6,29.52,7.0,24.305,65.38,41.075,41.9838,9.358479999999998,40.078,692.68,1115.0,422.3200000000001,992.136,147.43679999999998,1115.0,2.0,12.0,10.0,4.0,3.2,2.0,3.0,4.0,1.0,3.8,0.3200000000000001,4.0,122.0,176.0,54.0,158.2,21.36,176.0,1.0,1.65,0.6499999999999999,1.192,0.2304,1.0,2.0,2.0,0.0,2.0,0.0,2.0,0.0,0.0,0.0,0.0,0.0,0.0,0.0,10.0,10.0,2.0,3.2,0.0,0.0,0.0,0.0,0.0,0.0,0.0,2.0,12.0,10.0,4.0,3.2,2.0,0.0,0.0,0.0,0.0,0.0,0.0,0.0,0.0,0.0,0.0,0.0,0.0,0.0,0.0,0.0,0.0,0.0,0.0,0.0,0.0,0.0,0.0,0.0,0.0,0.0,0.0,0.0,0.0,0.0,0.0,13.96,37.77,23.81,30.032000000000007,9.2856,37.77,0.0,0.0,0.0,0.0,0.0,0.0,0.0,0.0,0.0,0.0,0.0,0.0,194.0,225.0,31.0,212.6,14.88,225.0
Ca60 Mg25 Zn15,12.0,30.0,18.0,19.5,3.75,20.0,7.0,69.0,62.0,31.55,29.46,7.0,24.305,65.38,41.075,39.93005,7.812525000000001,40.078,692.68,1115.0,422.3200000000001,1003.652,133.61760000000004,1115.0,2.0,12.0,10.0,3.5,2.55,2.0,3.0,4.0,1.0,3.75,0.375,4.0,122.0,176.0,54.0,159.15,20.22,176.0,1.0,1.65,0.6499999999999999,1.175,0.21,1.0,2.0,2.0,0.0,2.0,0.0,2.0,0.0,0.0,0.0,0.0,0.0,0.0,0.0,10.0,10.0,1.5,2.55,0.0,0.0,0.0,0.0,0.0,0.0,0.0,2.0,12.0,10.0,3.5,2.55,2.0,0.0,0.0,0.0,0.0,0.0,0.0,0.0,0.0,0.0,0.0,0.0,0.0,0.0,0.0,0.0,0.0,0.0,0.0,0.0,0.0,0.0,0.0,0.0,0.0,0.0,0.0,0.0,0.0,0.0,0.0,13.96,37.77,23.81,30.478500000000004,8.7498,37.77,0.0,0.0,0.0,0.0,0.0,0.0,0.0,0.0,0.0,0.0,0.0,0.0,194.0,225.0,31.0,212.6,14.88,225.0
Ca62.5 Mg17.5 Zn20,12.0,30.0,18.0,20.6,3.760000000000001,20.0,7.0,69.0,62.0,30.075,28.84375,7.0,24.305,65.38,41.075,42.378125,9.200749999999996,40.078,692.68,1115.0,422.3200000000001,996.936,147.58,1115.0,2.0,12.0,10.0,4.0,3.2,2.0,3.0,4.0,1.0,3.825,0.2887499999999999,4.0,122.0,176.0,54.0,159.075,21.15625,176.0,1.0,1.65,0.6499999999999999,1.18425,0.2303125,1.0,2.0,2.0,0.0,2.0,0.0,2.0,0.0,0.0,0.0,0.0,0.0,0.0,0.0,10.0,10.0,2.0,3.2,0.0,0.0,0.0,0.0,0.0,0.0,0.0,2.0,12.0,10.0,4.0,3.2,2.0,0.0,0.0,0.0,0.0,0.0,0.0,0.0,0.0,0.0,0.0,0.0,0.0,0.0,0.0,0.0,0.0,0.0,0.0,0.0,0.0,0.0,0.0,0.0,0.0,0.0,0.0,0.0,0.0,0.0,0.0,13.96,37.77,23.81,30.404,9.207500000000003,37.77,0.0,0.0,0.0,0.0,0.0,0.0,0.0,0.0,0.0,0.0,0.0,0.0,194.0,225.0,31.0,213.375,14.53125,225.0
Ca65 Cu10 Mg25,12.0,29.0,17.0,18.9,3.450000000000001,20.0,7.0,68.0,61.0,27.95,27.235,7.0,24.305,63.546,39.241,38.48155,7.088275000000003,40.078,923.0,1357.77,434.77,1091.277,84.13849999999998,1115.0,2.0,11.0,9.0,2.9,1.62,2.0,3.0,4.0,1.0,3.75,0.375,4.0,132.0,176.0,44.0,162.85,17.095,176.0,1.0,1.9,0.8999999999999999,1.1675,0.21775,1.0,1.0,2.0,1.0,1.9,0.18,2.0,0.0,0.0,0.0,0.0,0.0,0.0,0.0,10.0,10.0,1.0,1.8,0.0,0.0,0.0,0.0,0.0,0.0,0.0,2.0,11.0,9.0,2.9,1.62,2.0,0.0,1.0,1.0,0.1,0.18,0.0,0.0,0.0,0.0,0.0,0.0,0.0,0.0,0.0,0.0,0.0,0.0,0.0,0.0,0.0,0.0,0.0,0.0,0.0,0.0,1.0,1.0,0.1,0.18,0.0,11.07,37.77,26.700000000000003,31.38,8.307000000000002,37.77,0.0,0.0,0.0,0.0,0.0,0.0,0.0,0.0,0.0,0.0,0.0,0.0,194.0,225.0,31.0,217.25,11.625,225.0
Ca65 Cu15 Mg20,12.0,29.0,17.0,19.75,3.1,20.0,7.0,68.0,61.0,27.75,26.975,7.0,24.305,63.546,39.241,40.4436,6.93072,40.078,923.0,1357.77,434.77,1113.0155,76.0062,1115.0,2.0,11.0,9.0,3.35,2.295,2.0,3.0,4.0,1.0,3.8,0.3200000000000001,4.0,132.0,176.0,44.0,162.4,17.68,176.0,1.0,1.9,0.8999999999999999,1.197,0.2561,1.0,1.0,2.0,1.0,1.85,0.2549999999999999,2.0,0.0,0.0,0.0,0.0,0.0,0.0,0.0,10.0,10.0,1.5,2.55,0.0,0.0,0.0,0.0,0.0,0.0,0.0,2.0,11.0,9.0,3.35,2.295,2.0,0.0,1.0,1.0,0.15,0.255,0.0,0.0,0.0,0.0,0.0,0.0,0.0,0.0,0.0,0.0,0.0,0.0,0.0,0.0,0.0,0.0,0.0,0.0,0.0,0.0,1.0,1.0,0.15,0.255,0.0,11.07,37.77,26.700000000000003,30.789000000000005,9.0753,37.77,0.0,0.0,0.0,0.0,0.0,0.0,0.0,0.0,0.0,0.0,0.0,0.0,194.0,225.0,31.0,218.8,9.919999999999993,225.0
Ca65 Cu20 Mg15,12.0,29.0,17.0,20.6,3.360000000000001,20.0,7.0,68.0,61.0,27.55,26.715,7.0,24.305,63.546,39.241,42.40565000000001,8.456140000000003,40.078,923.0,1357.77,434.77,1134.754,89.20639999999995,1115.0,2.0,11.0,9.0,3.8,2.88,2.0,3.0,4.0,1.0,3.85,0.2549999999999999,4.0,132.0,176.0,44.0,161.95,18.265,176.0,1.0,1.9,0.8999999999999999,1.2265,0.29445,1.0,1.0,2.0,1.0,1.8,0.3199999999999999,2.0,0.0,0.0,0.0,0.0,0.0,0.0,0.0,10.0,10.0,2.0,3.2,0.0,0.0,0.0,0.0,0.0,0.0,0.0,2.0,11.0,9.0,3.8,2.88,2.0,0.0,1.0,1.0,0.2,0.32,0.0,0.0,0.0,0.0,0.0,0.0,0.0,0.0,0.0,0.0,0.0,0.0,0.0,0.0,0.0,0.0,0.0,0.0,0.0,0.0,1.0,1.0,0.2,0.32,0.0,11.07,37.77,26.700000000000003,30.198,9.843600000000002,37.77,0.0,0.0,0.0,0.0,0.0,0.0,0.0,0.0,0.0,0.0,0.0,0.0,194.0,225.0,31.0,220.35,7.905000000000004,225.0
Ca65 Cu25 Mg10,12.0,29.0,17.0,21.45,3.775,20.0,7.0,68.0,61.0,27.35,26.455,7.0,24.305,63.546,39.241,44.367700000000006,9.58915,40.078,923.0,1357.77,434.77,1156.4925,100.63875000000004,1115.0,2.0,11.0,9.0,4.25,3.375,2.0,3.0,4.0,1.0,3.9,0.18,4.0,132.0,176.0,44.0,161.5,18.85,176.0,1.0,1.9,0.8999999999999999,1.256,0.3327999999999999,1.0,1.0,2.0,1.0,1.75,0.375,2.0,0.0,0.0,0.0,0.0,0.0,0.0,0.0,10.0,10.0,2.5,3.75,0.0,0.0,0.0,0.0,0.0,0.0,0.0,2.0,11.0,9.0,4.25,3.375,2.0,0.0,1.0,1.0,0.25,0.375,0.0,0.0,0.0,0.0,0.0,0.0,0.0,0.0,0.0,0.0,0.0,0.0,0.0,0.0,0.0,0.0,0.0,0.0,0.0,0.0,1.0,1.0,0.25,0.375,0.0,11.07,37.77,26.700000000000003,29.607000000000003,10.6119,37.77,0.0,0.0,0.0,0.0,0.0,0.0,0.0,0.0,0.0,0.0,0.0,0.0,194.0,225.0,31.0,221.9,5.579999999999996,225.0
Ca65 Cu30 Mg5,12.0,29.0,17.0,22.3,4.02,20.0,7.0,68.0,61.0,27.15,26.195,7.0,24.305,63.546,39.241,46.32975,10.329749999999995,40.078,923.0,1357.77,434.77,1178.231,107.7234,1115.0,2.0,11.0,9.0,4.7,3.78,2.0,3.0,4.0,1.0,3.95,0.0949999999999998,4.0,132.0,176.0,44.0,161.05,19.434999999999995,176.0,1.0,1.9,0.8999999999999999,1.2855,0.37115,1.0,1.0,2.0,1.0,1.7,0.42,2.0,0.0,0.0,0.0,0.0,0.0,0.0,0.0,10.0,10.0,3.0,4.2,0.0,0.0,0.0,0.0,0.0,0.0,0.0,2.0,11.0,9.0,4.7,3.78,2.0,0.0,1.0,1.0,0.3,0.42,0.0,0.0,0.0,0.0,0.0,0.0,0.0,0.0,0.0,0.0,0.0,0.0,0.0,0.0,0.0,0.0,0.0,0.0,0.0,0.0,1.0,1.0,0.3,0.42,0.0,11.07,37.77,26.700000000000003,29.016,11.380200000000002,37.77,0.0,0.0,0.0,0.0,0.0,0.0,0.0,0.0,0.0,0.0,0.0,0.0,194.0,225.0,31.0,223.45,2.94500000000001,225.0
Ca65 Mg10 Zn25,12.0,30.0,18.0,21.7,4.15,20.0,7.0,69.0,62.0,28.6,28.08,7.0,24.305,65.38,41.075,44.82620000000001,10.2769,40.078,692.68,1115.0,422.3200000000001,990.22,162.214,1115.0,2.0,12.0,10.0,4.5,3.75,2.0,3.0,4.0,1.0,3.9,0.18,4.0,122.0,176.0,54.0,159.0,22.1,176.0,1.0,1.65,0.6499999999999999,1.1935,0.25155,1.0,2.0,2.0,0.0,2.0,0.0,2.0,0.0,0.0,0.0,0.0,0.0,0.0,0.0,10.0,10.0,2.5,3.75,0.0,0.0,0.0,0.0,0.0,0.0,0.0,2.0,12.0,10.0,4.5,3.75,2.0,0.0,0.0,0.0,0.0,0.0,0.0,0.0,0.0,0.0,0.0,0.0,0.0,0.0,0.0,0.0,0.0,0.0,0.0,0.0,0.0,0.0,0.0,0.0,0.0,0.0,0.0,0.0,0.0,0.0,0.0,13.96,37.77,23.81,30.329500000000003,9.67265,37.77,0.0,0.0,0.0,0.0,0.0,0.0,0.0,0.0,0.0,0.0,0.0,0.0,194.0,225.0,31.0,214.15,14.105,225.0
Ca65 Mg10 Zn25,12.0,30.0,18.0,21.7,4.15,20.0,7.0,69.0,62.0,28.6,28.08,7.0,24.305,65.38,41.075,44.82620000000001,10.2769,40.078,692.68,1115.0,422.3200000000001,990.22,162.214,1115.0,2.0,12.0,10.0,4.5,3.75,2.0,3.0,4.0,1.0,3.9,0.18,4.0,122.0,176.0,54.0,159.0,22.1,176.0,1.0,1.65,0.6499999999999999,1.1935,0.25155,1.0,2.0,2.0,0.0,2.0,0.0,2.0,0.0,0.0,0.0,0.0,0.0,0.0,0.0,10.0,10.0,2.5,3.75,0.0,0.0,0.0,0.0,0.0,0.0,0.0,2.0,12.0,10.0,4.5,3.75,2.0,0.0,0.0,0.0,0.0,0.0,0.0,0.0,0.0,0.0,0.0,0.0,0.0,0.0,0.0,0.0,0.0,0.0,0.0,0.0,0.0,0.0,0.0,0.0,0.0,0.0,0.0,0.0,0.0,0.0,0.0,13.96,37.77,23.81,30.329500000000003,9.67265,37.77,0.0,0.0,0.0,0.0,0.0,0.0,0.0,0.0,0.0,0.0,0.0,0.0,194.0,225.0,31.0,214.15,14.105,225.0
Ca65 Mg15 Zn20,12.0,30.0,18.0,20.8,3.6800000000000006,20.0,7.0,69.0,62.0,28.55,28.015,7.0,24.305,65.38,41.075,42.77245,9.043019999999997,40.078,692.68,1115.0,422.3200000000001,1001.736,147.24319999999997,1115.0,2.0,12.0,10.0,4.0,3.2,2.0,3.0,4.0,1.0,3.85,0.2549999999999999,4.0,122.0,176.0,54.0,159.95,20.865,176.0,1.0,1.65,0.6499999999999999,1.1765,0.22945,1.0,2.0,2.0,0.0,2.0,0.0,2.0,0.0,0.0,0.0,0.0,0.0,0.0,0.0,10.0,10.0,2.0,3.2,0.0,0.0,0.0,0.0,0.0,0.0,0.0,2.0,12.0,10.0,4.0,3.2,2.0,0.0,0.0,0.0,0.0,0.0,0.0,0.0,0.0,0.0,0.0,0.0,0.0,0.0,0.0,0.0,0.0,0.0,0.0,0.0,0.0,0.0,0.0,0.0,0.0,0.0,0.0,0.0,0.0,0.0,0.0,13.96,37.77,23.81,30.776000000000003,9.092200000000002,37.77,0.0,0.0,0.0,0.0,0.0,0.0,0.0,0.0,0.0,0.0,0.0,0.0,194.0,225.0,31.0,214.15,14.105,225.0
Ca65 Mg15 Zn20,12.0,30.0,18.0,20.8,3.6800000000000006,20.0,7.0,69.0,62.0,28.55,28.015,7.0,24.305,65.38,41.075,42.77245,9.043019999999997,40.078,692.68,1115.0,422.3200000000001,1001.736,147.24319999999997,1115.0,2.0,12.0,10.0,4.0,3.2,2.0,3.0,4.0,1.0,3.85,0.2549999999999999,4.0,122.0,176.0,54.0,159.95,20.865,176.0,1.0,1.65,0.6499999999999999,1.1765,0.22945,1.0,2.0,2.0,0.0,2.0,0.0,2.0,0.0,0.0,0.0,0.0,0.0,0.0,0.0,10.0,10.0,2.0,3.2,0.0,0.0,0.0,0.0,0.0,0.0,0.0,2.0,12.0,10.0,4.0,3.2,2.0,0.0,0.0,0.0,0.0,0.0,0.0,0.0,0.0,0.0,0.0,0.0,0.0,0.0,0.0,0.0,0.0,0.0,0.0,0.0,0.0,0.0,0.0,0.0,0.0,0.0,0.0,0.0,0.0,0.0,0.0,13.96,37.77,23.81,30.776000000000003,9.092200000000002,37.77,0.0,0.0,0.0,0.0,0.0,0.0,0.0,0.0,0.0,0.0,0.0,0.0,194.0,225.0,31.0,214.15,14.105,225.0
Ca65 Mg20 Zn15,12.0,30.0,18.0,19.9,3.160000000000001,20.0,7.0,69.0,62.0,28.5,27.95,7.0,24.305,65.38,41.075,40.7187,7.398389999999997,40.078,692.68,1115.0,422.3200000000001,1013.252,132.2724,1115.0,2.0,12.0,10.0,3.5,2.55,2.0,3.0,4.0,1.0,3.8,0.32,4.0,122.0,176.0,54.0,160.9,19.63,176.0,1.0,1.65,0.6499999999999999,1.1595,0.20735,1.0,2.0,2.0,0.0,2.0,0.0,2.0,0.0,0.0,0.0,0.0,0.0,0.0,0.0,10.0,10.0,1.5,2.55,0.0,0.0,0.0,0.0,0.0,0.0,0.0,2.0,12.0,10.0,3.5,2.55,2.0,0.0,0.0,0.0,0.0,0.0,0.0,0.0,0.0,0.0,0.0,0.0,0.0,0.0,0.0,0.0,0.0,0.0,0.0,0.0,0.0,0.0,0.0,0.0,0.0,0.0,0.0,0.0,0.0,0.0,0.0,13.96,37.77,23.81,31.222500000000004,8.511750000000001,37.77,0.0,0.0,0.0,0.0,0.0,0.0,0.0,0.0,0.0,0.0,0.0,0.0,194.0,225.0,31.0,214.15,14.105,225.0
Ca65 Mg20 Zn15,12.0,30.0,18.0,19.9,3.160000000000001,20.0,7.0,69.0,62.0,28.5,27.95,7.0,24.305,65.38,41.075,40.7187,7.398389999999997,40.078,692.68,1115.0,422.3200000000001,1013.252,132.2724,1115.0,2.0,12.0,10.0,3.5,2.55,2.0,3.0,4.0,1.0,3.8,0.32,4.0,122.0,176.0,54.0,160.9,19.63,176.0,1.0,1.65,0.6499999999999999,1.1595,0.20735,1.0,2.0,2.0,0.0,2.0,0.0,2.0,0.0,0.0,0.0,0.0,0.0,0.0,0.0,10.0,10.0,1.5,2.55,0.0,0.0,0.0,0.0,0.0,0.0,0.0,2.0,12.0,10.0,3.5,2.55,2.0,0.0,0.0,0.0,0.0,0.0,0.0,0.0,0.0,0.0,0.0,0.0,0.0,0.0,0.0,0.0,0.0,0.0,0.0,0.0,0.0,0.0,0.0,0.0,0.0,0.0,0.0,0.0,0.0,0.0,0.0,13.96,37.77,23.81,31.222500000000004,8.511750000000001,37.77,0.0,0.0,0.0,0.0,0.0,0.0,0.0,0.0,0.0,0.0,0.0,0.0,194.0,225.0,31.0,214.15,14.105,225.0
Ca65 Mg25 Zn10,12.0,30.0,18.0,19.0,3.5,20.0,7.0,69.0,62.0,28.45,27.885,7.0,24.305,65.38,41.075,38.66495,7.179975000000002,40.078,692.68,1115.0,422.3200000000001,1024.768,117.3016,1115.0,2.0,12.0,10.0,3.0,1.8,2.0,3.0,4.0,1.0,3.75,0.375,4.0,122.0,176.0,54.0,161.85,18.395000000000003,176.0,1.0,1.65,0.6499999999999999,1.1425,0.18525,1.0,2.0,2.0,0.0,2.0,0.0,2.0,0.0,0.0,0.0,0.0,0.0,0.0,0.0,10.0,10.0,1.0,1.8,0.0,0.0,0.0,0.0,0.0,0.0,0.0,2.0,12.0,10.0,3.0,1.8,2.0,0.0,0.0,0.0,0.0,0.0,0.0,0.0,0.0,0.0,0.0,0.0,0.0,0.0,0.0,0.0,0.0,0.0,0.0,0.0,0.0,0.0,0.0,0.0,0.0,0.0,0.0,0.0,0.0,0.0,0.0,13.96,37.77,23.81,31.669,7.931300000000002,37.77,0.0,0.0,0.0,0.0,0.0,0.0,0.0,0.0,0.0,0.0,0.0,0.0,194.0,225.0,31.0,214.15,14.104999999999997,225.0
Ca70 Cu10 Mg20,12.0,29.0,17.0,19.3,2.9199999999999995,20.0,7.0,68.0,61.0,24.9,25.06,7.0,24.305,63.546,39.241,39.2702,5.98608,40.078,923.0,1357.77,434.77,1100.877,71.15080000000003,1115.0,2.0,11.0,9.0,2.9,1.62,2.0,3.0,4.0,1.0,3.8,0.3200000000000001,4.0,132.0,176.0,44.0,164.6,15.960000000000004,176.0,1.0,1.9,0.8999999999999999,1.152,0.2128,1.0,1.0,2.0,1.0,1.9,0.18,2.0,0.0,0.0,0.0,0.0,0.0,0.0,0.0,10.0,10.0,1.0,1.8,0.0,0.0,0.0,0.0,0.0,0.0,0.0,2.0,11.0,9.0,2.9,1.62,2.0,0.0,1.0,1.0,0.1,0.18,0.0,0.0,0.0,0.0,0.0,0.0,0.0,0.0,0.0,0.0,0.0,0.0,0.0,0.0,0.0,0.0,0.0,0.0,0.0,0.0,1.0,1.0,0.1,0.18,0.0,11.07,37.77,26.700000000000003,32.124,7.904400000000001,37.77,0.0,0.0,0.0,0.0,0.0,0.0,0.0,0.0,0.0,0.0,0.0,0.0,194.0,225.0,31.0,218.8,9.919999999999993,225.0
Ca70 Cu20 Mg10,12.0,29.0,17.0,21.0,3.2,20.0,7.0,68.0,61.0,24.5,24.5,7.0,24.305,63.546,39.241,43.194300000000005,8.140680000000001,40.078,923.0,1357.77,434.77,1144.354,85.36640000000003,1115.0,2.0,11.0,9.0,3.8,2.88,2.0,3.0,4.0,1.0,3.9,0.18,4.0,132.0,176.0,44.0,163.7,17.220000000000006,176.0,1.0,1.9,0.8999999999999999,1.211,0.2953999999999999,1.0,1.0,2.0,1.0,1.8,0.3199999999999999,2.0,0.0,0.0,0.0,0.0,0.0,0.0,0.0,10.0,10.0,2.0,3.2,0.0,0.0,0.0,0.0,0.0,0.0,0.0,2.0,11.0,9.0,3.8,2.88,2.0,0.0,1.0,1.0,0.2,0.32,0.0,0.0,0.0,0.0,0.0,0.0,0.0,0.0,0.0,0.0,0.0,0.0,0.0,0.0,0.0,0.0,0.0,0.0,0.0,0.0,1.0,1.0,0.2,0.32,0.0,11.07,37.77,26.700000000000003,30.942000000000004,9.5592,37.77,0.0,0.0,0.0,0.0,0.0,0.0,0.0,0.0,0.0,0.0,0.0,0.0,194.0,225.0,31.0,221.9,5.579999999999996,225.0
Ca70 Mg10 Zn20,12.0,30.0,18.0,21.2,3.52,20.0,7.0,69.0,62.0,25.5,25.9,7.0,24.305,65.38,41.075,43.5611,8.727559999999999,40.078,692.68,1115.0,422.3200000000001,1011.336,145.1296,1115.0,2.0,12.0,10.0,4.0,3.2,2.0,3.0,4.0,1.0,3.9,0.18,4.0,122.0,176.0,54.0,161.7,20.020000000000003,176.0,1.0,1.65,0.6499999999999999,1.161,0.2254,1.0,2.0,2.0,0.0,2.0,0.0,2.0,0.0,0.0,0.0,0.0,0.0,0.0,0.0,10.0,10.0,2.0,3.2,0.0,0.0,0.0,0.0,0.0,0.0,0.0,2.0,12.0,10.0,4.0,3.2,2.0,0.0,0.0,0.0,0.0,0.0,0.0,0.0,0.0,0.0,0.0,0.0,0.0,0.0,0.0,0.0,0.0,0.0,0.0,0.0,0.0,0.0,0.0,0.0,0.0,0.0,0.0,0.0,0.0,0.0,0.0,13.96,37.77,23.81,31.52,8.750000000000002,37.77,0.0,0.0,0.0,0.0,0.0,0.0,0.0,0.0,0.0,0.0,0.0,0.0,194.0,225.0,31.0,215.7,13.020000000000003,225.0
Ca70 Mg15 Zn15,12.0,30.0,18.0,20.3,2.9100000000000006,20.0,7.0,69.0,62.0,25.45,25.83,7.0,24.305,65.38,41.075,41.50735,7.161794999999993,40.078,692.68,1115.0,422.3200000000001,1022.852,129.0072,1115.0,2.0,12.0,10.0,3.5,2.55,2.0,3.0,4.0,1.0,3.85,0.2549999999999999,4.0,122.0,176.0,54.0,162.65,18.689999999999998,176.0,1.0,1.65,0.6499999999999999,1.144,0.2016,1.0,2.0,2.0,0.0,2.0,0.0,2.0,0.0,0.0,0.0,0.0,0.0,0.0,0.0,10.0,10.0,1.5,2.55,0.0,0.0,0.0,0.0,0.0,0.0,0.0,2.0,12.0,10.0,3.5,2.55,2.0,0.0,0.0,0.0,0.0,0.0,0.0,0.0,0.0,0.0,0.0,0.0,0.0,0.0,0.0,0.0,0.0,0.0,0.0,0.0,0.0,0.0,0.0,0.0,0.0,0.0,0.0,0.0,0.0,0.0,0.0,13.96,37.77,23.81,31.9665,8.124900000000002,37.77,0.0,0.0,0.0,0.0,0.0,0.0,0.0,0.0,0.0,0.0,0.0,0.0,194.0,225.0,31.0,215.7,13.020000000000003,225.0
Ca70 Mg15 Zn15,12.0,30.0,18.0,20.3,2.9100000000000006,20.0,7.0,69.0,62.0,25.45,25.83,7.0,24.305,65.38,41.075,41.50735,7.161794999999993,40.078,692.68,1115.0,422.3200000000001,1022.852,129.0072,1115.0,2.0,12.0,10.0,3.5,2.55,2.0,3.0,4.0,1.0,3.85,0.2549999999999999,4.0,122.0,176.0,54.0,162.65,18.689999999999998,176.0,1.0,1.65,0.6499999999999999,1.144,0.2016,1.0,2.0,2.0,0.0,2.0,0.0,2.0,0.0,0.0,0.0,0.0,0.0,0.0,0.0,10.0,10.0,1.5,2.55,0.0,0.0,0.0,0.0,0.0,0.0,0.0,2.0,12.0,10.0,3.5,2.55,2.0,0.0,0.0,0.0,0.0,0.0,0.0,0.0,0.0,0.0,0.0,0.0,0.0,0.0,0.0,0.0,0.0,0.0,0.0,0.0,0.0,0.0,0.0,0.0,0.0,0.0,0.0,0.0,0.0,0.0,0.0,13.96,37.77,23.81,31.9665,8.124900000000002,37.77,0.0,0.0,0.0,0.0,0.0,0.0,0.0,0.0,0.0,0.0,0.0,0.0,194.0,225.0,31.0,215.7,13.020000000000003,225.0
Co2 Nb32.75 Ni60.25 Zr5,27.0,41.0,14.0,32.8375,6.062687499999999,28.0,44.0,61.0,17.0,55.505,6.721275,61.0,58.6934,92.90638,34.21298,71.52947685,15.97132387825,58.6934,1728.0,2750.0,1022.0,2083.505,441.003725,1728.0,4.0,10.0,6.0,8.0425,2.3970875,10.0,4.0,5.0,1.0,4.3775,0.4699875,4.0,124.0,175.0,51.0,139.69,19.45405,124.0,1.33,1.91,0.5799999999999998,1.7788750000000002,0.1620506249999998,1.91,1.0,2.0,1.0,1.6725,0.4404875,2.0,0.0,0.0,0.0,0.0,0.0,0.0,2.0,8.0,6.0,6.37,1.98935,8.0,0.0,0.0,0.0,0.0,0.0,0.0,4.0,10.0,6.0,8.0425,2.3970875,10.0,0.0,1.0,1.0,0.3275,0.4404875,0.0,0.0,0.0,0.0,0.0,0.0,0.0,2.0,8.0,6.0,3.63,1.98935,2.0,0.0,0.0,0.0,0.0,0.0,0.0,2.0,8.0,6.0,3.9575,2.3970875,2.0,10.245,23.195,12.95,13.5364,4.007417999999999,10.32,0.0,0.0,0.0,0.0,0.0,0.0,0.0,1.5484712,1.5484712,0.38969473075,0.29421952171625,0.5953947,194.0,229.0,35.0,224.14,4.219600000000011,225.0
Co3 Nb36 Ni56 Sn5,27.0,50.0,23.0,33.75,6.845,28.0,47.0,80.0,33.0,56.82,7.070399999999999,61.0,58.6934,118.71,60.0166,74.01809665,18.068754347,58.6934,505.08,2750.0,2244.92,2035.974,514.09872,1728.0,5.0,14.0,9.0,8.37,2.4264,10.0,4.0,5.0,1.0,4.41,0.4838000000000001,4.0,124.0,164.0,40.0,139.21,17.8488,124.0,1.6,1.96,0.3599999999999999,1.8,0.1439999999999999,1.91,1.0,2.0,1.0,1.64,0.4608,2.0,0.0,2.0,2.0,0.1,0.19,0.0,4.0,10.0,6.0,6.63,1.8936,8.0,0.0,0.0,0.0,0.0,0.0,0.0,5.0,14.0,9.0,8.37,2.4264,10.0,0.0,1.0,1.0,0.36,0.4608,0.0,0.0,4.0,4.0,0.2,0.38,0.0,0.0,6.0,6.0,3.37,1.8936,2.0,0.0,0.0,0.0,0.0,0.0,0.0,2.0,7.0,5.0,3.93,2.2174,2.0,10.245,33.285,23.04,14.295600000000002,4.695708000000001,10.32,0.0,0.0,0.0,0.0,0.0,0.0,0.0,1.5484712,1.5484712,0.379875168,0.31149763776,0.5953947,141.0,229.0,88.0,221.31,9.669599999999996,225.0
Co4 Nb32.75 Ni58.25 Zr5,27.0,41.0,14.0,32.8175,6.0777875,28.0,44.0,61.0,17.0,55.445,6.675974999999999,61.0,58.6934,92.90638,34.21298,71.53427274999999,15.967702973749995,58.6934,1728.0,2750.0,1022.0,2084.305,440.399725,1728.0,4.0,10.0,6.0,8.0225,2.3819875,10.0,4.0,5.0,1.0,4.3775,0.4699875,4.0,124.0,175.0,51.0,139.73,19.42385,124.0,1.33,1.91,0.5799999999999998,1.778275,0.1615976249999999,1.91,1.0,2.0,1.0,1.6725,0.4404875,2.0,0.0,0.0,0.0,0.0,0.0,0.0,2.0,8.0,6.0,6.35,1.97425,8.0,0.0,0.0,0.0,0.0,0.0,0.0,4.0,10.0,6.0,8.0225,2.3819875,10.0,0.0,1.0,1.0,0.3275,0.4404875,0.0,0.0,0.0,0.0,0.0,0.0,0.0,2.0,8.0,6.0,3.65,1.97425,2.0,0.0,0.0,0.0,0.0,0.0,0.0,2.0,8.0,6.0,3.9775,2.3819875,2.0,10.245,23.195,12.95,13.5349,4.008550499999999,10.32,0.0,0.0,0.0,0.0,0.0,0.0,0.0,1.5484712,1.5484712,0.40875626075,0.30861097686625,0.5953947,194.0,229.0,35.0,223.52,5.313599999999992,225.0
Co5 Nb33 Ni57 Zr5,27.0,41.0,14.0,32.84,6.101600000000001,28.0,44.0,61.0,17.0,55.38,6.668799999999999,61.0,58.6934,92.90638,34.21298,71.62220314999999,16.007736406,58.6934,1728.0,2750.0,1022.0,2087.26,441.4824,1728.0,4.0,10.0,6.0,8.0,2.38,10.0,4.0,5.0,1.0,4.38,0.4711999999999999,4.0,124.0,175.0,51.0,139.85,19.454,124.0,1.33,1.91,0.5799999999999998,1.7772,0.1616719999999999,1.91,1.0,2.0,1.0,1.67,0.4422,2.0,0.0,0.0,0.0,0.0,0.0,0.0,2.0,8.0,6.0,6.33,1.9708,8.0,0.0,0.0,0.0,0.0,0.0,0.0,4.0,10.0,6.0,8.0,2.38,10.0,0.0,1.0,1.0,0.33,0.4422,0.0,0.0,0.0,0.0,0.0,0.0,0.0,2.0,8.0,6.0,3.67,1.9708,2.0,0.0,0.0,0.0,0.0,0.0,0.0,2.0,8.0,6.0,4.0,2.38,2.0,10.245,23.195,12.95,13.5538,4.017412,10.32,0.0,0.0,0.0,0.0,0.0,0.0,0.0,1.5484712,1.5484712,0.416798539,0.31676688964,0.5953947,194.0,229.0,35.0,223.22,5.844000000000001,225.0
Co6 Nb34 Ni54 Sn6,27.0,50.0,23.0,33.68,6.935999999999999,28.0,47.0,80.0,33.0,57.2,6.935999999999998,61.0,58.6934,118.71,60.0166,73.9411969,18.26858088,58.6934,505.08,2750.0,2244.92,2004.5048,506.9367360000001,1728.0,5.0,14.0,9.0,8.48,2.3664,10.0,4.0,5.0,1.0,4.4,0.48,4.0,124.0,164.0,40.0,138.62,17.304000000000002,124.0,1.6,1.96,0.3599999999999999,1.8058,0.1399439999999999,1.91,1.0,2.0,1.0,1.66,0.4488,2.0,0.0,2.0,2.0,0.12,0.2256,0.0,4.0,10.0,6.0,6.7,1.8360000000000003,8.0,0.0,0.0,0.0,0.0,0.0,0.0,5.0,14.0,9.0,8.48,2.3664,10.0,0.0,1.0,1.0,0.34,0.4488,0.0,0.0,4.0,4.0,0.24,0.4512,0.0,0.0,6.0,6.0,3.3,1.8360000000000003,2.0,0.0,0.0,0.0,0.0,0.0,0.0,2.0,7.0,5.0,3.88,2.136,2.0,10.245,33.285,23.04,14.3658,4.8639600000000005,10.32,0.0,0.0,0.0,0.0,0.0,0.0,0.0,1.5484712,1.5484712,0.41442141,0.331537128,0.5953947,141.0,229.0,88.0,219.46,12.470399999999993,225.0
Co7 Nb33 Ni55 Zr5,27.0,41.0,14.0,32.82,6.1168,28.0,44.0,61.0,17.0,55.32,6.623200000000001,61.0,58.6934,92.90638,34.21298,71.62699905,16.004091522,58.6934,1728.0,2750.0,1022.0,2088.06,440.8743999999999,1728.0,4.0,10.0,6.0,7.98,2.3648,10.0,4.0,5.0,1.0,4.38,0.4711999999999999,4.0,124.0,175.0,51.0,139.89,19.4236,124.0,1.33,1.91,0.5799999999999998,1.7766,0.1612159999999999,1.91,1.0,2.0,1.0,1.67,0.4422,2.0,0.0,0.0,0.0,0.0,0.0,0.0,2.0,8.0,6.0,6.31,1.9556,8.0,0.0,0.0,0.0,0.0,0.0,0.0,4.0,10.0,6.0,7.98,2.3648,10.0,0.0,1.0,1.0,0.33,0.4422,0.0,0.0,0.0,0.0,0.0,0.0,0.0,2.0,8.0,6.0,3.69,1.9556,2.0,0.0,0.0,0.0,0.0,0.0,0.0,2.0,8.0,6.0,4.02,2.3648,2.0,10.245,23.195,12.95,13.5523,4.018552000000001,10.32,0.0,0.0,0.0,0.0,0.0,0.0,0.0,1.5484712,1.5484712,0.435860069,0.33125365244,0.5953947,194.0,229.0,35.0,222.6,6.864000000000004,225.0
Co7.5 Nb34 Ni52.5 Sn6,27.0,50.0,23.0,33.665,6.948,28.0,47.0,80.0,33.0,57.155,6.905399999999999,61.0,58.6934,118.71,60.0166,73.94479382499999,18.26570334,58.6934,505.08,2750.0,2244.92,2005.1048,506.528736,1728.0,5.0,14.0,9.0,8.465,2.3562000000000003,10.0,4.0,5.0,1.0,4.4,0.48,4.0,124.0,164.0,40.0,138.65,17.28,124.0,1.6,1.96,0.3599999999999999,1.80535,0.1396379999999999,1.91,1.0,2.0,1.0,1.66,0.4488,2.0,0.0,2.0,2.0,0.12,0.2256,0.0,4.0,10.0,6.0,6.685,1.8258,8.0,0.0,0.0,0.0,0.0,0.0,0.0,5.0,14.0,9.0,8.465,2.3562000000000003,10.0,0.0,1.0,1.0,0.34,0.4488,0.0,0.0,4.0,4.0,0.24,0.4512,0.0,0.0,6.0,6.0,3.315,1.8258,2.0,0.0,0.0,0.0,0.0,0.0,0.0,2.0,7.0,5.0,3.895,2.124,2.0,10.245,33.285,23.04,14.364675000000002,4.86486,10.32,0.0,0.0,0.0,0.0,0.0,0.0,0.0,1.5484712,1.5484712,0.4287175575,0.342974046,0.5953947,141.0,229.0,88.0,218.995,13.108649999999995,225.0
Cr8.5 Nb3 Ni69 P19.5,15.0,41.0,26.0,25.515,4.3584000000000005,28.0,47.0,83.0,36.0,63.85,7.468500000000001,61.0,30.973762,92.90638,61.932618,53.74518949,9.178201934399995,58.6934,317.3,2750.0,2432.7,1521.9935,469.830465,1728.0,5.0,15.0,10.0,10.485,1.7608499999999998,10.0,3.0,5.0,2.0,3.835,0.32565,4.0,107.0,164.0,57.0,123.16,6.302400000000002,124.0,1.6,2.19,0.5899999999999999,1.93405,0.0998204999999999,1.91,1.0,2.0,1.0,1.885,0.20355,2.0,0.0,3.0,3.0,0.585,0.94185,0.0,0.0,8.0,8.0,6.065,2.6703,8.0,0.0,0.0,0.0,0.0,0.0,0.0,5.0,10.0,5.0,8.535,2.0217,10.0,0.0,1.0,1.0,0.115,0.20355,0.0,0.0,3.0,3.0,0.585,0.94185,0.0,0.0,6.0,6.0,1.985,0.7741499999999999,2.0,0.0,0.0,0.0,0.0,0.0,0.0,2.0,7.0,5.0,2.685,0.9453,2.0,10.32,22.5702380952,12.2502380952,13.018546428564,4.0348469642742,10.32,0.0,1.625,1.625,0.316875,0.51016875,0.0,0.0,0.5953947,0.5953947,0.410822343,0.25470985266,0.5953947,2.0,229.0,227.0,181.975,70.19024999999999,225.0
Cu10 Gd10 Mg75 Ni5,12.0,64.0,52.0,19.7,11.55,12.0,27.0,68.0,41.0,63.15,7.445000000000001,68.0,24.305,157.25,132.945,43.24302,28.407029999999995,24.305,923.0,1728.0,805.0,1073.027,225.04050000000004,923.0,2.0,11.0,9.0,3.4,2.18,2.0,3.0,6.0,3.0,3.45,0.6750000000000002,3.0,124.0,196.0,72.0,144.75,10.25,141.0,1.2,1.91,0.71,1.388,0.1546,1.31,1.0,2.0,1.0,1.9,0.18,2.0,0.0,0.0,0.0,0.0,0.0,0.0,0.0,10.0,10.0,1.5,2.35,0.0,0.0,7.0,7.0,0.7,1.26,0.0,2.0,11.0,9.0,4.1,3.15,2.0,0.0,1.0,1.0,0.1,0.18,0.0,0.0,0.0,0.0,0.0,0.0,0.0,0.0,9.0,9.0,1.0,1.7,0.0,0.0,7.0,7.0,0.7,1.26,0.0,0.0,16.0,16.0,1.8,2.86,0.0,10.32,32.05,21.73,21.9955,3.352650000000003,22.89,0.0,0.0,0.0,0.0,0.0,0.0,0.0,0.5953947,0.5953947,0.029769735,0.0565624965,0.0,194.0,225.0,31.0,198.65,7.905000000000005,194.0
Cu10 Pd73.5 Si16.5,14.0,46.0,32.0,39.02,10.2606,46.0,62.0,78.0,16.0,64.84,4.342800000000002,62.0,28.0855,106.42,78.3345,89.2074075,25.302510975,106.42,1357.77,1828.05,470.28,1757.74875,103.34283749999996,1828.05,10.0,14.0,4.0,10.76,1.1172,10.0,3.0,5.0,2.0,4.57,0.6320999999999998,5.0,111.0,139.0,28.0,133.68,7.820399999999998,139.0,1.9,2.2,0.3000000000000002,2.1205000000000003,0.116865,2.2,0.0,2.0,2.0,0.43,0.6321,0.0,0.0,2.0,2.0,0.33,0.5511,0.0,0.0,10.0,10.0,8.35,2.7555000000000005,10.0,0.0,0.0,0.0,0.0,0.0,0.0,4.0,11.0,7.0,9.11,1.6863000000000006,10.0,0.0,1.0,1.0,0.1,0.18,0.0,0.0,4.0,4.0,0.66,1.1022,0.0,0.0,0.0,0.0,0.0,0.0,0.0,0.0,0.0,0.0,0.0,0.0,0.0,0.0,4.0,4.0,0.76,1.1172,0.0,11.07,20.44,9.37,15.07095,1.7717865000000002,14.41,0.0,0.773,0.773,0.127545,0.2130001499999999,0.0,0.0,0.0,0.0,0.0,0.0,0.0,225.0,227.0,2.0,225.33,0.5511000000000084,225.0
Cu10.3 Mg80 Ni3.4 Y6.3,12.0,39.0,27.0,15.996000000000002,6.393600000000001,12.0,12.0,68.0,56.0,63.822,6.721468000000003,68.0,24.305,88.90585,64.60085000000001,33.58588215,14.84941144,24.305,923.0,1799.0,876.0,1050.33931,203.74289600000003,923.0,2.0,11.0,9.0,3.262,2.052212,2.0,3.0,5.0,2.0,3.263,0.4208,3.0,124.0,190.0,66.0,142.582,5.974667999999995,141.0,1.22,1.91,0.69,1.3855000000000002,0.141653,1.31,1.0,2.0,1.0,1.897,0.1847819999999998,2.0,0.0,0.0,0.0,0.0,0.0,0.0,0.0,10.0,10.0,1.365,2.22999,0.0,0.0,0.0,0.0,0.0,0.0,0.0,2.0,11.0,9.0,3.262,2.052212,2.0,0.0,1.0,1.0,0.103,0.184782,0.0,0.0,0.0,0.0,0.0,0.0,0.0,0.0,9.0,9.0,0.6349999999999999,1.14681,0.0,0.0,0.0,0.0,0.0,0.0,0.0,0.0,9.0,9.0,0.738,1.1808,0.0,10.32,32.365,22.045,21.842085,3.00255129,22.89,0.0,0.0,0.0,0.0,0.0,0.0,0.0,0.5953947,0.5953947,0.0202434198,0.0391102870536,0.0,194.0,225.0,31.0,198.247,7.33032200000001,194.0
Cu12 Pd71.5 Si16.5,14.0,46.0,32.0,38.68,10.4676,46.0,62.0,78.0,16.0,64.88,4.329599999999997,62.0,28.0855,106.42,78.3345,88.3499275,25.840203675,106.42,1357.77,1828.05,470.28,1748.34315,113.9807955,1828.05,10.0,14.0,4.0,10.78,1.1153999999999995,10.0,3.0,5.0,2.0,4.55,0.6435,5.0,111.0,139.0,28.0,133.54,7.807800000000003,139.0,1.9,2.2,0.3000000000000002,2.1145,0.1222650000000001,2.2,0.0,2.0,2.0,0.45,0.6435000000000001,0.0,0.0,2.0,2.0,0.33,0.5511,0.0,0.0,10.0,10.0,8.35,2.7555000000000005,10.0,0.0,0.0,0.0,0.0,0.0,0.0,4.0,11.0,7.0,9.13,1.6928999999999994,10.0,0.0,1.0,1.0,0.12,0.2112,0.0,0.0,4.0,4.0,0.66,1.1022,0.0,0.0,0.0,0.0,0.0,0.0,0.0,0.0,0.0,0.0,0.0,0.0,0.0,0.0,4.0,4.0,0.78,1.1154,0.0,11.07,20.44,9.37,15.00415,1.7938304999999997,14.41,0.0,0.773,0.773,0.127545,0.2130001499999999,0.0,0.0,0.0,0.0,0.0,0.0,0.0,225.0,227.0,2.0,225.33,0.5511000000000084,225.0
Cu14 Ni20 Ti17 Zr49,22.0,40.0,18.0,33.0,6.86,40.0,43.0,64.0,21.0,50.03,8.2996,44.0,47.867,91.224,43.357000000000006,73.47227000000001,17.396695400000002,91.224,1357.77,2128.0,770.23,1908.3778,226.32130400000003,2128.0,4.0,11.0,7.0,6.18,2.8776,4.0,4.0,5.0,1.0,4.49,0.4997999999999999,5.0,124.0,175.0,51.0,156.23,19.676400000000005,175.0,1.33,1.91,0.5799999999999998,1.5614999999999997,0.2341799999999998,1.33,1.0,2.0,1.0,1.86,0.2407999999999999,2.0,0.0,0.0,0.0,0.0,0.0,0.0,2.0,10.0,8.0,4.32,3.0624,2.0,0.0,0.0,0.0,0.0,0.0,0.0,4.0,11.0,7.0,6.18,2.8776,4.0,0.0,1.0,1.0,0.14,0.2408,0.0,0.0,0.0,0.0,0.0,0.0,0.0,0.0,8.0,8.0,5.68,3.0624,8.0,0.0,0.0,0.0,0.0,0.0,0.0,1.0,8.0,7.0,5.82,2.8776,8.0,10.32,23.195,12.875,17.81665,5.270783,23.195,0.0,0.0,0.0,0.0,0.0,0.0,0.0,0.5953947,0.5953947,0.1190827706666666,0.1905247717333333,0.0,194.0,225.0,31.0,204.54,13.912799999999995,194.0
Cu14.7 Ni5.3 P22.5 Pt57.5,15.0,78.0,63.0,53.972,27.6322,78.0,61.0,83.0,22.0,67.541,6.956549999999998,63.0,30.973762,195.084,164.110238,131.59440865,73.01303005250001,195.084,317.3,2041.4,1724.1,1536.37369,601.09264536,2041.4,10.0,15.0,5.0,11.272,1.6776000000000002,10.0,3.0,6.0,3.0,4.925,1.23625,6.0,107.0,136.0,29.0,128.251,10.013555999999996,136.0,1.9,2.28,0.3799999999999999,2.18428,0.112652,2.28,1.0,2.0,1.0,1.278,0.401432,1.0,0.0,3.0,3.0,0.675,1.04625,0.0,0.0,10.0,10.0,7.069,3.1810500000000004,9.0,0.0,14.0,14.0,8.05,6.8425,14.0,5.0,24.0,19.0,17.072,7.9672,24.0,0.0,1.0,1.0,0.722,0.401432,1.0,0.0,3.0,3.0,0.675,1.04625,0.0,0.0,2.0,2.0,0.6809999999999999,0.506664,1.0,0.0,0.0,0.0,0.0,0.0,0.0,1.0,3.0,2.0,2.0780000000000003,0.4149000000000001,2.0,10.32,22.5702380952,12.2502380952,15.88905357142,3.0065330357010005,15.02,0.0,1.625,1.625,0.365625,0.5667187499999999,0.0,0.0,0.5953947,0.5953947,0.0315559191,0.0597669107754,0.0,2.0,225.0,223.0,174.825,77.77125,225.0
Cu15 Gd10 Mg75,12.0,64.0,52.0,19.75,11.625,12.0,27.0,68.0,41.0,63.3,7.260000000000002,68.0,24.305,157.25,132.945,43.48565000000001,28.770975000000007,24.305,923.0,1586.0,663.0,1054.5155,197.27325,923.0,2.0,11.0,9.0,3.45,2.265,2.0,3.0,6.0,3.0,3.45,0.6750000000000002,3.0,132.0,196.0,64.0,145.15,10.170000000000003,141.0,1.2,1.9,0.7,1.3875,0.1537499999999999,1.31,1.0,2.0,1.0,1.85,0.2549999999999999,2.0,0.0,0.0,0.0,0.0,0.0,0.0,0.0,10.0,10.0,1.6,2.52,0.0,0.0,7.0,7.0,0.7,1.26,0.0,2.0,11.0,9.0,4.15,3.225,2.0,0.0,1.0,1.0,0.15,0.255,0.0,0.0,0.0,0.0,0.0,0.0,0.0,0.0,9.0,9.0,0.9,1.62,0.0,0.0,7.0,7.0,0.7,1.26,0.0,0.0,16.0,16.0,1.75,2.85,0.0,11.07,32.05,20.98,22.033,3.2889,22.89,0.0,0.0,0.0,0.0,0.0,0.0,0.0,0.0,0.0,0.0,0.0,0.0,194.0,225.0,31.0,198.65,7.905000000000005,194.0
Cu17 Ni20 Ti14 Zr49,22.0,40.0,18.0,33.21,6.6542,40.0,43.0,64.0,21.0,50.66,8.6716,44.0,47.867,91.224,43.357000000000006,73.94264,16.935732800000004,91.224,1357.77,2128.0,770.23,1890.8809,246.41006600000003,2128.0,4.0,11.0,7.0,6.39,3.0114,4.0,4.0,5.0,1.0,4.49,0.4998,5.0,124.0,175.0,51.0,155.39,20.5086,175.0,1.33,1.91,0.5799999999999998,1.5723000000000005,0.246498,1.33,1.0,2.0,1.0,1.83,0.2821999999999999,2.0,0.0,0.0,0.0,0.0,0.0,0.0,2.0,10.0,8.0,4.56,3.2256,2.0,0.0,0.0,0.0,0.0,0.0,0.0,4.0,11.0,7.0,6.39,3.0114,4.0,0.0,1.0,1.0,0.17,0.2822,0.0,0.0,0.0,0.0,0.0,0.0,0.0,0.0,8.0,8.0,5.44,3.2256,8.0,0.0,0.0,0.0,0.0,0.0,0.0,1.0,8.0,7.0,5.61,3.0114,8.0,10.32,23.195,12.875,17.64805,5.436011,23.195,0.0,0.0,0.0,0.0,0.0,0.0,0.0,0.5953947,0.5953947,0.1190820946666666,0.1905250421333333,0.0,194.0,225.0,31.0,205.47,14.4522,194.0
Cu18 Mg65 Ni6 Y11,12.0,39.0,27.0,18.99,9.087,12.0,12.0,68.0,56.0,60.7,10.713999999999997,68.0,24.305,88.90585,64.60085000000001,40.5377775,21.102610750000004,24.305,923.0,1799.0,876.0,1145.9186,289.79418,923.0,2.0,11.0,9.0,4.21,3.1392,2.0,3.0,5.0,2.0,3.46,0.598,3.0,124.0,190.0,66.0,143.75,10.175,141.0,1.22,1.91,0.69,1.4423,0.2208959999999999,1.31,1.0,2.0,1.0,1.82,0.2951999999999999,2.0,0.0,0.0,0.0,0.0,0.0,0.0,0.0,10.0,10.0,2.39,3.4128000000000003,0.0,0.0,0.0,0.0,0.0,0.0,0.0,2.0,11.0,9.0,4.21,3.1392,2.0,0.0,1.0,1.0,0.18,0.2952,0.0,0.0,0.0,0.0,0.0,0.0,0.0,0.0,9.0,9.0,1.11,1.8426,0.0,0.0,0.0,0.0,0.0,0.0,0.0,0.0,9.0,9.0,1.29,1.7814,0.0,10.32,32.365,22.045,21.05045,4.880616,22.89,0.0,0.0,0.0,0.0,0.0,0.0,0.0,0.5953947,0.5953947,0.035723682,0.06716052216,0.0,194.0,225.0,31.0,201.44,11.308799999999998,194.0
Cu2 Nb32.75 Ni60.25 Zr5,28.0,41.0,13.0,32.8775,6.032487499999999,28.0,44.0,64.0,20.0,55.625,6.811875,61.0,58.6934,92.90638,34.21298,71.62173295,15.90167052275,58.6934,1357.77,2750.0,1392.23,2075.3004,447.1981979999999,1728.0,4.0,11.0,7.0,8.0825,2.4272875000000003,10.0,4.0,5.0,1.0,4.3775,0.4699875,4.0,124.0,175.0,51.0,139.81,19.36345,124.0,1.33,1.91,0.5799999999999998,1.7792750000000002,0.1623526249999998,1.91,1.0,2.0,1.0,1.6525,0.4534874999999999,2.0,0.0,0.0,0.0,0.0,0.0,0.0,2.0,10.0,8.0,6.43,2.03465,8.0,0.0,0.0,0.0,0.0,0.0,0.0,4.0,11.0,7.0,8.0825,2.4272875000000003,10.0,0.0,1.0,1.0,0.3475,0.4534874999999999,0.0,0.0,0.0,0.0,0.0,0.0,0.0,0.0,8.0,8.0,3.57,2.03465,2.0,0.0,0.0,0.0,0.0,0.0,0.0,1.0,8.0,7.0,3.9175,2.4272875,2.0,10.32,23.195,12.875,13.5529,3.9949605,10.32,0.0,0.0,0.0,0.0,0.0,0.0,0.0,0.5953947,0.5953947,0.35872530675,0.28518661886625,0.5953947,194.0,229.0,35.0,224.76,3.076000000000008,225.0
Cu2 Pd81.5 Si16.5,14.0,46.0,32.0,40.38,9.1606,46.0,62.0,78.0,16.0,64.68,4.395600000000004,62.0,28.0855,106.42,78.3345,92.6373275,22.465756175000006,106.42,1357.77,1828.05,470.28,1795.37115,53.2665255,1828.05,10.0,14.0,4.0,10.68,1.1083999999999998,10.0,3.0,5.0,2.0,4.65,0.5704999999999998,5.0,111.0,139.0,28.0,134.24,7.758799999999995,139.0,1.9,2.2,0.3000000000000002,2.1445000000000003,0.0904649999999999,2.2,0.0,2.0,2.0,0.35,0.5705,0.0,0.0,2.0,2.0,0.33,0.5511,0.0,0.0,10.0,10.0,8.35,2.7555000000000005,10.0,0.0,0.0,0.0,0.0,0.0,0.0,4.0,11.0,7.0,9.03,1.6599000000000004,10.0,0.0,1.0,1.0,0.02,0.0392,0.0,0.0,4.0,4.0,0.66,1.1022,0.0,0.0,0.0,0.0,0.0,0.0,0.0,0.0,0.0,0.0,0.0,0.0,0.0,0.0,4.0,4.0,0.68,1.1084,0.0,11.07,20.44,9.37,15.33815,1.6836105000000003,14.41,0.0,0.773,0.773,0.127545,0.2130001499999999,0.0,0.0,0.0,0.0,0.0,0.0,0.0,225.0,227.0,2.0,225.33,0.5511000000000084,225.0
Cu2.22 Pd90.56 Si7.22,14.0,46.0,32.0,43.3122,4.868143359999997,46.0,62.0,78.0,16.0,63.1996,2.172715520000003,62.0,28.0855,106.42,78.3345,99.8124463,11.96760126144,106.42,1357.77,1828.05,470.28,1807.425974,37.35423589119978,1828.05,10.0,14.0,4.0,10.311,0.5632831999999999,10.0,3.0,5.0,2.0,4.8334,0.3017459199999999,5.0,111.0,139.0,28.0,136.823,3.942982399999994,139.0,1.9,2.2,0.3000000000000002,2.1716800000000003,0.0512931839999999,2.2,0.0,2.0,2.0,0.1666,0.3017459199999999,0.0,0.0,2.0,2.0,0.1444,0.2679486399999999,0.0,0.0,10.0,10.0,9.278,1.3397431999999998,10.0,0.0,0.0,0.0,0.0,0.0,0.0,4.0,11.0,7.0,9.589,0.8070515999999996,10.0,0.0,1.0,1.0,0.0222,0.04341432,0.0,0.0,4.0,4.0,0.2888,0.5358972799999999,0.0,0.0,0.0,0.0,0.0,0.0,0.0,0.0,0.0,0.0,0.0,0.0,0.0,0.0,4.0,4.0,0.311,0.5632832,0.0,11.07,20.44,9.37,14.771218,0.818572120800001,14.41,0.0,0.773,0.773,0.0558106,0.10356214936,0.0,0.0,0.0,0.0,0.0,0.0,0.0,225.0,227.0,2.0,225.1444,0.2679486399999917,225.0
Cu20 Gd10 Mg65 Ni5,12.0,64.0,52.0,21.4,12.22,12.0,27.0,68.0,41.0,62.75,7.325,68.0,24.305,157.25,132.945,47.16712,29.720756,24.305,923.0,1728.0,805.0,1116.504,251.5552,923.0,2.0,11.0,9.0,4.3,3.25,2.0,3.0,6.0,3.0,3.55,0.7149999999999999,3.0,124.0,196.0,72.0,143.85,10.429999999999996,141.0,1.2,1.91,0.71,1.447,0.2275,1.31,1.0,2.0,1.0,1.8,0.3199999999999999,2.0,0.0,0.0,0.0,0.0,0.0,0.0,0.0,10.0,10.0,2.5,3.55,0.0,0.0,7.0,7.0,0.7,1.26,0.0,2.0,11.0,9.0,5.0,3.9,2.0,0.0,1.0,1.0,0.2,0.32,0.0,0.0,0.0,0.0,0.0,0.0,0.0,0.0,9.0,9.0,1.0,1.7,0.0,0.0,7.0,7.0,0.7,1.26,0.0,0.0,16.0,16.0,1.9,2.83,0.0,10.32,32.05,21.73,20.8135,4.9467500000000015,22.89,0.0,0.0,0.0,0.0,0.0,0.0,0.0,0.5953947,0.5953947,0.029769735,0.0565624965,0.0,194.0,225.0,31.0,201.75,11.625,194.0
Cu20 Mg65 Tb10 Zn5,12.0,65.0,53.0,21.6,12.48,12.0,29.0,69.0,40.0,63.35,6.869999999999999,68.0,24.305,158.92535,134.62035,47.66898499999999,30.3731805,24.305,692.68,1629.0,936.32,1069.0379999999998,227.4851999999999,923.0,2.0,12.0,10.0,4.4,3.4,2.0,3.0,6.0,3.0,3.55,0.7149999999999999,3.0,122.0,194.0,72.0,143.55,10.090000000000009,141.0,1.21,1.9,0.69,1.435,0.2074999999999999,1.31,1.0,2.0,1.0,1.8,0.3199999999999999,2.0,0.0,0.0,0.0,0.0,0.0,0.0,0.0,10.0,10.0,2.5,3.75,0.0,0.0,9.0,9.0,0.9,1.62,0.0,2.0,12.0,10.0,5.2,4.16,2.0,0.0,1.0,1.0,0.2,0.32,0.0,0.0,0.0,0.0,0.0,0.0,0.0,0.0,0.0,0.0,0.0,0.0,0.0,0.0,5.0,5.0,0.5,0.9,0.0,0.0,5.0,5.0,0.7,0.98,0.0,11.07,31.7366666667,20.6666666667,20.964166666670003,4.658083333334999,22.89,0.0,0.0,0.0,0.0,0.0,0.0,0.0,0.0,0.0,0.0,0.0,0.0,194.0,225.0,31.0,200.2,9.919999999999993,194.0
Cu22.5 Mg65 Tb10 Zn2.5,12.0,65.0,53.0,21.575,12.4475,12.0,29.0,69.0,40.0,63.225,6.844999999999998,68.0,24.305,158.92535,134.62035,47.623135000000005,30.3135755,24.305,692.68,1629.0,936.32,1085.66525,231.1140875,923.0,2.0,12.0,10.0,4.375,3.3625,2.0,3.0,6.0,3.0,3.55,0.7149999999999999,3.0,122.0,194.0,72.0,143.8,10.04000000000001,141.0,1.21,1.9,0.69,1.44125,0.2168749999999999,1.31,1.0,2.0,1.0,1.775,0.34875,2.0,0.0,0.0,0.0,0.0,0.0,0.0,0.0,10.0,10.0,2.5,3.75,0.0,0.0,9.0,9.0,0.9,1.62,0.0,2.0,12.0,10.0,5.175,4.1275,2.0,0.0,1.0,1.0,0.225,0.34875,0.0,0.0,0.0,0.0,0.0,0.0,0.0,0.0,0.0,0.0,0.0,0.0,0.0,0.0,5.0,5.0,0.5,0.9,0.0,0.0,5.0,5.0,0.725,0.97875,0.0,11.07,31.7366666667,20.6666666667,20.891916666670003,4.766458333334999,22.89,0.0,0.0,0.0,0.0,0.0,0.0,0.0,0.0,0.0,0.0,0.0,0.0,194.0,225.0,31.0,200.975,10.811249999999998,194.0
Cu22.8 Mg63 Ni3.2 Y11,12.0,39.0,27.0,19.358,9.27108,12.0,12.0,68.0,56.0,60.70399999999999,10.714880000000004,68.0,24.305,88.90585,64.60085000000001,41.4584703,21.613372578,24.305,923.0,1799.0,876.0,1144.24756,278.7719256,923.0,2.0,11.0,9.0,4.418,3.35864,2.0,3.0,5.0,2.0,3.48,0.6048,3.0,124.0,190.0,66.0,143.79399999999998,10.165319999999989,141.0,1.22,1.91,0.69,1.4538199999999997,0.2326535999999998,1.31,1.0,2.0,1.0,1.7720000000000002,0.3520319999999998,2.0,0.0,0.0,0.0,0.0,0.0,0.0,0.0,10.0,10.0,2.6460000000000004,3.69608,0.0,0.0,0.0,0.0,0.0,0.0,0.0,2.0,11.0,9.0,4.418,3.35864,2.0,0.0,1.0,1.0,0.228,0.352032,0.0,0.0,0.0,0.0,0.0,0.0,0.0,0.0,9.0,9.0,1.054,1.808664,0.0,0.0,0.0,0.0,0.0,0.0,0.0,0.0,9.0,9.0,1.2819999999999998,1.7439119999999997,0.0,10.32,32.365,22.045,20.835049999999995,5.125826000000002,22.89,0.0,0.0,0.0,0.0,0.0,0.0,0.0,0.5953947,0.5953947,0.0190526304,0.0368858924544,0.0,194.0,225.0,31.0,202.06,11.9288,194.0
Cu24.5 Gd11 Mg64.5,12.0,64.0,52.0,21.885,12.75165,12.0,27.0,68.0,41.0,62.51,7.812200000000002,68.0,24.305,157.25,132.945,48.542995,31.26701355,24.305,923.0,1586.0,663.0,1102.4486499999998,231.48875849999996,923.0,2.0,11.0,9.0,4.315,3.2756500000000006,2.0,3.0,6.0,3.0,3.575,0.7417500000000001,3.0,132.0,196.0,64.0,144.845,11.2541,141.0,1.2,1.9,0.7,1.44245,0.2241994999999999,1.31,1.0,2.0,1.0,1.755,0.36995,2.0,0.0,0.0,0.0,0.0,0.0,0.0,0.0,10.0,10.0,2.56,3.6456,0.0,0.0,7.0,7.0,0.77,1.3706,0.0,2.0,11.0,9.0,5.085,3.97965,2.0,0.0,1.0,1.0,0.245,0.36995,0.0,0.0,0.0,0.0,0.0,0.0,0.0,0.0,9.0,9.0,0.99,1.7622,0.0,0.0,7.0,7.0,0.77,1.3706,0.0,0.0,16.0,16.0,2.005,3.0789,0.0,11.07,32.05,20.98,21.0017,4.866533,22.89,0.0,0.0,0.0,0.0,0.0,0.0,0.0,0.0,0.0,0.0,0.0,0.0,194.0,225.0,31.0,201.595,11.468449999999995,194.0
Cu25 Dy10 Mg65,12.0,66.0,54.0,21.65,12.545,12.0,31.0,68.0,37.0,63.3,6.460000000000003,68.0,24.305,162.5,138.195,47.93475,30.718675000000005,24.305,923.0,1685.0,762.0,1107.8925,240.36025,923.0,2.0,11.0,9.0,4.35,3.325,2.0,3.0,6.0,3.0,3.55,0.7149999999999999,3.0,132.0,192.0,60.0,143.85,9.629999999999995,141.0,1.22,1.9,0.6799999999999999,1.4485,0.22575,1.31,1.0,2.0,1.0,1.75,0.375,2.0,0.0,0.0,0.0,0.0,0.0,0.0,0.0,10.0,10.0,2.5,3.75,0.0,0.0,10.0,10.0,1.0,1.8,0.0,2.0,12.0,10.0,5.25,4.225,2.0,0.0,1.0,1.0,0.25,0.375,0.0,0.0,0.0,0.0,0.0,0.0,0.0,0.0,0.0,0.0,0.0,0.0,0.0,0.0,4.0,4.0,0.4,0.72,0.0,0.0,4.0,4.0,0.65,0.845,0.0,11.07,31.24,20.17,20.77,4.85,22.89,0.0,0.0,0.0,0.0,0.0,0.0,0.0,0.0,0.0,0.0,0.0,0.0,194.0,225.0,31.0,201.75,11.625,194.0
Cu25 Er10 Mg65,12.0,68.0,56.0,21.85,12.805,12.0,35.0,68.0,33.0,63.7,5.7399999999999975,68.0,24.305,167.259,142.95399999999998,48.41065,31.337345,24.305,923.0,1770.0,847.0,1116.3925,251.41025,923.0,2.0,11.0,9.0,4.35,3.325,2.0,3.0,6.0,3.0,3.55,0.7149999999999999,3.0,132.0,189.0,57.0,143.55,9.090000000000009,141.0,1.24,1.9,0.6599999999999999,1.4505,0.22475,1.31,1.0,2.0,1.0,1.75,0.375,2.0,0.0,0.0,0.0,0.0,0.0,0.0,0.0,10.0,10.0,2.5,3.75,0.0,0.0,12.0,12.0,1.2,2.16,0.0,2.0,14.0,12.0,5.45,4.485,2.0,0.0,1.0,1.0,0.25,0.375,0.0,0.0,0.0,0.0,0.0,0.0,0.0,0.0,0.0,0.0,0.0,0.0,0.0,0.0,2.0,2.0,0.2,0.36,0.0,0.0,2.0,2.0,0.45,0.585,0.0,11.07,30.585,19.515,20.704500000000003,4.817249999999999,22.89,0.0,0.0,0.0,0.0,0.0,0.0,0.0,0.0,0.0,0.0,0.0,0.0,194.0,225.0,31.0,201.75,11.625,194.0
Cu25 Gd10 Mg65,12.0,64.0,52.0,21.45,12.285,12.0,27.0,68.0,41.0,62.9,7.180000000000002,68.0,24.305,157.25,132.945,47.40975,30.036175000000004,24.305,923.0,1586.0,663.0,1097.9925,227.49025,923.0,2.0,11.0,9.0,4.35,3.325,2.0,3.0,6.0,3.0,3.55,0.7149999999999999,3.0,132.0,196.0,64.0,144.25,10.35,141.0,1.2,1.9,0.7,1.4465,0.22675,1.31,1.0,2.0,1.0,1.75,0.375,2.0,0.0,0.0,0.0,0.0,0.0,0.0,0.0,10.0,10.0,2.6,3.7,0.0,0.0,7.0,7.0,0.7,1.26,0.0,2.0,11.0,9.0,5.05,3.965,2.0,0.0,1.0,1.0,0.25,0.375,0.0,0.0,0.0,0.0,0.0,0.0,0.0,0.0,9.0,9.0,0.9,1.62,0.0,0.0,7.0,7.0,0.7,1.26,0.0,0.0,16.0,16.0,1.85,2.83,0.0,11.07,32.05,20.98,20.851000000000003,4.890499999999999,22.89,0.0,0.0,0.0,0.0,0.0,0.0,0.0,0.0,0.0,0.0,0.0,0.0,194.0,225.0,31.0,201.75,11.625,194.0
Cu25 Gd10 Mg65,12.0,64.0,52.0,21.45,12.285,12.0,27.0,68.0,41.0,62.9,7.180000000000002,68.0,24.305,157.25,132.945,47.40975,30.036175000000004,24.305,923.0,1586.0,663.0,1097.9925,227.49025,923.0,2.0,11.0,9.0,4.35,3.325,2.0,3.0,6.0,3.0,3.55,0.7149999999999999,3.0,132.0,196.0,64.0,144.25,10.35,141.0,1.2,1.9,0.7,1.4465,0.22675,1.31,1.0,2.0,1.0,1.75,0.375,2.0,0.0,0.0,0.0,0.0,0.0,0.0,0.0,10.0,10.0,2.6,3.7,0.0,0.0,7.0,7.0,0.7,1.26,0.0,2.0,11.0,9.0,5.05,3.965,2.0,0.0,1.0,1.0,0.25,0.375,0.0,0.0,0.0,0.0,0.0,0.0,0.0,0.0,9.0,9.0,0.9,1.62,0.0,0.0,7.0,7.0,0.7,1.26,0.0,0.0,16.0,16.0,1.85,2.83,0.0,11.07,32.05,20.98,20.851000000000003,4.890499999999999,22.89,0.0,0.0,0.0,0.0,0.0,0.0,0.0,0.0,0.0,0.0,0.0,0.0,194.0,225.0,31.0,201.75,11.625,194.0
Cu25 Gd5 Mg65 Y5,12.0,64.0,52.0,20.2,10.66,12.0,12.0,68.0,56.0,62.15,8.530000000000001,68.0,24.305,157.25,132.945,43.9925425,25.59380525,24.305,923.0,1799.0,876.0,1108.6425,241.33524999999997,923.0,2.0,11.0,9.0,4.35,3.325,2.0,3.0,6.0,3.0,3.5,0.65,3.0,132.0,196.0,64.0,143.95,9.809999999999992,141.0,1.2,1.9,0.7,1.4475,0.2262499999999999,1.31,1.0,2.0,1.0,1.75,0.375,2.0,0.0,0.0,0.0,0.0,0.0,0.0,0.0,10.0,10.0,2.6,3.7,0.0,0.0,7.0,7.0,0.35,0.665,0.0,2.0,11.0,9.0,4.7,3.68,2.0,0.0,1.0,1.0,0.25,0.375,0.0,0.0,0.0,0.0,0.0,0.0,0.0,0.0,9.0,9.0,0.9,1.62,0.0,0.0,7.0,7.0,0.35,0.665,0.0,0.0,16.0,16.0,1.5,2.2,0.0,11.07,32.365,21.295,20.866750000000003,4.898374999999998,22.89,0.0,0.0,0.0,0.0,0.0,0.0,0.0,0.0,0.0,0.0,0.0,0.0,194.0,225.0,31.0,201.75,11.625,194.0
Cu25 Ho10 Mg65,12.0,67.0,55.0,21.75,12.675,12.0,33.0,68.0,35.0,63.5,6.1,68.0,24.305,164.93032,140.62532,48.177782,31.0346166,24.305,923.0,1747.0,824.0,1114.0925,248.42025,923.0,2.0,11.0,9.0,4.35,3.325,2.0,3.0,6.0,3.0,3.55,0.7149999999999999,3.0,132.0,192.0,60.0,143.85,9.629999999999995,141.0,1.23,1.9,0.6699999999999999,1.4494999999999998,0.2252499999999998,1.31,1.0,2.0,1.0,1.75,0.375,2.0,0.0,0.0,0.0,0.0,0.0,0.0,0.0,10.0,10.0,2.5,3.75,0.0,0.0,11.0,11.0,1.1,1.98,0.0,2.0,13.0,11.0,5.35,4.355,2.0,0.0,1.0,1.0,0.25,0.375,0.0,0.0,0.0,0.0,0.0,0.0,0.0,0.0,0.0,0.0,0.0,0.0,0.0,0.0,3.0,3.0,0.3,0.54,0.0,0.0,3.0,3.0,0.55,0.715,0.0,11.07,30.7333333333,19.6633333333,20.71933333333,4.824666666665001,22.89,0.0,0.0,0.0,0.0,0.0,0.0,0.0,0.0,0.0,0.0,0.0,0.0,194.0,225.0,31.0,201.75,11.625,194.0
Cu25 Mg65 Nd10,12.0,60.0,48.0,21.05,11.765,12.0,19.0,68.0,49.0,62.1,8.619999999999997,68.0,24.305,144.242,119.93699999999998,46.10895000000001,28.345135,24.305,923.0,1357.77,434.77,1068.7925,189.53025,923.0,2.0,11.0,9.0,4.35,3.325,2.0,3.0,6.0,3.0,3.55,0.7149999999999999,3.0,132.0,201.0,69.0,144.75,11.25,141.0,1.14,1.9,0.76,1.4405,0.22975,1.31,1.0,2.0,1.0,1.75,0.375,2.0,0.0,0.0,0.0,0.0,0.0,0.0,0.0,10.0,10.0,2.5,3.75,0.0,0.0,4.0,4.0,0.4,0.72,0.0,2.0,11.0,9.0,4.65,3.445,2.0,0.0,1.0,1.0,0.25,0.375,0.0,0.0,0.0,0.0,0.0,0.0,0.0,0.0,0.0,0.0,0.0,0.0,0.0,0.0,10.0,10.0,1.0,1.8,0.0,0.0,10.0,10.0,1.25,1.75,0.0,11.07,34.81,23.74,21.127,5.028499999999999,22.89,0.0,0.0,0.0,0.0,0.0,0.0,0.0,0.0,0.0,0.0,0.0,0.0,194.0,225.0,31.0,201.75,11.625,194.0
Cu25 Mg65 Pr10,12.0,59.0,47.0,20.95,11.635,12.0,17.0,68.0,51.0,61.9,8.980000000000002,68.0,24.305,140.90765,116.60264999999998,45.775515000000006,27.9116695,24.305,923.0,1357.77,434.77,1059.7925,177.83025,923.0,2.0,11.0,9.0,4.35,3.325,2.0,3.0,6.0,3.0,3.55,0.7149999999999999,3.0,132.0,203.0,71.0,144.95,11.60999999999999,141.0,1.13,1.9,0.77,1.4395000000000002,0.23025,1.31,1.0,2.0,1.0,1.75,0.375,2.0,0.0,0.0,0.0,0.0,0.0,0.0,0.0,10.0,10.0,2.5,3.75,0.0,0.0,3.0,3.0,0.3,0.54,0.0,2.0,11.0,9.0,4.55,3.315,2.0,0.0,1.0,1.0,0.25,0.375,0.0,0.0,0.0,0.0,0.0,0.0,0.0,0.0,0.0,0.0,0.0,0.0,0.0,0.0,11.0,11.0,1.1,1.98,0.0,0.0,11.0,11.0,1.35,1.93,0.0,11.07,35.675,24.605,21.213500000000003,5.071749999999999,22.89,0.0,0.0,0.0,0.0,0.0,0.0,0.0,0.0,0.0,0.0,0.0,0.0,194.0,225.0,31.0,201.75,11.625,194.0
Cu25 Mg65 Tb10,12.0,65.0,53.0,21.55,12.415,12.0,29.0,68.0,39.0,63.1,6.819999999999998,68.0,24.305,158.92535,134.62035,47.577285,30.2539705,24.305,923.0,1629.0,706.0,1102.2925,233.08025,923.0,2.0,11.0,9.0,4.35,3.325,2.0,3.0,6.0,3.0,3.55,0.7149999999999999,3.0,132.0,194.0,62.0,144.05,9.990000000000007,141.0,1.21,1.9,0.69,1.4475,0.2262499999999999,1.31,1.0,2.0,1.0,1.75,0.375,2.0,0.0,0.0,0.0,0.0,0.0,0.0,0.0,10.0,10.0,2.5,3.75,0.0,0.0,9.0,9.0,0.9,1.62,0.0,2.0,11.0,9.0,5.15,4.095,2.0,0.0,1.0,1.0,0.25,0.375,0.0,0.0,0.0,0.0,0.0,0.0,0.0,0.0,0.0,0.0,0.0,0.0,0.0,0.0,5.0,5.0,0.5,0.9,0.0,0.0,5.0,5.0,0.75,0.975,0.0,11.07,31.7366666667,20.6666666667,20.81966666667,4.874833333335001,22.89,0.0,0.0,0.0,0.0,0.0,0.0,0.0,0.0,0.0,0.0,0.0,0.0,194.0,225.0,31.0,201.75,11.625,194.0
Cu25 Mg65 Tb7 Y3,12.0,65.0,53.0,20.77,11.401,12.0,12.0,68.0,56.0,62.59,7.737999999999996,68.0,24.305,158.92535,134.62035,45.47670000000001,27.52321,24.305,923.0,1799.0,876.0,1107.3925,239.71025,923.0,2.0,11.0,9.0,4.35,3.325,2.0,3.0,6.0,3.0,3.52,0.676,3.0,132.0,194.0,62.0,143.93,9.774000000000006,141.0,1.21,1.9,0.69,1.4478,0.2260999999999999,1.31,1.0,2.0,1.0,1.75,0.375,2.0,0.0,0.0,0.0,0.0,0.0,0.0,0.0,10.0,10.0,2.53,3.735,0.0,0.0,9.0,9.0,0.63,1.1718,0.0,2.0,11.0,9.0,4.91,3.8976,2.0,0.0,1.0,1.0,0.25,0.375,0.0,0.0,0.0,0.0,0.0,0.0,0.0,0.0,9.0,9.0,0.27,0.5238,0.0,0.0,5.0,5.0,0.35,0.6510000000000001,0.0,0.0,9.0,9.0,0.87,1.131,0.0,11.07,32.365,21.295,20.838516666669,4.8842583333345,22.89,0.0,0.0,0.0,0.0,0.0,0.0,0.0,0.0,0.0,0.0,0.0,0.0,194.0,225.0,31.0,201.75,11.625,194.0
Cu25 Mg65 Tb8 Y2,12.0,65.0,53.0,21.03,11.739,12.0,12.0,68.0,56.0,62.76,7.432000000000001,68.0,24.305,158.92535,134.62035,46.176895,28.4334635,24.305,923.0,1799.0,876.0,1105.6925,237.50025,923.0,2.0,11.0,9.0,4.35,3.325,2.0,3.0,6.0,3.0,3.53,0.689,3.0,132.0,194.0,62.0,143.97,9.845999999999998,141.0,1.21,1.9,0.69,1.4477000000000002,0.22615,1.31,1.0,2.0,1.0,1.75,0.375,2.0,0.0,0.0,0.0,0.0,0.0,0.0,0.0,10.0,10.0,2.52,3.7400000000000007,0.0,0.0,9.0,9.0,0.72,1.3248,0.0,2.0,11.0,9.0,4.99,3.9666,2.0,0.0,1.0,1.0,0.25,0.375,0.0,0.0,0.0,0.0,0.0,0.0,0.0,0.0,9.0,9.0,0.18,0.3528,0.0,0.0,5.0,5.0,0.4,0.736,0.0,0.0,9.0,9.0,0.83,1.079,0.0,11.07,32.365,21.295,20.832233333336,4.881116666668001,22.89,0.0,0.0,0.0,0.0,0.0,0.0,0.0,0.0,0.0,0.0,0.0,0.0,194.0,225.0,31.0,201.75,11.625,194.0
Cu25 Mg65 Tb9 Y1,12.0,65.0,53.0,21.29,12.076999999999998,12.0,12.0,68.0,56.0,62.93,7.126,68.0,24.305,158.92535,134.62035,46.87709000000001,29.343717000000005,24.305,923.0,1799.0,876.0,1103.9925,235.29025,923.0,2.0,11.0,9.0,4.35,3.325,2.0,3.0,6.0,3.0,3.54,0.7020000000000001,3.0,132.0,194.0,62.0,144.01,9.917999999999992,141.0,1.21,1.9,0.69,1.4476000000000002,0.2262,1.31,1.0,2.0,1.0,1.75,0.375,2.0,0.0,0.0,0.0,0.0,0.0,0.0,0.0,10.0,10.0,2.51,3.744999999999999,0.0,0.0,9.0,9.0,0.81,1.4742000000000002,0.0,2.0,11.0,9.0,5.07,4.0324,2.0,0.0,1.0,1.0,0.25,0.375,0.0,0.0,0.0,0.0,0.0,0.0,0.0,0.0,9.0,9.0,0.09,0.1782,0.0,0.0,5.0,5.0,0.45,0.819,0.0,0.0,9.0,9.0,0.79,1.027,0.0,11.07,32.365,21.295,20.825950000003,4.877975000001499,22.89,0.0,0.0,0.0,0.0,0.0,0.0,0.0,0.0,0.0,0.0,0.0,0.0,194.0,225.0,31.0,201.75,11.625,194.0
Cu25 Mg65 Y10,12.0,39.0,27.0,18.95,9.035,12.0,12.0,68.0,56.0,61.4,9.88,68.0,24.305,88.90585,64.60085000000001,40.575335,21.1514355,24.305,923.0,1799.0,876.0,1119.2925,255.18025,923.0,2.0,11.0,9.0,4.35,3.325,2.0,3.0,5.0,2.0,3.45,0.5850000000000001,3.0,132.0,190.0,58.0,143.65,9.270000000000003,141.0,1.22,1.9,0.6799999999999999,1.4485,0.2257499999999999,1.31,1.0,2.0,1.0,1.75,0.375,2.0,0.0,0.0,0.0,0.0,0.0,0.0,0.0,10.0,10.0,2.6,3.7,0.0,0.0,0.0,0.0,0.0,0.0,0.0,2.0,11.0,9.0,4.35,3.325,2.0,0.0,1.0,1.0,0.25,0.375,0.0,0.0,0.0,0.0,0.0,0.0,0.0,0.0,9.0,9.0,0.9,1.62,0.0,0.0,0.0,0.0,0.0,0.0,0.0,0.0,9.0,9.0,1.15,1.57,0.0,11.07,32.365,21.295,20.8825,4.90625,22.89,0.0,0.0,0.0,0.0,0.0,0.0,0.0,0.0,0.0,0.0,0.0,0.0,194.0,225.0,31.0,201.75,11.625,194.0
Cu25 Mg65 Y10,12.0,39.0,27.0,18.95,9.035,12.0,12.0,68.0,56.0,61.4,9.88,68.0,24.305,88.90585,64.60085000000001,40.575335,21.1514355,24.305,923.0,1799.0,876.0,1119.2925,255.18025,923.0,2.0,11.0,9.0,4.35,3.325,2.0,3.0,5.0,2.0,3.45,0.5850000000000001,3.0,132.0,190.0,58.0,143.65,9.270000000000003,141.0,1.22,1.9,0.6799999999999999,1.4485,0.2257499999999999,1.31,1.0,2.0,1.0,1.75,0.375,2.0,0.0,0.0,0.0,0.0,0.0,0.0,0.0,10.0,10.0,2.6,3.7,0.0,0.0,0.0,0.0,0.0,0.0,0.0,2.0,11.0,9.0,4.35,3.325,2.0,0.0,1.0,1.0,0.25,0.375,0.0,0.0,0.0,0.0,0.0,0.0,0.0,0.0,9.0,9.0,0.9,1.62,0.0,0.0,0.0,0.0,0.0,0.0,0.0,0.0,9.0,9.0,1.15,1.57,0.0,11.07,32.365,21.295,20.8825,4.90625,22.89,0.0,0.0,0.0,0.0,0.0,0.0,0.0,0.0,0.0,0.0,0.0,0.0,194.0,225.0,31.0,201.75,11.625,194.0
Cu25 Mg65 Y10,12.0,39.0,27.0,18.95,9.035,12.0,12.0,68.0,56.0,61.4,9.88,68.0,24.305,88.90585,64.60085000000001,40.575335,21.1514355,24.305,923.0,1799.0,876.0,1119.2925,255.18025,923.0,2.0,11.0,9.0,4.35,3.325,2.0,3.0,5.0,2.0,3.45,0.5850000000000001,3.0,132.0,190.0,58.0,143.65,9.270000000000003,141.0,1.22,1.9,0.6799999999999999,1.4485,0.2257499999999999,1.31,1.0,2.0,1.0,1.75,0.375,2.0,0.0,0.0,0.0,0.0,0.0,0.0,0.0,10.0,10.0,2.6,3.7,0.0,0.0,0.0,0.0,0.0,0.0,0.0,2.0,11.0,9.0,4.35,3.325,2.0,0.0,1.0,1.0,0.25,0.375,0.0,0.0,0.0,0.0,0.0,0.0,0.0,0.0,9.0,9.0,0.9,1.62,0.0,0.0,0.0,0.0,0.0,0.0,0.0,0.0,9.0,9.0,1.15,1.57,0.0,11.07,32.365,21.295,20.8825,4.90625,22.89,0.0,0.0,0.0,0.0,0.0,0.0,0.0,0.0,0.0,0.0,0.0,0.0,194.0,225.0,31.0,201.75,11.625,194.0
Cu25.43 Gd9.01 Mg65.56,12.0,64.0,52.0,21.0083,11.81168296,12.0,27.0,68.0,41.0,63.2887,6.539223740000001,68.0,24.305,157.25,132.945,46.2623308,28.79045214496,24.305,923.0,1586.0,663.0,1093.298311,223.2951453832,923.0,2.0,11.0,9.0,4.3788,3.36754232,2.0,3.0,6.0,3.0,3.5246000000000004,0.68785552,3.0,132.0,196.0,64.0,143.6668,9.430442639999995,141.0,1.2,1.9,0.7,1.450126,0.2288059163999999,1.31,1.0,2.0,1.0,1.7457,0.3792630199999999,2.0,0.0,0.0,0.0,0.0,0.0,0.0,0.0,10.0,10.0,2.6331,3.74680534,0.0,0.0,7.0,7.0,0.6307,1.14774786,0.0,2.0,11.0,9.0,5.0095,3.9460564,2.0,0.0,1.0,1.0,0.2542999999999999,0.3792630199999999,0.0,0.0,0.0,0.0,0.0,0.0,0.0,0.0,9.0,9.0,0.8109000000000001,1.4756758200000002,0.0,0.0,7.0,7.0,0.6307,1.14774786,0.0,0.0,16.0,16.0,1.6959,2.57759882,0.0,11.07,32.05,20.98,20.70949,4.902644613999999,22.89,0.0,0.0,0.0,0.0,0.0,0.0,0.0,0.0,0.0,0.0,0.0,0.0,194.0,225.0,31.0,201.8833,11.757153620000008,194.0
Cu26.5 Gd11 Mg62.5,12.0,64.0,52.0,22.225,12.78125,12.0,27.0,68.0,41.0,62.43,7.7946,68.0,24.305,157.25,132.945,49.327815,31.278518750000003,24.305,923.0,1586.0,663.0,1111.14405,235.1800625,923.0,2.0,11.0,9.0,4.495,3.44765,2.0,3.0,6.0,3.0,3.595,0.74375,3.0,132.0,196.0,64.0,144.665,11.293699999999994,141.0,1.2,1.9,0.7,1.45425,0.2362475,1.31,1.0,2.0,1.0,1.735,0.38955,2.0,0.0,0.0,0.0,0.0,0.0,0.0,0.0,10.0,10.0,2.76,3.8372,0.0,0.0,7.0,7.0,0.77,1.3706,0.0,2.0,11.0,9.0,5.265,4.08125,2.0,0.0,1.0,1.0,0.265,0.38955,0.0,0.0,0.0,0.0,0.0,0.0,0.0,0.0,9.0,9.0,0.99,1.7622,0.0,0.0,7.0,7.0,0.77,1.3706,0.0,0.0,16.0,16.0,2.025,3.0745,0.0,11.07,32.05,20.98,20.7653,5.138509000000002,22.89,0.0,0.0,0.0,0.0,0.0,0.0,0.0,0.0,0.0,0.0,0.0,0.0,194.0,225.0,31.0,202.215,12.07605,194.0
Cu27 Gd10 Mg63,12.0,64.0,52.0,21.79,12.3354,12.0,27.0,68.0,41.0,62.82,7.164,68.0,24.305,157.25,132.945,48.194570000000006,30.1008582,24.305,923.0,1586.0,663.0,1106.6879,231.44675400000003,923.0,2.0,11.0,9.0,4.53,3.4938,2.0,3.0,6.0,3.0,3.57,0.7182,3.0,132.0,196.0,64.0,144.07,10.385999999999994,141.0,1.2,1.9,0.7,1.4583,0.2385179999999999,1.31,1.0,2.0,1.0,1.73,0.3942,2.0,0.0,0.0,0.0,0.0,0.0,0.0,0.0,10.0,10.0,2.8,3.888,0.0,0.0,7.0,7.0,0.7,1.26,0.0,2.0,11.0,9.0,5.23,4.0698,2.0,0.0,1.0,1.0,0.27,0.3942,0.0,0.0,0.0,0.0,0.0,0.0,0.0,0.0,9.0,9.0,0.9,1.62,0.0,0.0,7.0,7.0,0.7,1.26,0.0,0.0,16.0,16.0,1.87,2.826,0.0,11.07,32.05,20.98,20.6146,5.154084,22.89,0.0,0.0,0.0,0.0,0.0,0.0,0.0,0.0,0.0,0.0,0.0,0.0,194.0,225.0,31.0,202.37,12.220200000000002,194.0
Cu27 Mg63 Y10,12.0,39.0,27.0,19.29,9.1854,12.0,12.0,68.0,56.0,61.32,9.864,68.0,24.305,88.90585,64.60085000000001,41.36015499999999,21.4894953,24.305,923.0,1799.0,876.0,1127.9879,258.284754,923.0,2.0,11.0,9.0,4.53,3.4938000000000007,2.0,3.0,5.0,2.0,3.47,0.5922000000000001,3.0,132.0,190.0,58.0,143.47,9.306,141.0,1.22,1.9,0.6799999999999999,1.4602999999999997,0.2374379999999998,1.31,1.0,2.0,1.0,1.73,0.3942,2.0,0.0,0.0,0.0,0.0,0.0,0.0,0.0,10.0,10.0,2.8,3.888,0.0,0.0,0.0,0.0,0.0,0.0,0.0,2.0,11.0,9.0,4.53,3.4938000000000007,2.0,0.0,1.0,1.0,0.27,0.3942,0.0,0.0,0.0,0.0,0.0,0.0,0.0,0.0,9.0,9.0,0.9,1.62,0.0,0.0,0.0,0.0,0.0,0.0,0.0,0.0,9.0,9.0,1.17,1.5659999999999998,0.0,11.07,32.365,21.295,20.6461,5.171094,22.89,0.0,0.0,0.0,0.0,0.0,0.0,0.0,0.0,0.0,0.0,0.0,0.0,194.0,225.0,31.0,202.37,12.220200000000002,194.0
Cu27 Ni9.5 P21 Pt42.5,15.0,78.0,63.0,46.79,26.528500000000005,78.0,61.0,83.0,22.0,67.28,6.6024,63.0,30.973762,195.084,164.110238,112.14848302,70.495189433,195.084,317.3,2041.4,1724.1,1464.9859,539.924664,2041.4,10.0,15.0,5.0,11.32,1.5456,10.0,3.0,6.0,3.0,4.64,1.156,6.0,107.0,136.0,29.0,127.69,9.3909,136.0,1.9,2.28,0.3799999999999999,2.12335,0.1611454999999999,2.28,1.0,2.0,1.0,1.305,0.4239499999999999,1.0,0.0,3.0,3.0,0.63,0.9954,0.0,0.0,10.0,10.0,7.285,3.0597000000000003,9.0,0.0,14.0,14.0,5.95,6.8425,14.0,5.0,24.0,19.0,15.17,7.5055,24.0,0.0,1.0,1.0,0.695,0.4239499999999999,1.0,0.0,3.0,3.0,0.63,0.9954,0.0,0.0,2.0,2.0,0.615,0.5904,1.0,0.0,0.0,0.0,0.0,0.0,0.0,1.0,3.0,2.0,1.94,0.5076,2.0,10.32,22.5702380952,12.2502380952,15.092549999992002,3.140628999987362,15.02,0.0,1.625,1.625,0.34125,0.5391750000000001,0.0,0.0,0.5953947,0.5953947,0.0565624965,0.102378118665,0.0,2.0,225.0,223.0,178.17,73.9914,225.0
Cu27.5 Gd9 Mg63.5,12.0,64.0,52.0,21.355,11.88085,12.0,27.0,68.0,41.0,63.21,6.517799999999999,68.0,24.305,157.25,132.945,47.061325,28.900532750000004,24.305,923.0,1586.0,663.0,1102.23175,227.6243225,923.0,2.0,11.0,9.0,4.565,3.53925,2.0,3.0,6.0,3.0,3.545,0.69215,3.0,132.0,196.0,64.0,143.475,9.454499999999996,141.0,1.2,1.9,0.7,1.46235,0.2407074999999999,1.31,1.0,2.0,1.0,1.725,0.39875,2.0,0.0,0.0,0.0,0.0,0.0,0.0,0.0,10.0,10.0,2.84,3.938,0.0,0.0,7.0,7.0,0.63,1.1466,0.0,2.0,11.0,9.0,5.195,4.05765,2.0,0.0,1.0,1.0,0.275,0.39875,0.0,0.0,0.0,0.0,0.0,0.0,0.0,0.0,9.0,9.0,0.81,1.4742000000000002,0.0,0.0,7.0,7.0,0.63,1.1466,0.0,0.0,16.0,16.0,1.715,2.5713,0.0,11.07,32.05,20.98,20.4639,5.166644999999999,22.89,0.0,0.0,0.0,0.0,0.0,0.0,0.0,0.0,0.0,0.0,0.0,0.0,194.0,225.0,31.0,202.525,12.361250000000002,194.0
Cu27.83 Ni26.09 Sn2.61 Ti43.48,22.0,50.0,28.0,26.243875612438757,3.6901052220545374,22.0,43.0,80.0,37.0,54.50504949505049,10.003790661829727,43.0,47.867,118.71,70.84299999999999,56.90317214278573,7.857069588407622,47.867,505.08,1941.0,1435.92,1685.663412658734,244.10751687494997,1941.0,4.0,14.0,10.0,7.774122587741226,3.2816488374160286,4.0,4.0,5.0,1.0,4.026097390260974,0.0508326329650805,4.0,124.0,160.0,36.0,142.2688731126887,15.41744619658622,160.0,1.54,1.96,0.4199999999999999,1.7476622337766226,0.1805650219899517,1.54,1.0,2.0,1.0,1.7217278272172785,0.4016735412750095,2.0,0.0,2.0,2.0,0.0521947805219478,0.1016652659301613,0.0,2.0,10.0,8.0,6.000199980002001,3.4782260800017384,2.0,0.0,0.0,0.0,0.0,0.0,0.0,4.0,14.0,10.0,7.774122587741226,3.2816488374160286,4.0,0.0,1.0,1.0,0.2782721727827217,0.4016735412750096,0.0,0.0,4.0,4.0,0.1043895610438956,0.2033305318603226,0.0,0.0,8.0,8.0,3.999800019998,3.478226080001739,8.0,0.0,0.0,0.0,0.0,0.0,0.0,1.0,8.0,7.0,4.382461753824618,3.145496709203192,8.0,10.32,33.285,22.965,13.897429757024298,3.440106239351068,16.69,0.0,0.0,0.0,0.0,0.0,0.0,0.0,0.5953947,0.5953947,0.1553327414491884,0.22960136983483,2.25333333333e-05,141.0,225.0,84.0,209.33036696330367,16.896442622511074,194.0
Cu28 Gd11 Mg61,12.0,64.0,52.0,22.48,12.7856,12.0,27.0,68.0,41.0,62.37,7.781400000000002,68.0,24.305,157.25,132.945,49.91643,31.2459446,24.305,923.0,1586.0,663.0,1117.6656,237.492032,923.0,2.0,11.0,9.0,4.63,3.5672,2.0,3.0,6.0,3.0,3.61,0.7442,3.0,132.0,196.0,64.0,144.53,11.3234,141.0,1.2,1.9,0.7,1.4631,0.244664,1.31,1.0,2.0,1.0,1.72,0.4032,2.0,0.0,0.0,0.0,0.0,0.0,0.0,0.0,10.0,10.0,2.91,3.9704,0.0,0.0,7.0,7.0,0.77,1.3706,0.0,2.0,11.0,9.0,5.4,4.148,2.0,0.0,1.0,1.0,0.28,0.4032,0.0,0.0,0.0,0.0,0.0,0.0,0.0,0.0,9.0,9.0,0.99,1.7622,0.0,0.0,7.0,7.0,0.77,1.3706,0.0,0.0,16.0,16.0,2.04,3.0712,0.0,11.07,32.05,20.98,20.588,5.330080000000001,22.89,0.0,0.0,0.0,0.0,0.0,0.0,0.0,0.0,0.0,0.0,0.0,0.0,194.0,225.0,31.0,202.68,12.499200000000004,194.0
Cu28.5 Gd11 Mg60.5,12.0,64.0,52.0,22.565,12.783650000000002,12.0,27.0,68.0,41.0,62.35,7.776999999999999,68.0,24.305,157.25,132.945,50.11263499999999,31.22723835,24.305,923.0,1586.0,663.0,1119.8394500000002,238.17573450000003,923.0,2.0,11.0,9.0,4.675,3.60525,2.0,3.0,6.0,3.0,3.615,0.7441500000000001,3.0,132.0,196.0,64.0,144.485,11.33330000000001,141.0,1.2,1.9,0.7,1.46605,0.2473514999999999,1.31,1.0,2.0,1.0,1.715,0.4075499999999999,2.0,0.0,0.0,0.0,0.0,0.0,0.0,0.0,10.0,10.0,2.96,4.0128,0.0,0.0,7.0,7.0,0.77,1.3706,0.0,2.0,11.0,9.0,5.445,4.16845,2.0,0.0,1.0,1.0,0.285,0.40755,0.0,0.0,0.0,0.0,0.0,0.0,0.0,0.0,9.0,9.0,0.99,1.7622,0.0,0.0,7.0,7.0,0.77,1.3706,0.0,0.0,16.0,16.0,2.045,3.0701,0.0,11.07,32.05,20.98,20.5289,5.391573000000001,22.89,0.0,0.0,0.0,0.0,0.0,0.0,0.0,0.0,0.0,0.0,0.0,0.0,194.0,225.0,31.0,202.835,12.634050000000002,194.0
Cu29 Gd10 Mg61,12.0,64.0,52.0,22.13,12.3586,12.0,27.0,68.0,41.0,62.74,7.148,68.0,24.305,157.25,132.945,48.97939,30.102755800000004,24.305,923.0,1586.0,663.0,1115.3833,234.707626,923.0,2.0,11.0,9.0,4.71,3.6482,2.0,3.0,6.0,3.0,3.59,0.7198,3.0,132.0,196.0,64.0,143.89,10.42199999999999,141.0,1.2,1.9,0.7,1.4701,0.2493419999999999,1.31,1.0,2.0,1.0,1.71,0.4118,2.0,0.0,0.0,0.0,0.0,0.0,0.0,0.0,10.0,10.0,3.0,4.06,0.0,0.0,7.0,7.0,0.7,1.26,0.0,2.0,11.0,9.0,5.41,4.1602,2.0,0.0,1.0,1.0,0.29,0.4117999999999999,0.0,0.0,0.0,0.0,0.0,0.0,0.0,0.0,9.0,9.0,0.9,1.62,0.0,0.0,7.0,7.0,0.7,1.26,0.0,0.0,16.0,16.0,1.89,2.822,0.0,11.07,32.05,20.98,20.3782,5.398756,22.89,0.0,0.0,0.0,0.0,0.0,0.0,0.0,0.0,0.0,0.0,0.0,0.0,194.0,225.0,31.0,202.99,12.765800000000004,194.0
Cu29 Mg60 Y11,12.0,39.0,27.0,19.9,9.48,12.0,12.0,68.0,56.0,60.68,10.7096,68.0,24.305,88.90585,64.60085000000001,42.7909835,22.1831802,24.305,923.0,1799.0,876.0,1145.4433,266.93195999999995,923.0,2.0,11.0,9.0,4.72,3.6424,2.0,3.0,5.0,2.0,3.51,0.612,3.0,132.0,190.0,58.0,143.78,10.1684,141.0,1.22,1.9,0.6799999999999999,1.4711999999999998,0.2487039999999998,1.31,1.0,2.0,1.0,1.71,0.4118,2.0,0.0,0.0,0.0,0.0,0.0,0.0,0.0,10.0,10.0,3.01,4.0542,0.0,0.0,0.0,0.0,0.0,0.0,0.0,2.0,11.0,9.0,4.72,3.6424,2.0,0.0,1.0,1.0,0.29,0.4117999999999999,0.0,0.0,0.0,0.0,0.0,0.0,0.0,0.0,9.0,9.0,0.99,1.7622,0.0,0.0,0.0,0.0,0.0,0.0,0.0,0.0,9.0,9.0,1.28,1.6984,0.0,11.07,32.365,21.295,20.50445,5.471981,22.89,0.0,0.0,0.0,0.0,0.0,0.0,0.0,0.0,0.0,0.0,0.0,0.0,194.0,225.0,31.0,202.99,12.765800000000004,194.0
Cu29 Mg61 Y10,12.0,39.0,27.0,19.63,9.3086,12.0,12.0,68.0,56.0,61.24,9.848,68.0,24.305,88.90585,64.60085000000001,42.144975,21.7647695,24.305,923.0,1799.0,876.0,1136.6833,260.693626,923.0,2.0,11.0,9.0,4.71,3.648200000000001,2.0,3.0,5.0,2.0,3.49,0.5978,3.0,132.0,190.0,58.0,143.29,9.341999999999992,141.0,1.22,1.9,0.6799999999999999,1.4720999999999995,0.2481819999999998,1.31,1.0,2.0,1.0,1.71,0.4118,2.0,0.0,0.0,0.0,0.0,0.0,0.0,0.0,10.0,10.0,3.0,4.06,0.0,0.0,0.0,0.0,0.0,0.0,0.0,2.0,11.0,9.0,4.71,3.648200000000001,2.0,0.0,1.0,1.0,0.29,0.4118,0.0,0.0,0.0,0.0,0.0,0.0,0.0,0.0,9.0,9.0,0.9,1.62,0.0,0.0,0.0,0.0,0.0,0.0,0.0,0.0,9.0,9.0,1.19,1.5619999999999998,0.0,11.07,32.365,21.295,20.4097,5.417026000000001,22.89,0.0,0.0,0.0,0.0,0.0,0.0,0.0,0.0,0.0,0.0,0.0,0.0,194.0,225.0,31.0,202.99,12.765800000000004,194.0
Cu29.5 Gd9 Mg61.5,12.0,64.0,52.0,21.695,11.92485,12.0,27.0,68.0,41.0,63.13,6.5033999999999965,68.0,24.305,157.25,132.945,47.846145,28.95560835,24.305,923.0,1586.0,663.0,1110.92715,231.1503945,923.0,2.0,11.0,9.0,4.745,3.69045,2.0,3.0,6.0,3.0,3.565,0.6949500000000001,3.0,132.0,196.0,64.0,143.295,9.48689999999999,141.0,1.2,1.9,0.7,1.4741499999999998,0.2512514999999999,1.31,1.0,2.0,1.0,1.705,0.41595,2.0,0.0,0.0,0.0,0.0,0.0,0.0,0.0,10.0,10.0,3.04,4.1064,0.0,0.0,7.0,7.0,0.63,1.1466,0.0,2.0,11.0,9.0,5.375,4.15125,2.0,0.0,1.0,1.0,0.295,0.41595,0.0,0.0,0.0,0.0,0.0,0.0,0.0,0.0,9.0,9.0,0.81,1.4742,0.0,0.0,7.0,7.0,0.63,1.1466,0.0,0.0,16.0,16.0,1.735,2.5677,0.0,11.07,32.05,20.98,20.2275,5.402925,22.89,0.0,0.0,0.0,0.0,0.0,0.0,0.0,0.0,0.0,0.0,0.0,0.0,194.0,225.0,31.0,203.145,12.894450000000004,194.0
Cu30 Ni10 P20 Pd40,15.0,46.0,31.0,32.9,10.48,46.0,61.0,83.0,22.0,66.7,6.520000000000002,62.0,30.973762,106.42,75.446238,73.6958924,26.17928608,106.42,317.3,1828.05,1510.75,1374.811,433.2289999999999,1828.05,10.0,15.0,5.0,11.3,1.4800000000000006,10.0,3.0,5.0,2.0,4.2,0.64,5.0,107.0,139.0,32.0,129.0,9.8,139.0,1.9,2.2,0.3000000000000002,2.079,0.1412000000000001,2.2,0.0,2.0,2.0,0.9,0.72,0.0,0.0,3.0,3.0,0.6,0.96,0.0,0.0,10.0,10.0,7.8,3.12,10.0,0.0,0.0,0.0,0.0,0.0,0.0,5.0,11.0,6.0,9.3,1.7199999999999998,10.0,0.0,1.0,1.0,0.3,0.42,0.0,0.0,3.0,3.0,0.6,0.96,0.0,0.0,2.0,2.0,0.2,0.36,0.0,0.0,0.0,0.0,0.0,0.0,0.0,0.0,3.0,3.0,1.1,0.94,0.0,10.32,22.5702380952,12.2502380952,14.63104761904,3.1756761904640003,14.41,0.0,1.625,1.625,0.325,0.52,0.0,0.0,0.5953947,0.5953947,0.05953947,0.107171046,0.0,2.0,225.0,223.0,180.4,71.36,225.0
Cu30 Ni10 P20 Pd40,15.0,46.0,31.0,32.9,10.48,46.0,61.0,83.0,22.0,66.7,6.520000000000002,62.0,30.973762,106.42,75.446238,73.6958924,26.17928608,106.42,317.3,1828.05,1510.75,1374.811,433.2289999999999,1828.05,10.0,15.0,5.0,11.3,1.4800000000000006,10.0,3.0,5.0,2.0,4.2,0.64,5.0,107.0,139.0,32.0,129.0,9.8,139.0,1.9,2.2,0.3000000000000002,2.079,0.1412000000000001,2.2,0.0,2.0,2.0,0.9,0.72,0.0,0.0,3.0,3.0,0.6,0.96,0.0,0.0,10.0,10.0,7.8,3.12,10.0,0.0,0.0,0.0,0.0,0.0,0.0,5.0,11.0,6.0,9.3,1.7199999999999998,10.0,0.0,1.0,1.0,0.3,0.42,0.0,0.0,3.0,3.0,0.6,0.96,0.0,0.0,2.0,2.0,0.2,0.36,0.0,0.0,0.0,0.0,0.0,0.0,0.0,0.0,3.0,3.0,1.1,0.94,0.0,10.32,22.5702380952,12.2502380952,14.63104761904,3.1756761904640003,14.41,0.0,1.625,1.625,0.325,0.52,0.0,0.0,0.5953947,0.5953947,0.05953947,0.107171046,0.0,2.0,225.0,223.0,180.4,71.36,225.0
Cu30 Ni7.5 P20 Pd42.5,15.0,46.0,31.0,33.35,10.7525,46.0,61.0,83.0,22.0,66.725,6.509999999999996,62.0,30.973762,106.42,75.446238,74.8890574,26.80130121,106.42,317.3,1828.05,1510.75,1377.31225,435.73025,1828.05,10.0,15.0,5.0,11.3,1.4800000000000006,10.0,3.0,5.0,2.0,4.225,0.65875,5.0,107.0,139.0,32.0,129.375,9.75625,139.0,1.9,2.2,0.3000000000000002,2.08625,0.1381875,2.2,0.0,2.0,2.0,0.85,0.7225,0.0,0.0,3.0,3.0,0.6,0.96,0.0,0.0,10.0,10.0,7.85,3.14,10.0,0.0,0.0,0.0,0.0,0.0,0.0,5.0,11.0,6.0,9.3,1.7199999999999998,10.0,0.0,1.0,1.0,0.3,0.42,0.0,0.0,3.0,3.0,0.6,0.96,0.0,0.0,2.0,2.0,0.15,0.2775,0.0,0.0,0.0,0.0,0.0,0.0,0.0,0.0,3.0,3.0,1.05,0.9225,0.0,10.32,22.5702380952,12.2502380952,14.73329761904,3.134776190464,14.41,0.0,1.625,1.625,0.325,0.52,0.0,0.0,0.5953947,0.5953947,0.0446546025,0.082611014625,0.0,2.0,225.0,223.0,180.4,71.36,225.0
Cu30 Pd20 Ti40 Zr10,22.0,46.0,24.0,30.7,7.98,22.0,43.0,64.0,21.0,53.2,10.0,43.0,47.867,106.42,58.553,68.61699999999999,19.6426,47.867,1357.77,2128.0,770.23,1762.141,242.6226,1941.0,4.0,11.0,7.0,7.3,3.3,4.0,4.0,5.0,1.0,4.3,0.4199999999999999,4.0,132.0,175.0,43.0,148.9,14.1,160.0,1.33,2.2,0.8700000000000001,1.759,0.2609999999999999,1.54,0.0,2.0,2.0,1.3,0.7,2.0,0.0,0.0,0.0,0.0,0.0,0.0,2.0,10.0,8.0,6.0,4.0,2.0,0.0,0.0,0.0,0.0,0.0,0.0,4.0,11.0,7.0,7.3,3.3,4.0,0.0,1.0,1.0,0.3,0.42,0.0,0.0,0.0,0.0,0.0,0.0,0.0,0.0,8.0,8.0,4.0,4.0,8.0,0.0,0.0,0.0,0.0,0.0,0.0,0.0,8.0,8.0,4.3,3.7,8.0,11.07,23.195,12.125,15.1985,2.7925,16.69,0.0,0.0,0.0,0.0,0.0,0.0,0.0,2.25333333333e-05,2.25333333333e-05,9.01333333332e-06,1.0815999999984e-05,2.25333333333e-05,194.0,225.0,31.0,209.5,15.5,194.0
Cu30.5 Gd11 Mg58.5,12.0,64.0,52.0,22.905,12.75885,12.0,27.0,68.0,41.0,62.27,7.759399999999997,68.0,24.305,157.25,132.945,50.897455,31.11317235,24.305,923.0,1586.0,663.0,1128.53485,240.4757745,923.0,2.0,11.0,9.0,4.855,3.74845,2.0,3.0,6.0,3.0,3.635,0.7429499999999999,3.0,132.0,196.0,64.0,144.305,11.372900000000008,141.0,1.2,1.9,0.7,1.47785,0.2575114999999999,1.31,1.0,2.0,1.0,1.695,0.4239499999999999,2.0,0.0,0.0,0.0,0.0,0.0,0.0,0.0,10.0,10.0,3.16,4.1724,0.0,0.0,7.0,7.0,0.77,1.3706,0.0,2.0,11.0,9.0,5.625,4.24125,2.0,0.0,1.0,1.0,0.305,0.42395,0.0,0.0,0.0,0.0,0.0,0.0,0.0,0.0,9.0,9.0,0.99,1.7622,0.0,0.0,7.0,7.0,0.77,1.3706,0.0,0.0,16.0,16.0,2.065,3.0657,0.0,11.07,32.05,20.98,20.2925,5.625725,22.89,0.0,0.0,0.0,0.0,0.0,0.0,0.0,0.0,0.0,0.0,0.0,0.0,194.0,225.0,31.0,203.455,13.142450000000004,194.0
Cu30.5 Mg58 Y11.5,12.0,39.0,27.0,20.29,9.6164,12.0,12.0,68.0,56.0,60.34,11.118199999999996,68.0,24.305,88.90585,64.60085000000001,43.70260275,22.50121919,24.305,923.0,1799.0,876.0,1156.34485,270.68002599999994,923.0,2.0,11.0,9.0,4.86,3.7454,2.0,3.0,5.0,2.0,3.535,0.6206,3.0,132.0,190.0,58.0,143.89,10.605299999999987,141.0,1.22,1.9,0.6799999999999999,1.4796,0.2564439999999999,1.31,1.0,2.0,1.0,1.695,0.42395,2.0,0.0,0.0,0.0,0.0,0.0,0.0,0.0,10.0,10.0,3.165,4.16935,0.0,0.0,0.0,0.0,0.0,0.0,0.0,2.0,11.0,9.0,4.86,3.7454,2.0,0.0,1.0,1.0,0.305,0.42395,0.0,0.0,0.0,0.0,0.0,0.0,0.0,0.0,9.0,9.0,1.035,1.83195,0.0,0.0,0.0,0.0,0.0,0.0,0.0,0.0,9.0,9.0,1.34,1.7618,0.0,11.07,32.365,21.295,20.374525,5.67576025,22.89,0.0,0.0,0.0,0.0,0.0,0.0,0.0,0.0,0.0,0.0,0.0,0.0,194.0,225.0,31.0,203.455,13.142450000000004,194.0
Cu30.5 Mg58.5 Y11,12.0,39.0,27.0,20.155,9.54135,12.0,12.0,68.0,56.0,60.62,10.6964,68.0,24.305,88.90585,64.60085000000001,43.3795985,22.317280245000003,24.305,923.0,1799.0,876.0,1151.96485,267.88887450000004,923.0,2.0,11.0,9.0,4.855,3.74845,2.0,3.0,5.0,2.0,3.525,0.61425,3.0,132.0,190.0,58.0,143.645,10.198100000000007,141.0,1.22,1.9,0.6799999999999999,1.48005,0.2561694999999999,1.31,1.0,2.0,1.0,1.695,0.4239499999999999,2.0,0.0,0.0,0.0,0.0,0.0,0.0,0.0,10.0,10.0,3.16,4.1724,0.0,0.0,0.0,0.0,0.0,0.0,0.0,2.0,11.0,9.0,4.855,3.74845,2.0,0.0,1.0,1.0,0.305,0.42395,0.0,0.0,0.0,0.0,0.0,0.0,0.0,0.0,9.0,9.0,0.99,1.7622,0.0,0.0,0.0,0.0,0.0,0.0,0.0,0.0,9.0,9.0,1.295,1.6950999999999998,0.0,11.07,32.365,21.295,20.327150000000003,5.6468615,22.89,0.0,0.0,0.0,0.0,0.0,0.0,0.0,0.0,0.0,0.0,0.0,0.0,194.0,225.0,31.0,203.455,13.142450000000004,194.0
Cu31 Gd10 Mg59,12.0,64.0,52.0,22.47,12.3546,12.0,27.0,68.0,41.0,62.66,7.132000000000002,68.0,24.305,157.25,132.945,49.764210000000006,30.0418678,24.305,923.0,1586.0,663.0,1124.0787,237.272866,923.0,2.0,11.0,9.0,4.89,3.7882,2.0,3.0,6.0,3.0,3.61,0.7198,3.0,132.0,196.0,64.0,143.71,10.458000000000006,141.0,1.2,1.9,0.7,1.4819,0.2592219999999999,1.31,1.0,2.0,1.0,1.69,0.4278,2.0,0.0,0.0,0.0,0.0,0.0,0.0,0.0,10.0,10.0,3.2,4.216,0.0,0.0,7.0,7.0,0.7,1.26,0.0,2.0,11.0,9.0,5.59,4.2362,2.0,0.0,1.0,1.0,0.31,0.4278,0.0,0.0,0.0,0.0,0.0,0.0,0.0,0.0,9.0,9.0,0.9,1.62,0.0,0.0,7.0,7.0,0.7,1.26,0.0,0.0,16.0,16.0,1.91,2.818,0.0,11.07,32.05,20.98,20.1418,5.624516,22.89,0.0,0.0,0.0,0.0,0.0,0.0,0.0,0.0,0.0,0.0,0.0,0.0,194.0,225.0,31.0,203.61,13.261800000000004,194.0
Cu31 Mg57 Nd5.4 Y6.6,12.0,60.0,48.0,21.644,10.99416,12.0,12.0,68.0,56.0,60.418,10.86432,68.0,24.305,144.242,119.93699999999998,47.2099641,26.111659074,24.305,923.0,1799.0,876.0,1135.6287,242.396718,923.0,2.0,11.0,9.0,4.91,3.7758,2.0,3.0,6.0,3.0,3.604,0.68856,3.0,132.0,201.0,69.0,144.684,12.063839999999995,141.0,1.14,1.9,0.76,1.47778,0.2617763999999999,1.31,1.0,2.0,1.0,1.69,0.4278,2.0,0.0,0.0,0.0,0.0,0.0,0.0,0.0,10.0,10.0,3.1660000000000004,4.237080000000001,0.0,0.0,4.0,4.0,0.216,0.4086720000000001,0.0,2.0,11.0,9.0,5.072,3.775584,2.0,0.0,1.0,1.0,0.31,0.4277999999999999,0.0,0.0,0.0,0.0,0.0,0.0,0.0,0.0,9.0,9.0,0.594,1.109592,0.0,0.0,10.0,10.0,0.54,1.02168,0.0,0.0,10.0,10.0,1.444,1.92144,0.0,11.07,34.81,23.74,20.49483,5.8433946,22.89,0.0,0.0,0.0,0.0,0.0,0.0,0.0,0.0,0.0,0.0,0.0,0.0,194.0,225.0,31.0,203.61,13.261800000000004,194.0
Cu31 Mg58 Y11,12.0,39.0,27.0,20.24,9.5584,12.0,12.0,68.0,56.0,60.6,10.691999999999998,68.0,24.305,88.90585,64.60085000000001,43.5758035,22.35413206,24.305,923.0,1799.0,876.0,1154.1387,268.120892,923.0,2.0,11.0,9.0,4.9,3.782000000000001,2.0,3.0,5.0,2.0,3.53,0.6148,3.0,132.0,190.0,58.0,143.6,10.207999999999997,141.0,1.22,1.9,0.6799999999999999,1.483,0.2585399999999999,1.31,1.0,2.0,1.0,1.69,0.4278,2.0,0.0,0.0,0.0,0.0,0.0,0.0,0.0,10.0,10.0,3.21,4.2098,0.0,0.0,0.0,0.0,0.0,0.0,0.0,2.0,11.0,9.0,4.9,3.782000000000001,2.0,0.0,1.0,1.0,0.31,0.4278,0.0,0.0,0.0,0.0,0.0,0.0,0.0,0.0,9.0,9.0,0.99,1.7622,0.0,0.0,0.0,0.0,0.0,0.0,0.0,0.0,9.0,9.0,1.3,1.694,0.0,11.07,32.365,21.295,20.26805,5.702791,22.89,0.0,0.0,0.0,0.0,0.0,0.0,0.0,0.0,0.0,0.0,0.0,0.0,194.0,225.0,31.0,203.61,13.261800000000004,194.0
Cu31.5 Mg57 Nd2.3 Y9.2,12.0,60.0,48.0,20.943,10.19502,12.0,12.0,68.0,56.0,60.46099999999999,10.824030000000004,68.0,24.305,144.242,119.93699999999998,45.3677442,24.011528388,24.305,923.0,1799.0,876.0,1149.07755,257.728407,923.0,2.0,11.0,9.0,4.95,3.811500000000001,2.0,3.0,6.0,3.0,3.568,0.6475200000000001,3.0,132.0,201.0,69.0,144.053,11.073809999999998,141.0,1.14,1.9,0.76,1.4836599999999995,0.2622941999999997,1.31,1.0,2.0,1.0,1.685,0.4315499999999999,2.0,0.0,0.0,0.0,0.0,0.0,0.0,0.0,10.0,10.0,3.242,4.2575400000000005,0.0,0.0,4.0,4.0,0.092,0.1797679999999999,0.0,2.0,11.0,9.0,5.019,3.813156,2.0,0.0,1.0,1.0,0.315,0.43155,0.0,0.0,0.0,0.0,0.0,0.0,0.0,0.0,9.0,9.0,0.828,1.503648,0.0,0.0,10.0,10.0,0.23,0.4494199999999999,0.0,0.0,10.0,10.0,1.3730000000000002,1.80021,0.0,11.07,34.81,23.74,20.31256,5.8228128,22.89,0.0,0.0,0.0,0.0,0.0,0.0,0.0,0.0,0.0,0.0,0.0,0.0,194.0,225.0,31.0,203.765,13.378049999999996,194.0
Cu31.5 Mg57 Nd3.5 Y8,12.0,60.0,48.0,21.195,10.4823,12.0,12.0,68.0,56.0,60.545,10.675349999999998,68.0,24.305,144.242,119.93699999999998,46.031778,24.76852692,24.305,923.0,1799.0,876.0,1143.01755,250.820007,923.0,2.0,11.0,9.0,4.95,3.811500000000001,2.0,3.0,6.0,3.0,3.58,0.6612,3.0,132.0,201.0,69.0,144.185,11.30745,141.0,1.14,1.9,0.76,1.4827,0.2628989999999999,1.31,1.0,2.0,1.0,1.685,0.43155,2.0,0.0,0.0,0.0,0.0,0.0,0.0,0.0,10.0,10.0,3.23,4.2651,0.0,0.0,4.0,4.0,0.14,0.2702,0.0,2.0,11.0,9.0,5.055,3.811500000000001,2.0,0.0,1.0,1.0,0.315,0.43155,0.0,0.0,0.0,0.0,0.0,0.0,0.0,0.0,9.0,9.0,0.72,1.3248,0.0,0.0,10.0,10.0,0.35,0.6755,0.0,0.0,10.0,10.0,1.385,1.82145,0.0,11.07,34.81,23.74,20.3419,5.841297000000001,22.89,0.0,0.0,0.0,0.0,0.0,0.0,0.0,0.0,0.0,0.0,0.0,0.0,194.0,225.0,31.0,203.765,13.378049999999996,194.0
Cu32 Pd18 Ti40 Zr10,22.0,46.0,24.0,30.36,7.558399999999999,22.0,43.0,64.0,21.0,53.24,10.04,43.0,47.867,106.42,58.553,67.75952,18.6106688,47.867,1357.77,2128.0,770.23,1752.7354,252.777856,1941.0,4.0,11.0,7.0,7.32,3.32,4.0,4.0,5.0,1.0,4.28,0.4032,4.0,132.0,175.0,43.0,148.76,14.24,160.0,1.33,2.2,0.8700000000000001,1.753,0.2549999999999999,1.54,0.0,2.0,2.0,1.32,0.68,2.0,0.0,0.0,0.0,0.0,0.0,0.0,2.0,10.0,8.0,6.0,4.0,2.0,0.0,0.0,0.0,0.0,0.0,0.0,4.0,11.0,7.0,7.32,3.32,4.0,0.0,1.0,1.0,0.32,0.4352,0.0,0.0,0.0,0.0,0.0,0.0,0.0,0.0,8.0,8.0,4.0,4.0,8.0,0.0,0.0,0.0,0.0,0.0,0.0,0.0,8.0,8.0,4.32,3.68,8.0,11.07,23.195,12.125,15.1317,2.8593,16.69,0.0,0.0,0.0,0.0,0.0,0.0,0.0,2.25333333333e-05,2.25333333333e-05,9.01333333332e-06,1.0815999999984e-05,2.25333333333e-05,194.0,225.0,31.0,209.5,15.5,194.0
Cu34 Pd16 Ti40 Zr10,22.0,46.0,24.0,30.02,7.1096,22.0,43.0,64.0,21.0,53.28,10.08,43.0,47.867,106.42,58.553,66.90204,17.510139200000005,47.867,1357.77,2128.0,770.23,1743.3297999999998,262.1806640000001,1941.0,4.0,11.0,7.0,7.34,3.34,4.0,4.0,5.0,1.0,4.26,0.3847999999999999,4.0,132.0,175.0,43.0,148.62,14.38,160.0,1.33,2.2,0.8700000000000001,1.747,0.249,1.54,0.0,2.0,2.0,1.34,0.66,2.0,0.0,0.0,0.0,0.0,0.0,0.0,2.0,10.0,8.0,6.0,4.0,2.0,0.0,0.0,0.0,0.0,0.0,0.0,4.0,11.0,7.0,7.34,3.34,4.0,0.0,1.0,1.0,0.34,0.4488,0.0,0.0,0.0,0.0,0.0,0.0,0.0,0.0,8.0,8.0,4.0,4.0,8.0,0.0,0.0,0.0,0.0,0.0,0.0,0.0,8.0,8.0,4.34,3.66,8.0,11.07,23.195,12.125,15.0649,2.9261,16.69,0.0,0.0,0.0,0.0,0.0,0.0,0.0,2.25333333333e-05,2.25333333333e-05,9.01333333332e-06,1.0815999999984e-05,2.25333333333e-05,194.0,225.0,31.0,209.5,15.5,194.0
Cu36 Ni9 Ti55,22.0,29.0,7.0,25.06,3.366,22.0,43.0,64.0,21.0,52.18,10.098,43.0,47.867,63.546,15.679000000000002,54.48581599999999,7.280697600000001,47.867,1357.77,1941.0,583.23,1711.8672,254.94998400000003,1941.0,4.0,11.0,7.0,7.06,3.366,4.0,4.0,4.0,0.0,4.0,0.0,4.0,124.0,160.0,36.0,146.68,14.652,160.0,1.54,1.91,0.3699999999999999,1.7029,0.1791899999999999,1.54,1.0,2.0,1.0,1.64,0.4608,2.0,0.0,0.0,0.0,0.0,0.0,0.0,2.0,10.0,8.0,5.42,3.762,2.0,0.0,0.0,0.0,0.0,0.0,0.0,4.0,11.0,7.0,7.06,3.366,4.0,0.0,1.0,1.0,0.36,0.4608,0.0,0.0,0.0,0.0,0.0,0.0,0.0,0.0,8.0,8.0,4.58,3.762,8.0,0.0,0.0,0.0,0.0,0.0,0.0,1.0,8.0,7.0,4.94,3.366,8.0,10.32,16.69,6.370000000000001,14.0935,2.8561500000000013,16.69,0.0,0.0,0.0,0.0,0.0,0.0,0.0,0.5953947,0.5953947,0.0535979163333333,0.09752342106,2.25333333333e-05,194.0,225.0,31.0,207.95,15.344999999999995,194.0
Cu36 Pd14 Ti40 Zr10,22.0,46.0,24.0,29.68,6.6336,22.0,43.0,64.0,21.0,53.32,10.12,43.0,47.867,106.42,58.553,66.04456,16.341011200000004,47.867,1357.77,2128.0,770.23,1733.9242,270.831024,1941.0,4.0,11.0,7.0,7.36,3.36,4.0,4.0,5.0,1.0,4.24,0.3648000000000001,4.0,132.0,175.0,43.0,148.48,14.52,160.0,1.33,2.2,0.8700000000000001,1.741,0.2429999999999999,1.54,0.0,2.0,2.0,1.36,0.64,2.0,0.0,0.0,0.0,0.0,0.0,0.0,2.0,10.0,8.0,6.0,4.0,2.0,0.0,0.0,0.0,0.0,0.0,0.0,4.0,11.0,7.0,7.36,3.36,4.0,0.0,1.0,1.0,0.36,0.4608,0.0,0.0,0.0,0.0,0.0,0.0,0.0,0.0,8.0,8.0,4.0,4.0,8.0,0.0,0.0,0.0,0.0,0.0,0.0,0.0,8.0,8.0,4.36,3.64,8.0,11.07,23.195,12.125,14.9981,2.992900000000001,16.69,0.0,0.0,0.0,0.0,0.0,0.0,0.0,2.25333333333e-05,2.25333333333e-05,9.01333333332e-06,1.0815999999984e-05,2.25333333333e-05,194.0,225.0,31.0,209.5,15.5,194.0
Cu36.24 Ni9.06 Sn1.96 Ti43.15 Zr9.59,22.0,50.0,28.0,27.3554,4.6217102,22.0,43.0,80.0,37.0,53.06230000000001,10.42191404,43.0,47.867,118.71,70.84299999999999,60.07640054,10.787312363868,47.867,505.08,2128.0,1622.92,1700.128916,294.987659824,1941.0,4.0,14.0,10.0,7.276400000000001,3.45594672,4.0,4.0,5.0,1.0,4.1155,0.2043194999999999,4.0,124.0,175.0,51.0,147.61810000000003,15.93742812,160.0,1.33,1.96,0.6299999999999999,1.692079,0.2006909291999999,1.54,1.0,2.0,1.0,1.6376,0.46213248,2.0,0.0,2.0,2.0,0.0392,0.07686336,0.0,2.0,10.0,8.0,5.599600000000001,3.7968580800000007,2.0,0.0,0.0,0.0,0.0,0.0,0.0,4.0,14.0,10.0,7.276400000000001,3.45594672,4.0,0.0,1.0,1.0,0.3624,0.46213248,0.0,0.0,4.0,4.0,0.0784,0.15372672,0.0,0.0,8.0,8.0,4.400399999999999,3.7968580800000007,8.0,0.0,0.0,0.0,0.0,0.0,0.0,1.0,8.0,7.0,4.8412,3.33190224,8.0,10.32,33.285,22.965,15.025281499999998,3.719385039000001,16.69,0.0,0.0,0.0,0.0,0.0,0.0,0.0,0.5953947,0.5953947,0.0539524829533333,0.098109329728856,2.25333333333e-05,141.0,225.0,84.0,207.0042,16.304194799999998,194.0
Cu37.04 Ni7.06 Sn2 Ti44.1 Zr9.8,22.0,50.0,28.0,27.3404,4.7102328,22.0,43.0,80.0,37.0,52.88719999999999,10.4624016,43.0,47.867,118.71,70.84299999999999,60.10469144,10.992918201408,47.867,505.08,2128.0,1622.92,1699.541408,300.9627153664,1941.0,4.0,14.0,10.0,7.2164,3.467279200000001,4.0,4.0,5.0,1.0,4.118,0.2081520000000002,4.0,124.0,175.0,51.0,148.1372,15.7280984,160.0,1.33,1.96,0.6299999999999999,1.6872859999999996,0.1999343079999999,1.54,1.0,2.0,1.0,1.6296000000000002,0.4664076799999999,2.0,0.0,2.0,2.0,0.04,0.0784,0.0,2.0,10.0,8.0,5.546800000000001,3.823450400000001,2.0,0.0,0.0,0.0,0.0,0.0,0.0,4.0,14.0,10.0,7.2164,3.467279200000001,4.0,0.0,1.0,1.0,0.3704,0.4664076799999999,0.0,0.0,4.0,4.0,0.08,0.1568,0.0,0.0,8.0,8.0,4.453200000000001,3.823450400000001,8.0,0.0,0.0,0.0,0.0,0.0,0.0,1.0,8.0,7.0,4.9036,3.3379191999999995,8.0,10.32,33.285,22.965,15.12802,3.6850736400000006,16.69,0.0,0.0,0.0,0.0,0.0,0.0,0.0,0.5953947,0.5953947,0.0420448030199999,0.078133005453576,2.25333333333e-05,141.0,225.0,84.0,206.611,16.219098000000002,194.0
Cu37.5 Hf5 Ni7.5 Si1 Sn5 Ti41.5 Zr2.5,14.0,72.0,58.0,29.345,6.86375,22.0,43.0,80.0,37.0,54.55,11.069,43.0,28.0855,178.49,150.4045,65.518015,17.901696250000004,47.867,505.08,2506.0,2000.92,1664.90275,346.33183750000006,1941.0,4.0,14.0,10.0,7.675,3.6015,4.0,3.0,6.0,3.0,4.165,0.30875,4.0,111.0,175.0,64.0,146.385,15.5927,160.0,1.3,1.96,0.6599999999999999,1.7101,0.2011979999999999,1.54,1.0,2.0,1.0,1.625,0.46875,2.0,0.0,2.0,2.0,0.12,0.2256,0.0,0.0,10.0,10.0,5.83,3.87,2.0,0.0,14.0,14.0,0.7,1.33,0.0,4.0,18.0,14.0,8.275,3.8475,4.0,0.0,1.0,1.0,0.375,0.46875,0.0,0.0,4.0,4.0,0.24,0.4512,0.0,0.0,8.0,8.0,4.07,3.8514,8.0,0.0,0.0,0.0,0.0,0.0,0.0,1.0,8.0,7.0,4.685,3.2487,8.0,10.32,33.285,22.965,15.410125,4.018612500000001,16.69,0.0,0.773,0.773,0.00773,0.0153054,0.0,0.0,0.5953947,0.5953947,0.0446639538333333,0.082609611925,2.25333333333e-05,141.0,227.0,86.0,205.63,17.8604,194.0
Cu37.5 Ni7.5 Ti50 Zr5,22.0,40.0,18.0,25.975,3.975,22.0,43.0,64.0,21.0,52.275,10.1025,43.0,47.867,91.224,43.357000000000006,56.726455,8.859455000000002,47.867,1357.77,2128.0,770.23,1715.66375,268.4203125,1941.0,4.0,11.0,7.0,7.075,3.3825,4.0,4.0,5.0,1.0,4.05,0.0949999999999998,4.0,124.0,175.0,51.0,147.55,15.195,160.0,1.33,1.91,0.5799999999999998,1.69225,0.1884749999999999,1.54,1.0,2.0,1.0,1.625,0.46875,2.0,0.0,0.0,0.0,0.0,0.0,0.0,2.0,10.0,8.0,5.45,3.795,2.0,0.0,0.0,0.0,0.0,0.0,0.0,4.0,11.0,7.0,7.075,3.3825,4.0,0.0,1.0,1.0,0.375,0.46875,0.0,0.0,0.0,0.0,0.0,0.0,0.0,0.0,8.0,8.0,4.55,3.795,8.0,0.0,0.0,0.0,0.0,0.0,0.0,1.0,8.0,7.0,4.925,3.3825,8.0,10.32,23.195,12.875,14.43,3.1365000000000003,16.69,0.0,0.0,0.0,0.0,0.0,0.0,0.0,0.5953947,0.5953947,0.0446658691666666,0.082609324625,2.25333333333e-05,194.0,225.0,31.0,207.95,15.345,194.0
Cu37.8 Ni7.2 Ti45 Zr10,22.0,40.0,18.0,26.878,4.3902,22.0,43.0,64.0,21.0,52.334,10.0674,43.0,47.867,91.224,43.357000000000006,58.90886279999999,9.9687031632,47.867,1357.77,2128.0,770.23,1723.90306,276.79659336000003,1941.0,4.0,11.0,7.0,7.077999999999999,3.3857999999999997,4.0,4.0,5.0,1.0,4.1,0.1799999999999997,4.0,124.0,175.0,51.0,148.32399999999998,15.843600000000002,160.0,1.33,1.91,0.5799999999999998,1.68172,0.1978919999999999,1.54,1.0,2.0,1.0,1.622,0.470232,2.0,0.0,0.0,0.0,0.0,0.0,0.0,2.0,10.0,8.0,5.456,3.8016,2.0,0.0,0.0,0.0,0.0,0.0,0.0,4.0,11.0,7.0,7.077999999999999,3.3857999999999997,4.0,0.0,1.0,1.0,0.3779999999999999,0.470232,0.0,0.0,0.0,0.0,0.0,0.0,0.0,0.0,8.0,8.0,4.544,3.8016,8.0,0.0,0.0,0.0,0.0,0.0,0.0,1.0,8.0,7.0,4.922,3.3857999999999997,8.0,10.32,23.195,12.875,14.757500000000002,3.42675,16.69,0.0,0.0,0.0,0.0,0.0,0.0,0.0,0.5953947,0.5953947,0.0428785583999999,0.0795623243904,2.25333333333e-05,194.0,225.0,31.0,207.95,15.345,194.0
Cu38 Ni10 Ti44.2 Zr7.8,22.0,40.0,18.0,26.664,4.122976,22.0,43.0,64.0,21.0,52.858,10.09632,43.0,47.867,91.224,43.357000000000006,58.28950599999999,9.213495304000002,47.867,1357.77,2128.0,770.23,1712.6586000000002,269.715336,1941.0,4.0,11.0,7.0,7.26,3.3904,4.0,4.0,5.0,1.0,4.078,0.1438320000000002,4.0,124.0,175.0,51.0,146.93,15.9328,160.0,1.33,1.91,0.5799999999999998,1.69742,0.1964767999999999,1.54,1.0,2.0,1.0,1.62,0.4711999999999999,2.0,0.0,0.0,0.0,0.0,0.0,0.0,2.0,10.0,8.0,5.64,3.7856,2.0,0.0,0.0,0.0,0.0,0.0,0.0,4.0,11.0,7.0,7.26,3.3904,4.0,0.0,1.0,1.0,0.38,0.4712,0.0,0.0,0.0,0.0,0.0,0.0,0.0,0.0,8.0,8.0,4.36,3.7856,8.0,0.0,0.0,0.0,0.0,0.0,0.0,1.0,8.0,7.0,4.74,3.3904,8.0,10.32,23.195,12.875,14.42479,3.3705984000000004,16.69,0.0,0.0,0.0,0.0,0.0,0.0,0.0,0.5953947,0.5953947,0.0595494297333333,0.1071690540533333,2.25333333333e-05,194.0,225.0,31.0,208.88,15.4752,194.0
Cu38 Ni9 Ti47.2 Zr5.8,22.0,40.0,18.0,26.244,4.006336,22.0,43.0,64.0,21.0,52.658,10.121480000000002,43.0,47.867,91.224,43.357000000000006,57.31410199999999,8.918064288000004,47.867,1357.77,2128.0,770.23,1711.0486,268.491736,1941.0,4.0,11.0,7.0,7.2,3.392,4.0,4.0,5.0,1.0,4.058,0.1092719999999998,4.0,124.0,175.0,51.0,146.99,15.5306,160.0,1.33,1.91,0.5799999999999998,1.69792,0.1917552,1.54,1.0,2.0,1.0,1.62,0.4711999999999999,2.0,0.0,0.0,0.0,0.0,0.0,0.0,2.0,10.0,8.0,5.58,3.7948,2.0,0.0,0.0,0.0,0.0,0.0,0.0,4.0,11.0,7.0,7.2,3.392,4.0,0.0,1.0,1.0,0.38,0.4711999999999999,0.0,0.0,0.0,0.0,0.0,0.0,0.0,0.0,8.0,8.0,4.42,3.7948,8.0,0.0,0.0,0.0,0.0,0.0,0.0,1.0,8.0,7.0,4.8,3.392,8.0,10.32,23.195,12.875,14.35839,3.226086600000001,16.69,0.0,0.0,0.0,0.0,0.0,0.0,0.0,0.5953947,0.5953947,0.0535961587333333,0.097523737428,2.25333333333e-05,194.0,225.0,31.0,208.57000000000005,15.444200000000006,194.0
Cu38 Pd12 Ti40 Zr10,22.0,46.0,24.0,29.34,6.130400000000001,22.0,43.0,64.0,21.0,53.36,10.160000000000002,43.0,47.867,106.42,58.553,65.18708,15.103284799999996,47.867,1357.77,2128.0,770.23,1724.5186,278.72893600000003,1941.0,4.0,11.0,7.0,7.38,3.38,4.0,4.0,5.0,1.0,4.22,0.3431999999999998,4.0,132.0,175.0,43.0,148.34,14.66,160.0,1.33,2.2,0.8700000000000001,1.7350000000000003,0.2369999999999999,1.54,0.0,2.0,2.0,1.38,0.62,2.0,0.0,0.0,0.0,0.0,0.0,0.0,2.0,10.0,8.0,6.0,4.0,2.0,0.0,0.0,0.0,0.0,0.0,0.0,4.0,11.0,7.0,7.38,3.38,4.0,0.0,1.0,1.0,0.38,0.4711999999999999,0.0,0.0,0.0,0.0,0.0,0.0,0.0,0.0,8.0,8.0,4.0,4.0,8.0,0.0,0.0,0.0,0.0,0.0,0.0,0.0,8.0,8.0,4.38,3.62,8.0,11.07,23.195,12.125,14.9313,3.0597000000000003,16.69,0.0,0.0,0.0,0.0,0.0,0.0,0.0,2.25333333333e-05,2.25333333333e-05,9.01333333332e-06,1.0815999999984e-05,2.25333333333e-05,194.0,225.0,31.0,209.5,15.5,194.0
Cu39 Ni8 Ti45.05 Zr7.95,22.0,40.0,18.0,26.641,4.181540999999999,22.0,43.0,64.0,21.0,52.7095,10.13307,43.0,47.867,91.224,43.357000000000006,58.2948035,9.3954509535,47.867,1357.77,2128.0,770.23,1711.3668,275.805504,1941.0,4.0,11.0,7.0,7.21,3.4026,4.0,4.0,5.0,1.0,4.0795,0.1463594999999995,4.0,124.0,175.0,51.0,147.3925,15.74895,160.0,1.33,1.91,0.5799999999999998,1.693305,0.1958932999999999,1.54,1.0,2.0,1.0,1.61,0.4758,2.0,0.0,0.0,0.0,0.0,0.0,0.0,2.0,10.0,8.0,5.6,3.816,2.0,0.0,0.0,0.0,0.0,0.0,0.0,4.0,11.0,7.0,7.21,3.4026,4.0,0.0,1.0,1.0,0.39,0.4758,0.0,0.0,0.0,0.0,0.0,0.0,0.0,0.0,8.0,8.0,4.4,3.816,8.0,0.0,0.0,0.0,0.0,0.0,0.0,1.0,8.0,7.0,4.79,3.4026,8.0,10.32,23.195,12.875,14.5057475,3.3496026500000005,16.69,0.0,0.0,0.0,0.0,0.0,0.0,0.0,0.5953947,0.5953947,0.0476417272666666,0.0876404756373333,2.25333333333e-05,194.0,225.0,31.0,208.57,15.444199999999997,194.0
Cu39 Ni8 Ti47.2 Zr5.8,22.0,40.0,18.0,26.254,4.015776,22.0,43.0,64.0,21.0,52.688,10.15328,43.0,47.867,91.224,43.357000000000006,57.362628,8.963872832000002,47.867,1357.77,2128.0,770.23,1707.3463000000002,272.669514,1941.0,4.0,11.0,7.0,7.21,3.4026,4.0,4.0,5.0,1.0,4.058,0.1092719999999998,4.0,124.0,175.0,51.0,147.07,15.445800000000004,160.0,1.33,1.91,0.5799999999999998,1.69782,0.1916491999999999,1.54,1.0,2.0,1.0,1.61,0.4758,2.0,0.0,0.0,0.0,0.0,0.0,0.0,2.0,10.0,8.0,5.6,3.816,2.0,0.0,0.0,0.0,0.0,0.0,0.0,4.0,11.0,7.0,7.21,3.4026,4.0,0.0,1.0,1.0,0.39,0.4758,0.0,0.0,0.0,0.0,0.0,0.0,0.0,0.0,8.0,8.0,4.4,3.816,8.0,0.0,0.0,0.0,0.0,0.0,0.0,1.0,8.0,7.0,4.79,3.4026,8.0,10.32,23.195,12.875,14.36589,3.2181366000000007,16.69,0.0,0.0,0.0,0.0,0.0,0.0,0.0,0.5953947,0.5953947,0.0476422117333333,0.0876403981226666,2.25333333333e-05,194.0,225.0,31.0,208.57000000000005,15.444200000000006,194.0
Cu39 Ni9 Ti44.2 Zr7.8,22.0,40.0,18.0,26.674,4.131816,22.0,43.0,64.0,21.0,52.888000000000005,10.12752,43.0,47.867,91.224,43.357000000000006,58.33803199999999,9.256392288000002,47.867,1357.77,2128.0,770.23,1708.9563,273.925314,1941.0,4.0,11.0,7.0,7.27,3.4008,4.0,4.0,5.0,1.0,4.078,0.1438320000000002,4.0,124.0,175.0,51.0,147.01,15.8496,160.0,1.33,1.91,0.5799999999999998,1.69732,0.1963727999999999,1.54,1.0,2.0,1.0,1.61,0.4758,2.0,0.0,0.0,0.0,0.0,0.0,0.0,2.0,10.0,8.0,5.66,3.8064,2.0,0.0,0.0,0.0,0.0,0.0,0.0,4.0,11.0,7.0,7.27,3.4008,4.0,0.0,1.0,1.0,0.39,0.4758,0.0,0.0,0.0,0.0,0.0,0.0,0.0,0.0,8.0,8.0,4.34,3.8064,8.0,0.0,0.0,0.0,0.0,0.0,0.0,1.0,8.0,7.0,4.73,3.4008,8.0,10.32,23.195,12.875,14.43229,3.362798400000001,16.69,0.0,0.0,0.0,0.0,0.0,0.0,0.0,0.5953947,0.5953947,0.0535954827333333,0.097523859108,2.25333333333e-05,194.0,225.0,31.0,208.88,15.4752,194.0
Cu4 Pd79.5 Si16.5,14.0,46.0,32.0,40.04,9.4764,46.0,62.0,78.0,16.0,64.72,4.382399999999999,62.0,28.0855,106.42,78.3345,91.7798475,23.277842475,106.42,1357.77,1828.05,470.28,1785.96555,66.91427550000002,1828.05,10.0,14.0,4.0,10.7,1.1129999999999995,10.0,3.0,5.0,2.0,4.63,0.5883000000000002,5.0,111.0,139.0,28.0,134.1,7.791000000000004,139.0,1.9,2.2,0.3000000000000002,2.1385,0.0977850000000001,2.2,0.0,2.0,2.0,0.37,0.5882999999999999,0.0,0.0,2.0,2.0,0.33,0.5511,0.0,0.0,10.0,10.0,8.35,2.7555000000000005,10.0,0.0,0.0,0.0,0.0,0.0,0.0,4.0,11.0,7.0,9.05,1.6665,10.0,0.0,1.0,1.0,0.04,0.0768,0.0,0.0,4.0,4.0,0.66,1.1022,0.0,0.0,0.0,0.0,0.0,0.0,0.0,0.0,0.0,0.0,0.0,0.0,0.0,0.0,4.0,4.0,0.7,1.113,0.0,11.07,20.44,9.37,15.27135,1.7056545000000003,14.41,0.0,0.773,0.773,0.127545,0.2130001499999999,0.0,0.0,0.0,0.0,0.0,0.0,0.0,225.0,227.0,2.0,225.33,0.5511000000000084,225.0
Cu40 Ni5 Ti50 Zr5,22.0,40.0,18.0,26.0,4.0,22.0,43.0,64.0,21.0,52.35,10.185,43.0,47.867,91.224,43.357000000000006,56.84777,8.980770000000001,47.867,1357.77,2128.0,770.23,1706.408,278.9104,1941.0,4.0,11.0,7.0,7.1,3.41,4.0,4.0,5.0,1.0,4.05,0.0949999999999998,4.0,124.0,175.0,51.0,147.75,14.975,160.0,1.33,1.91,0.5799999999999998,1.6920000000000002,0.1881999999999999,1.54,1.0,2.0,1.0,1.6,0.48,2.0,0.0,0.0,0.0,0.0,0.0,0.0,2.0,10.0,8.0,5.5,3.85,2.0,0.0,0.0,0.0,0.0,0.0,0.0,4.0,11.0,7.0,7.1,3.41,4.0,0.0,1.0,1.0,0.4,0.48,0.0,0.0,0.0,0.0,0.0,0.0,0.0,0.0,8.0,8.0,4.5,3.85,8.0,0.0,0.0,0.0,0.0,0.0,0.0,1.0,8.0,7.0,4.9,3.41,8.0,10.32,23.195,12.875,14.44875,3.1158750000000004,16.69,0.0,0.0,0.0,0.0,0.0,0.0,0.0,0.5953947,0.5953947,0.0297810016666666,0.0565613698333333,2.25333333333e-05,194.0,225.0,31.0,207.95,15.345,194.0
Cu40 Ni8 Ti44.2 Zr7.8,22.0,40.0,18.0,26.684,4.140656,22.0,43.0,64.0,21.0,52.918,10.15872,43.0,47.867,91.224,43.357000000000006,58.386558,9.299289272000005,47.867,1357.77,2128.0,770.23,1705.254,277.98720000000003,1941.0,4.0,11.0,7.0,7.28,3.4112,4.0,4.0,5.0,1.0,4.078,0.1438320000000002,4.0,124.0,175.0,51.0,147.09,15.7664,160.0,1.33,1.91,0.5799999999999998,1.6972200000000002,0.1962687999999999,1.54,1.0,2.0,1.0,1.6,0.4799999999999999,2.0,0.0,0.0,0.0,0.0,0.0,0.0,2.0,10.0,8.0,5.68,3.8272,2.0,0.0,0.0,0.0,0.0,0.0,0.0,4.0,11.0,7.0,7.28,3.4112,4.0,0.0,1.0,1.0,0.4,0.48,0.0,0.0,0.0,0.0,0.0,0.0,0.0,0.0,8.0,8.0,4.32,3.8272,8.0,0.0,0.0,0.0,0.0,0.0,0.0,1.0,8.0,7.0,4.72,3.4112,8.0,10.32,23.195,12.875,14.43979,3.354998400000001,16.69,0.0,0.0,0.0,0.0,0.0,0.0,0.0,0.5953947,0.5953947,0.0476415357333333,0.0876405062826666,2.25333333333e-05,194.0,225.0,31.0,208.88,15.4752,194.0
Cu40 Pd10 Ti40 Zr10,22.0,46.0,24.0,29.0,5.6,22.0,43.0,64.0,21.0,53.4,10.2,43.0,47.867,106.42,58.553,64.32959999999999,13.796959999999991,47.867,1357.77,2128.0,770.23,1715.1129999999998,285.87440000000004,1357.77,4.0,11.0,7.0,7.4,3.4,4.0,4.0,5.0,1.0,4.2,0.3200000000000001,4.0,132.0,175.0,43.0,148.2,14.8,132.0,1.33,2.2,0.8700000000000001,1.729,0.2309999999999999,1.54,0.0,2.0,2.0,1.4,0.6,1.0,0.0,0.0,0.0,0.0,0.0,0.0,2.0,10.0,8.0,6.0,4.0,2.0,0.0,0.0,0.0,0.0,0.0,0.0,4.0,11.0,7.0,7.4,3.4,4.0,0.0,1.0,1.0,0.4,0.48,0.0,0.0,0.0,0.0,0.0,0.0,0.0,0.0,8.0,8.0,4.0,4.0,0.0,0.0,0.0,0.0,0.0,0.0,0.0,0.0,8.0,8.0,4.4,3.6,1.0,11.07,23.195,12.125,14.8645,3.1265000000000005,11.07,0.0,0.0,0.0,0.0,0.0,0.0,0.0,2.25333333333e-05,2.25333333333e-05,9.01333333332e-06,1.0815999999984e-05,0.0,194.0,225.0,31.0,209.5,15.5,194.0
Cu42.5 Hf5 Ni7.5 Si1 Ti41.5 Zr2.5,14.0,72.0,58.0,28.295,5.555,29.0,43.0,78.0,35.0,53.75,10.285,64.0,28.0855,178.49,150.4045,62.759815,13.664485000000004,63.546,1357.77,2506.0,1148.23,1707.53725,297.71290750000003,1357.77,4.0,14.0,10.0,7.525,3.4545,11.0,3.0,6.0,3.0,4.115,0.2327500000000001,4.0,111.0,175.0,64.0,146.035,15.935699999999995,132.0,1.3,1.91,0.6099999999999999,1.7071,0.1982579999999999,1.9,1.0,2.0,1.0,1.575,0.48875,1.0,0.0,2.0,2.0,0.02,0.0395999999999999,0.0,0.0,10.0,10.0,5.83,3.87,10.0,0.0,14.0,14.0,0.7,1.33,0.0,4.0,18.0,14.0,8.125,3.7125,11.0,0.0,1.0,1.0,0.425,0.48875,1.0,0.0,4.0,4.0,0.04,0.0791999999999999,0.0,0.0,8.0,8.0,4.07,3.8514,0.0,0.0,0.0,0.0,0.0,0.0,0.0,1.0,8.0,7.0,4.535,3.3957,1.0,10.32,23.195,12.875,14.299375000000005,3.3418750000000004,11.07,0.0,0.773,0.773,0.00773,0.0153054,0.0,0.0,0.5953947,0.5953947,0.0446639538333333,0.082609611925,0.0,194.0,227.0,33.0,209.83,15.5134,225.0
Cu42.5 Hf5 Ni7.5 Si1 Ti41.5 Zr2.5,14.0,72.0,58.0,28.295,5.555,29.0,43.0,78.0,35.0,53.75,10.285,64.0,28.0855,178.49,150.4045,62.759815,13.664485000000004,63.546,1357.77,2506.0,1148.23,1707.53725,297.71290750000003,1357.77,4.0,14.0,10.0,7.525,3.4545,11.0,3.0,6.0,3.0,4.115,0.2327500000000001,4.0,111.0,175.0,64.0,146.035,15.935699999999995,132.0,1.3,1.91,0.6099999999999999,1.7071,0.1982579999999999,1.9,1.0,2.0,1.0,1.575,0.48875,1.0,0.0,2.0,2.0,0.02,0.0395999999999999,0.0,0.0,10.0,10.0,5.83,3.87,10.0,0.0,14.0,14.0,0.7,1.33,0.0,4.0,18.0,14.0,8.125,3.7125,11.0,0.0,1.0,1.0,0.425,0.48875,1.0,0.0,4.0,4.0,0.04,0.0791999999999999,0.0,0.0,8.0,8.0,4.07,3.8514,0.0,0.0,0.0,0.0,0.0,0.0,0.0,1.0,8.0,7.0,4.535,3.3957,1.0,10.32,23.195,12.875,14.299375000000005,3.3418750000000004,11.07,0.0,0.773,0.773,0.00773,0.0153054,0.0,0.0,0.5953947,0.5953947,0.0446639538333333,0.082609611925,0.0,194.0,227.0,33.0,209.83,15.5134,225.0
Cu42.5 Hf5 Ni7.5 Ti42.5 Zr2.5,22.0,72.0,50.0,28.375,5.475,22.0,43.0,64.0,21.0,53.4,10.15,43.0,47.867,178.49,130.62300000000002,62.95763,13.46667,47.867,1357.77,2506.0,1148.23,1710.07725,299.4611625,1357.77,4.0,11.0,7.0,7.425,3.425,4.0,4.0,6.0,2.0,4.125,0.23125,4.0,124.0,175.0,51.0,146.525,15.725,132.0,1.3,1.91,0.6099999999999999,1.7035,0.1979999999999999,1.54,1.0,2.0,1.0,1.575,0.48875,1.0,0.0,0.0,0.0,0.0,0.0,0.0,2.0,10.0,8.0,5.85,3.85,2.0,0.0,14.0,14.0,0.7,1.33,0.0,4.0,18.0,14.0,8.125,3.7125,4.0,0.0,1.0,1.0,0.425,0.48875,0.0,0.0,0.0,0.0,0.0,0.0,0.0,0.0,8.0,8.0,4.15,3.85,0.0,0.0,0.0,0.0,0.0,0.0,0.0,1.0,8.0,7.0,4.575,3.425,1.0,10.32,23.195,12.875,14.261875,3.3043750000000007,11.07,0.0,0.0,0.0,0.0,0.0,0.0,0.0,0.5953947,0.5953947,0.0446641791666666,0.082609578125,0.0,194.0,225.0,31.0,209.5,15.5,194.0
Cu42.5 Hf5 Ni7.5 Ti42.5 Zr2.5,22.0,72.0,50.0,28.375,5.475,22.0,43.0,64.0,21.0,53.4,10.15,43.0,47.867,178.49,130.62300000000002,62.95763,13.46667,47.867,1357.77,2506.0,1148.23,1710.07725,299.4611625,1357.77,4.0,11.0,7.0,7.425,3.425,4.0,4.0,6.0,2.0,4.125,0.23125,4.0,124.0,175.0,51.0,146.525,15.725,132.0,1.3,1.91,0.6099999999999999,1.7035,0.1979999999999999,1.54,1.0,2.0,1.0,1.575,0.48875,1.0,0.0,0.0,0.0,0.0,0.0,0.0,2.0,10.0,8.0,5.85,3.85,2.0,0.0,14.0,14.0,0.7,1.33,0.0,4.0,18.0,14.0,8.125,3.7125,4.0,0.0,1.0,1.0,0.425,0.48875,0.0,0.0,0.0,0.0,0.0,0.0,0.0,0.0,8.0,8.0,4.15,3.85,0.0,0.0,0.0,0.0,0.0,0.0,0.0,1.0,8.0,7.0,4.575,3.425,1.0,10.32,23.195,12.875,14.261875,3.3043750000000007,11.07,0.0,0.0,0.0,0.0,0.0,0.0,0.0,0.5953947,0.5953947,0.0446641791666666,0.082609578125,0.0,194.0,225.0,31.0,209.5,15.5,194.0
Cu42.5 Ni2.5 Ti50 Zr5,22.0,40.0,18.0,26.025,4.025,22.0,43.0,64.0,21.0,52.425,10.2675,43.0,47.867,91.224,43.357000000000006,56.96908499999999,9.102085,47.867,1357.77,2128.0,770.23,1697.15225,288.4749125,1941.0,4.0,11.0,7.0,7.125,3.4375,4.0,4.0,5.0,1.0,4.05,0.0949999999999998,4.0,124.0,175.0,51.0,147.95,14.755,160.0,1.33,1.91,0.5799999999999998,1.69175,0.1879249999999999,1.54,1.0,2.0,1.0,1.575,0.48875,2.0,0.0,0.0,0.0,0.0,0.0,0.0,2.0,10.0,8.0,5.55,3.905,2.0,0.0,0.0,0.0,0.0,0.0,0.0,4.0,11.0,7.0,7.125,3.4375,4.0,0.0,1.0,1.0,0.425,0.48875,0.0,0.0,0.0,0.0,0.0,0.0,0.0,0.0,8.0,8.0,4.45,3.905,8.0,0.0,0.0,0.0,0.0,0.0,0.0,1.0,8.0,7.0,4.875,3.4375,8.0,10.32,23.195,12.875,14.4675,3.0952500000000005,16.69,0.0,0.0,0.0,0.0,0.0,0.0,0.0,0.5953947,0.5953947,0.0148961341666666,0.0290249282916666,2.25333333333e-05,194.0,225.0,31.0,207.95,15.345,194.0
Cu42.5 Ni5 Ti42.5 Zr10,22.0,40.0,18.0,27.075,4.31375,22.0,43.0,64.0,21.0,52.925,10.22125,43.0,47.867,91.224,43.357000000000006,59.407595,9.880925250000002,47.867,1357.77,2128.0,770.23,1701.17725,291.8961625,1357.77,4.0,11.0,7.0,7.275,3.43875,4.0,4.0,5.0,1.0,4.1,0.1799999999999997,4.0,124.0,175.0,51.0,147.8,15.81,132.0,1.33,1.91,0.5799999999999998,1.6905,0.2000249999999999,1.54,1.0,2.0,1.0,1.575,0.48875,1.0,0.0,0.0,0.0,0.0,0.0,0.0,2.0,10.0,8.0,5.7,3.885,2.0,0.0,0.0,0.0,0.0,0.0,0.0,4.0,11.0,7.0,7.275,3.43875,4.0,0.0,1.0,1.0,0.425,0.48875,0.0,0.0,0.0,0.0,0.0,0.0,0.0,0.0,8.0,8.0,4.3,3.885,0.0,0.0,0.0,0.0,0.0,0.0,0.0,1.0,8.0,7.0,4.725,3.43875,1.0,10.32,23.195,12.875,14.633500000000002,3.460325,11.07,0.0,0.0,0.0,0.0,0.0,0.0,0.0,0.5953947,0.5953947,0.0297793116666666,0.0565615388333333,0.0,194.0,225.0,31.0,208.725,15.46125,194.0
Cu42.5 Ni7.5 Ti47.5 Zr2.5,22.0,40.0,18.0,25.875,3.68125,22.0,43.0,64.0,21.0,53.3,10.25,43.0,47.867,91.224,43.357000000000006,56.42648,8.131506000000002,47.867,1357.77,2128.0,770.23,1681.82725,275.44866249999995,1941.0,4.0,11.0,7.0,7.425,3.425,4.0,4.0,5.0,1.0,4.025,0.0487500000000003,4.0,124.0,175.0,51.0,145.775,14.975,160.0,1.33,1.91,0.5799999999999998,1.7155,0.1859999999999999,1.54,1.0,2.0,1.0,1.575,0.48875,2.0,0.0,0.0,0.0,0.0,0.0,0.0,2.0,10.0,8.0,5.85,3.85,2.0,0.0,0.0,0.0,0.0,0.0,0.0,4.0,11.0,7.0,7.425,3.425,4.0,0.0,1.0,1.0,0.425,0.48875,0.0,0.0,0.0,0.0,0.0,0.0,0.0,0.0,8.0,8.0,4.15,3.85,8.0,0.0,0.0,0.0,0.0,0.0,0.0,1.0,8.0,7.0,4.575,3.425,8.0,10.32,23.195,12.875,13.986375,3.028875000000001,16.69,0.0,0.0,0.0,0.0,0.0,0.0,0.0,0.5953947,0.5953947,0.0446653058333333,0.082609409125,2.25333333333e-05,194.0,225.0,31.0,209.5,15.5,194.0
Cu42.5 Ni7.5 Ti47.5 Zr2.5,22.0,40.0,18.0,25.875,3.68125,22.0,43.0,64.0,21.0,53.3,10.25,43.0,47.867,91.224,43.357000000000006,56.42648,8.131506000000002,47.867,1357.77,2128.0,770.23,1681.82725,275.44866249999995,1941.0,4.0,11.0,7.0,7.425,3.425,4.0,4.0,5.0,1.0,4.025,0.0487500000000003,4.0,124.0,175.0,51.0,145.775,14.975,160.0,1.33,1.91,0.5799999999999998,1.7155,0.1859999999999999,1.54,1.0,2.0,1.0,1.575,0.48875,2.0,0.0,0.0,0.0,0.0,0.0,0.0,2.0,10.0,8.0,5.85,3.85,2.0,0.0,0.0,0.0,0.0,0.0,0.0,4.0,11.0,7.0,7.425,3.425,4.0,0.0,1.0,1.0,0.425,0.48875,0.0,0.0,0.0,0.0,0.0,0.0,0.0,0.0,8.0,8.0,4.15,3.85,8.0,0.0,0.0,0.0,0.0,0.0,0.0,1.0,8.0,7.0,4.575,3.425,8.0,10.32,23.195,12.875,13.986375,3.028875000000001,16.69,0.0,0.0,0.0,0.0,0.0,0.0,0.0,0.5953947,0.5953947,0.0446653058333333,0.082609409125,2.25333333333e-05,194.0,225.0,31.0,209.5,15.5,194.0
Cu42.5 Ni7.5 Ti50,22.0,29.0,7.0,25.425,3.425,22.0,43.0,64.0,21.0,53.275,10.275,43.0,47.867,63.546,15.679000000000002,55.34255499999999,7.475555000000001,47.867,1357.77,1941.0,583.23,1677.15225,271.4749125,1941.0,4.0,11.0,7.0,7.425,3.425,4.0,4.0,4.0,0.0,4.0,0.0,4.0,124.0,160.0,36.0,145.4,14.6,160.0,1.54,1.91,0.3699999999999999,1.7207499999999998,0.1807499999999999,1.54,1.0,2.0,1.0,1.575,0.48875,2.0,0.0,0.0,0.0,0.0,0.0,0.0,2.0,10.0,8.0,5.85,3.85,2.0,0.0,0.0,0.0,0.0,0.0,0.0,4.0,11.0,7.0,7.425,3.425,4.0,0.0,1.0,1.0,0.425,0.48875,0.0,0.0,0.0,0.0,0.0,0.0,0.0,0.0,8.0,8.0,4.15,3.85,8.0,0.0,0.0,0.0,0.0,0.0,0.0,1.0,8.0,7.0,4.575,3.425,8.0,10.32,16.69,6.370000000000001,13.82375,2.8662500000000004,16.69,0.0,0.0,0.0,0.0,0.0,0.0,0.0,0.5953947,0.5953947,0.0446658691666666,0.082609324625,2.25333333333e-05,194.0,225.0,31.0,209.5,15.5,194.0
Cu45 Hf25 Ti20 Y10,22.0,72.0,50.0,39.35,16.325,29.0,12.0,64.0,52.0,49.85,12.735,64.0,47.867,178.49,130.62300000000002,91.682185,43.4039075,63.546,1357.77,2506.0,1148.23,1805.5965,404.36315,1357.77,3.0,11.0,8.0,7.05,3.555,11.0,4.0,6.0,2.0,4.6,0.7799999999999998,4.0,132.0,190.0,58.0,154.15,19.935,132.0,1.22,1.9,0.6799999999999999,1.61,0.2609999999999999,1.9,1.0,2.0,1.0,1.55,0.495,1.0,0.0,0.0,0.0,0.0,0.0,0.0,1.0,10.0,9.0,5.5,4.05,10.0,0.0,14.0,14.0,3.5,5.25,0.0,3.0,18.0,15.0,10.55,4.129999999999999,11.0,0.0,1.0,1.0,0.45,0.495,1.0,0.0,0.0,0.0,0.0,0.0,0.0,0.0,9.0,9.0,4.5,4.05,0.0,0.0,0.0,0.0,0.0,0.0,0.0,1.0,9.0,8.0,4.95,3.555,1.0,11.07,32.365,21.295,17.106,5.5988,11.07,0.0,0.0,0.0,0.0,0.0,0.0,0.0,2.25333333333e-05,2.25333333333e-05,4.50666666666e-06,7.210666666656e-06,0.0,194.0,225.0,31.0,207.95,15.345,225.0
Cu45 Ni5 Ti42.5 Zr7.5,22.0,40.0,18.0,26.8,4.08,29.0,43.0,64.0,21.0,53.425,10.275,64.0,47.867,91.224,43.357000000000006,58.715645,9.22357275,63.546,1357.77,2128.0,770.23,1681.9215,291.73635,1357.77,4.0,11.0,7.0,7.45,3.45,11.0,4.0,5.0,1.0,4.075,0.1387500000000001,4.0,124.0,175.0,51.0,146.725,15.525,132.0,1.33,1.91,0.5799999999999998,1.70475,0.1962499999999999,1.9,1.0,2.0,1.0,1.55,0.495,1.0,0.0,0.0,0.0,0.0,0.0,0.0,2.0,10.0,8.0,5.9,3.9,10.0,0.0,0.0,0.0,0.0,0.0,0.0,4.0,11.0,7.0,7.45,3.45,11.0,0.0,1.0,1.0,0.45,0.495,1.0,0.0,0.0,0.0,0.0,0.0,0.0,0.0,8.0,8.0,4.1,3.9,0.0,0.0,0.0,0.0,0.0,0.0,0.0,1.0,8.0,7.0,4.55,3.45,1.0,10.32,23.195,12.875,14.330375000000002,3.335375000000001,11.07,0.0,0.0,0.0,0.0,0.0,0.0,0.0,0.5953947,0.5953947,0.0297793116666666,0.0565615388333333,0.0,194.0,225.0,31.0,209.5,15.5,225.0
Cu45 Ni5 Ti45 Zr5,22.0,40.0,18.0,26.35,3.915,22.0,43.0,64.0,21.0,53.4,10.3,43.0,47.867,91.224,43.357000000000006,57.63172,8.788248000000003,47.867,1357.77,2128.0,770.23,1677.2465,287.52885000000003,1357.77,4.0,11.0,7.0,7.45,3.45,4.0,4.0,5.0,1.0,4.05,0.0949999999999998,4.0,124.0,175.0,51.0,146.35,15.15,132.0,1.33,1.91,0.5799999999999998,1.71,0.1909999999999999,1.54,1.0,2.0,1.0,1.55,0.495,1.0,0.0,0.0,0.0,0.0,0.0,0.0,2.0,10.0,8.0,5.9,3.9,2.0,0.0,0.0,0.0,0.0,0.0,0.0,4.0,11.0,7.0,7.45,3.45,4.0,0.0,1.0,1.0,0.45,0.495,0.0,0.0,0.0,0.0,0.0,0.0,0.0,0.0,8.0,8.0,4.1,3.9,0.0,0.0,0.0,0.0,0.0,0.0,0.0,1.0,8.0,7.0,4.55,3.45,1.0,10.32,23.195,12.875,14.167750000000002,3.172750000000001,11.07,0.0,0.0,0.0,0.0,0.0,0.0,0.0,0.5953947,0.5953947,0.0297798749999999,0.0565614825,0.0,194.0,225.0,31.0,209.5,15.5,194.0
Cu45 Ti50 Zr5,22.0,40.0,18.0,26.05,4.05,22.0,43.0,64.0,21.0,52.5,10.35,43.0,47.867,91.224,43.357000000000006,57.0904,9.2234,47.867,1357.77,2128.0,770.23,1687.8964999999998,297.11385,1941.0,4.0,11.0,7.0,7.15,3.465,4.0,4.0,5.0,1.0,4.05,0.0949999999999998,4.0,132.0,175.0,43.0,148.15,14.535,160.0,1.33,1.9,0.5699999999999998,1.6915,0.1876499999999999,1.54,1.0,2.0,1.0,1.55,0.495,2.0,0.0,0.0,0.0,0.0,0.0,0.0,2.0,10.0,8.0,5.6,3.96,2.0,0.0,0.0,0.0,0.0,0.0,0.0,4.0,11.0,7.0,7.15,3.465,4.0,0.0,1.0,1.0,0.45,0.495,0.0,0.0,0.0,0.0,0.0,0.0,0.0,0.0,8.0,8.0,4.4,3.96,8.0,0.0,0.0,0.0,0.0,0.0,0.0,1.0,8.0,7.0,4.85,3.465,8.0,11.07,23.195,12.125,14.48625,3.074625,16.69,0.0,0.0,0.0,0.0,0.0,0.0,0.0,2.25333333333e-05,2.25333333333e-05,1.126666666665e-05,1.126666666665e-05,2.25333333333e-05,194.0,225.0,31.0,207.95,15.345,194.0
Cu46 Zr54,29.0,40.0,11.0,34.94,5.4648,40.0,44.0,64.0,20.0,53.2,9.936,44.0,63.546,91.224,27.678000000000004,78.49212,13.750430400000004,91.224,1357.77,2128.0,770.23,1773.6942,382.6502640000001,2128.0,4.0,11.0,7.0,7.22,3.4776,4.0,4.0,5.0,1.0,4.54,0.4968,5.0,132.0,175.0,43.0,155.22,21.3624,175.0,1.33,1.9,0.5699999999999998,1.5922,0.2831759999999999,1.33,1.0,2.0,1.0,1.54,0.4968,2.0,0.0,0.0,0.0,0.0,0.0,0.0,2.0,10.0,8.0,5.68,3.9744,2.0,0.0,0.0,0.0,0.0,0.0,0.0,4.0,11.0,7.0,7.22,3.4776,4.0,0.0,1.0,1.0,0.46,0.4968000000000001,0.0,0.0,0.0,0.0,0.0,0.0,0.0,0.0,8.0,8.0,4.32,3.9744,8.0,0.0,0.0,0.0,0.0,0.0,0.0,1.0,8.0,7.0,4.78,3.4776,8.0,11.07,23.195,12.125,17.6175,6.0237,23.195,0.0,0.0,0.0,0.0,0.0,0.0,0.0,0.0,0.0,0.0,0.0,0.0,194.0,225.0,31.0,208.26,15.400799999999998,194.0
Cu47 Nb11 Ni8 Si1 Ti33,14.0,41.0,27.0,27.78,4.0904,29.0,43.0,78.0,35.0,55.1,9.768,64.0,28.0855,92.90638,64.82088,60.8587588,9.576483392,63.546,1357.77,2750.0,1392.23,1736.2919,358.123128,1357.77,4.0,14.0,10.0,7.98,3.2824,11.0,3.0,5.0,2.0,4.1,0.1979999999999997,4.0,111.0,164.0,53.0,143.91,15.0392,132.0,1.54,1.91,0.3699999999999999,1.749,0.1707199999999998,1.9,1.0,2.0,1.0,1.42,0.4871999999999999,1.0,0.0,2.0,2.0,0.02,0.0395999999999999,0.0,0.0,10.0,10.0,6.44,3.596,10.0,0.0,0.0,0.0,0.0,0.0,0.0,4.0,11.0,7.0,7.88,3.272,11.0,0.0,1.0,1.0,0.58,0.4871999999999999,1.0,0.0,4.0,4.0,0.04,0.0791999999999999,0.0,0.0,8.0,8.0,3.46,3.5552,0.0,0.0,0.0,0.0,0.0,0.0,0.0,1.0,8.0,7.0,4.08,3.2296,1.0,10.32,20.44,10.12,13.7404,3.05744,11.07,0.0,0.773,0.773,0.00773,0.0153054,0.0,0.0,0.5953947,0.5953947,0.0476390119999999,0.08764091008,0.0,194.0,229.0,35.0,215.23,14.011800000000004,225.0
Cu47 Nb2 Ni8 Si1 Ti33 Zr9,14.0,41.0,27.0,27.69,4.0292,29.0,43.0,78.0,35.0,54.83,10.0704,64.0,28.0855,92.90638,64.82088,60.7073446,9.449295464,63.546,1357.77,2750.0,1392.23,1680.3119,303.189386,1357.77,4.0,14.0,10.0,7.89,3.3832,11.0,3.0,5.0,2.0,4.1,0.1979999999999997,4.0,111.0,175.0,64.0,144.9,16.148000000000003,132.0,1.33,1.91,0.5799999999999998,1.7247,0.1979359999999999,1.9,1.0,2.0,1.0,1.51,0.4997999999999999,1.0,0.0,2.0,2.0,0.02,0.0396,0.0,0.0,10.0,10.0,6.26,3.794,10.0,0.0,0.0,0.0,0.0,0.0,0.0,4.0,11.0,7.0,7.79,3.3710000000000004,11.0,0.0,1.0,1.0,0.49,0.4997999999999999,1.0,0.0,4.0,4.0,0.04,0.0792,0.0,0.0,8.0,8.0,3.64,3.7568,0.0,0.0,0.0,0.0,0.0,0.0,0.0,1.0,8.0,7.0,4.17,3.3304,1.0,10.32,23.195,12.875,14.191750000000004,3.5539250000000004,11.07,0.0,0.773,0.773,0.00773,0.0153054,0.0,0.0,0.5953947,0.5953947,0.0476390119999999,0.08764091008,0.0,194.0,229.0,35.0,212.08,15.187199999999995,225.0
Cu47 Nb4 Ni8 Si1 Ti33 Zr7,14.0,41.0,27.0,27.71,4.0428,29.0,43.0,78.0,35.0,54.89,10.0032,64.0,28.0855,92.90638,64.82088,60.7409922,9.477559448,63.546,1357.77,2750.0,1392.23,1692.7519,314.998024,1357.77,4.0,14.0,10.0,7.91,3.3608,11.0,3.0,5.0,2.0,4.1,0.1979999999999997,4.0,111.0,175.0,64.0,144.68,15.9016,132.0,1.33,1.91,0.5799999999999998,1.7301000000000002,0.1918879999999999,1.9,1.0,2.0,1.0,1.49,0.4998,1.0,0.0,2.0,2.0,0.02,0.0396,0.0,0.0,10.0,10.0,6.3,3.75,10.0,0.0,0.0,0.0,0.0,0.0,0.0,4.0,11.0,7.0,7.81,3.349,11.0,0.0,1.0,1.0,0.51,0.4998,1.0,0.0,4.0,4.0,0.04,0.0792,0.0,0.0,8.0,8.0,3.6,3.7120000000000006,0.0,0.0,0.0,0.0,0.0,0.0,0.0,1.0,8.0,7.0,4.15,3.3080000000000003,1.0,10.32,23.195,12.875,14.091450000000002,3.443595,11.07,0.0,0.773,0.773,0.00773,0.0153054,0.0,0.0,0.5953947,0.5953947,0.0476390119999999,0.08764091008,0.0,194.0,229.0,35.0,212.78,15.024,225.0
Cu47 Nb6 Ni8 Si1 Ti33 Zr5,14.0,41.0,27.0,27.73,4.0564,29.0,43.0,78.0,35.0,54.95,9.936,64.0,28.0855,92.90638,64.82088,60.7746398,9.505823432,63.546,1357.77,2750.0,1392.23,1705.1919,326.940424,1357.77,4.0,14.0,10.0,7.93,3.3384,11.0,3.0,5.0,2.0,4.1,0.1979999999999997,4.0,111.0,175.0,64.0,144.46,15.655200000000002,132.0,1.33,1.91,0.5799999999999998,1.7355,0.1858399999999999,1.9,1.0,2.0,1.0,1.47,0.4982,1.0,0.0,2.0,2.0,0.02,0.0396,0.0,0.0,10.0,10.0,6.34,3.706,10.0,0.0,0.0,0.0,0.0,0.0,0.0,4.0,11.0,7.0,7.83,3.327,11.0,0.0,1.0,1.0,0.53,0.4982,1.0,0.0,4.0,4.0,0.04,0.0792,0.0,0.0,8.0,8.0,3.56,3.6672,0.0,0.0,0.0,0.0,0.0,0.0,0.0,1.0,8.0,7.0,4.13,3.2856,1.0,10.32,23.195,12.875,13.991150000000005,3.333265000000001,11.07,0.0,0.773,0.773,0.00773,0.0153054,0.0,0.0,0.5953947,0.5953947,0.0476390119999999,0.08764091008,0.0,194.0,229.0,35.0,213.48,14.804800000000002,225.0
Cu47 Nb8 Ni8 Si1 Ti33 Zr3,14.0,41.0,27.0,27.75,4.07,29.0,43.0,78.0,35.0,55.01,9.8688,64.0,28.0855,92.90638,64.82088,60.80828740000001,9.534087416,63.546,1357.77,2750.0,1392.23,1717.6319,338.882824,1357.77,4.0,14.0,10.0,7.95,3.3160000000000003,11.0,3.0,5.0,2.0,4.1,0.1979999999999997,4.0,111.0,175.0,64.0,144.24,15.4088,132.0,1.33,1.91,0.5799999999999998,1.7409,0.1797919999999999,1.9,1.0,2.0,1.0,1.45,0.495,1.0,0.0,2.0,2.0,0.02,0.0396,0.0,0.0,10.0,10.0,6.38,3.662,10.0,0.0,0.0,0.0,0.0,0.0,0.0,4.0,11.0,7.0,7.85,3.305,11.0,0.0,1.0,1.0,0.55,0.495,1.0,0.0,4.0,4.0,0.04,0.0792,0.0,0.0,8.0,8.0,3.52,3.6224,0.0,0.0,0.0,0.0,0.0,0.0,0.0,1.0,8.0,7.0,4.11,3.2632,1.0,10.32,23.195,12.875,13.89085,3.222935,11.07,0.0,0.773,0.773,0.00773,0.0153054,0.0,0.0,0.5953947,0.5953947,0.0476390119999999,0.08764091008,0.0,194.0,229.0,35.0,214.18,14.5296,225.0
Cu47 Ni13 Ti10 Zr30,22.0,40.0,18.0,31.47,5.117999999999999,29.0,43.0,64.0,21.0,55.51,9.408,64.0,47.867,91.224,43.357000000000006,69.650662,12.9440028,63.546,1357.77,2128.0,770.23,1695.2919,317.27058600000004,1357.77,4.0,11.0,7.0,8.07,3.256,11.0,4.0,5.0,1.0,4.3,0.4199999999999999,4.0,124.0,175.0,51.0,146.66,19.672,132.0,1.33,1.91,0.5799999999999998,1.6943,0.2494399999999998,1.9,1.0,2.0,1.0,1.53,0.4982,1.0,0.0,0.0,0.0,0.0,0.0,0.0,2.0,10.0,8.0,6.54,3.632,10.0,0.0,0.0,0.0,0.0,0.0,0.0,4.0,11.0,7.0,8.07,3.256,11.0,0.0,1.0,1.0,0.47,0.4982,1.0,0.0,0.0,0.0,0.0,0.0,0.0,0.0,8.0,8.0,3.46,3.632,0.0,0.0,0.0,0.0,0.0,0.0,0.0,1.0,8.0,7.0,3.93,3.256,1.0,10.32,23.195,12.875,15.172,5.1174,11.07,0.0,0.0,0.0,0.0,0.0,0.0,0.0,0.5953947,0.5953947,0.0774035643333333,0.1346776952733333,0.0,194.0,225.0,31.0,212.6,14.88,225.0
Cu47 Ni6 Si1 Sn2 Ti33 Zr11,14.0,50.0,36.0,28.11,4.328,29.0,43.0,80.0,37.0,55.15,10.472,64.0,28.0855,118.71,90.6245,61.874029,10.3020852,63.546,505.08,2128.0,1622.92,1643.4135,314.03823,1357.77,4.0,14.0,10.0,7.95,3.4759999999999995,11.0,3.0,5.0,2.0,4.12,0.2288000000000001,4.0,111.0,175.0,64.0,145.42,16.130399999999998,132.0,1.33,1.96,0.6299999999999999,1.7203,0.2048639999999999,1.9,1.0,2.0,1.0,1.53,0.4982,1.0,0.0,2.0,2.0,0.06,0.1164,0.0,0.0,10.0,10.0,6.26,3.874,10.0,0.0,0.0,0.0,0.0,0.0,0.0,4.0,14.0,10.0,7.85,3.465,11.0,0.0,1.0,1.0,0.47,0.4982,1.0,0.0,4.0,4.0,0.12,0.2328,0.0,0.0,8.0,8.0,3.64,3.8368,0.0,0.0,0.0,0.0,0.0,0.0,0.0,1.0,8.0,7.0,4.23,3.3176,1.0,10.32,33.285,22.965,14.751350000000002,3.992231,11.07,0.0,0.773,0.773,0.00773,0.0153054,0.0,0.0,0.5953947,0.5953947,0.0357311179999999,0.06715962984,0.0,141.0,227.0,86.0,209.7,16.564,225.0
Cu47 Ni8 Si1 Ti33 Zr11,14.0,40.0,26.0,27.67,4.015599999999999,29.0,43.0,78.0,35.0,54.77,10.1376,64.0,28.0855,91.224,63.13850000000001,60.67369699999999,9.421031480000003,63.546,1357.77,2128.0,770.23,1667.8719,291.495786,1357.77,4.0,14.0,10.0,7.87,3.4056,11.0,3.0,5.0,2.0,4.1,0.1979999999999997,4.0,111.0,175.0,64.0,145.12,16.3944,132.0,1.33,1.91,0.5799999999999998,1.7193,0.2039839999999999,1.9,1.0,2.0,1.0,1.53,0.4982,1.0,0.0,2.0,2.0,0.02,0.0396,0.0,0.0,10.0,10.0,6.22,3.838,10.0,0.0,0.0,0.0,0.0,0.0,0.0,4.0,11.0,7.0,7.77,3.3930000000000007,11.0,0.0,1.0,1.0,0.47,0.4982,1.0,0.0,4.0,4.0,0.04,0.0792,0.0,0.0,8.0,8.0,3.68,3.8016,0.0,0.0,0.0,0.0,0.0,0.0,0.0,1.0,8.0,7.0,4.19,3.3528,1.0,10.32,23.195,12.875,14.29205,3.6642550000000007,11.07,0.0,0.773,0.773,0.00773,0.0153054,0.0,0.0,0.5953947,0.5953947,0.0476390119999999,0.08764091008,0.0,194.0,227.0,33.0,211.38,15.2944,225.0
Cu47 Ni8 Ti34 Zr11,22.0,40.0,18.0,27.75,3.91,29.0,43.0,64.0,21.0,54.42,10.058,64.0,47.867,91.224,43.357000000000006,60.871512,9.191566080000005,63.546,1357.77,2128.0,770.23,1670.4119,293.883386,1357.77,4.0,11.0,7.0,7.77,3.3930000000000007,11.0,4.0,5.0,1.0,4.11,0.1958000000000002,4.0,124.0,175.0,51.0,145.61,16.251000000000005,132.0,1.33,1.91,0.5799999999999998,1.7157,0.2043299999999999,1.9,1.0,2.0,1.0,1.53,0.4982,1.0,0.0,0.0,0.0,0.0,0.0,0.0,2.0,10.0,8.0,6.24,3.816,10.0,0.0,0.0,0.0,0.0,0.0,0.0,4.0,11.0,7.0,7.77,3.3930000000000007,11.0,0.0,1.0,1.0,0.47,0.4982,1.0,0.0,0.0,0.0,0.0,0.0,0.0,0.0,8.0,8.0,3.76,3.816,0.0,0.0,0.0,0.0,0.0,0.0,0.0,1.0,8.0,7.0,4.23,3.3930000000000007,1.0,10.32,23.195,12.875,14.25455,3.623005,11.07,0.0,0.0,0.0,0.0,0.0,0.0,0.0,0.5953947,0.5953947,0.0476392373333333,0.0876408740266666,0.0,194.0,225.0,31.0,211.05,15.345,225.0
Cu47 Ni8 Ti34 Zr11,22.0,40.0,18.0,27.75,3.91,29.0,43.0,64.0,21.0,54.42,10.058,64.0,47.867,91.224,43.357000000000006,60.871512,9.191566080000005,63.546,1357.77,2128.0,770.23,1670.4119,293.883386,1357.77,4.0,11.0,7.0,7.77,3.3930000000000007,11.0,4.0,5.0,1.0,4.11,0.1958000000000002,4.0,124.0,175.0,51.0,145.61,16.251000000000005,132.0,1.33,1.91,0.5799999999999998,1.7157,0.2043299999999999,1.9,1.0,2.0,1.0,1.53,0.4982,1.0,0.0,0.0,0.0,0.0,0.0,0.0,2.0,10.0,8.0,6.24,3.816,10.0,0.0,0.0,0.0,0.0,0.0,0.0,4.0,11.0,7.0,7.77,3.3930000000000007,11.0,0.0,1.0,1.0,0.47,0.4982,1.0,0.0,0.0,0.0,0.0,0.0,0.0,0.0,8.0,8.0,3.76,3.816,0.0,0.0,0.0,0.0,0.0,0.0,0.0,1.0,8.0,7.0,4.23,3.3930000000000007,1.0,10.32,23.195,12.875,14.25455,3.623005,11.07,0.0,0.0,0.0,0.0,0.0,0.0,0.0,0.5953947,0.5953947,0.0476392373333333,0.0876408740266666,0.0,194.0,225.0,31.0,211.05,15.345,225.0
Cu47 Ni8 Ti34 Zr11,22.0,40.0,18.0,27.75,3.91,29.0,43.0,64.0,21.0,54.42,10.058,64.0,47.867,91.224,43.357000000000006,60.871512,9.191566080000005,63.546,1357.77,2128.0,770.23,1670.4119,293.883386,1357.77,4.0,11.0,7.0,7.77,3.3930000000000007,11.0,4.0,5.0,1.0,4.11,0.1958000000000002,4.0,124.0,175.0,51.0,145.61,16.251000000000005,132.0,1.33,1.91,0.5799999999999998,1.7157,0.2043299999999999,1.9,1.0,2.0,1.0,1.53,0.4982,1.0,0.0,0.0,0.0,0.0,0.0,0.0,2.0,10.0,8.0,6.24,3.816,10.0,0.0,0.0,0.0,0.0,0.0,0.0,4.0,11.0,7.0,7.77,3.3930000000000007,11.0,0.0,1.0,1.0,0.47,0.4982,1.0,0.0,0.0,0.0,0.0,0.0,0.0,0.0,8.0,8.0,3.76,3.816,0.0,0.0,0.0,0.0,0.0,0.0,0.0,1.0,8.0,7.0,4.23,3.3930000000000007,1.0,10.32,23.195,12.875,14.25455,3.623005,11.07,0.0,0.0,0.0,0.0,0.0,0.0,0.0,0.5953947,0.5953947,0.0476392373333333,0.0876408740266666,0.0,194.0,225.0,31.0,211.05,15.345,225.0
Cu47 Ni8 Ti34 Zr11,22.0,40.0,18.0,27.75,3.91,29.0,43.0,64.0,21.0,54.42,10.058,64.0,47.867,91.224,43.357000000000006,60.871512,9.191566080000005,63.546,1357.77,2128.0,770.23,1670.4119,293.883386,1357.77,4.0,11.0,7.0,7.77,3.3930000000000007,11.0,4.0,5.0,1.0,4.11,0.1958000000000002,4.0,124.0,175.0,51.0,145.61,16.251000000000005,132.0,1.33,1.91,0.5799999999999998,1.7157,0.2043299999999999,1.9,1.0,2.0,1.0,1.53,0.4982,1.0,0.0,0.0,0.0,0.0,0.0,0.0,2.0,10.0,8.0,6.24,3.816,10.0,0.0,0.0,0.0,0.0,0.0,0.0,4.0,11.0,7.0,7.77,3.3930000000000007,11.0,0.0,1.0,1.0,0.47,0.4982,1.0,0.0,0.0,0.0,0.0,0.0,0.0,0.0,8.0,8.0,3.76,3.816,0.0,0.0,0.0,0.0,0.0,0.0,0.0,1.0,8.0,7.0,4.23,3.3930000000000007,1.0,10.32,23.195,12.875,14.25455,3.623005,11.07,0.0,0.0,0.0,0.0,0.0,0.0,0.0,0.5953947,0.5953947,0.0476392373333333,0.0876408740266666,0.0,194.0,225.0,31.0,211.05,15.345,225.0
Cu48 Hf25 Si7 Ti20,14.0,72.0,58.0,37.3,17.35,29.0,43.0,78.0,35.0,56.03,10.727,64.0,28.0855,178.49,150.4045,86.663965,45.9130175,63.546,1357.77,2506.0,1148.23,1784.5196,423.33236,1357.77,4.0,14.0,10.0,8.06,3.654,11.0,3.0,6.0,3.0,4.43,0.7849999999999998,4.0,111.0,175.0,64.0,146.88,19.308,132.0,1.3,1.9,0.5999999999999999,1.6780000000000002,0.2441999999999999,1.9,1.0,2.0,1.0,1.52,0.4992,1.0,0.0,2.0,2.0,0.14,0.2604,0.0,0.0,10.0,10.0,5.7,4.127999999999999,10.0,0.0,14.0,14.0,3.5,5.25,0.0,4.0,18.0,14.0,10.86,3.7044,11.0,0.0,1.0,1.0,0.48,0.4992,1.0,0.0,4.0,4.0,0.28,0.5208,0.0,0.0,8.0,8.0,3.6,3.96,0.0,0.0,0.0,0.0,0.0,0.0,0.0,1.0,8.0,7.0,4.36,3.276,1.0,11.07,22.2,11.13,15.6324,4.379904,11.07,0.0,0.773,0.773,0.05411,0.1006446,0.0,0.0,2.25333333333e-05,2.25333333333e-05,4.50666666666e-06,7.210666666655999e-06,0.0,194.0,227.0,33.0,211.19,15.471000000000002,225.0
Cu48 Hf25 Ti20 Y7,22.0,72.0,50.0,39.05,16.475,29.0,12.0,64.0,52.0,51.41,12.0864,64.0,47.867,178.49,130.62300000000002,90.9213895,43.78430525000001,63.546,1357.77,2506.0,1148.23,1792.3596,417.2060159999999,1357.77,3.0,11.0,8.0,7.29,3.5616,11.0,4.0,6.0,2.0,4.57,0.7752000000000001,4.0,132.0,190.0,58.0,152.41,19.5936,132.0,1.22,1.9,0.6799999999999999,1.6303999999999998,0.2588159999999999,1.9,1.0,2.0,1.0,1.52,0.4992,1.0,0.0,0.0,0.0,0.0,0.0,0.0,1.0,10.0,9.0,5.77,4.0608,10.0,0.0,14.0,14.0,3.5,5.25,0.0,3.0,18.0,15.0,10.79,3.8066,11.0,0.0,1.0,1.0,0.48,0.4992,1.0,0.0,0.0,0.0,0.0,0.0,0.0,0.0,9.0,9.0,4.23,4.0608,0.0,0.0,0.0,0.0,0.0,0.0,0.0,1.0,9.0,8.0,4.71,3.5616,1.0,11.07,32.365,21.295,16.46715,5.181264,11.07,0.0,0.0,0.0,0.0,0.0,0.0,0.0,2.25333333333e-05,2.25333333333e-05,4.50666666666e-06,7.210666666656e-06,0.0,194.0,225.0,31.0,208.88,15.4752,225.0
Cu49.4 Si0.6 Sn0.6 Ti7.41 Zr41.99,14.0,50.0,36.0,33.1362,5.96658484,29.0,43.0,80.0,37.0,54.2259,10.2513892,64.0,28.0855,118.71,90.6245,74.12439930000001,14.895271876260004,63.546,505.08,2128.0,1622.92,1721.26616,374.1396339200001,1357.77,4.0,14.0,10.0,7.577999999999999,3.535064,11.0,3.0,5.0,2.0,4.4199,0.49412918,4.0,111.0,175.0,64.0,152.0465,20.455058,132.0,1.33,1.96,0.6299999999999999,1.634341,0.2695669079999999,1.9,1.0,2.0,1.0,1.5060000000000002,0.499928,1.0,0.0,2.0,2.0,0.024,0.047424,0.0,0.0,10.0,10.0,5.988,4.0120000000000005,10.0,0.0,0.0,0.0,0.0,0.0,0.0,4.0,14.0,10.0,7.518,3.518,11.0,0.0,1.0,1.0,0.494,0.499928,1.0,0.0,4.0,4.0,0.048,0.094848,0.0,0.0,8.0,8.0,3.952,3.999424,0.0,0.0,0.0,0.0,0.0,0.0,0.0,1.0,8.0,7.0,4.494,3.463928,1.0,11.07,33.285,22.215,16.767239500000002,5.640319519899999,11.07,0.0,0.773,0.773,0.004638,0.0092203439999999,0.0,0.0,2.25333333333e-05,2.25333333333e-05,1.66971999999753e-06,3.0919874959954258e-06,0.0,141.0,227.0,86.0,209.194,15.83,225.0
Cu49.5 Si1 Ti7.42 Zr42.08,14.0,40.0,26.0,32.959399999999995,5.925368959999998,29.0,43.0,78.0,35.0,54.1658,10.212542,64.0,28.0855,91.224,63.13850000000001,73.6749156,14.769309431040002,63.546,1357.77,2128.0,770.23,1728.4507500000002,367.8029575000001,1357.77,4.0,14.0,10.0,7.565,3.52935,11.0,3.0,5.0,2.0,4.4108,0.49587072,4.0,111.0,175.0,64.0,151.96200000000002,20.58162,132.0,1.33,1.9,0.5699999999999998,1.633432,0.2692336799999999,1.9,1.0,2.0,1.0,1.505,0.49995,1.0,0.0,2.0,2.0,0.02,0.0395999999999999,0.0,0.0,10.0,10.0,5.94,4.0194,10.0,0.0,0.0,0.0,0.0,0.0,0.0,4.0,11.0,7.0,7.465,3.4996500000000004,11.0,0.0,1.0,1.0,0.495,0.4999499999999999,1.0,0.0,4.0,4.0,0.04,0.0791999999999999,0.0,0.0,8.0,8.0,3.96,3.999600000000001,0.0,0.0,0.0,0.0,0.0,0.0,0.0,1.0,8.0,7.0,4.495,3.46995,1.0,11.07,23.195,12.125,16.682903999999997,5.55677496,11.07,0.0,0.773,0.773,0.00773,0.0153054,0.0,0.0,2.25333333333e-05,2.25333333333e-05,1.67197333333086e-06,3.09582582399542e-06,0.0,194.0,227.0,33.0,209.675,15.51825,225.0
Cu49.5 Sn1 Ti7.42 Zr42.08,22.0,50.0,28.0,33.319399999999995,5.956004959999999,29.0,43.0,80.0,37.0,54.1858,10.232342,64.0,47.867,118.71,70.84299999999999,74.5811606,14.889190427040004,63.546,505.08,2128.0,1622.92,1716.63155,379.5039655000001,1357.77,4.0,14.0,10.0,7.565,3.52935,11.0,4.0,5.0,1.0,4.4308,0.49042272,4.0,132.0,175.0,43.0,152.24200000000002,20.30442,132.0,1.33,1.96,0.6299999999999999,1.634032,0.2698276799999999,1.9,1.0,2.0,1.0,1.505,0.49995,1.0,0.0,2.0,2.0,0.02,0.0395999999999999,0.0,2.0,10.0,8.0,6.04,3.999600000000001,10.0,0.0,0.0,0.0,0.0,0.0,0.0,4.0,14.0,10.0,7.565,3.52935,11.0,0.0,1.0,1.0,0.495,0.4999499999999999,1.0,0.0,4.0,4.0,0.04,0.0791999999999999,0.0,0.0,8.0,8.0,3.96,3.999600000000001,0.0,0.0,0.0,0.0,0.0,0.0,0.0,1.0,8.0,7.0,4.495,3.46995,1.0,11.07,33.285,22.215,16.811353999999998,5.7019493936,11.07,0.0,0.0,0.0,0.0,0.0,0.0,0.0,2.25333333333e-05,2.25333333333e-05,1.67197333333086e-06,3.09582582399542e-06,0.0,141.0,225.0,84.0,208.815,16.02315,225.0
Cu5 Gd10 Mg75 Ni10,12.0,64.0,52.0,19.65,11.475,12.0,27.0,68.0,41.0,63.0,7.6,68.0,24.305,157.25,132.945,43.00039,28.043085,24.305,923.0,1728.0,805.0,1091.5385,252.80775000000008,923.0,2.0,11.0,9.0,3.35,2.095,2.0,3.0,6.0,3.0,3.45,0.6750000000000002,3.0,124.0,196.0,72.0,144.35,10.329999999999997,141.0,1.2,1.91,0.71,1.3884999999999998,0.1554499999999998,1.31,1.0,2.0,1.0,1.95,0.095,2.0,0.0,0.0,0.0,0.0,0.0,0.0,0.0,10.0,10.0,1.4,2.18,0.0,0.0,7.0,7.0,0.7,1.26,0.0,2.0,11.0,9.0,4.05,3.075,2.0,0.0,1.0,1.0,0.05,0.095,0.0,0.0,0.0,0.0,0.0,0.0,0.0,0.0,9.0,9.0,1.1,1.76,0.0,0.0,7.0,7.0,0.7,1.26,0.0,0.0,16.0,16.0,1.85,2.86,0.0,10.32,32.05,21.73,21.958,3.4164000000000017,22.89,0.0,0.0,0.0,0.0,0.0,0.0,0.0,0.5953947,0.5953947,0.05953947,0.107171046,0.0,194.0,225.0,31.0,198.65,7.905000000000005,194.0
Cu50 Hf25 Si5 Ti20,14.0,72.0,58.0,37.6,17.2,29.0,43.0,78.0,35.0,55.75,10.475,64.0,28.0855,178.49,150.4045,87.37317499999999,45.5584125,63.546,1357.77,2506.0,1148.23,1777.935,429.2585000000001,1357.77,4.0,14.0,10.0,8.0,3.6,11.0,3.0,6.0,3.0,4.45,0.775,4.0,111.0,175.0,64.0,147.3,18.930000000000003,132.0,1.3,1.9,0.5999999999999999,1.6780000000000002,0.2441999999999999,1.9,1.0,2.0,1.0,1.5,0.5,1.0,0.0,2.0,2.0,0.1,0.19,0.0,0.0,10.0,10.0,5.9,4.1,10.0,0.0,14.0,14.0,3.5,5.25,0.0,4.0,18.0,14.0,11.0,3.5,11.0,0.0,1.0,1.0,0.5,0.5,1.0,0.0,4.0,4.0,0.2,0.38,0.0,0.0,8.0,8.0,3.6,3.96,0.0,0.0,0.0,0.0,0.0,0.0,0.0,1.0,8.0,7.0,4.3,3.33,1.0,11.07,22.2,11.13,15.445,4.375000000000001,11.07,0.0,0.773,0.773,0.03865,0.073435,0.0,0.0,2.25333333333e-05,2.25333333333e-05,4.50666666666e-06,7.210666666656e-06,0.0,194.0,227.0,33.0,211.15,15.435,225.0
Cu50 Hf25 Ti20 Y5,22.0,72.0,50.0,38.85,16.59,29.0,12.0,64.0,52.0,52.45,11.55,64.0,47.867,178.49,130.62300000000002,90.41419249999998,44.037903750000005,63.546,1357.77,2506.0,1148.23,1783.535,425.76499999999993,1357.77,3.0,11.0,8.0,7.45,3.55,11.0,4.0,6.0,2.0,4.55,0.77,4.0,132.0,190.0,58.0,151.25,19.25,132.0,1.22,1.9,0.6799999999999999,1.644,0.2559999999999999,1.9,1.0,2.0,1.0,1.5,0.5,1.0,0.0,0.0,0.0,0.0,0.0,0.0,1.0,10.0,9.0,5.95,4.05,10.0,0.0,14.0,14.0,3.5,5.25,0.0,3.0,18.0,15.0,10.95,3.5750000000000006,11.0,0.0,1.0,1.0,0.5,0.5,1.0,0.0,0.0,0.0,0.0,0.0,0.0,0.0,9.0,9.0,4.05,4.05,0.0,0.0,0.0,0.0,0.0,0.0,0.0,1.0,9.0,8.0,4.55,3.55,1.0,11.07,32.365,21.295,16.04125,4.97125,11.07,0.0,0.0,0.0,0.0,0.0,0.0,0.0,2.25333333333e-05,2.25333333333e-05,4.50666666666e-06,7.210666666656e-06,0.0,194.0,225.0,31.0,209.5,15.5,225.0
Cu50 Ni8 Ti24 Zr18,22.0,40.0,18.0,29.22,3.8808,29.0,43.0,64.0,21.0,55.12,9.8208,64.0,47.867,91.224,43.357000000000006,64.376872,9.664966080000006,63.546,1357.77,2128.0,770.23,1666.005,308.235,1357.77,4.0,11.0,7.0,7.98,3.3431999999999995,11.0,4.0,5.0,1.0,4.18,0.2951999999999998,4.0,124.0,175.0,51.0,145.82,17.3112,132.0,1.33,1.91,0.5799999999999998,1.7118,0.2199119999999999,1.9,1.0,2.0,1.0,1.5,0.5,1.0,0.0,0.0,0.0,0.0,0.0,0.0,2.0,10.0,8.0,6.48,3.7632,10.0,0.0,0.0,0.0,0.0,0.0,0.0,4.0,11.0,7.0,7.98,3.3431999999999995,11.0,0.0,1.0,1.0,0.5,0.5,1.0,0.0,0.0,0.0,0.0,0.0,0.0,0.0,8.0,8.0,3.52,3.7632,0.0,0.0,0.0,0.0,0.0,0.0,0.0,1.0,8.0,7.0,4.02,3.3431999999999995,1.0,10.32,23.195,12.875,14.5413,4.146708,11.07,0.0,0.0,0.0,0.0,0.0,0.0,0.0,0.5953947,0.5953947,0.047636984,0.08764123456,0.0,194.0,225.0,31.0,211.98,15.1032,225.0
Cu50 Ti10 Zr40,22.0,40.0,18.0,32.7,5.84,29.0,43.0,64.0,21.0,53.9,10.1,64.0,47.867,91.224,43.357000000000006,73.0493,14.53976,63.546,1357.77,2128.0,770.23,1724.185,366.415,1357.77,4.0,11.0,7.0,7.5,3.5,11.0,4.0,5.0,1.0,4.4,0.4800000000000001,4.0,132.0,175.0,43.0,152.0,20.0,132.0,1.33,1.9,0.5699999999999998,1.636,0.2639999999999999,1.9,1.0,2.0,1.0,1.5,0.5,1.0,0.0,0.0,0.0,0.0,0.0,0.0,2.0,10.0,8.0,6.0,4.0,10.0,0.0,0.0,0.0,0.0,0.0,0.0,4.0,11.0,7.0,7.5,3.5,11.0,0.0,1.0,1.0,0.5,0.5,1.0,0.0,0.0,0.0,0.0,0.0,0.0,0.0,8.0,8.0,4.0,4.0,0.0,0.0,0.0,0.0,0.0,0.0,0.0,1.0,8.0,7.0,4.5,3.5,1.0,11.07,23.195,12.125,16.482,5.412000000000001,11.07,0.0,0.0,0.0,0.0,0.0,0.0,0.0,2.25333333333e-05,2.25333333333e-05,2.25333333333e-06,4.055999999994e-06,0.0,194.0,225.0,31.0,209.5,15.5,225.0
Cu50 Ti15 Zr35,22.0,40.0,18.0,31.8,5.74,29.0,43.0,64.0,21.0,53.85,10.15,64.0,47.867,91.224,43.357000000000006,70.88145,14.239785,63.546,1357.77,2128.0,770.23,1714.835,357.065,1357.77,4.0,11.0,7.0,7.5,3.5,11.0,4.0,5.0,1.0,4.35,0.4549999999999999,4.0,132.0,175.0,43.0,151.25,19.25,132.0,1.33,1.9,0.5699999999999998,1.6465,0.2534999999999999,1.9,1.0,2.0,1.0,1.5,0.5,1.0,0.0,0.0,0.0,0.0,0.0,0.0,2.0,10.0,8.0,6.0,4.0,10.0,0.0,0.0,0.0,0.0,0.0,0.0,4.0,11.0,7.0,7.5,3.5,11.0,0.0,1.0,1.0,0.5,0.5,1.0,0.0,0.0,0.0,0.0,0.0,0.0,0.0,8.0,8.0,4.0,4.0,0.0,0.0,0.0,0.0,0.0,0.0,0.0,1.0,8.0,7.0,4.5,3.5,1.0,11.07,23.195,12.125,16.156750000000002,5.086749999999999,11.07,0.0,0.0,0.0,0.0,0.0,0.0,0.0,2.25333333333e-05,2.25333333333e-05,3.379999999995e-06,5.7459999999915e-06,0.0,194.0,225.0,31.0,209.5,15.5,225.0
Cu50 Ti35 Zr15,22.0,40.0,18.0,28.2,4.34,29.0,43.0,64.0,21.0,53.65,10.35,64.0,47.867,91.224,43.357000000000006,62.21005000000001,10.040134999999998,63.546,1357.77,2128.0,770.23,1677.435,319.665,1357.77,4.0,11.0,7.0,7.5,3.5,11.0,4.0,5.0,1.0,4.15,0.2550000000000002,4.0,132.0,175.0,43.0,148.25,16.25,132.0,1.33,1.9,0.5699999999999998,1.6885000000000003,0.2114999999999999,1.9,1.0,2.0,1.0,1.5,0.5,1.0,0.0,0.0,0.0,0.0,0.0,0.0,2.0,10.0,8.0,6.0,4.0,10.0,0.0,0.0,0.0,0.0,0.0,0.0,4.0,11.0,7.0,7.5,3.5,11.0,0.0,1.0,1.0,0.5,0.5,1.0,0.0,0.0,0.0,0.0,0.0,0.0,0.0,8.0,8.0,4.0,4.0,0.0,0.0,0.0,0.0,0.0,0.0,0.0,1.0,8.0,7.0,4.5,3.5,1.0,11.07,23.195,12.125,14.85575,3.7857500000000006,11.07,0.0,0.0,0.0,0.0,0.0,0.0,0.0,2.25333333333e-05,2.25333333333e-05,7.886666666655001e-06,1.02526666666515e-05,0.0,194.0,225.0,31.0,209.5,15.5,225.0
Cu50 Ti40 Zr10,22.0,40.0,18.0,27.3,4.24,29.0,43.0,64.0,21.0,53.6,10.4,64.0,47.867,91.224,43.357000000000006,60.0422,9.74016,63.546,1357.77,2128.0,770.23,1668.085,310.315,1357.77,4.0,11.0,7.0,7.5,3.5,11.0,4.0,5.0,1.0,4.1,0.1799999999999997,4.0,132.0,175.0,43.0,147.5,15.5,132.0,1.33,1.9,0.5699999999999998,1.699,0.2009999999999999,1.9,1.0,2.0,1.0,1.5,0.5,1.0,0.0,0.0,0.0,0.0,0.0,0.0,2.0,10.0,8.0,6.0,4.0,10.0,0.0,0.0,0.0,0.0,0.0,0.0,4.0,11.0,7.0,7.5,3.5,11.0,0.0,1.0,1.0,0.5,0.5,1.0,0.0,0.0,0.0,0.0,0.0,0.0,0.0,8.0,8.0,4.0,4.0,0.0,0.0,0.0,0.0,0.0,0.0,0.0,1.0,8.0,7.0,4.5,3.5,1.0,11.07,23.195,12.125,14.5305,3.460500000000001,11.07,0.0,0.0,0.0,0.0,0.0,0.0,0.0,2.25333333333e-05,2.25333333333e-05,9.01333333332e-06,1.0815999999984e-05,0.0,194.0,225.0,31.0,209.5,15.5,225.0
Cu50 Ti45 Zr5,22.0,40.0,18.0,26.4,3.96,29.0,43.0,64.0,21.0,53.55,10.45,64.0,47.867,91.224,43.357000000000006,57.87435000000001,9.006615,63.546,1357.77,2128.0,770.23,1658.735,300.96500000000003,1357.77,4.0,11.0,7.0,7.5,3.5,11.0,4.0,5.0,1.0,4.05,0.0949999999999998,4.0,132.0,175.0,43.0,146.75,14.75,132.0,1.33,1.9,0.5699999999999998,1.7095000000000002,0.1904999999999999,1.9,1.0,2.0,1.0,1.5,0.5,1.0,0.0,0.0,0.0,0.0,0.0,0.0,2.0,10.0,8.0,6.0,4.0,10.0,0.0,0.0,0.0,0.0,0.0,0.0,4.0,11.0,7.0,7.5,3.5,11.0,0.0,1.0,1.0,0.5,0.5,1.0,0.0,0.0,0.0,0.0,0.0,0.0,0.0,8.0,8.0,4.0,4.0,0.0,0.0,0.0,0.0,0.0,0.0,0.0,1.0,8.0,7.0,4.5,3.5,1.0,11.07,23.195,12.125,14.20525,3.135250000000001,11.07,0.0,0.0,0.0,0.0,0.0,0.0,0.0,2.25333333333e-05,2.25333333333e-05,1.0139999999985e-05,1.11539999999835e-05,0.0,194.0,225.0,31.0,209.5,15.5,225.0
Cu50 Ti5 Zr45,22.0,40.0,18.0,33.6,5.76,29.0,43.0,64.0,21.0,53.95,10.05,64.0,47.867,91.224,43.357000000000006,75.21715,14.406165000000003,63.546,1357.77,2128.0,770.23,1733.535,375.765,1357.77,4.0,11.0,7.0,7.5,3.5,11.0,4.0,5.0,1.0,4.45,0.495,4.0,132.0,175.0,43.0,152.75,20.75,132.0,1.33,1.9,0.5699999999999998,1.6255000000000002,0.2744999999999999,1.9,1.0,2.0,1.0,1.5,0.5,1.0,0.0,0.0,0.0,0.0,0.0,0.0,2.0,10.0,8.0,6.0,4.0,10.0,0.0,0.0,0.0,0.0,0.0,0.0,4.0,11.0,7.0,7.5,3.5,11.0,0.0,1.0,1.0,0.5,0.5,1.0,0.0,0.0,0.0,0.0,0.0,0.0,0.0,8.0,8.0,4.0,4.0,0.0,0.0,0.0,0.0,0.0,0.0,0.0,1.0,8.0,7.0,4.5,3.5,1.0,11.07,23.195,12.125,16.80725,5.748975000000001,11.07,0.0,0.0,0.0,0.0,0.0,0.0,0.0,2.25333333333e-05,2.25333333333e-05,1.126666666665e-06,2.1406666666635e-06,0.0,194.0,225.0,31.0,209.5,15.5,225.0
Cu50 Ti7.5 Zr42.5,22.0,40.0,18.0,33.15,5.8225,29.0,43.0,64.0,21.0,53.925,10.075,64.0,47.867,91.224,43.357000000000006,74.133225,14.527158750000003,63.546,1357.77,2128.0,770.23,1728.86,371.09,1357.77,4.0,11.0,7.0,7.5,3.5,11.0,4.0,5.0,1.0,4.425,0.48875,4.0,132.0,175.0,43.0,152.375,20.375,132.0,1.33,1.9,0.5699999999999998,1.63075,0.2692499999999999,1.9,1.0,2.0,1.0,1.5,0.5,1.0,0.0,0.0,0.0,0.0,0.0,0.0,2.0,10.0,8.0,6.0,4.0,10.0,0.0,0.0,0.0,0.0,0.0,0.0,4.0,11.0,7.0,7.5,3.5,11.0,0.0,1.0,1.0,0.5,0.5,1.0,0.0,0.0,0.0,0.0,0.0,0.0,0.0,8.0,8.0,4.0,4.0,0.0,0.0,0.0,0.0,0.0,0.0,0.0,1.0,8.0,7.0,4.5,3.5,1.0,11.07,23.195,12.125,16.644625,5.574625,11.07,0.0,0.0,0.0,0.0,0.0,0.0,0.0,2.25333333333e-05,2.25333333333e-05,1.6899999999975e-06,3.1264999999953757e-06,0.0,194.0,225.0,31.0,209.5,15.5,225.0
Cu50 Zr50,29.0,40.0,11.0,34.5,5.5,29.0,44.0,64.0,20.0,54.0,10.0,44.0,63.546,91.224,27.678000000000004,77.385,13.839,63.546,1357.77,2128.0,770.23,1742.885,385.115,1357.77,4.0,11.0,7.0,7.5,3.5,4.0,4.0,5.0,1.0,4.5,0.5,4.0,132.0,175.0,43.0,153.5,21.5,132.0,1.33,1.9,0.5699999999999998,1.615,0.2849999999999999,1.33,1.0,2.0,1.0,1.5,0.5,1.0,0.0,0.0,0.0,0.0,0.0,0.0,2.0,10.0,8.0,6.0,4.0,2.0,0.0,0.0,0.0,0.0,0.0,0.0,4.0,11.0,7.0,7.5,3.5,4.0,0.0,1.0,1.0,0.5,0.5,0.0,0.0,0.0,0.0,0.0,0.0,0.0,0.0,8.0,8.0,4.0,4.0,0.0,0.0,0.0,0.0,0.0,0.0,0.0,1.0,8.0,7.0,4.5,3.5,1.0,11.07,23.195,12.125,17.1325,6.0625,11.07,0.0,0.0,0.0,0.0,0.0,0.0,0.0,0.0,0.0,0.0,0.0,0.0,194.0,225.0,31.0,209.5,15.5,194.0
Cu50 Zr50,29.0,40.0,11.0,34.5,5.5,29.0,44.0,64.0,20.0,54.0,10.0,44.0,63.546,91.224,27.678000000000004,77.385,13.839,63.546,1357.77,2128.0,770.23,1742.885,385.115,1357.77,4.0,11.0,7.0,7.5,3.5,4.0,4.0,5.0,1.0,4.5,0.5,4.0,132.0,175.0,43.0,153.5,21.5,132.0,1.33,1.9,0.5699999999999998,1.615,0.2849999999999999,1.33,1.0,2.0,1.0,1.5,0.5,1.0,0.0,0.0,0.0,0.0,0.0,0.0,2.0,10.0,8.0,6.0,4.0,2.0,0.0,0.0,0.0,0.0,0.0,0.0,4.0,11.0,7.0,7.5,3.5,4.0,0.0,1.0,1.0,0.5,0.5,0.0,0.0,0.0,0.0,0.0,0.0,0.0,0.0,8.0,8.0,4.0,4.0,0.0,0.0,0.0,0.0,0.0,0.0,0.0,1.0,8.0,7.0,4.5,3.5,1.0,11.07,23.195,12.125,17.1325,6.0625,11.07,0.0,0.0,0.0,0.0,0.0,0.0,0.0,0.0,0.0,0.0,0.0,0.0,194.0,225.0,31.0,209.5,15.5,194.0
Cu51 Hf25 Mn4 Ti20,22.0,72.0,50.0,38.19,16.904999999999998,29.0,43.0,64.0,21.0,54.57,9.6186,64.0,47.867,178.49,130.62300000000002,88.80188179999999,44.8440591,63.546,1357.77,2506.0,1148.23,1767.9227,438.2695700000001,1357.77,4.0,11.0,7.0,7.69,3.3762,11.0,4.0,6.0,2.0,4.5,0.75,4.0,132.0,175.0,43.0,148.63,17.733,132.0,1.3,1.9,0.5999999999999999,1.6639999999999997,0.2407199999999999,1.9,1.0,2.0,1.0,1.49,0.4997999999999999,1.0,0.0,0.0,0.0,0.0,0.0,0.0,2.0,10.0,8.0,6.2,3.876,10.0,0.0,14.0,14.0,3.5,5.25,0.0,4.0,18.0,14.0,11.19,3.405,11.0,0.0,1.0,1.0,0.51,0.4997999999999999,1.0,0.0,0.0,0.0,0.0,0.0,0.0,0.0,8.0,8.0,3.8,3.876,0.0,0.0,0.0,0.0,0.0,0.0,0.0,1.0,8.0,7.0,4.31,3.3762,1.0,10.4875862069,22.2,11.7124137931,14.953203448276,4.318116896551601,11.07,0.0,0.0,0.0,0.0,0.0,0.0,0.0,0.000310120689655,0.000310120689655,1.6911494252859998e-05,2.57054712643472e-05,0.0,194.0,225.0,31.0,210.73,15.057000000000002,225.0
Cu51 Hf25 Ti20 V4,22.0,72.0,50.0,38.11,16.945,29.0,43.0,64.0,21.0,54.33,9.8634,64.0,47.867,178.49,130.62300000000002,88.64201999999999,44.92399,63.546,1357.77,2506.0,1148.23,1794.4827000000002,445.44695400000006,1357.77,4.0,11.0,7.0,7.61,3.4578,11.0,4.0,6.0,2.0,4.5,0.75,4.0,132.0,175.0,43.0,149.19,17.5338,132.0,1.3,1.9,0.5999999999999999,1.6672,0.2374559999999999,1.9,1.0,2.0,1.0,1.49,0.4997999999999999,1.0,0.0,0.0,0.0,0.0,0.0,0.0,2.0,10.0,8.0,6.12,3.9576,10.0,0.0,14.0,14.0,3.5,5.25,0.0,4.0,18.0,14.0,11.11,3.4449999999999994,11.0,0.0,1.0,1.0,0.51,0.4997999999999999,1.0,0.0,0.0,0.0,0.0,0.0,0.0,0.0,8.0,8.0,3.88,3.9576,0.0,0.0,0.0,0.0,0.0,0.0,0.0,1.0,8.0,7.0,4.39,3.4578,1.0,11.07,22.2,11.13,15.0541,4.22731,11.07,0.0,0.0,0.0,0.0,0.0,0.0,0.0,2.25333333333e-05,2.25333333333e-05,4.50666666666e-06,7.210666666656e-06,0.0,194.0,229.0,35.0,211.21,15.489,225.0
Cu52 Hf25 Si3 Ti20,14.0,72.0,58.0,37.9,17.05,29.0,43.0,78.0,35.0,55.47,10.223,64.0,28.0855,178.49,150.4045,88.08238499999999,45.2038075,63.546,1357.77,2506.0,1148.23,1771.3503999999998,435.18464,1357.77,4.0,14.0,10.0,7.94,3.5460000000000003,11.0,3.0,6.0,3.0,4.47,0.7649999999999999,4.0,111.0,175.0,64.0,147.72,18.552000000000003,132.0,1.3,1.9,0.5999999999999999,1.6780000000000002,0.2441999999999999,1.9,1.0,2.0,1.0,1.48,0.4992,1.0,0.0,2.0,2.0,0.06,0.1164,0.0,0.0,10.0,10.0,6.1,4.056,10.0,0.0,14.0,14.0,3.5,5.25,0.0,4.0,18.0,14.0,11.14,3.4300000000000006,11.0,0.0,1.0,1.0,0.52,0.4992,1.0,0.0,4.0,4.0,0.12,0.2328,0.0,0.0,8.0,8.0,3.6,3.96,0.0,0.0,0.0,0.0,0.0,0.0,0.0,1.0,8.0,7.0,4.24,3.3840000000000003,1.0,11.07,22.2,11.13,15.257599999999998,4.355104,11.07,0.0,0.773,0.773,0.02319,0.0449886,0.0,0.0,2.25333333333e-05,2.25333333333e-05,4.50666666666e-06,7.210666666655999e-06,0.0,194.0,227.0,33.0,211.11,15.399,225.0
Cu52 Hf25 Ti20 Y3,22.0,72.0,50.0,38.65,16.695999999999998,29.0,12.0,64.0,52.0,53.49,10.9304,64.0,47.867,178.49,130.62300000000002,89.9069955,44.29150225,63.546,1357.77,2506.0,1148.23,1774.7103999999997,433.61801600000007,1357.77,3.0,11.0,8.0,7.61,3.5255999999999994,11.0,4.0,6.0,2.0,4.53,0.7632000000000001,4.0,132.0,190.0,58.0,150.09,18.8136,132.0,1.22,1.9,0.6799999999999999,1.6576000000000002,0.2520959999999999,1.9,1.0,2.0,1.0,1.48,0.4992,1.0,0.0,0.0,0.0,0.0,0.0,0.0,1.0,10.0,9.0,6.13,4.0248,10.0,0.0,14.0,14.0,3.5,5.25,0.0,3.0,18.0,15.0,11.11,3.4449999999999994,11.0,0.0,1.0,1.0,0.52,0.4992,1.0,0.0,0.0,0.0,0.0,0.0,0.0,0.0,9.0,9.0,3.87,4.0248,0.0,0.0,0.0,0.0,0.0,0.0,0.0,1.0,9.0,8.0,4.39,3.5255999999999994,1.0,11.07,32.365,21.295,15.61535,4.727164,11.07,0.0,0.0,0.0,0.0,0.0,0.0,0.0,2.25333333333e-05,2.25333333333e-05,4.50666666666e-06,7.210666666655999e-06,0.0,194.0,225.0,31.0,210.12,15.4752,225.0
Cu52.5 Ga5 Zr42.5,29.0,40.0,11.0,33.775,5.29125,29.0,44.0,74.0,30.0,56.0,10.2,64.0,63.546,91.224,27.678000000000004,75.618,13.265100000000002,63.546,302.91,2128.0,1825.09,1632.37475,421.2814625,1357.77,4.0,13.0,9.0,8.125,3.50625,11.0,4.0,5.0,1.0,4.425,0.48875,4.0,122.0,175.0,53.0,149.775,21.44125,132.0,1.33,1.9,0.5699999999999998,1.65325,0.2747624999999999,1.9,1.0,2.0,1.0,1.475,0.49875,1.0,0.0,1.0,1.0,0.05,0.095,0.0,2.0,10.0,8.0,6.6,3.91,10.0,0.0,0.0,0.0,0.0,0.0,0.0,4.0,13.0,9.0,8.125,3.50625,11.0,0.0,1.0,1.0,0.525,0.49875,1.0,0.0,5.0,5.0,0.25,0.475,0.0,0.0,8.0,8.0,3.4,3.91,0.0,0.0,0.0,0.0,0.0,0.0,0.0,1.0,8.0,7.0,4.175,3.33375,1.0,11.07,23.195,12.125,16.6125,5.819625000000001,11.07,0.0,0.0,0.0,0.0,0.0,0.0,0.0,0.0,0.0,0.0,0.0,0.0,64.0,225.0,161.0,203.775,22.28625,225.0
Cu52.5 Ga7.5 Zr40,29.0,40.0,11.0,33.55,5.16,29.0,44.0,74.0,30.0,56.75,10.2,64.0,63.546,91.224,27.678000000000004,75.080475,12.914820000000004,63.546,302.91,2128.0,1825.09,1586.7475,433.002,1357.77,4.0,13.0,9.0,8.35,3.48,11.0,4.0,5.0,1.0,4.4,0.4800000000000001,4.0,122.0,175.0,53.0,148.45,21.24,132.0,1.33,1.9,0.5699999999999998,1.66525,0.2681999999999999,1.9,1.0,2.0,1.0,1.475,0.49875,1.0,0.0,1.0,1.0,0.075,0.13875,0.0,2.0,10.0,8.0,6.8,3.84,10.0,0.0,0.0,0.0,0.0,0.0,0.0,4.0,13.0,9.0,8.35,3.48,11.0,0.0,1.0,1.0,0.525,0.49875,1.0,0.0,5.0,5.0,0.375,0.69375,0.0,0.0,8.0,8.0,3.2,3.84,0.0,0.0,0.0,0.0,0.0,0.0,0.0,1.0,8.0,7.0,4.1,3.255,1.0,11.07,23.195,12.125,16.5040625,5.705765625000001,11.07,0.0,0.0,0.0,0.0,0.0,0.0,0.0,0.0,0.0,0.0,0.0,0.0,64.0,225.0,161.0,200.525,25.69875,225.0
Cu53 Hf25 Mn2 Ti20,22.0,72.0,50.0,38.27,16.865,29.0,43.0,64.0,21.0,54.81,9.7414,64.0,47.867,178.49,130.62300000000002,88.9740409,44.75797955000001,63.546,1357.77,2506.0,1148.23,1764.6981,441.17171,1357.77,4.0,11.0,7.0,7.77,3.4238,11.0,4.0,6.0,2.0,4.5,0.75,4.0,132.0,175.0,43.0,148.49,17.859,132.0,1.3,1.9,0.5999999999999999,1.671,0.2427399999999999,1.9,1.0,2.0,1.0,1.47,0.4982,1.0,0.0,0.0,0.0,0.0,0.0,0.0,2.0,10.0,8.0,6.3,3.9220000000000006,10.0,0.0,14.0,14.0,3.5,5.25,0.0,4.0,18.0,14.0,11.27,3.3649999999999998,11.0,0.0,1.0,1.0,0.53,0.4982,1.0,0.0,0.0,0.0,0.0,0.0,0.0,0.0,8.0,8.0,3.7,3.9220000000000006,0.0,0.0,0.0,0.0,0.0,0.0,0.0,1.0,8.0,7.0,4.23,3.4238,1.0,10.4875862069,22.2,11.7124137931,14.964851724138,4.3076334482758,11.07,0.0,0.0,0.0,0.0,0.0,0.0,0.0,0.000310120689655,0.000310120689655,1.070908045976e-05,1.6706165517225603e-05,0.0,194.0,225.0,31.0,210.89,15.201,225.0
Cu53 Hf25 Ti20 V2,22.0,72.0,50.0,38.23,16.885,29.0,43.0,64.0,21.0,54.69,9.8686,64.0,47.867,178.49,130.62300000000002,88.89411,44.797945,63.546,1357.77,2506.0,1148.23,1777.9781,445.420586,1357.77,4.0,11.0,7.0,7.73,3.4662,11.0,4.0,6.0,2.0,4.5,0.75,4.0,132.0,175.0,43.0,148.77,17.776200000000003,132.0,1.3,1.9,0.5999999999999999,1.6726,0.2410439999999999,1.9,1.0,2.0,1.0,1.47,0.4982,1.0,0.0,0.0,0.0,0.0,0.0,0.0,2.0,10.0,8.0,6.26,3.9644,10.0,0.0,14.0,14.0,3.5,5.25,0.0,4.0,18.0,14.0,11.23,3.3850000000000007,11.0,0.0,1.0,1.0,0.53,0.4982,1.0,0.0,0.0,0.0,0.0,0.0,0.0,0.0,8.0,8.0,3.74,3.9644,0.0,0.0,0.0,0.0,0.0,0.0,0.0,1.0,8.0,7.0,4.27,3.4662,1.0,11.07,22.2,11.13,15.0153,4.26223,11.07,0.0,0.0,0.0,0.0,0.0,0.0,0.0,2.25333333333e-05,2.25333333333e-05,4.50666666666e-06,7.210666666656e-06,0.0,194.0,229.0,35.0,211.13,15.417,225.0
Cu54 Hf25 Mn1 Ti20,22.0,72.0,50.0,38.31,16.845000000000002,29.0,43.0,64.0,21.0,54.93,9.7956,64.0,47.867,178.49,130.62300000000002,89.06012045,44.714939775000005,63.546,1357.77,2506.0,1148.23,1763.0858,442.62278,1357.77,4.0,11.0,7.0,7.81,3.4452,11.0,4.0,6.0,2.0,4.5,0.75,4.0,132.0,175.0,43.0,148.42,17.922000000000004,132.0,1.3,1.9,0.5999999999999999,1.6745,0.2435399999999999,1.9,1.0,2.0,1.0,1.46,0.4967999999999999,1.0,0.0,0.0,0.0,0.0,0.0,0.0,2.0,10.0,8.0,6.35,3.9420000000000006,10.0,0.0,14.0,14.0,3.5,5.25,0.0,4.0,18.0,14.0,11.31,3.3450000000000006,11.0,0.0,1.0,1.0,0.54,0.4967999999999999,1.0,0.0,0.0,0.0,0.0,0.0,0.0,0.0,8.0,8.0,3.65,3.942,0.0,0.0,0.0,0.0,0.0,0.0,0.0,1.0,8.0,7.0,4.19,3.4452,1.0,10.4875862069,22.2,11.7124137931,14.970675862069,4.3023917241379,11.07,0.0,0.0,0.0,0.0,0.0,0.0,0.0,0.000310120689655,0.000310120689655,7.60787356321e-06,1.20204402298718e-05,0.0,194.0,225.0,31.0,210.97,15.273,225.0
Cu54 Hf25 Si1 Ti20,14.0,72.0,58.0,38.2,16.900000000000002,29.0,43.0,78.0,35.0,55.19,9.970999999999998,64.0,28.0855,178.49,150.4045,88.791595,44.8492025,63.546,1357.77,2506.0,1148.23,1764.7658,441.1107800000001,1357.77,4.0,14.0,10.0,7.88,3.4920000000000004,11.0,3.0,6.0,3.0,4.49,0.755,4.0,111.0,175.0,64.0,148.14,18.174,132.0,1.3,1.9,0.5999999999999999,1.6780000000000002,0.2441999999999999,1.9,1.0,2.0,1.0,1.46,0.4967999999999999,1.0,0.0,2.0,2.0,0.02,0.0395999999999999,0.0,0.0,10.0,10.0,6.3,3.996,10.0,0.0,14.0,14.0,3.5,5.25,0.0,4.0,18.0,14.0,11.28,3.36,11.0,0.0,1.0,1.0,0.54,0.4967999999999999,1.0,0.0,4.0,4.0,0.04,0.0791999999999999,0.0,0.0,8.0,8.0,3.6,3.96,0.0,0.0,0.0,0.0,0.0,0.0,0.0,1.0,8.0,7.0,4.18,3.438,1.0,11.07,22.2,11.13,15.0702,4.320215999999999,11.07,0.0,0.773,0.773,0.00773,0.0153054,0.0,0.0,2.25333333333e-05,2.25333333333e-05,4.50666666666e-06,7.210666666656e-06,0.0,194.0,227.0,33.0,211.07,15.363,225.0
Cu54 Hf25 Ti20 V1,22.0,72.0,50.0,38.29,16.854999999999997,29.0,43.0,64.0,21.0,54.87,9.8604,64.0,47.867,178.49,130.62300000000002,89.02015500000002,44.73492250000001,63.546,1357.77,2506.0,1148.23,1769.7258000000002,444.912264,1357.77,4.0,11.0,7.0,7.79,3.4668000000000005,11.0,4.0,6.0,2.0,4.5,0.75,4.0,132.0,175.0,43.0,148.56,17.884800000000002,132.0,1.3,1.9,0.5999999999999999,1.6753,0.2426759999999999,1.9,1.0,2.0,1.0,1.46,0.4968,1.0,0.0,0.0,0.0,0.0,0.0,0.0,2.0,10.0,8.0,6.33,3.9636,10.0,0.0,14.0,14.0,3.5,5.25,0.0,4.0,18.0,14.0,11.29,3.3549999999999995,11.0,0.0,1.0,1.0,0.54,0.4968,1.0,0.0,0.0,0.0,0.0,0.0,0.0,0.0,8.0,8.0,3.67,3.9636,0.0,0.0,0.0,0.0,0.0,0.0,0.0,1.0,8.0,7.0,4.21,3.4668000000000005,1.0,11.07,22.2,11.13,14.9959,4.27969,11.07,0.0,0.0,0.0,0.0,0.0,0.0,0.0,2.25333333333e-05,2.25333333333e-05,4.50666666666e-06,7.210666666656e-06,0.0,194.0,229.0,35.0,211.09,15.381000000000002,225.0
Cu54 Hf25 Ti20 Y1,22.0,72.0,50.0,38.45,16.786,29.0,12.0,64.0,52.0,54.53,10.2276,64.0,47.867,178.49,130.62300000000002,89.3997985,44.54510075000001,63.546,1357.77,2506.0,1148.23,1765.8858000000002,440.765064,1357.77,3.0,11.0,8.0,7.77,3.4884,11.0,4.0,6.0,2.0,4.51,0.7547999999999998,4.0,132.0,190.0,58.0,148.93,18.2844,132.0,1.22,1.9,0.6799999999999999,1.6712,0.2471039999999999,1.9,1.0,2.0,1.0,1.46,0.4968,1.0,0.0,0.0,0.0,0.0,0.0,0.0,1.0,10.0,9.0,6.31,3.9852,10.0,0.0,14.0,14.0,3.5,5.25,0.0,3.0,18.0,15.0,11.27,3.3649999999999998,11.0,0.0,1.0,1.0,0.54,0.4968,1.0,0.0,0.0,0.0,0.0,0.0,0.0,0.0,9.0,9.0,3.69,3.9852,0.0,0.0,0.0,0.0,0.0,0.0,0.0,1.0,9.0,8.0,4.23,3.4884,1.0,11.07,32.365,21.295,15.18945,4.449006,11.07,0.0,0.0,0.0,0.0,0.0,0.0,0.0,2.25333333333e-05,2.25333333333e-05,4.50666666666e-06,7.210666666656e-06,0.0,194.0,225.0,31.0,210.74,15.400799999999998,225.0
Cu54.1 Ti7.7 Zr38.2,22.0,40.0,18.0,32.663000000000004,5.605468000000001,29.0,43.0,64.0,21.0,54.743,10.016074,64.0,47.867,91.224,43.357000000000006,72.911713,13.990587268000004,63.546,1357.77,2128.0,770.23,1696.90657,366.94576874000006,1357.77,4.0,11.0,7.0,7.787000000000001,3.4764660000000003,11.0,4.0,5.0,1.0,4.382000000000001,0.4721520000000002,4.0,132.0,175.0,43.0,150.582,20.105724,132.0,1.33,1.9,0.5699999999999998,1.65454,0.2655877199999999,1.9,1.0,2.0,1.0,1.459,0.4966380000000001,1.0,0.0,0.0,0.0,0.0,0.0,0.0,2.0,10.0,8.0,6.327999999999999,3.9731040000000006,10.0,0.0,0.0,0.0,0.0,0.0,0.0,4.0,11.0,7.0,7.787000000000001,3.4764660000000003,11.0,0.0,1.0,1.0,0.541,0.496638,1.0,0.0,0.0,0.0,0.0,0.0,0.0,0.0,8.0,8.0,3.6720000000000006,3.9731040000000006,0.0,0.0,0.0,0.0,0.0,0.0,0.0,1.0,8.0,7.0,4.213,3.4764660000000003,1.0,11.07,23.195,12.125,16.13449,5.47977818,11.07,0.0,0.0,0.0,0.0,0.0,0.0,0.0,2.25333333333e-05,2.25333333333e-05,1.7350666666641002e-06,3.202933066661929e-06,0.0,194.0,225.0,31.0,210.771,15.395778,225.0
Cu55 Ga2.5 Zr42.5,29.0,40.0,11.0,33.725,5.33375,29.0,44.0,74.0,30.0,55.75,9.9875,64.0,63.546,91.224,27.678000000000004,75.463575,13.396361250000002,63.546,302.91,2128.0,1825.09,1658.74625,398.8656875,1357.77,4.0,13.0,9.0,8.075,3.46375,11.0,4.0,5.0,1.0,4.425,0.48875,4.0,122.0,175.0,53.0,150.025,21.22875,132.0,1.33,1.9,0.5699999999999998,1.6555000000000002,0.2766749999999999,1.9,1.0,2.0,1.0,1.45,0.495,1.0,0.0,1.0,1.0,0.025,0.04875,0.0,2.0,10.0,8.0,6.6,3.91,10.0,0.0,0.0,0.0,0.0,0.0,0.0,4.0,13.0,9.0,8.075,3.46375,11.0,0.0,1.0,1.0,0.55,0.495,1.0,0.0,5.0,5.0,0.125,0.24375,0.0,0.0,8.0,8.0,3.4,3.91,0.0,0.0,0.0,0.0,0.0,0.0,0.0,1.0,8.0,7.0,4.075,3.3825,1.0,11.07,23.195,12.125,16.4178125,5.88259375,11.07,0.0,0.0,0.0,0.0,0.0,0.0,0.0,0.0,0.0,0.0,0.0,0.0,64.0,225.0,161.0,207.8,18.92,225.0
Cu55 Ga5 Zr40,29.0,40.0,11.0,33.5,5.2,29.0,44.0,74.0,30.0,56.5,10.0,64.0,63.546,91.224,27.678000000000004,74.92604999999999,13.038359999999996,63.546,302.91,2128.0,1825.09,1613.119,411.9048,1357.77,4.0,13.0,9.0,8.3,3.44,11.0,4.0,5.0,1.0,4.4,0.4800000000000001,4.0,122.0,175.0,53.0,148.7,21.04,132.0,1.33,1.9,0.5699999999999998,1.6675,0.2699999999999999,1.9,1.0,2.0,1.0,1.45,0.495,1.0,0.0,1.0,1.0,0.05,0.095,0.0,2.0,10.0,8.0,6.8,3.84,10.0,0.0,0.0,0.0,0.0,0.0,0.0,4.0,13.0,9.0,8.3,3.44,11.0,0.0,1.0,1.0,0.55,0.495,1.0,0.0,5.0,5.0,0.25,0.475,0.0,0.0,8.0,8.0,3.2,3.84,0.0,0.0,0.0,0.0,0.0,0.0,0.0,1.0,8.0,7.0,4.0,3.3,1.0,11.07,23.195,12.125,16.309375,5.7633125,11.07,0.0,0.0,0.0,0.0,0.0,0.0,0.0,0.0,0.0,0.0,0.0,0.0,64.0,225.0,161.0,204.55,22.495,225.0
Cu55 Hf25 Ti20,22.0,72.0,50.0,38.35,16.825,29.0,43.0,64.0,21.0,55.05,9.845,64.0,47.867,178.49,130.62300000000002,89.1462,44.6719,63.546,1357.77,2506.0,1148.23,1761.4735,444.07385,1357.77,4.0,11.0,7.0,7.85,3.465,11.0,4.0,6.0,2.0,4.5,0.75,4.0,132.0,175.0,43.0,148.35,17.985,132.0,1.3,1.9,0.5999999999999999,1.6780000000000002,0.2441999999999999,1.9,1.0,2.0,1.0,1.45,0.495,1.0,0.0,0.0,0.0,0.0,0.0,0.0,2.0,10.0,8.0,6.4,3.96,10.0,0.0,14.0,14.0,3.5,5.25,0.0,4.0,18.0,14.0,11.35,3.325,11.0,0.0,1.0,1.0,0.55,0.495,1.0,0.0,0.0,0.0,0.0,0.0,0.0,0.0,8.0,8.0,3.6,3.96,0.0,0.0,0.0,0.0,0.0,0.0,0.0,1.0,8.0,7.0,4.15,3.465,1.0,11.07,22.2,11.13,14.976499999999998,4.29715,11.07,0.0,0.0,0.0,0.0,0.0,0.0,0.0,2.25333333333e-05,2.25333333333e-05,4.50666666666e-06,7.210666666655999e-06,0.0,194.0,225.0,31.0,211.05,15.344999999999995,225.0
Cu55 Ni5 Ti10 Zr30,22.0,40.0,18.0,31.55,5.07,29.0,43.0,64.0,21.0,55.75,9.6,64.0,47.867,91.224,43.357000000000006,70.03887,12.711078000000002,63.546,1357.77,2128.0,770.23,1665.6735,338.69385,1357.77,4.0,11.0,7.0,8.15,3.32,11.0,4.0,5.0,1.0,4.3,0.4199999999999999,4.0,124.0,175.0,51.0,147.3,19.16,132.0,1.33,1.91,0.5799999999999998,1.6935,0.2487999999999999,1.9,1.0,2.0,1.0,1.45,0.495,1.0,0.0,0.0,0.0,0.0,0.0,0.0,2.0,10.0,8.0,6.7,3.76,10.0,0.0,0.0,0.0,0.0,0.0,0.0,4.0,11.0,7.0,8.15,3.32,11.0,0.0,1.0,1.0,0.55,0.495,1.0,0.0,0.0,0.0,0.0,0.0,0.0,0.0,8.0,8.0,3.3,3.76,0.0,0.0,0.0,0.0,0.0,0.0,0.0,1.0,8.0,7.0,3.85,3.32,1.0,10.32,23.195,12.875,15.232,5.069400000000001,11.07,0.0,0.0,0.0,0.0,0.0,0.0,0.0,0.5953947,0.5953947,0.0297719883333333,0.0565622711666666,0.0,194.0,225.0,31.0,212.6,14.88,225.0
Cu55.2 Hf23 Nb8 Ti13.8,22.0,72.0,50.0,38.884,15.57192,29.0,43.0,64.0,21.0,55.372,9.525312,64.0,47.867,178.49,130.62300000000002,90.1682484,41.066106792,63.546,1357.77,2750.0,1392.23,1813.72704,503.37657216,1357.77,4.0,11.0,7.0,7.944000000000001,3.3738240000000004,11.0,4.0,6.0,2.0,4.54,0.7452000000000001,4.0,132.0,175.0,43.0,148.31400000000002,18.010656,132.0,1.3,1.9,0.5999999999999999,1.6883200000000005,0.2336947199999999,1.9,1.0,2.0,1.0,1.368,0.465152,1.0,0.0,0.0,0.0,0.0,0.0,0.0,2.0,10.0,8.0,6.5760000000000005,3.780096,10.0,0.0,14.0,14.0,3.22,4.9588,0.0,4.0,18.0,14.0,11.164,3.1445600000000007,11.0,0.0,1.0,1.0,0.632,0.465152,1.0,0.0,0.0,0.0,0.0,0.0,0.0,0.0,8.0,8.0,3.424,3.780096,0.0,0.0,0.0,0.0,0.0,0.0,0.0,1.0,8.0,7.0,4.056,3.373824000000001,1.0,11.07,22.2,11.13,14.97426,4.31030304,11.07,0.0,0.0,0.0,0.0,0.0,0.0,0.0,2.25333333333e-05,2.25333333333e-05,3.1095999999954e-06,5.36095039999207e-06,0.0,194.0,229.0,35.0,213.912,14.655231999999998,225.0
Cu55.8 Ni7 Ti9.3 Zr27.9,22.0,40.0,18.0,31.348,4.827815999999999,29.0,43.0,64.0,21.0,56.25699999999999,9.305208000000002,64.0,47.867,91.224,43.357000000000006,69.470333,12.138546186,63.546,1357.77,2128.0,770.23,1652.82066,329.27653655999995,1357.77,4.0,11.0,7.0,8.326,3.218544,11.0,4.0,5.0,1.0,4.279,0.4023179999999999,4.0,124.0,175.0,51.0,146.041,18.755496,132.0,1.33,1.91,0.5799999999999998,1.70819,0.2423133599999999,1.9,1.0,2.0,1.0,1.442,0.4932719999999999,1.0,0.0,0.0,0.0,0.0,0.0,0.0,2.0,10.0,8.0,6.884,3.633696,10.0,0.0,0.0,0.0,0.0,0.0,0.0,4.0,11.0,7.0,8.326,3.218544,11.0,0.0,1.0,1.0,0.5579999999999999,0.493272,1.0,0.0,0.0,0.0,0.0,0.0,0.0,0.0,8.0,8.0,3.116,3.633696,0.0,0.0,0.0,0.0,0.0,0.0,0.0,1.0,8.0,7.0,3.674,3.218544,1.0,10.32,23.195,12.875,14.923035,4.94441196,11.07,0.0,0.0,0.0,0.0,0.0,0.0,0.0,0.5953947,0.5953947,0.0416797246,0.077520096556,0.0,194.0,225.0,31.0,213.468,14.484192000000002,225.0
Cu56.4 Hf23.5 Nb6 Ti14.1,22.0,72.0,50.0,38.838,15.845579999999998,29.0,43.0,64.0,21.0,55.554,9.527088,64.0,47.867,178.49,130.62300000000002,90.1087238,41.87491855800001,63.546,1357.77,2750.0,1392.23,1793.37328,491.3604998400001,1357.77,4.0,11.0,7.0,8.008,3.374976,11.0,4.0,6.0,2.0,4.53,0.7473000000000001,4.0,132.0,175.0,43.0,147.97299999999998,18.017544,132.0,1.3,1.9,0.5999999999999999,1.69024,0.2366092799999999,1.9,1.0,2.0,1.0,1.376,0.469248,1.0,0.0,0.0,0.0,0.0,0.0,0.0,2.0,10.0,8.0,6.632000000000001,3.799104,10.0,0.0,14.0,14.0,3.29,5.0337,0.0,4.0,18.0,14.0,11.298000000000002,3.149940000000001,11.0,0.0,1.0,1.0,0.624,0.469248,1.0,0.0,0.0,0.0,0.0,0.0,0.0,0.0,8.0,8.0,3.3680000000000003,3.799104,0.0,0.0,0.0,0.0,0.0,0.0,0.0,1.0,8.0,7.0,3.992,3.374976,1.0,11.07,22.2,11.13,14.904569999999996,4.32539496,11.07,0.0,0.0,0.0,0.0,0.0,0.0,0.0,2.25333333333e-05,2.25333333333e-05,3.1771999999953e-06,5.458429599991925e-06,0.0,194.0,229.0,35.0,213.584,14.727167999999995,225.0
Cu57 Ni5 Ti9.5 Zr28.5,22.0,40.0,18.0,31.42,4.890600000000001,29.0,43.0,64.0,21.0,56.155,9.4278,64.0,47.867,91.224,43.357000000000006,69.702095,12.267485850000003,63.546,1357.77,2128.0,770.23,1651.2039000000002,334.5146460000001,1357.77,4.0,11.0,7.0,8.29,3.2604,11.0,4.0,5.0,1.0,4.285,0.4075500000000001,4.0,124.0,175.0,51.0,146.515,18.7986,132.0,1.33,1.91,0.5799999999999998,1.70385,0.2442259999999999,1.9,1.0,2.0,1.0,1.43,0.4901999999999999,1.0,0.0,0.0,0.0,0.0,0.0,0.0,2.0,10.0,8.0,6.86,3.6936,10.0,0.0,0.0,0.0,0.0,0.0,0.0,4.0,11.0,7.0,8.29,3.2604,11.0,0.0,1.0,1.0,0.57,0.4901999999999999,1.0,0.0,0.0,0.0,0.0,0.0,0.0,0.0,8.0,8.0,3.14,3.6936,0.0,0.0,0.0,0.0,0.0,0.0,0.0,1.0,8.0,7.0,3.71,3.2604,1.0,10.32,23.195,12.875,15.022025,4.975511,11.07,0.0,0.0,0.0,0.0,0.0,0.0,0.0,0.5953947,0.5953947,0.0297718756666666,0.0565622824333333,0.0,194.0,225.0,31.0,213.22,14.6072,225.0
Cu57.5 Ga5 Zr37.5,29.0,40.0,11.0,33.225,5.08125,29.0,44.0,74.0,30.0,57.0,9.75,64.0,63.546,91.224,27.678000000000004,74.2341,12.742425000000004,63.546,302.91,2128.0,1825.09,1593.86325,400.6025625,1357.77,4.0,13.0,9.0,8.475,3.35625,11.0,4.0,5.0,1.0,4.375,0.46875,4.0,122.0,175.0,53.0,147.625,20.53125,132.0,1.33,1.9,0.5699999999999998,1.68175,0.2638124999999999,1.9,1.0,2.0,1.0,1.425,0.48875,1.0,0.0,1.0,1.0,0.05,0.095,0.0,2.0,10.0,8.0,7.0,3.75,10.0,0.0,0.0,0.0,0.0,0.0,0.0,4.0,13.0,9.0,8.475,3.35625,11.0,0.0,1.0,1.0,0.575,0.48875,1.0,0.0,5.0,5.0,0.25,0.475,0.0,0.0,8.0,8.0,3.0,3.75,0.0,0.0,0.0,0.0,0.0,0.0,0.0,1.0,8.0,7.0,3.825,3.24875,1.0,11.07,23.195,12.125,16.00625,5.676687500000001,11.07,0.0,0.0,0.0,0.0,0.0,0.0,0.0,0.0,0.0,0.0,0.0,0.0,64.0,225.0,161.0,205.325,22.62625,225.0
Cu57.6 Hf24 Nb4 Ti14.4,22.0,72.0,50.0,38.792,16.11648,29.0,43.0,64.0,21.0,55.736,9.520128,64.0,47.867,178.49,130.62300000000002,90.0491992,42.680158848,63.546,1357.77,2750.0,1392.23,1773.0195199999998,478.36744704,1357.77,4.0,11.0,7.0,8.072000000000001,3.373056,11.0,4.0,6.0,2.0,4.52,0.7487999999999998,4.0,132.0,175.0,43.0,147.632,18.008064,132.0,1.3,1.9,0.5999999999999999,1.69216,0.2394316799999999,1.9,1.0,2.0,1.0,1.384,0.473088,1.0,0.0,0.0,0.0,0.0,0.0,0.0,2.0,10.0,8.0,6.688,3.8154240000000006,10.0,0.0,14.0,14.0,3.36,5.107200000000001,0.0,4.0,18.0,14.0,11.432,3.152639999999999,11.0,0.0,1.0,1.0,0.616,0.473088,1.0,0.0,0.0,0.0,0.0,0.0,0.0,0.0,8.0,8.0,3.312,3.8154240000000006,0.0,0.0,0.0,0.0,0.0,0.0,0.0,1.0,8.0,7.0,3.928,3.373056,1.0,11.07,22.2,11.13,14.83488,4.33714176,11.07,0.0,0.0,0.0,0.0,0.0,0.0,0.0,2.25333333333e-05,2.25333333333e-05,3.2447999999952e-06,5.555097599991783e-06,0.0,194.0,229.0,35.0,213.256,14.788608000000009,225.0
Cu58.8 Hf24.5 Nb2 Ti14.7,22.0,72.0,50.0,38.746,16.38462,29.0,43.0,64.0,21.0,55.918,9.504432,64.0,47.867,178.49,130.62300000000002,89.9896746,43.48182766200001,63.546,1357.77,2750.0,1392.23,1752.66576,464.39741376000006,1357.77,4.0,11.0,7.0,8.136,3.368064,11.0,4.0,6.0,2.0,4.51,0.7497,4.0,132.0,175.0,43.0,147.291,17.982216,132.0,1.3,1.9,0.5999999999999999,1.6940799999999998,0.2421619199999999,1.9,1.0,2.0,1.0,1.392,0.476672,1.0,0.0,0.0,0.0,0.0,0.0,0.0,2.0,10.0,8.0,6.744,3.829056,10.0,0.0,14.0,14.0,3.43,5.1793000000000005,0.0,4.0,18.0,14.0,11.566,3.15266,11.0,0.0,1.0,1.0,0.608,0.4766719999999999,1.0,0.0,0.0,0.0,0.0,0.0,0.0,0.0,8.0,8.0,3.256,3.829056,0.0,0.0,0.0,0.0,0.0,0.0,0.0,1.0,8.0,7.0,3.864,3.368064,1.0,11.07,22.2,11.13,14.765189999999995,4.345543439999999,11.07,0.0,0.0,0.0,0.0,0.0,0.0,0.0,2.25333333333e-05,2.25333333333e-05,3.3123999999951e-06,5.650954399991641e-06,0.0,194.0,229.0,35.0,212.928,14.839552,225.0
Cu58.8 Ti9.8 Y2 Zr29.4,22.0,40.0,18.0,31.748,5.142255999999999,29.0,12.0,64.0,52.0,55.02199999999999,10.558128000000002,64.0,47.867,91.224,43.357000000000006,70.653987,12.825242164,63.546,1357.77,2128.0,770.23,1650.19876,343.89622175999995,1357.77,3.0,11.0,8.0,8.096,3.415104,11.0,4.0,5.0,1.0,4.314,0.430808,4.0,132.0,190.0,58.0,148.546,19.458096,132.0,1.22,1.9,0.6799999999999999,1.6835399999999998,0.2545569599999999,1.9,1.0,2.0,1.0,1.412,0.484512,1.0,0.0,0.0,0.0,0.0,0.0,0.0,1.0,10.0,9.0,6.684,3.899616,10.0,0.0,0.0,0.0,0.0,0.0,0.0,3.0,11.0,8.0,8.096,3.415104,11.0,0.0,1.0,1.0,0.588,0.484512,1.0,0.0,0.0,0.0,0.0,0.0,0.0,0.0,9.0,9.0,3.3160000000000003,3.899616,0.0,0.0,0.0,0.0,0.0,0.0,0.0,1.0,9.0,8.0,3.904,3.415104,1.0,11.07,32.365,21.295,15.61141,5.34069816,11.07,0.0,0.0,0.0,0.0,0.0,0.0,0.0,2.25333333333e-05,2.25333333333e-05,2.2082666666634e-06,3.983713066660774e-06,0.0,194.0,225.0,31.0,212.228,15.019872000000005,225.0
Cu59.4 Sn1 Ti9.9 Zr29.7,22.0,50.0,28.0,31.783999999999995,5.244623999999998,29.0,43.0,80.0,37.0,56.141000000000005,9.813672,64.0,47.867,118.71,70.84299999999999,70.765785,13.11106401,63.546,505.08,2128.0,1622.92,1635.7411800000002,352.84298544000006,1357.77,4.0,14.0,10.0,8.258,3.372336,11.0,4.0,5.0,1.0,4.307,0.4255019999999997,4.0,132.0,175.0,43.0,147.613,18.720504,132.0,1.33,1.96,0.6299999999999999,1.6956699999999998,0.24803064,1.9,1.0,2.0,1.0,1.406,0.482328,1.0,0.0,2.0,2.0,0.02,0.0395999999999999,0.0,2.0,10.0,8.0,6.831999999999999,3.826944,10.0,0.0,0.0,0.0,0.0,0.0,0.0,4.0,14.0,10.0,8.258,3.372336,11.0,0.0,1.0,1.0,0.594,0.482328,1.0,0.0,4.0,4.0,0.04,0.0791999999999999,0.0,0.0,8.0,8.0,3.168,3.826944,0.0,0.0,0.0,0.0,0.0,0.0,0.0,1.0,8.0,7.0,3.802,3.3287760000000004,1.0,11.07,33.285,22.215,15.449654999999998,5.203030139999999,11.07,0.0,0.0,0.0,0.0,0.0,0.0,0.0,2.25333333333e-05,2.25333333333e-05,2.2307999999967003e-06,4.019901599994054e-06,0.0,141.0,225.0,84.0,211.884,15.581807999999995,225.0
Cu6 P5 Pd79 Si10,14.0,46.0,32.0,40.23,9.116600000000002,46.0,62.0,83.0,21.0,64.77,4.468999999999998,62.0,28.0855,106.42,78.3345,92.2417981,22.401559002000003,106.42,317.3,1828.05,1510.75,1710.1907,186.21769400000005,1828.05,10.0,15.0,5.0,10.71,1.1218000000000006,10.0,3.0,5.0,2.0,4.64,0.5688000000000002,5.0,107.0,139.0,32.0,134.18,7.615599999999996,139.0,1.9,2.2,0.3000000000000002,2.1515,0.0804800000000001,2.2,0.0,2.0,2.0,0.36,0.5688,0.0,0.0,3.0,3.0,0.35,0.595,0.0,0.0,10.0,10.0,8.5,2.55,10.0,0.0,0.0,0.0,0.0,0.0,0.0,4.0,11.0,7.0,9.21,1.4629999999999996,10.0,0.0,1.0,1.0,0.06,0.1128,0.0,0.0,4.0,4.0,0.55,0.935,0.0,0.0,0.0,0.0,0.0,0.0,0.0,0.0,0.0,0.0,0.0,0.0,0.0,0.0,4.0,4.0,0.61,0.9638,0.0,11.07,22.5702380952,11.5002380952,15.220611904760004,1.7788402380920023,14.41,0.0,1.625,1.625,0.15855,0.2695349999999999,0.0,0.0,0.0,0.0,0.0,0.0,0.0,2.0,227.0,225.0,214.05,21.204999999999988,225.0
Cu6 Pd77 Si17,14.0,46.0,32.0,39.54,9.9484,46.0,62.0,78.0,16.0,64.84,4.474400000000002,62.0,28.0855,106.42,78.3345,90.530695,24.4695297,106.42,1357.77,1828.05,470.28,1775.8547,80.38076199999992,1828.05,10.0,14.0,4.0,10.74,1.1396000000000002,10.0,3.0,5.0,2.0,4.6,0.6160000000000001,5.0,111.0,139.0,28.0,133.82,7.977200000000003,139.0,1.9,2.2,0.3000000000000002,2.131,0.10626,2.2,0.0,2.0,2.0,0.4,0.616,0.0,0.0,2.0,2.0,0.34,0.5644,0.0,0.0,10.0,10.0,8.3,2.821999999999999,10.0,0.0,0.0,0.0,0.0,0.0,0.0,4.0,11.0,7.0,9.04,1.713600000000001,10.0,0.0,1.0,1.0,0.06,0.1128,0.0,0.0,4.0,4.0,0.68,1.1288,0.0,0.0,0.0,0.0,0.0,0.0,0.0,0.0,0.0,0.0,0.0,0.0,0.0,0.0,4.0,4.0,0.74,1.1396,0.0,11.07,20.44,9.37,15.2347,1.7698020000000003,14.41,0.0,0.773,0.773,0.13141,0.2181406,0.0,0.0,0.0,0.0,0.0,0.0,0.0,225.0,227.0,2.0,225.34,0.5644000000000022,225.0
Cu6 Pd77.5 Si16.5,14.0,46.0,32.0,39.7,9.765,46.0,62.0,78.0,16.0,64.76,4.369200000000004,62.0,28.0855,106.42,78.3345,90.9223675,24.021330375,106.42,1357.77,1828.05,470.28,1776.5599499999998,79.80957750000005,1828.05,10.0,14.0,4.0,10.72,1.1160000000000003,10.0,3.0,5.0,2.0,4.61,0.6044999999999998,5.0,111.0,139.0,28.0,133.96,7.811999999999996,139.0,1.9,2.2,0.3000000000000002,2.1325,0.1046250000000002,2.2,0.0,2.0,2.0,0.39,0.6045,0.0,0.0,2.0,2.0,0.33,0.5511,0.0,0.0,10.0,10.0,8.35,2.7555000000000005,10.0,0.0,0.0,0.0,0.0,0.0,0.0,4.0,11.0,7.0,9.07,1.6730999999999998,10.0,0.0,1.0,1.0,0.06,0.1128,0.0,0.0,4.0,4.0,0.66,1.1022,0.0,0.0,0.0,0.0,0.0,0.0,0.0,0.0,0.0,0.0,0.0,0.0,0.0,0.0,4.0,4.0,0.72,1.116,0.0,11.07,20.44,9.37,15.20455,1.7276985000000007,14.41,0.0,0.773,0.773,0.127545,0.2130001499999999,0.0,0.0,0.0,0.0,0.0,0.0,0.0,225.0,227.0,2.0,225.33,0.5511000000000084,225.0
Cu6 Pd77.5 Si16.5,14.0,46.0,32.0,39.7,9.765,46.0,62.0,78.0,16.0,64.76,4.369200000000004,62.0,28.0855,106.42,78.3345,90.9223675,24.021330375,106.42,1357.77,1828.05,470.28,1776.5599499999998,79.80957750000005,1828.05,10.0,14.0,4.0,10.72,1.1160000000000003,10.0,3.0,5.0,2.0,4.61,0.6044999999999998,5.0,111.0,139.0,28.0,133.96,7.811999999999996,139.0,1.9,2.2,0.3000000000000002,2.1325,0.1046250000000002,2.2,0.0,2.0,2.0,0.39,0.6045,0.0,0.0,2.0,2.0,0.33,0.5511,0.0,0.0,10.0,10.0,8.35,2.7555000000000005,10.0,0.0,0.0,0.0,0.0,0.0,0.0,4.0,11.0,7.0,9.07,1.6730999999999998,10.0,0.0,1.0,1.0,0.06,0.1128,0.0,0.0,4.0,4.0,0.66,1.1022,0.0,0.0,0.0,0.0,0.0,0.0,0.0,0.0,0.0,0.0,0.0,0.0,0.0,0.0,4.0,4.0,0.72,1.116,0.0,11.07,20.44,9.37,15.20455,1.7276985000000007,14.41,0.0,0.773,0.773,0.127545,0.2130001499999999,0.0,0.0,0.0,0.0,0.0,0.0,0.0,225.0,227.0,2.0,225.33,0.5511000000000084,225.0
Cu60 Hf17.5 Ti22.5,22.0,72.0,50.0,34.95,12.967500000000005,29.0,43.0,64.0,21.0,55.95,9.66,64.0,47.867,178.49,130.62300000000002,80.133425,34.42480125,63.546,1357.77,2506.0,1148.23,1689.937,398.6004,1357.77,4.0,11.0,7.0,8.2,3.3600000000000008,11.0,4.0,6.0,2.0,4.35,0.5774999999999998,4.0,132.0,175.0,43.0,145.825,16.589999999999996,132.0,1.3,1.9,0.5999999999999999,1.714,0.2231999999999999,1.9,1.0,2.0,1.0,1.4,0.4799999999999999,1.0,0.0,0.0,0.0,0.0,0.0,0.0,2.0,10.0,8.0,6.8,3.84,10.0,0.0,14.0,14.0,2.45,4.0425,0.0,4.0,18.0,14.0,10.65,2.9925,11.0,0.0,1.0,1.0,0.6,0.48,1.0,0.0,0.0,0.0,0.0,0.0,0.0,0.0,8.0,8.0,3.2,3.84,0.0,0.0,0.0,0.0,0.0,0.0,0.0,1.0,8.0,7.0,3.8,3.36,1.0,11.07,22.2,11.13,14.28225,3.8547,11.07,0.0,0.0,0.0,0.0,0.0,0.0,0.0,2.25333333333e-05,2.25333333333e-05,5.0699999999925e-06,7.858499999988376e-06,0.0,194.0,225.0,31.0,212.6,14.88,225.0
Cu60 Hf20 Ti20,22.0,72.0,50.0,36.2,14.320000000000002,29.0,43.0,64.0,21.0,56.0,9.6,64.0,47.867,178.49,130.62300000000002,83.399,38.0364,63.546,1357.77,2506.0,1148.23,1704.062,415.5504,1357.77,4.0,11.0,7.0,8.2,3.3600000000000008,11.0,4.0,6.0,2.0,4.4,0.6400000000000002,4.0,132.0,175.0,43.0,146.2,17.04,132.0,1.3,1.9,0.5999999999999999,1.7080000000000002,0.2303999999999998,1.9,1.0,2.0,1.0,1.4,0.4799999999999999,1.0,0.0,0.0,0.0,0.0,0.0,0.0,2.0,10.0,8.0,6.8,3.84,10.0,0.0,14.0,14.0,2.8,4.48,0.0,4.0,18.0,14.0,11.0,2.8,11.0,0.0,1.0,1.0,0.6,0.48,1.0,0.0,0.0,0.0,0.0,0.0,0.0,0.0,8.0,8.0,3.2,3.84,0.0,0.0,0.0,0.0,0.0,0.0,0.0,1.0,8.0,7.0,3.8,3.36,1.0,11.07,22.2,11.13,14.42,4.02,11.07,0.0,0.0,0.0,0.0,0.0,0.0,0.0,2.25333333333e-05,2.25333333333e-05,4.50666666666e-06,7.210666666656e-06,0.0,194.0,225.0,31.0,212.6,14.88,225.0
Cu60 Hf25 Ti15,22.0,72.0,50.0,38.7,16.65,29.0,43.0,64.0,21.0,56.1,9.48,64.0,47.867,178.49,130.62300000000002,89.93015,44.279925000000006,63.546,1357.77,2506.0,1148.23,1732.312,449.4504,1357.77,4.0,11.0,7.0,8.2,3.3600000000000008,11.0,4.0,6.0,2.0,4.5,0.75,4.0,132.0,175.0,43.0,146.95,17.939999999999998,132.0,1.3,1.9,0.5999999999999999,1.696,0.2447999999999999,1.9,1.0,2.0,1.0,1.4,0.4799999999999999,1.0,0.0,0.0,0.0,0.0,0.0,0.0,2.0,10.0,8.0,6.8,3.84,10.0,0.0,14.0,14.0,3.5,5.25,0.0,4.0,18.0,14.0,11.7,3.15,11.0,0.0,1.0,1.0,0.6,0.48,1.0,0.0,0.0,0.0,0.0,0.0,0.0,0.0,8.0,8.0,3.2,3.84,0.0,0.0,0.0,0.0,0.0,0.0,0.0,1.0,8.0,7.0,3.8,3.36,1.0,11.07,22.2,11.13,14.695500000000004,4.3506,11.07,0.0,0.0,0.0,0.0,0.0,0.0,0.0,2.25333333333e-05,2.25333333333e-05,3.379999999995e-06,5.7459999999915e-06,0.0,194.0,225.0,31.0,212.6,14.88,225.0
Cu60 Ti10 Zr30,22.0,40.0,18.0,31.6,5.040000000000001,29.0,43.0,64.0,21.0,55.9,9.72,64.0,47.867,91.224,43.357000000000006,70.2815,12.5655,63.546,1357.77,2128.0,770.23,1647.162,347.2704000000001,1357.77,4.0,11.0,7.0,8.2,3.36,11.0,4.0,5.0,1.0,4.3,0.4199999999999999,4.0,132.0,175.0,43.0,147.7,18.84,132.0,1.33,1.9,0.5699999999999998,1.693,0.2483999999999999,1.9,1.0,2.0,1.0,1.4,0.48,1.0,0.0,0.0,0.0,0.0,0.0,0.0,2.0,10.0,8.0,6.8,3.84,10.0,0.0,0.0,0.0,0.0,0.0,0.0,4.0,11.0,7.0,8.2,3.36,11.0,0.0,1.0,1.0,0.6,0.48,1.0,0.0,0.0,0.0,0.0,0.0,0.0,0.0,8.0,8.0,3.2,3.84,0.0,0.0,0.0,0.0,0.0,0.0,0.0,1.0,8.0,7.0,3.8,3.36,1.0,11.07,23.195,12.125,15.2695,5.0394,11.07,0.0,0.0,0.0,0.0,0.0,0.0,0.0,2.25333333333e-05,2.25333333333e-05,2.25333333333e-06,4.055999999994e-06,0.0,194.0,225.0,31.0,212.6,14.88,225.0
Cu60 Ti10 Zr30,22.0,40.0,18.0,31.6,5.040000000000001,29.0,43.0,64.0,21.0,55.9,9.72,64.0,47.867,91.224,43.357000000000006,70.2815,12.5655,63.546,1357.77,2128.0,770.23,1647.162,347.2704000000001,1357.77,4.0,11.0,7.0,8.2,3.36,11.0,4.0,5.0,1.0,4.3,0.4199999999999999,4.0,132.0,175.0,43.0,147.7,18.84,132.0,1.33,1.9,0.5699999999999998,1.693,0.2483999999999999,1.9,1.0,2.0,1.0,1.4,0.48,1.0,0.0,0.0,0.0,0.0,0.0,0.0,2.0,10.0,8.0,6.8,3.84,10.0,0.0,0.0,0.0,0.0,0.0,0.0,4.0,11.0,7.0,8.2,3.36,11.0,0.0,1.0,1.0,0.6,0.48,1.0,0.0,0.0,0.0,0.0,0.0,0.0,0.0,8.0,8.0,3.2,3.84,0.0,0.0,0.0,0.0,0.0,0.0,0.0,1.0,8.0,7.0,3.8,3.36,1.0,11.07,23.195,12.125,15.2695,5.0394,11.07,0.0,0.0,0.0,0.0,0.0,0.0,0.0,2.25333333333e-05,2.25333333333e-05,2.25333333333e-06,4.055999999994e-06,0.0,194.0,225.0,31.0,212.6,14.88,225.0
Cu60 Ti7 Zr33,22.0,40.0,18.0,32.14,5.1876,29.0,43.0,64.0,21.0,55.93,9.684,64.0,47.867,91.224,43.357000000000006,71.58220999999999,12.9635814,63.546,1357.77,2128.0,770.23,1652.7720000000002,354.0024000000001,1357.77,4.0,11.0,7.0,8.2,3.36,11.0,4.0,5.0,1.0,4.33,0.4422,4.0,132.0,175.0,43.0,148.15,19.38,132.0,1.33,1.9,0.5699999999999998,1.6867,0.2559599999999999,1.9,1.0,2.0,1.0,1.4,0.48,1.0,0.0,0.0,0.0,0.0,0.0,0.0,2.0,10.0,8.0,6.8,3.84,10.0,0.0,0.0,0.0,0.0,0.0,0.0,4.0,11.0,7.0,8.2,3.36,11.0,0.0,1.0,1.0,0.6,0.48,1.0,0.0,0.0,0.0,0.0,0.0,0.0,0.0,8.0,8.0,3.2,3.84,0.0,0.0,0.0,0.0,0.0,0.0,0.0,1.0,8.0,7.0,3.8,3.36,1.0,11.07,23.195,12.125,15.46465,5.273579999999999,11.07,0.0,0.0,0.0,0.0,0.0,0.0,0.0,2.25333333333e-05,2.25333333333e-05,1.5773333333310002e-06,2.93383999999566e-06,0.0,194.0,225.0,31.0,212.6,14.88,225.0
Cu60 Zr40,29.0,40.0,11.0,33.4,5.28,29.0,44.0,64.0,20.0,56.0,9.6,64.0,63.546,91.224,27.678000000000004,74.6172,13.28544,63.546,1357.77,2128.0,770.23,1665.862,369.7104,1357.77,4.0,11.0,7.0,8.2,3.36,11.0,4.0,5.0,1.0,4.4,0.4800000000000001,4.0,132.0,175.0,43.0,149.2,20.64,132.0,1.33,1.9,0.5699999999999998,1.672,0.2735999999999999,1.9,1.0,2.0,1.0,1.4,0.48,1.0,0.0,0.0,0.0,0.0,0.0,0.0,2.0,10.0,8.0,6.8,3.84,10.0,0.0,0.0,0.0,0.0,0.0,0.0,4.0,11.0,7.0,8.2,3.36,11.0,0.0,1.0,1.0,0.6,0.48,1.0,0.0,0.0,0.0,0.0,0.0,0.0,0.0,8.0,8.0,3.2,3.84,0.0,0.0,0.0,0.0,0.0,0.0,0.0,1.0,8.0,7.0,3.8,3.36,1.0,11.07,23.195,12.125,15.92,5.82,11.07,0.0,0.0,0.0,0.0,0.0,0.0,0.0,0.0,0.0,0.0,0.0,0.0,194.0,225.0,31.0,212.6,14.88,225.0
Cu64 Zr36,29.0,40.0,11.0,32.96,5.0688,29.0,44.0,64.0,20.0,56.8,9.216,64.0,63.546,91.224,27.678000000000004,73.51008,12.754022400000004,63.546,1357.77,2128.0,770.23,1635.0528,354.921984,1357.77,4.0,11.0,7.0,8.48,3.2256,11.0,4.0,5.0,1.0,4.36,0.4608000000000001,4.0,132.0,175.0,43.0,147.48,19.8144,132.0,1.33,1.9,0.5699999999999998,1.6948,0.2626559999999999,1.9,1.0,2.0,1.0,1.36,0.4608,1.0,0.0,0.0,0.0,0.0,0.0,0.0,2.0,10.0,8.0,7.12,3.6864,10.0,0.0,0.0,0.0,0.0,0.0,0.0,4.0,11.0,7.0,8.48,3.2256,11.0,0.0,1.0,1.0,0.64,0.4608,1.0,0.0,0.0,0.0,0.0,0.0,0.0,0.0,8.0,8.0,2.88,3.6864,0.0,0.0,0.0,0.0,0.0,0.0,0.0,1.0,8.0,7.0,3.52,3.2256000000000005,1.0,11.07,23.195,12.125,15.435,5.5872,11.07,0.0,0.0,0.0,0.0,0.0,0.0,0.0,0.0,0.0,0.0,0.0,0.0,194.0,225.0,31.0,213.84,14.2848,225.0
Cu7.7 Mg85 Ni2.6 Y4.7,12.0,39.0,27.0,14.993999999999998,5.089799999999999,12.0,12.0,68.0,56.0,64.878,5.3074,68.0,24.305,88.90585,64.60085000000001,31.256895350000004,11.818222095000005,24.305,923.0,1799.0,876.0,1018.57929,162.484793,923.0,2.0,11.0,9.0,2.948,1.6116,2.0,3.0,5.0,2.0,3.197,0.3349000000000001,3.0,124.0,190.0,66.0,142.168,4.496208000000006,141.0,1.22,1.91,0.69,1.3668,0.1103591999999999,1.31,1.0,2.0,1.0,1.923,0.1421420000000001,2.0,0.0,0.0,0.0,0.0,0.0,0.0,0.0,10.0,10.0,1.025,1.7448499999999998,0.0,0.0,0.0,0.0,0.0,0.0,0.0,2.0,11.0,9.0,2.948,1.6116,2.0,0.0,1.0,1.0,0.077,0.142142,0.0,0.0,0.0,0.0,0.0,0.0,0.0,0.0,9.0,9.0,0.4750000000000001,0.8806499999999999,0.0,0.0,0.0,0.0,0.0,0.0,0.0,0.0,9.0,9.0,0.552,0.9384,0.0,10.32,32.365,22.045,22.098365,2.3108431900000026,22.89,0.0,0.0,0.0,0.0,0.0,0.0,0.0,0.5953947,0.5953947,0.0154802622,0.0301555507656,0.0,194.0,225.0,31.0,197.193,5.728241999999987,194.0
Cu8.7 Mg83 Ni2.9 Y5.4,12.0,39.0,27.0,15.400999999999996,5.645659999999996,12.0,12.0,68.0,56.0,64.425,5.934500000000002,68.0,24.305,88.90585,64.60085000000001,32.2046765,13.113462989999997,24.305,923.0,1799.0,876.0,1031.47399,180.06682339999998,923.0,2.0,11.0,9.0,3.0689999999999995,1.7819919999999994,2.0,3.0,5.0,2.0,3.224,0.3718399999999998,3.0,124.0,190.0,66.0,142.36999999999998,5.144039999999979,141.0,1.22,1.91,0.69,1.3738699999999997,0.1226421599999997,1.31,1.0,2.0,1.0,1.913,0.1588620000000001,2.0,0.0,0.0,0.0,0.0,0.0,0.0,0.0,10.0,10.0,1.156,1.9358079999999995,0.0,0.0,0.0,0.0,0.0,0.0,0.0,2.0,11.0,9.0,3.0689999999999995,1.7819919999999994,2.0,0.0,1.0,1.0,0.0869999999999999,0.1588619999999999,0.0,0.0,0.0,0.0,0.0,0.0,0.0,0.0,9.0,9.0,0.5439999999999999,0.9976959999999998,0.0,0.0,0.0,0.0,0.0,0.0,0.0,0.0,9.0,9.0,0.6309999999999999,1.0474599999999998,0.0,10.32,32.365,22.045,22.00878,2.5812969600000018,22.89,0.0,0.0,0.0,0.0,0.0,0.0,0.0,0.5953947,0.5953947,0.0172664463,0.0335314387145999,0.0,194.0,225.0,31.0,197.59599999999995,6.357727999999958,194.0
Cu9.5 Mg81.5 Ni3.2 Y5.8,12.0,39.0,27.0,15.693,6.019589999999999,12.0,12.0,68.0,56.0,64.148,6.278760000000002,68.0,24.305,88.90585,64.60085000000001,32.8801731,13.977532153000002,24.305,923.0,1799.0,876.0,1040.87115,192.12997449999995,923.0,2.0,11.0,9.0,3.169,1.925074,2.0,3.0,5.0,2.0,3.2430000000000003,0.3960900000000002,3.0,124.0,190.0,66.0,142.44299999999998,5.516611999999985,141.0,1.22,1.91,0.69,1.38003,0.1327123799999998,1.31,1.0,2.0,1.0,1.905,0.1719499999999999,2.0,0.0,0.0,0.0,0.0,0.0,0.0,0.0,10.0,10.0,1.264,2.090944,0.0,0.0,0.0,0.0,0.0,0.0,0.0,2.0,11.0,9.0,3.169,1.925074,2.0,0.0,1.0,1.0,0.095,0.1719499999999999,0.0,0.0,0.0,0.0,0.0,0.0,0.0,0.0,9.0,9.0,0.586,1.06652,0.0,0.0,0.0,0.0,0.0,0.0,0.0,0.0,9.0,9.0,0.6809999999999999,1.11003,0.0,10.32,32.365,22.045,21.914410000000004,2.802480139999998,22.89,0.0,0.0,0.0,0.0,0.0,0.0,0.0,0.5953947,0.5953947,0.0190526304,0.0368858924544,0.0,194.0,225.0,31.0,197.937,6.874002000000008,194.0
Fe2 Nb32.75 Ni60.25 Zr5,26.0,41.0,15.0,32.8175,6.0777875,28.0,44.0,61.0,17.0,55.445,6.693775,61.0,55.845,92.90638,37.06138,71.46771294999999,16.017955622749998,58.6934,1728.0,2750.0,1022.0,2084.365,440.354425,1728.0,4.0,10.0,6.0,8.0225,2.3828875,10.0,4.0,5.0,1.0,4.3775,0.4699875,4.0,124.0,175.0,51.0,139.81,19.36345,124.0,1.33,1.91,0.5799999999999998,1.777875,0.1612956249999999,1.91,1.0,2.0,1.0,1.6725,0.4404875,2.0,0.0,0.0,0.0,0.0,0.0,0.0,2.0,8.0,6.0,6.35,1.98825,8.0,0.0,0.0,0.0,0.0,0.0,0.0,4.0,10.0,6.0,8.0225,2.3828875,10.0,0.0,1.0,1.0,0.3275,0.4404875,0.0,0.0,0.0,0.0,0.0,0.0,0.0,2.0,8.0,6.0,3.65,1.98825,2.0,0.0,0.0,0.0,0.0,0.0,0.0,2.0,8.0,6.0,3.9775,2.3828875,2.0,10.32,23.195,12.875,13.5461,4.000094499999999,10.32,0.0,0.0,0.0,0.0,0.0,0.0,0.0,2.1106628,2.1106628,0.40093856275,0.30270861487625,0.5953947,194.0,229.0,35.0,224.84,3.083999999999997,225.0
Gd10 Mg75 Ni15,12.0,64.0,52.0,19.6,11.4,12.0,27.0,68.0,41.0,62.85,7.724999999999999,68.0,24.305,157.25,132.945,42.75776,27.67914,24.305,923.0,1728.0,805.0,1110.05,280.575,923.0,2.0,10.0,8.0,3.3,2.01,2.0,3.0,6.0,3.0,3.45,0.6750000000000002,3.0,124.0,196.0,72.0,143.95,10.409999999999991,141.0,1.2,1.91,0.71,1.389,0.1562999999999999,1.31,2.0,2.0,0.0,2.0,0.0,2.0,0.0,0.0,0.0,0.0,0.0,0.0,0.0,8.0,8.0,1.3,2.01,0.0,0.0,7.0,7.0,0.7,1.26,0.0,2.0,10.0,8.0,4.0,3.0,2.0,0.0,0.0,0.0,0.0,0.0,0.0,0.0,0.0,0.0,0.0,0.0,0.0,0.0,9.0,9.0,1.2,1.8,0.0,0.0,7.0,7.0,0.7,1.26,0.0,0.0,16.0,16.0,1.9,2.85,0.0,10.32,32.05,21.73,21.9205,3.48015,22.89,0.0,0.0,0.0,0.0,0.0,0.0,0.0,0.5953947,0.5953947,0.089309205,0.1518256485,0.0,194.0,225.0,31.0,198.65,7.905000000000005,194.0
Gd10 Mg75 Ni15,12.0,64.0,52.0,19.6,11.4,12.0,27.0,68.0,41.0,62.85,7.724999999999999,68.0,24.305,157.25,132.945,42.75776,27.67914,24.305,923.0,1728.0,805.0,1110.05,280.575,923.0,2.0,10.0,8.0,3.3,2.01,2.0,3.0,6.0,3.0,3.45,0.6750000000000002,3.0,124.0,196.0,72.0,143.95,10.409999999999991,141.0,1.2,1.91,0.71,1.389,0.1562999999999999,1.31,2.0,2.0,0.0,2.0,0.0,2.0,0.0,0.0,0.0,0.0,0.0,0.0,0.0,8.0,8.0,1.3,2.01,0.0,0.0,7.0,7.0,0.7,1.26,0.0,2.0,10.0,8.0,4.0,3.0,2.0,0.0,0.0,0.0,0.0,0.0,0.0,0.0,0.0,0.0,0.0,0.0,0.0,0.0,9.0,9.0,1.2,1.8,0.0,0.0,7.0,7.0,0.7,1.26,0.0,0.0,16.0,16.0,1.9,2.85,0.0,10.32,32.05,21.73,21.9205,3.48015,22.89,0.0,0.0,0.0,0.0,0.0,0.0,0.0,0.5953947,0.5953947,0.089309205,0.1518256485,0.0,194.0,225.0,31.0,198.65,7.905000000000005,194.0
Gd6 Mg80 Nd2 Ni12,12.0,64.0,52.0,18.0,9.6,12.0,19.0,68.0,49.0,63.72,6.848000000000001,68.0,24.305,157.25,132.945,38.807048,23.2032768,24.305,923.0,1728.0,805.0,1066.8,230.08,923.0,2.0,10.0,8.0,3.04,1.6704,2.0,3.0,6.0,3.0,3.36,0.5759999999999998,3.0,124.0,201.0,77.0,143.46,8.606400000000006,141.0,1.14,1.91,0.77,1.372,0.12912,1.31,2.0,2.0,0.0,2.0,0.0,2.0,0.0,0.0,0.0,0.0,0.0,0.0,0.0,8.0,8.0,1.02,1.6752,0.0,0.0,7.0,7.0,0.5,0.92,0.0,2.0,10.0,8.0,3.52,2.432,2.0,0.0,0.0,0.0,0.0,0.0,0.0,0.0,0.0,0.0,0.0,0.0,0.0,0.0,9.0,9.0,0.78,1.2792,0.0,0.0,10.0,10.0,0.62,1.1408,0.0,0.0,16.0,16.0,1.4,2.24,0.0,10.32,34.81,24.49,22.1696,2.843904000000001,22.89,0.0,0.0,0.0,0.0,0.0,0.0,0.0,0.5953947,0.5953947,0.071447364,0.12574736064,0.0,194.0,225.0,31.0,197.72,6.547199999999999,194.0
La10 Mg70 Ni20,12.0,57.0,45.0,19.7,10.78,12.0,13.0,68.0,55.0,61.1,9.659999999999998,68.0,24.305,138.90547,114.60047,42.642727,25.6728178,24.305,923.0,1728.0,805.0,1111.0,263.2,923.0,2.0,10.0,8.0,3.7,2.52,2.0,3.0,6.0,3.0,3.5,0.7,3.0,124.0,207.0,83.0,144.2,12.559999999999992,141.0,1.1,1.91,0.8099999999999998,1.409,0.2003999999999999,1.31,2.0,2.0,0.0,2.0,0.0,2.0,0.0,0.0,0.0,0.0,0.0,0.0,0.0,8.0,8.0,1.7,2.52,0.0,0.0,0.0,0.0,0.0,0.0,0.0,2.0,10.0,8.0,3.7,2.52,2.0,0.0,0.0,0.0,0.0,0.0,0.0,0.0,0.0,0.0,0.0,0.0,0.0,0.0,9.0,9.0,1.3,1.82,0.0,0.0,0.0,0.0,0.0,0.0,0.0,0.0,9.0,9.0,1.3,1.82,0.0,10.32,36.8975,26.5775,21.776750000000003,4.582699999999999,22.89,0.0,0.0,0.0,0.0,0.0,0.0,0.0,0.5953947,0.5953947,0.11907894,0.190526304,0.0,194.0,225.0,31.0,200.2,9.919999999999993,194.0
La11 Mg71 Ni18,12.0,57.0,45.0,19.83,11.1186,12.0,13.0,68.0,55.0,60.69,10.491800000000003,68.0,24.305,138.90547,114.60047,43.1009637,26.690268454,24.305,923.0,1728.0,805.0,1097.6,247.932,923.0,2.0,10.0,8.0,3.55,2.322,2.0,3.0,6.0,3.0,3.51,0.7241999999999998,3.0,124.0,207.0,83.0,145.2,13.59599999999999,141.0,1.1,1.91,0.8099999999999998,1.3949,0.185436,1.31,2.0,2.0,0.0,2.0,0.0,2.0,0.0,0.0,0.0,0.0,0.0,0.0,0.0,8.0,8.0,1.55,2.322,0.0,0.0,0.0,0.0,0.0,0.0,0.0,2.0,10.0,8.0,3.55,2.322,2.0,0.0,0.0,0.0,0.0,0.0,0.0,0.0,0.0,0.0,0.0,0.0,0.0,0.0,9.0,9.0,1.35,1.917,0.0,0.0,0.0,0.0,0.0,0.0,0.0,0.0,9.0,9.0,1.35,1.917,0.0,10.32,36.8975,26.5775,22.168225000000003,4.265360999999998,22.89,0.0,0.0,0.0,0.0,0.0,0.0,0.0,0.5953947,0.5953947,0.107171046,0.17576051544,0.0,194.0,225.0,31.0,199.58,9.151200000000008,194.0
La13 Mg69 Ni18,12.0,57.0,45.0,20.73,12.047399999999998,12.0,13.0,68.0,55.0,59.59,12.113399999999997,68.0,24.305,138.90547,114.60047,45.3929731,29.101402878,24.305,923.0,1728.0,805.0,1103.0,248.4,923.0,2.0,10.0,8.0,3.57,2.3147999999999995,2.0,3.0,6.0,3.0,3.57,0.7866,3.0,124.0,207.0,83.0,146.52,15.724800000000007,141.0,1.1,1.91,0.8099999999999998,1.3906999999999998,0.1869479999999998,1.31,2.0,2.0,0.0,2.0,0.0,2.0,0.0,0.0,0.0,0.0,0.0,0.0,0.0,8.0,8.0,1.57,2.3148,0.0,0.0,0.0,0.0,0.0,0.0,0.0,2.0,10.0,8.0,3.57,2.3147999999999995,2.0,0.0,0.0,0.0,0.0,0.0,0.0,0.0,0.0,0.0,0.0,0.0,0.0,0.0,9.0,9.0,1.53,2.1114,0.0,0.0,0.0,0.0,0.0,0.0,0.0,0.0,9.0,9.0,1.53,2.1114,0.0,10.32,36.8975,26.5775,22.44837500000001,4.366214999999996,22.89,0.0,0.0,0.0,0.0,0.0,0.0,0.0,0.5953947,0.5953947,0.107171046,0.17576051544,0.0,194.0,225.0,31.0,199.58,9.151200000000008,194.0
La15 Mg65 Ni20,12.0,57.0,45.0,21.95,12.935,12.0,13.0,68.0,55.0,58.35,13.605,68.0,24.305,138.90547,114.60047,48.3727505,31.28807565,24.305,923.0,1728.0,805.0,1124.5,261.95,923.0,2.0,10.0,8.0,3.75,2.5,2.0,3.0,6.0,3.0,3.65,0.845,3.0,124.0,207.0,83.0,147.5,17.85,141.0,1.1,1.91,0.8099999999999998,1.3985,0.2045999999999998,1.31,2.0,2.0,0.0,2.0,0.0,2.0,0.0,0.0,0.0,0.0,0.0,0.0,0.0,8.0,8.0,1.75,2.5,0.0,0.0,0.0,0.0,0.0,0.0,0.0,2.0,10.0,8.0,3.75,2.5,2.0,0.0,0.0,0.0,0.0,0.0,0.0,0.0,0.0,0.0,0.0,0.0,0.0,0.0,9.0,9.0,1.75,2.275,0.0,0.0,0.0,0.0,0.0,0.0,0.0,0.0,9.0,9.0,1.75,2.275,0.0,10.32,36.8975,26.5775,22.477125,4.86285,22.89,0.0,0.0,0.0,0.0,0.0,0.0,0.0,0.5953947,0.5953947,0.11907894,0.190526304,0.0,194.0,225.0,31.0,200.2,9.919999999999993,194.0
La15.4 Mg60 Ni23.6 Y1,12.0,57.0,45.0,22.976000000000003,13.1712,12.0,12.0,68.0,56.0,57.318000000000005,14.556303999999995,68.0,24.305,138.90547,114.60047,50.71514328,31.692171936,24.305,923.0,1799.0,876.0,1163.32,288.384,923.0,2.0,10.0,8.0,4.052,2.807456,2.0,3.0,6.0,3.0,3.718,0.8615999999999998,3.0,124.0,207.0,83.0,147.642,19.129424,141.0,1.1,1.91,0.8099999999999998,1.41836,0.23205408,1.31,2.0,2.0,0.0,2.0,0.0,2.0,0.0,0.0,0.0,0.0,0.0,0.0,0.0,8.0,8.0,2.052,2.8074560000000006,0.0,0.0,0.0,0.0,0.0,0.0,0.0,2.0,10.0,8.0,4.052,2.807456,2.0,0.0,0.0,0.0,0.0,0.0,0.0,0.0,0.0,0.0,0.0,0.0,0.0,0.0,9.0,9.0,1.948,2.3376,0.0,0.0,0.0,0.0,0.0,0.0,0.0,0.0,9.0,9.0,1.948,2.3376,0.0,10.32,36.8975,26.5775,22.175385,5.595741719999999,22.89,0.0,0.0,0.0,0.0,0.0,0.0,0.0,0.5953947,0.5953947,0.1405131492,0.2147040919776,0.0,194.0,225.0,31.0,201.316,11.178847999999986,194.0
La15.65 Mg60 Ni23.6 Y0.75,12.0,57.0,45.0,23.021000000000004,13.2252,12.0,12.0,68.0,56.0,57.3205,14.552124,68.0,24.305,138.90547,114.60047,50.840142330000006,31.842170796,24.305,923.0,1799.0,876.0,1161.805,286.56600000000003,923.0,2.0,10.0,8.0,4.052,2.807456,2.0,3.0,6.0,3.0,3.7205,0.8645999999999999,3.0,124.0,207.0,83.0,147.6845,19.200483999999992,141.0,1.1,1.91,0.8099999999999998,1.41806,0.2321956799999999,1.31,2.0,2.0,0.0,2.0,0.0,2.0,0.0,0.0,0.0,0.0,0.0,0.0,0.0,8.0,8.0,2.052,2.807456,0.0,0.0,0.0,0.0,0.0,0.0,0.0,2.0,10.0,8.0,4.052,2.807456,2.0,0.0,0.0,0.0,0.0,0.0,0.0,0.0,0.0,0.0,0.0,0.0,0.0,0.0,9.0,9.0,1.948,2.3376,0.0,0.0,0.0,0.0,0.0,0.0,0.0,0.0,9.0,9.0,1.948,2.3376,0.0,10.32,36.8975,26.5775,22.18671625,5.6010900700000015,22.89,0.0,0.0,0.0,0.0,0.0,0.0,0.0,0.5953947,0.5953947,0.1405131492,0.2147040919776,0.0,194.0,225.0,31.0,201.316,11.178847999999986,194.0
La15.7 Mg59.78 Ni23.52 Si0.5 Y0.5,12.0,57.0,45.0,22.9732,13.209289920000002,12.0,12.0,78.0,66.0,57.488600000000005,14.424306399999995,68.0,24.305,138.90547,114.60047,50.72733221999999,31.816958724432,24.305,923.0,1799.0,876.0,1162.9260000000002,286.8555256,923.0,2.0,14.0,12.0,4.1036,2.87263056,2.0,3.0,6.0,3.0,3.7161999999999993,0.8634507199999999,3.0,111.0,207.0,96.0,147.4586,19.121413599999997,141.0,1.1,1.91,0.8099999999999998,1.42065,0.2349837399999999,1.31,2.0,2.0,0.0,2.0,0.0,2.0,0.0,2.0,2.0,0.01,0.0198999999999999,0.0,0.0,8.0,8.0,2.0436,2.8018905599999995,0.0,0.0,0.0,0.0,0.0,0.0,0.0,2.0,10.0,8.0,4.0536,2.79718656,2.0,0.0,0.0,0.0,0.0,0.0,0.0,0.0,4.0,4.0,0.02,0.0397999999999999,0.0,0.0,9.0,9.0,1.9284,2.32487904,0.0,0.0,0.0,0.0,0.0,0.0,0.0,0.0,9.0,9.0,1.9484,2.32950704,0.0,10.32,36.8975,26.5775,22.1678385,5.590501615400001,22.89,0.0,0.773,0.773,0.003865,0.00769135,0.0,0.0,0.5953947,0.5953947,0.14003683344,0.214200340429824,0.0,194.0,227.0,33.0,201.4562,11.33044152,194.0
La15.8 Mg60 Ni23.6 Si0.1 Y0.5,12.0,57.0,45.0,23.023000000000003,13.245646,12.0,12.0,78.0,66.0,57.388000000000005,14.480487999999998,68.0,24.305,138.90547,114.60047,50.85432140999999,31.904723334819995,24.305,923.0,1799.0,876.0,1160.784,285.3408,923.0,2.0,14.0,12.0,4.063,2.822138,2.0,3.0,6.0,3.0,3.7200000000000006,0.8654400000000002,3.0,111.0,207.0,96.0,147.631,19.184294,141.0,1.1,1.91,0.8099999999999998,1.4185600000000005,0.23292256,1.31,2.0,2.0,0.0,2.0,0.0,2.0,0.0,2.0,2.0,0.002,0.003996,0.0,0.0,8.0,8.0,2.051,2.807928,0.0,0.0,0.0,0.0,0.0,0.0,0.0,2.0,10.0,8.0,4.053,2.806984,2.0,0.0,0.0,0.0,0.0,0.0,0.0,0.0,4.0,4.0,0.004,0.007992,0.0,0.0,9.0,9.0,1.9390000000000005,2.330678,0.0,0.0,0.0,0.0,0.0,0.0,0.0,0.0,9.0,9.0,1.9430000000000005,2.3316,0.0,10.32,36.8975,26.5775,22.18159,5.602153660000003,22.89,0.0,0.773,0.773,0.000773,0.001544454,0.0,0.0,0.5953947,0.5953947,0.1405131492,0.2147040919776,0.0,194.0,227.0,33.0,201.349,11.214574000000011,194.0
La15.9 Mg60 Ni23.6 Si0.25 Y0.25,12.0,57.0,45.0,23.003500000000003,13.249217500000002,12.0,12.0,78.0,66.0,57.488,14.374624,68.0,24.305,138.90547,114.60047,50.813090505,31.923346558525004,24.305,923.0,1799.0,876.0,1160.01,284.41200000000003,923.0,2.0,14.0,12.0,4.0795,2.8440784999999997,2.0,3.0,6.0,3.0,3.718,0.8651899999999998,3.0,111.0,207.0,96.0,147.52949999999998,19.12397149999999,141.0,1.1,1.91,0.8099999999999998,1.41946,0.2339375799999999,1.31,2.0,2.0,0.0,2.0,0.0,2.0,0.0,2.0,2.0,0.005,0.009975,0.0,0.0,8.0,8.0,2.0495,2.8086360000000004,0.0,0.0,0.0,0.0,0.0,0.0,0.0,2.0,10.0,8.0,4.0545,2.8062760000000004,2.0,0.0,0.0,0.0,0.0,0.0,0.0,0.0,4.0,4.0,0.01,0.01995,0.0,0.0,9.0,9.0,1.9255,2.3202275,0.0,0.0,0.0,0.0,0.0,0.0,0.0,0.0,9.0,9.0,1.9355,2.3226,0.0,10.32,36.8975,26.5775,22.168235000000003,5.601008095,22.89,0.0,0.773,0.773,0.0019325,0.0038553374999999,0.0,0.0,0.5953947,0.5953947,0.1405131492,0.2147040919776,0.0,194.0,227.0,33.0,201.3985,11.26791549999999,194.0
La15.9 Mg60 Ni23.6 Si0.5,12.0,57.0,45.0,22.941000000000003,13.218610000000002,12.0,13.0,78.0,65.0,57.653,14.199654000000002,68.0,24.305,138.90547,114.60047,50.66103963,31.8530029523,24.305,923.0,1728.0,805.0,1159.73,284.076,923.0,2.0,14.0,12.0,4.107,2.8804260000000004,2.0,3.0,6.0,3.0,3.713,0.8627299999999998,3.0,111.0,207.0,96.0,147.332,18.974423999999992,141.0,1.1,1.91,0.8099999999999998,1.4211599999999998,0.2355208799999998,1.31,2.0,2.0,0.0,2.0,0.0,2.0,0.0,2.0,2.0,0.01,0.0199,0.0,0.0,8.0,8.0,2.047,2.8098160000000005,0.0,0.0,0.0,0.0,0.0,0.0,0.0,2.0,10.0,8.0,4.057,2.805096,2.0,0.0,0.0,0.0,0.0,0.0,0.0,0.0,4.0,4.0,0.02,0.0398,0.0,0.0,9.0,9.0,1.903,2.30263,0.0,0.0,0.0,0.0,0.0,0.0,0.0,0.0,9.0,9.0,1.923,2.3075999999999994,0.0,10.32,36.8975,26.5775,22.1384225,5.595279645000001,22.89,0.0,0.773,0.773,0.003865,0.00769135,0.0,0.0,0.5953947,0.5953947,0.1405131492,0.2147040919776,0.0,194.0,227.0,33.0,201.481,11.356157999999995,194.0
La15.9 Mg60 Ni23.6 Y0.5,12.0,57.0,45.0,23.066000000000003,13.2792,12.0,12.0,68.0,56.0,57.323,14.547944,68.0,24.305,138.90547,114.60047,50.96514138,31.992169656,24.305,923.0,1799.0,876.0,1160.29,284.748,923.0,2.0,10.0,8.0,4.052,2.807456,2.0,3.0,6.0,3.0,3.723,0.8675999999999999,3.0,124.0,207.0,83.0,147.72699999999998,19.271543999999984,141.0,1.1,1.91,0.8099999999999998,1.41776,0.23233728,1.31,2.0,2.0,0.0,2.0,0.0,2.0,0.0,0.0,0.0,0.0,0.0,0.0,0.0,8.0,8.0,2.052,2.807456,0.0,0.0,0.0,0.0,0.0,0.0,0.0,2.0,10.0,8.0,4.052,2.807456,2.0,0.0,0.0,0.0,0.0,0.0,0.0,0.0,0.0,0.0,0.0,0.0,0.0,0.0,9.0,9.0,1.948,2.3376,0.0,0.0,0.0,0.0,0.0,0.0,0.0,0.0,9.0,9.0,1.948,2.3376,0.0,10.32,36.8975,26.5775,22.1980475,5.606438420000001,22.89,0.0,0.0,0.0,0.0,0.0,0.0,0.0,0.5953947,0.5953947,0.1405131492,0.2147040919776,0.0,194.0,225.0,31.0,201.316,11.178847999999984,194.0
La16 Mg69 Ni15,12.0,57.0,45.0,21.6,13.248,12.0,13.0,68.0,55.0,58.15,14.448000000000002,68.0,24.305,138.90547,114.60047,47.7993352,32.422182576000004,24.305,923.0,1728.0,805.0,1086.95,226.25100000000003,923.0,2.0,10.0,8.0,3.36,1.992,2.0,3.0,6.0,3.0,3.63,0.8693999999999998,3.0,124.0,207.0,83.0,149.01,18.5568,141.0,1.1,1.91,0.8099999999999998,1.3664,0.16308,1.31,2.0,2.0,0.0,2.0,0.0,2.0,0.0,0.0,0.0,0.0,0.0,0.0,0.0,8.0,8.0,1.36,1.992,0.0,0.0,0.0,0.0,0.0,0.0,0.0,2.0,10.0,8.0,3.36,1.992,2.0,0.0,0.0,0.0,0.0,0.0,0.0,0.0,0.0,0.0,0.0,0.0,0.0,0.0,9.0,9.0,1.74,2.4012,0.0,0.0,0.0,0.0,0.0,0.0,0.0,0.0,9.0,9.0,1.74,2.4012,0.0,10.32,36.8975,26.5775,23.245700000000003,4.368576000000002,22.89,0.0,0.0,0.0,0.0,0.0,0.0,0.0,0.5953947,0.5953947,0.089309205,0.1518256485,0.0,194.0,225.0,31.0,198.65,7.905000000000004,194.0
La16.15 Mg60 Ni23.6 Si0.25,12.0,57.0,45.0,23.0485,13.3034425,12.0,13.0,78.0,65.0,57.4905,14.370431499999995,68.0,24.305,138.90547,114.60047,50.938089555000005,32.073970413774994,24.305,923.0,1728.0,805.0,1158.495,282.594,923.0,2.0,14.0,12.0,4.0795,2.8440785,2.0,3.0,6.0,3.0,3.7205,0.8682024999999999,3.0,111.0,207.0,96.0,147.572,19.195244,141.0,1.1,1.91,0.8099999999999998,1.41916,0.2340806799999999,1.31,2.0,2.0,0.0,2.0,0.0,2.0,0.0,2.0,2.0,0.005,0.009975,0.0,0.0,8.0,8.0,2.0495,2.8086360000000004,0.0,0.0,0.0,0.0,0.0,0.0,0.0,2.0,10.0,8.0,4.0545,2.8062759999999995,2.0,0.0,0.0,0.0,0.0,0.0,0.0,0.0,4.0,4.0,0.01,0.01995,0.0,0.0,9.0,9.0,1.9255,2.3202275,0.0,0.0,0.0,0.0,0.0,0.0,0.0,0.0,9.0,9.0,1.9355,2.3226,0.0,10.32,36.8975,26.5775,22.179566250000004,5.606413101249998,22.89,0.0,0.773,0.773,0.0019325,0.0038553375,0.0,0.0,0.5953947,0.5953947,0.1405131492,0.2147040919776,0.0,194.0,227.0,33.0,201.3985,11.267915499999992,194.0
La16.15 Mg60 Ni23.6 Y0.25,12.0,57.0,45.0,23.111,13.3332,12.0,12.0,68.0,56.0,57.325500000000005,14.543763999999994,68.0,24.305,138.90547,114.60047,51.09014043,32.142168516,24.305,923.0,1799.0,876.0,1158.775,282.93000000000006,923.0,2.0,10.0,8.0,4.052,2.807456,2.0,3.0,6.0,3.0,3.7255,0.8705999999999997,3.0,124.0,207.0,83.0,147.7695,19.342604,141.0,1.1,1.91,0.8099999999999998,1.4174600000000002,0.23247888,1.31,2.0,2.0,0.0,2.0,0.0,2.0,0.0,0.0,0.0,0.0,0.0,0.0,0.0,8.0,8.0,2.052,2.807456,0.0,0.0,0.0,0.0,0.0,0.0,0.0,2.0,10.0,8.0,4.052,2.807456,2.0,0.0,0.0,0.0,0.0,0.0,0.0,0.0,0.0,0.0,0.0,0.0,0.0,0.0,9.0,9.0,1.948,2.3376,0.0,0.0,0.0,0.0,0.0,0.0,0.0,0.0,9.0,9.0,1.948,2.3376,0.0,10.32,36.8975,26.5775,22.20937875,5.611786770000001,22.89,0.0,0.0,0.0,0.0,0.0,0.0,0.0,0.5953947,0.5953947,0.1405131492,0.2147040919776,0.0,194.0,225.0,31.0,201.316,11.178847999999986,194.0
La16.4 Mg60 Ni23.6,12.0,57.0,45.0,23.156,13.3872,12.0,13.0,68.0,55.0,57.328,14.539584,68.0,24.305,138.90547,114.60047,51.21513948,32.292167376,24.305,923.0,1728.0,805.0,1157.26,281.112,923.0,2.0,10.0,8.0,4.052,2.807456,2.0,3.0,6.0,3.0,3.728,0.8736,3.0,124.0,207.0,83.0,147.81199999999998,19.41366399999999,141.0,1.1,1.91,0.8099999999999998,1.41716,0.2326204799999999,1.31,2.0,2.0,0.0,2.0,0.0,2.0,0.0,0.0,0.0,0.0,0.0,0.0,0.0,8.0,8.0,2.052,2.807456,0.0,0.0,0.0,0.0,0.0,0.0,0.0,2.0,10.0,8.0,4.052,2.807456,2.0,0.0,0.0,0.0,0.0,0.0,0.0,0.0,0.0,0.0,0.0,0.0,0.0,0.0,9.0,9.0,1.948,2.3376,0.0,0.0,0.0,0.0,0.0,0.0,0.0,0.0,9.0,9.0,1.948,2.3376,0.0,10.32,36.8975,26.5775,22.22071,5.61713512,22.89,0.0,0.0,0.0,0.0,0.0,0.0,0.0,0.5953947,0.5953947,0.1405131492,0.2147040919776,0.0,194.0,225.0,31.0,201.316,11.178847999999984,194.0
La17 Mg57 Ni26,12.0,57.0,45.0,23.81,13.463400000000002,12.0,13.0,68.0,55.0,56.83,14.902200000000002,68.0,24.305,138.90547,114.60047,52.72806390000001,32.402292846,24.305,923.0,1728.0,805.0,1178.2,290.92800000000005,923.0,2.0,10.0,8.0,4.25,2.99,2.0,3.0,6.0,3.0,3.77,0.8778,3.0,124.0,207.0,83.0,147.8,20.128000000000007,141.0,1.1,1.91,0.8099999999999998,1.4303,0.2494439999999999,1.31,2.0,2.0,0.0,2.0,0.0,2.0,0.0,0.0,0.0,0.0,0.0,0.0,0.0,8.0,8.0,2.25,2.99,0.0,0.0,0.0,0.0,0.0,0.0,0.0,2.0,10.0,8.0,4.25,2.99,2.0,0.0,0.0,0.0,0.0,0.0,0.0,0.0,0.0,0.0,0.0,0.0,0.0,0.0,9.0,9.0,2.05,2.363,0.0,0.0,0.0,0.0,0.0,0.0,0.0,0.0,9.0,9.0,2.05,2.363,0.0,10.32,36.8975,26.5775,22.003075000000003,6.0751990000000005,22.89,0.0,0.0,0.0,0.0,0.0,0.0,0.0,0.5953947,0.5953947,0.154802622,0.22910788056,0.0,194.0,225.0,31.0,202.06,11.9288,194.0
La17 Mg70 Ni13,12.0,57.0,45.0,21.73,13.622,12.0,13.0,68.0,55.0,57.74,15.211599999999995,68.0,24.305,138.90547,114.60047,48.2575719,33.53360066,24.305,923.0,1728.0,805.0,1073.55,210.77,923.0,2.0,10.0,8.0,3.21,1.7654,2.0,3.0,6.0,3.0,3.64,0.8960000000000001,3.0,124.0,207.0,83.0,150.01,19.376599999999996,141.0,1.1,1.91,0.8099999999999998,1.3523000000000005,0.1450020000000001,1.31,2.0,2.0,0.0,2.0,0.0,2.0,0.0,0.0,0.0,0.0,0.0,0.0,0.0,8.0,8.0,1.21,1.7654,0.0,0.0,0.0,0.0,0.0,0.0,0.0,2.0,10.0,8.0,3.21,1.7654,2.0,0.0,0.0,0.0,0.0,0.0,0.0,0.0,0.0,0.0,0.0,0.0,0.0,0.0,9.0,9.0,1.79,2.506,0.0,0.0,0.0,0.0,0.0,0.0,0.0,0.0,9.0,9.0,1.79,2.506,0.0,10.32,36.8975,26.5775,23.637175,4.508510499999999,22.89,0.0,0.0,0.0,0.0,0.0,0.0,0.0,0.5953947,0.5953947,0.077401311,0.13467828114,0.0,194.0,225.0,31.0,198.03,7.012200000000002,194.0
La20 Mg50 Ni30,12.0,57.0,45.0,25.8,13.8,12.0,13.0,68.0,55.0,54.9,16.76,68.0,24.305,138.90547,114.60047,57.541614,33.236614,24.305,923.0,1728.0,805.0,1218.5,305.7,923.0,2.0,10.0,8.0,4.6,3.24,2.0,3.0,6.0,3.0,3.9,0.9,3.0,124.0,207.0,83.0,149.1,23.16,141.0,1.1,1.91,0.8099999999999998,1.4480000000000002,0.2772,1.31,2.0,2.0,0.0,2.0,0.0,2.0,0.0,0.0,0.0,0.0,0.0,0.0,0.0,8.0,8.0,2.6,3.24,0.0,0.0,0.0,0.0,0.0,0.0,0.0,2.0,10.0,8.0,4.6,3.24,2.0,0.0,0.0,0.0,0.0,0.0,0.0,0.0,0.0,0.0,0.0,0.0,0.0,0.0,9.0,9.0,2.4,2.64,0.0,0.0,0.0,0.0,0.0,0.0,0.0,0.0,9.0,9.0,2.4,2.64,0.0,10.32,36.8975,26.5775,21.9205,6.9603,22.89,0.0,0.0,0.0,0.0,0.0,0.0,0.0,0.5953947,0.5953947,0.17861841,0.2500657740000001,0.0,194.0,225.0,31.0,203.3,13.020000000000003,194.0
Mg48 Ni31 Pr21,12.0,59.0,47.0,26.83,14.2368,12.0,17.0,68.0,51.0,55.12,16.0104,68.0,24.305,140.90765,116.60264999999998,59.4519605,34.21138959,24.305,923.0,1728.0,805.0,1231.56,307.79279999999994,923.0,2.0,10.0,8.0,4.69,3.2922,2.0,3.0,6.0,3.0,3.94,0.9024,3.0,124.0,203.0,79.0,148.75,22.785,141.0,1.13,1.91,0.78,1.4582,0.2801159999999999,1.31,2.0,2.0,0.0,2.0,0.0,2.0,0.0,0.0,0.0,0.0,0.0,0.0,0.0,8.0,8.0,2.48,3.4224,0.0,0.0,3.0,3.0,0.63,0.9954,0.0,2.0,10.0,8.0,5.11,3.0318,2.0,0.0,0.0,0.0,0.0,0.0,0.0,0.0,0.0,0.0,0.0,0.0,0.0,0.0,2.0,2.0,0.62,0.8555999999999999,0.0,0.0,11.0,11.0,2.31,3.6498,0.0,0.0,11.0,11.0,2.93,3.3894000000000006,0.0,10.32,35.675,25.355,21.67815,7.042052999999998,22.89,0.0,0.0,0.0,0.0,0.0,0.0,0.0,0.5953947,0.5953947,0.184572357,0.25470985266,0.0,194.0,225.0,31.0,203.61,13.261800000000008,194.0
Mg63 Ni22 Pr15,12.0,59.0,47.0,22.57,13.3182,12.0,17.0,68.0,51.0,58.81,12.542999999999996,68.0,24.305,140.90765,116.60264999999998,49.3608455,31.570365329999994,24.305,923.0,1728.0,805.0,1142.25,276.255,923.0,2.0,10.0,8.0,3.91,2.6796,2.0,3.0,6.0,3.0,3.67,0.8442000000000001,3.0,124.0,203.0,79.0,146.56,16.932000000000002,141.0,1.13,1.91,0.78,1.415,0.2177999999999999,1.31,2.0,2.0,0.0,2.0,0.0,2.0,0.0,0.0,0.0,0.0,0.0,0.0,0.0,8.0,8.0,1.76,2.7456,0.0,0.0,3.0,3.0,0.45,0.765,0.0,2.0,10.0,8.0,4.21,2.7846,2.0,0.0,0.0,0.0,0.0,0.0,0.0,0.0,0.0,0.0,0.0,0.0,0.0,0.0,2.0,2.0,0.44,0.6864,0.0,0.0,11.0,11.0,1.65,2.805,0.0,0.0,11.0,11.0,2.09,2.673,0.0,10.32,35.675,25.355,22.042349999999995,5.157834000000003,22.89,0.0,0.0,0.0,0.0,0.0,0.0,0.0,0.5953947,0.5953947,0.130986834,0.20433946104,0.0,194.0,225.0,31.0,200.82,10.639199999999995,194.0
Mg65 Nd15 Ni20,12.0,60.0,48.0,22.4,13.52,12.0,19.0,68.0,49.0,59.25,12.075,68.0,24.305,144.242,119.93699999999998,49.17323,32.328699,24.305,923.0,1728.0,805.0,1139.65,281.645,923.0,2.0,10.0,8.0,3.75,2.5,2.0,3.0,6.0,3.0,3.65,0.845,3.0,124.0,201.0,77.0,146.6,16.319999999999997,141.0,1.14,1.91,0.77,1.4045,0.2021999999999998,1.31,2.0,2.0,0.0,2.0,0.0,2.0,0.0,0.0,0.0,0.0,0.0,0.0,0.0,8.0,8.0,1.6,2.56,0.0,0.0,4.0,4.0,0.6,1.02,0.0,2.0,10.0,8.0,4.2,2.86,2.0,0.0,0.0,0.0,0.0,0.0,0.0,0.0,0.0,0.0,0.0,0.0,0.0,0.0,2.0,2.0,0.4,0.64,0.0,0.0,10.0,10.0,1.5,2.55,0.0,0.0,10.0,10.0,1.9,2.47,0.0,10.32,34.81,24.49,22.164,4.7376,22.89,0.0,0.0,0.0,0.0,0.0,0.0,0.0,0.5953947,0.5953947,0.11907894,0.190526304,0.0,194.0,225.0,31.0,200.2,9.919999999999993,194.0
Mg65 Ni21 Pr14,12.0,59.0,47.0,21.94,12.922000000000002,12.0,17.0,68.0,51.0,59.39,11.8692,68.0,24.305,140.90765,116.60264999999998,47.850935,30.609715500000004,24.305,923.0,1728.0,805.0,1131.39,270.907,923.0,2.0,10.0,8.0,3.82,2.5956,2.0,3.0,6.0,3.0,3.63,0.8190000000000001,3.0,124.0,203.0,79.0,146.11,15.92920000000001,141.0,1.13,1.91,0.78,1.4108,0.209664,1.31,2.0,2.0,0.0,2.0,0.0,2.0,0.0,0.0,0.0,0.0,0.0,0.0,0.0,8.0,8.0,1.68,2.6544,0.0,0.0,3.0,3.0,0.42,0.7224,0.0,2.0,10.0,8.0,4.1,2.73,2.0,0.0,0.0,0.0,0.0,0.0,0.0,0.0,0.0,0.0,0.0,0.0,0.0,0.0,2.0,2.0,0.42,0.6636,0.0,0.0,11.0,11.0,1.54,2.6488,0.0,0.0,11.0,11.0,1.96,2.548,0.0,10.32,35.675,25.355,22.0402,4.922484000000001,22.89,0.0,0.0,0.0,0.0,0.0,0.0,0.0,0.5953947,0.5953947,0.125032887,0.1975519614599999,0.0,194.0,225.0,31.0,200.51,10.285799999999997,194.0
Mg70 Nd15 Ni15,12.0,60.0,48.0,21.6,13.44,12.0,19.0,68.0,49.0,59.6,12.18,68.0,24.305,144.242,119.93699999999998,47.45381,32.408334,24.305,923.0,1728.0,805.0,1099.4,246.96000000000004,923.0,2.0,10.0,8.0,3.35,1.995,2.0,3.0,6.0,3.0,3.6,0.84,3.0,124.0,201.0,77.0,147.45,16.064999999999994,141.0,1.14,1.91,0.77,1.3744999999999998,0.1606499999999998,1.31,2.0,2.0,0.0,2.0,0.0,2.0,0.0,0.0,0.0,0.0,0.0,0.0,0.0,8.0,8.0,1.2,2.04,0.0,0.0,4.0,4.0,0.6,1.02,0.0,2.0,10.0,8.0,3.8,2.52,2.0,0.0,0.0,0.0,0.0,0.0,0.0,0.0,0.0,0.0,0.0,0.0,0.0,0.0,2.0,2.0,0.3,0.51,0.0,0.0,10.0,10.0,1.5,2.55,0.0,0.0,10.0,10.0,1.8,2.52,0.0,10.32,34.81,24.49,22.7925,3.741750000000001,22.89,0.0,0.0,0.0,0.0,0.0,0.0,0.0,0.5953947,0.5953947,0.089309205,0.1518256485,0.0,194.0,225.0,31.0,198.65,7.905000000000004,194.0
Mg75 Nd10 Ni15,12.0,60.0,48.0,19.2,10.8,12.0,19.0,68.0,49.0,62.05,8.925000000000002,68.0,24.305,144.242,119.93699999999998,41.45696,25.72794,24.305,923.0,1728.0,805.0,1080.85,236.77499999999992,923.0,2.0,10.0,8.0,3.3,2.01,2.0,3.0,6.0,3.0,3.45,0.6750000000000002,3.0,124.0,201.0,77.0,144.45,11.309999999999992,141.0,1.14,1.91,0.77,1.383,0.1580999999999999,1.31,2.0,2.0,0.0,2.0,0.0,2.0,0.0,0.0,0.0,0.0,0.0,0.0,0.0,8.0,8.0,1.2,2.04,0.0,0.0,4.0,4.0,0.4,0.72,0.0,2.0,10.0,8.0,3.6,2.4,2.0,0.0,0.0,0.0,0.0,0.0,0.0,0.0,0.0,0.0,0.0,0.0,0.0,0.0,2.0,2.0,0.3,0.51,0.0,0.0,10.0,10.0,1.0,1.8,0.0,0.0,10.0,10.0,1.3,1.95,0.0,10.32,34.81,24.49,22.1965,3.5629500000000007,22.89,0.0,0.0,0.0,0.0,0.0,0.0,0.0,0.5953947,0.5953947,0.089309205,0.1518256485,0.0,194.0,225.0,31.0,198.65,7.905000000000005,194.0
Mg80 Nd10 Ni10,12.0,60.0,48.0,18.4,10.239999999999998,12.0,19.0,68.0,49.0,62.4,8.96,68.0,24.305,144.242,119.93699999999998,39.73754,24.692063999999995,24.305,923.0,1728.0,805.0,1040.6,188.15999999999997,923.0,2.0,10.0,8.0,2.9,1.44,2.0,3.0,6.0,3.0,3.4,0.6399999999999999,3.0,124.0,201.0,77.0,145.3,11.14000000000001,141.0,1.14,1.91,0.77,1.3530000000000002,0.1114000000000001,1.31,2.0,2.0,0.0,2.0,0.0,2.0,0.0,0.0,0.0,0.0,0.0,0.0,0.0,8.0,8.0,0.8,1.44,0.0,0.0,4.0,4.0,0.4,0.72,0.0,2.0,10.0,8.0,3.2,1.92,2.0,0.0,0.0,0.0,0.0,0.0,0.0,0.0,0.0,0.0,0.0,0.0,0.0,0.0,2.0,2.0,0.2,0.36,0.0,0.0,10.0,10.0,1.0,1.8,0.0,0.0,10.0,10.0,1.2,1.92,0.0,10.32,34.81,24.49,22.825,2.501000000000001,22.89,0.0,0.0,0.0,0.0,0.0,0.0,0.0,0.5953947,0.5953947,0.05953947,0.107171046,0.0,194.0,225.0,31.0,197.1,5.579999999999996,194.0
Nb15 Ni52.5 Pd12.5 Zr20,28.0,46.0,18.0,34.6,6.93,28.0,44.0,62.0,18.0,55.625,7.2375,61.0,58.6934,106.42,47.726600000000005,76.297292,18.4840866,58.6934,1728.0,2750.0,1022.0,1973.80625,294.5356250000001,1728.0,4.0,10.0,6.0,8.05,2.535,10.0,4.0,5.0,1.0,4.475,0.49875,4.0,124.0,175.0,51.0,142.075,19.747499999999995,124.0,1.33,2.2,0.8700000000000001,1.78375,0.2366249999999999,1.91,0.0,2.0,2.0,1.6,0.58,2.0,0.0,0.0,0.0,0.0,0.0,0.0,2.0,10.0,8.0,6.45,2.515,8.0,0.0,0.0,0.0,0.0,0.0,0.0,4.0,10.0,6.0,8.05,2.535,10.0,0.0,1.0,1.0,0.15,0.255,0.0,0.0,0.0,0.0,0.0,0.0,0.0,0.0,8.0,8.0,3.55,2.515,2.0,0.0,0.0,0.0,0.0,0.0,0.0,0.0,8.0,8.0,3.7,2.71,2.0,10.32,23.195,12.875,14.58525,4.522325,10.32,0.0,0.0,0.0,0.0,0.0,0.0,0.0,0.5953947,0.5953947,0.3125822175,0.2969531066249999,0.5953947,194.0,229.0,35.0,219.4,10.159999999999998,225.0
Nb15 Ni55 Pd10 Zr20,28.0,46.0,18.0,34.15,6.765,28.0,44.0,62.0,18.0,55.6,7.22,61.0,58.6934,106.42,47.726600000000005,75.10412699999999,18.0517997,58.6934,1728.0,2750.0,1022.0,1971.305,296.28650000000005,1728.0,4.0,10.0,6.0,8.05,2.535,10.0,4.0,5.0,1.0,4.45,0.495,4.0,124.0,175.0,51.0,141.7,20.01,124.0,1.33,2.2,0.8700000000000001,1.7765,0.2315499999999999,1.91,0.0,2.0,2.0,1.65,0.525,2.0,0.0,0.0,0.0,0.0,0.0,0.0,2.0,10.0,8.0,6.4,2.48,8.0,0.0,0.0,0.0,0.0,0.0,0.0,4.0,10.0,6.0,8.05,2.535,10.0,0.0,1.0,1.0,0.15,0.255,0.0,0.0,0.0,0.0,0.0,0.0,0.0,0.0,8.0,8.0,3.6,2.48,2.0,0.0,0.0,0.0,0.0,0.0,0.0,0.0,8.0,8.0,3.75,2.675,2.0,10.32,23.195,12.875,14.483,4.5939,10.32,0.0,0.0,0.0,0.0,0.0,0.0,0.0,0.5953947,0.5953947,0.327467085,0.2947203765,0.5953947,194.0,229.0,35.0,219.4,10.159999999999997,225.0
Nb15 Ni57.5 Pd7.5 Zr20,28.0,46.0,18.0,33.7,6.555,28.0,44.0,62.0,18.0,55.575,7.2025,61.0,58.6934,106.42,47.726600000000005,73.910962,17.5001963,58.6934,1728.0,2750.0,1022.0,1968.80375,298.03737500000005,1728.0,4.0,10.0,6.0,8.05,2.535,10.0,4.0,5.0,1.0,4.425,0.48875,4.0,124.0,175.0,51.0,141.325,20.2725,124.0,1.33,2.2,0.8700000000000001,1.7692499999999998,0.226475,1.91,0.0,2.0,2.0,1.7,0.465,2.0,0.0,0.0,0.0,0.0,0.0,0.0,2.0,10.0,8.0,6.35,2.445,8.0,0.0,0.0,0.0,0.0,0.0,0.0,4.0,10.0,6.0,8.05,2.535,10.0,0.0,1.0,1.0,0.15,0.255,0.0,0.0,0.0,0.0,0.0,0.0,0.0,0.0,8.0,8.0,3.65,2.445,2.0,0.0,0.0,0.0,0.0,0.0,0.0,0.0,8.0,8.0,3.8,2.64,2.0,10.32,23.195,12.875,14.38075,4.6698625,10.32,0.0,0.0,0.0,0.0,0.0,0.0,0.0,0.5953947,0.5953947,0.3423519525,0.290999159625,0.5953947,194.0,229.0,35.0,219.4,10.159999999999997,225.0
Nb15 Ni60 Pd5 Zr20,28.0,46.0,18.0,33.25,6.3,28.0,44.0,62.0,18.0,55.55,7.185,61.0,58.6934,106.42,47.726600000000005,72.717797,16.829276400000005,58.6934,1728.0,2750.0,1022.0,1966.3025,299.78825000000006,1728.0,4.0,10.0,6.0,8.05,2.535,10.0,4.0,5.0,1.0,4.4,0.4800000000000001,4.0,124.0,175.0,51.0,140.95,20.535,124.0,1.33,2.2,0.8700000000000001,1.7619999999999998,0.2213999999999999,1.91,0.0,2.0,2.0,1.75,0.4,2.0,0.0,0.0,0.0,0.0,0.0,0.0,2.0,10.0,8.0,6.3,2.41,8.0,0.0,0.0,0.0,0.0,0.0,0.0,4.0,10.0,6.0,8.05,2.535,10.0,0.0,1.0,1.0,0.15,0.255,0.0,0.0,0.0,0.0,0.0,0.0,0.0,0.0,8.0,8.0,3.7,2.41,2.0,0.0,0.0,0.0,0.0,0.0,0.0,0.0,8.0,8.0,3.85,2.605,2.0,10.32,23.195,12.875,14.2785,4.7502,10.32,0.0,0.0,0.0,0.0,0.0,0.0,0.0,0.5953947,0.5953947,0.35723682,0.285789456,0.5953947,194.0,229.0,35.0,219.4,10.159999999999997,225.0
Nb15 Ni60 Zr25,28.0,41.0,13.0,32.95,5.94,28.0,44.0,61.0,17.0,54.65,7.62,61.0,58.6934,92.90638,34.21298,71.95799699999999,15.917516400000002,58.6934,1728.0,2750.0,1022.0,1981.3,303.96,1728.0,4.0,10.0,6.0,7.75,2.7,10.0,4.0,5.0,1.0,4.4,0.4800000000000001,4.0,124.0,175.0,51.0,142.75,22.5,124.0,1.33,1.91,0.5799999999999998,1.7185,0.2297999999999999,1.91,1.0,2.0,1.0,1.85,0.2549999999999999,2.0,0.0,0.0,0.0,0.0,0.0,0.0,2.0,8.0,6.0,5.9,2.52,8.0,0.0,0.0,0.0,0.0,0.0,0.0,4.0,10.0,6.0,7.75,2.7,10.0,0.0,1.0,1.0,0.15,0.255,0.0,0.0,0.0,0.0,0.0,0.0,0.0,2.0,8.0,6.0,4.1,2.52,2.0,0.0,0.0,0.0,0.0,0.0,0.0,2.0,8.0,6.0,4.25,2.7,2.0,10.32,23.195,12.875,14.71775,5.2773,10.32,0.0,0.0,0.0,0.0,0.0,0.0,0.0,0.5953947,0.5953947,0.35723682,0.285789456,0.5953947,194.0,229.0,35.0,217.85,11.925000000000004,225.0
Nb15 Ni62.5 Pd2.5 Zr20,28.0,46.0,18.0,32.8,6.0,28.0,44.0,62.0,18.0,55.525,7.167500000000001,61.0,58.6934,106.42,47.726600000000005,71.524632,16.03904,58.6934,1728.0,2750.0,1022.0,1963.80125,301.539125,1728.0,4.0,10.0,6.0,8.05,2.535,10.0,4.0,5.0,1.0,4.375,0.46875,4.0,124.0,175.0,51.0,140.575,20.7975,124.0,1.33,2.2,0.8700000000000001,1.75475,0.2163249999999999,1.91,0.0,2.0,2.0,1.8,0.3299999999999999,2.0,0.0,0.0,0.0,0.0,0.0,0.0,2.0,10.0,8.0,6.25,2.375,8.0,0.0,0.0,0.0,0.0,0.0,0.0,4.0,10.0,6.0,8.05,2.535,10.0,0.0,1.0,1.0,0.15,0.255,0.0,0.0,0.0,0.0,0.0,0.0,0.0,0.0,8.0,8.0,3.75,2.375,2.0,0.0,0.0,0.0,0.0,0.0,0.0,0.0,8.0,8.0,3.9,2.57,2.0,10.32,23.195,12.875,14.17625,4.8203125,10.32,0.0,0.0,0.0,0.0,0.0,0.0,0.0,0.5953947,0.5953947,0.3721216875,0.279091265625,0.5953947,194.0,229.0,35.0,219.4,10.159999999999997,225.0
Nb20 Ni60 Zr20,28.0,41.0,13.0,33.0,6.0,28.0,44.0,61.0,17.0,54.8,7.44,61.0,58.6934,92.90638,34.21298,72.04211600000001,16.018459200000002,58.6934,1728.0,2750.0,1022.0,2012.4,341.2800000000001,1728.0,4.0,10.0,6.0,7.8,2.64,10.0,4.0,5.0,1.0,4.4,0.4800000000000001,4.0,124.0,175.0,51.0,142.2,21.84,124.0,1.33,1.91,0.5799999999999998,1.732,0.2135999999999999,1.91,1.0,2.0,1.0,1.8,0.3199999999999999,2.0,0.0,0.0,0.0,0.0,0.0,0.0,2.0,8.0,6.0,6.0,2.4,8.0,0.0,0.0,0.0,0.0,0.0,0.0,4.0,10.0,6.0,7.8,2.64,10.0,0.0,1.0,1.0,0.2,0.32,0.0,0.0,0.0,0.0,0.0,0.0,0.0,2.0,8.0,6.0,4.0,2.4,2.0,0.0,0.0,0.0,0.0,0.0,0.0,2.0,8.0,6.0,4.2,2.64,2.0,10.32,23.195,12.875,14.467,4.976400000000001,10.32,0.0,0.0,0.0,0.0,0.0,0.0,0.0,0.5953947,0.5953947,0.35723682,0.285789456,0.5953947,194.0,229.0,35.0,219.6,10.240000000000004,225.0
Nb25 Ni60 Zr15,28.0,41.0,13.0,33.05,6.059999999999999,28.0,44.0,61.0,17.0,54.95,7.26,61.0,58.6934,92.90638,34.21298,72.126235,16.119402,58.6934,1728.0,2750.0,1022.0,2043.5,378.6,1728.0,4.0,10.0,6.0,7.85,2.58,10.0,4.0,5.0,1.0,4.4,0.4800000000000001,4.0,124.0,175.0,51.0,141.65,21.180000000000003,124.0,1.33,1.91,0.5799999999999998,1.7455,0.1973999999999999,1.91,1.0,2.0,1.0,1.75,0.375,2.0,0.0,0.0,0.0,0.0,0.0,0.0,2.0,8.0,6.0,6.1,2.28,8.0,0.0,0.0,0.0,0.0,0.0,0.0,4.0,10.0,6.0,7.85,2.58,10.0,0.0,1.0,1.0,0.25,0.375,0.0,0.0,0.0,0.0,0.0,0.0,0.0,2.0,8.0,6.0,3.9,2.28,2.0,0.0,0.0,0.0,0.0,0.0,0.0,2.0,8.0,6.0,4.15,2.58,2.0,10.32,23.195,12.875,14.21625,4.6755,10.32,0.0,0.0,0.0,0.0,0.0,0.0,0.0,0.5953947,0.5953947,0.35723682,0.285789456,0.5953947,194.0,229.0,35.0,221.35,8.205000000000004,225.0
Nb30 Ni60 Ta10,28.0,73.0,45.0,36.4,10.08,28.0,47.0,61.0,14.0,55.5,6.6,61.0,58.6934,180.94788,122.25448,81.182742,26.9872104,58.6934,1728.0,3290.0,1562.0,2190.8,555.36,1728.0,5.0,10.0,5.0,8.0,2.4,10.0,4.0,6.0,2.0,4.5,0.6,4.0,124.0,170.0,46.0,140.6,19.92,124.0,1.5,1.91,0.4099999999999999,1.776,0.1607999999999999,1.91,1.0,2.0,1.0,1.7,0.42,2.0,0.0,0.0,0.0,0.0,0.0,0.0,3.0,8.0,5.0,6.3,2.04,8.0,0.0,14.0,14.0,1.4,2.52,0.0,5.0,19.0,14.0,9.4,2.64,10.0,0.0,1.0,1.0,0.3,0.42,0.0,0.0,0.0,0.0,0.0,0.0,0.0,2.0,7.0,5.0,3.7,2.04,2.0,0.0,0.0,0.0,0.0,0.0,0.0,2.0,7.0,5.0,4.0,2.4,2.0,10.32,18.18,7.859999999999999,13.458,3.7656,10.32,0.0,0.0,0.0,0.0,0.0,0.0,0.0,0.5953947,0.5953947,0.35723682,0.285789456,0.5953947,225.0,229.0,4.0,226.6,1.9199999999999988,225.0
Nb30 Ni60 Zr10,28.0,41.0,13.0,33.1,6.12,28.0,44.0,61.0,17.0,55.1,7.08,61.0,58.6934,92.90638,34.21298,72.210354,16.220344800000003,58.6934,1728.0,2750.0,1022.0,2074.6,415.92,1728.0,4.0,10.0,6.0,7.9,2.52,10.0,4.0,5.0,1.0,4.4,0.4800000000000001,4.0,124.0,175.0,51.0,141.1,20.52,124.0,1.33,1.91,0.5799999999999998,1.759,0.1811999999999999,1.91,1.0,2.0,1.0,1.7,0.42,2.0,0.0,0.0,0.0,0.0,0.0,0.0,2.0,8.0,6.0,6.2,2.16,8.0,0.0,0.0,0.0,0.0,0.0,0.0,4.0,10.0,6.0,7.9,2.52,10.0,0.0,1.0,1.0,0.3,0.42,0.0,0.0,0.0,0.0,0.0,0.0,0.0,2.0,8.0,6.0,3.8,2.16,2.0,0.0,0.0,0.0,0.0,0.0,0.0,2.0,8.0,6.0,4.1,2.52,2.0,10.32,23.195,12.875,13.9655,4.3746,10.32,0.0,0.0,0.0,0.0,0.0,0.0,0.0,0.5953947,0.5953947,0.35723682,0.285789456,0.5953947,194.0,229.0,35.0,223.1,5.820000000000005,225.0
Nb30.75 Ni62.25 Sn2 Zr5,28.0,50.0,22.0,33.0375,6.2716875000000005,28.0,44.0,80.0,36.0,56.225,6.895874999999998,61.0,58.6934,118.71,60.0166,72.04075334999999,16.61745492075,58.6934,505.08,2750.0,2244.92,2037.8066,447.01828100000006,1728.0,4.0,14.0,10.0,8.2425,2.4183875,10.0,4.0,5.0,1.0,4.3775,0.4699875,4.0,124.0,175.0,51.0,139.15,18.86775,124.0,1.33,1.96,0.6299999999999999,1.7866749999999998,0.1604726249999999,1.91,1.0,2.0,1.0,1.6925,0.4258875,2.0,0.0,2.0,2.0,0.04,0.0784,0.0,2.0,10.0,8.0,6.51,1.99465,8.0,0.0,0.0,0.0,0.0,0.0,0.0,4.0,14.0,10.0,8.2425,2.4183875,10.0,0.0,1.0,1.0,0.3075,0.4258875,0.0,0.0,4.0,4.0,0.08,0.1568,0.0,0.0,8.0,8.0,3.49,1.99465,2.0,0.0,0.0,0.0,0.0,0.0,0.0,2.0,8.0,6.0,3.8775,2.3374875000000004,2.0,10.32,33.285,22.965,13.839999999999998,4.3824,10.32,0.0,0.0,0.0,0.0,0.0,0.0,0.0,0.5953947,0.5953947,0.37063320075,0.27982806656625,0.5953947,141.0,229.0,88.0,223.0,6.18,225.0
Nb30.75 Ni62.25 Ti2 Zr5,22.0,41.0,19.0,32.4775,5.9935875,28.0,43.0,61.0,18.0,55.485,6.866175000000001,61.0,47.867,92.90638,45.03938,70.62389335,15.76373995475,58.6934,1728.0,2750.0,1022.0,2066.525,426.4846250000001,1728.0,4.0,10.0,6.0,8.0425,2.4370875,10.0,4.0,5.0,1.0,4.3575,0.4593874999999999,4.0,124.0,175.0,51.0,139.57,19.38465,124.0,1.33,1.91,0.5799999999999998,1.778275,0.1639976249999998,1.91,1.0,2.0,1.0,1.6925,0.4258875,2.0,0.0,0.0,0.0,0.0,0.0,0.0,2.0,8.0,6.0,6.35,2.05425,8.0,0.0,0.0,0.0,0.0,0.0,0.0,4.0,10.0,6.0,8.0425,2.4370875,10.0,0.0,1.0,1.0,0.3075,0.4258875,0.0,0.0,0.0,0.0,0.0,0.0,0.0,2.0,8.0,6.0,3.65,2.05425,2.0,0.0,0.0,0.0,0.0,0.0,0.0,2.0,8.0,6.0,3.9575,2.4370875,2.0,10.32,23.195,12.875,13.5081,3.9691845,10.32,0.0,0.0,0.0,0.0,0.0,0.0,0.0,0.5953947,0.5953947,0.3706336514166666,0.27982750548625,0.5953947,194.0,229.0,35.0,224.06,4.208399999999998,225.0
Nb32 Ni62 Zr6,28.0,41.0,13.0,32.88,6.0512000000000015,28.0,44.0,61.0,17.0,55.5,6.82,61.0,58.6934,92.90638,34.21298,71.5933896,15.995987104,58.6934,1728.0,2750.0,1022.0,2079.04,435.2896,1728.0,4.0,10.0,6.0,8.04,2.4304,10.0,4.0,5.0,1.0,4.38,0.4711999999999999,4.0,124.0,175.0,51.0,139.86,19.666400000000003,124.0,1.33,1.91,0.5799999999999998,1.776,0.1661599999999999,1.91,1.0,2.0,1.0,1.68,0.4352,2.0,0.0,0.0,0.0,0.0,0.0,0.0,2.0,8.0,6.0,6.36,2.0336,8.0,0.0,0.0,0.0,0.0,0.0,0.0,4.0,10.0,6.0,8.04,2.4304,10.0,0.0,1.0,1.0,0.32,0.4352,0.0,0.0,0.0,0.0,0.0,0.0,0.0,2.0,8.0,6.0,3.64,2.0336,2.0,0.0,0.0,0.0,0.0,0.0,0.0,2.0,8.0,6.0,3.96,2.4304,2.0,10.32,23.195,12.875,13.6077,4.076747999999999,10.32,0.0,0.0,0.0,0.0,0.0,0.0,0.0,0.5953947,0.5953947,0.369144714,0.28054998264,0.5953947,194.0,229.0,35.0,224.42,3.650400000000011,225.0
Nb32 Ni63 Zr5,28.0,41.0,13.0,32.76,5.9976,28.0,44.0,61.0,17.0,55.67,6.715800000000001,61.0,58.6934,92.90638,34.21298,71.2680836,15.844101336000003,58.6934,1728.0,2750.0,1022.0,2075.04,437.2704,1728.0,4.0,10.0,6.0,8.1,2.394,10.0,4.0,5.0,1.0,4.37,0.4661999999999999,4.0,124.0,175.0,51.0,139.35,19.341,124.0,1.33,1.91,0.5799999999999998,1.7818,0.1615319999999999,1.91,1.0,2.0,1.0,1.68,0.4352,2.0,0.0,0.0,0.0,0.0,0.0,0.0,2.0,8.0,6.0,6.42,1.9908,8.0,0.0,0.0,0.0,0.0,0.0,0.0,4.0,10.0,6.0,8.1,2.394,10.0,0.0,1.0,1.0,0.32,0.4352,0.0,0.0,0.0,0.0,0.0,0.0,0.0,2.0,8.0,6.0,3.58,1.9908,2.0,0.0,0.0,0.0,0.0,0.0,0.0,2.0,8.0,6.0,3.9,2.394,2.0,10.32,23.195,12.875,13.47895,3.980277,10.32,0.0,0.0,0.0,0.0,0.0,0.0,0.0,0.5953947,0.5953947,0.375098661,0.27757300914,0.5953947,194.0,229.0,35.0,224.73,3.0730000000000093,225.0
Nb32.5 Ni62.5 Zr5,28.0,41.0,13.0,32.825,6.03125,28.0,44.0,61.0,17.0,55.6,6.75,61.0,58.6934,92.90638,34.21298,71.4391485,15.932185625000004,58.6934,1728.0,2750.0,1022.0,2080.15,440.1875,1728.0,4.0,10.0,6.0,8.075,2.40625,10.0,4.0,5.0,1.0,4.375,0.46875,4.0,124.0,175.0,51.0,139.55,19.437500000000004,124.0,1.33,1.91,0.5799999999999998,1.78025,0.1621874999999999,1.91,1.0,2.0,1.0,1.675,0.43875,2.0,0.0,0.0,0.0,0.0,0.0,0.0,2.0,8.0,6.0,6.4,2.0,8.0,0.0,0.0,0.0,0.0,0.0,0.0,4.0,10.0,6.0,8.075,2.40625,10.0,0.0,1.0,1.0,0.325,0.43875,0.0,0.0,0.0,0.0,0.0,0.0,0.0,2.0,8.0,6.0,3.6,2.0,2.0,0.0,0.0,0.0,0.0,0.0,0.0,2.0,8.0,6.0,3.925,2.40625,2.0,10.32,23.195,12.875,13.518249999999998,3.9978124999999993,10.32,0.0,0.0,0.0,0.0,0.0,0.0,0.0,0.5953947,0.5953947,0.3721216875,0.279091265625,0.5953947,194.0,229.0,35.0,224.75,3.075,225.0
Nb32.75 Ni62.25 Zr5,28.0,41.0,13.0,32.8575,6.047587500000001,28.0,44.0,61.0,17.0,55.565,6.7665750000000005,61.0,58.6934,92.90638,34.21298,71.52468094999999,15.97494478275,58.6934,1728.0,2750.0,1022.0,2082.705,441.607725,1728.0,4.0,10.0,6.0,8.0625,2.4121875,10.0,4.0,5.0,1.0,4.3775,0.4699875,4.0,124.0,175.0,51.0,139.65,19.484250000000003,124.0,1.33,1.91,0.5799999999999998,1.779475,0.1625036249999999,1.91,1.0,2.0,1.0,1.6725,0.4404875,2.0,0.0,0.0,0.0,0.0,0.0,0.0,2.0,8.0,6.0,6.39,2.00445,8.0,0.0,0.0,0.0,0.0,0.0,0.0,4.0,10.0,6.0,8.0625,2.4121875,10.0,0.0,1.0,1.0,0.3275,0.4404875,0.0,0.0,0.0,0.0,0.0,0.0,0.0,2.0,8.0,6.0,3.61,2.00445,2.0,0.0,0.0,0.0,0.0,0.0,0.0,2.0,8.0,6.0,3.9375,2.4121875,2.0,10.32,23.195,12.875,13.5379,4.0062855,10.32,0.0,0.0,0.0,0.0,0.0,0.0,0.0,0.5953947,0.5953947,0.37063320075,0.27982806656625,0.5953947,194.0,229.0,35.0,224.76,3.076000000000008,225.0
Nb33 Ni61 Zr6,28.0,41.0,13.0,33.01,6.1122000000000005,28.0,44.0,61.0,17.0,55.36,6.880800000000001,61.0,58.6934,92.90638,34.21298,71.9355194,16.155385668,58.6934,1728.0,2750.0,1022.0,2089.26,440.7372,1728.0,4.0,10.0,6.0,7.99,2.4521999999999995,10.0,4.0,5.0,1.0,4.39,0.4757999999999999,4.0,124.0,175.0,51.0,140.26,19.8372,124.0,1.33,1.91,0.5799999999999998,1.7729,0.1672619999999999,1.91,1.0,2.0,1.0,1.67,0.4422,2.0,0.0,0.0,0.0,0.0,0.0,0.0,2.0,8.0,6.0,6.32,2.0496,8.0,0.0,0.0,0.0,0.0,0.0,0.0,4.0,10.0,6.0,7.99,2.4521999999999995,10.0,0.0,1.0,1.0,0.33,0.4422,0.0,0.0,0.0,0.0,0.0,0.0,0.0,2.0,8.0,6.0,3.68,2.0496,2.0,0.0,0.0,0.0,0.0,0.0,0.0,2.0,8.0,6.0,4.01,2.4521999999999995,2.0,10.32,23.195,12.875,13.6863,4.106885999999999,10.32,0.0,0.0,0.0,0.0,0.0,0.0,0.0,0.5953947,0.5953947,0.363190767,0.28328879826,0.5953947,194.0,229.0,35.0,224.46,3.655199999999993,225.0
Nb33 Ni62 Zr5,28.0,41.0,13.0,32.89,6.0636,28.0,44.0,61.0,17.0,55.53,6.782799999999998,61.0,58.6934,92.90638,34.21298,71.61021339999999,16.016848615999997,58.6934,1728.0,2750.0,1022.0,2085.26,443.0024000000001,1728.0,4.0,10.0,6.0,8.05,2.418,10.0,4.0,5.0,1.0,4.38,0.4711999999999999,4.0,124.0,175.0,51.0,139.75,19.53,124.0,1.33,1.91,0.5799999999999998,1.7787,0.1628119999999999,1.91,1.0,2.0,1.0,1.67,0.4422,2.0,0.0,0.0,0.0,0.0,0.0,0.0,2.0,8.0,6.0,6.38,2.0088000000000004,8.0,0.0,0.0,0.0,0.0,0.0,0.0,4.0,10.0,6.0,8.05,2.418,10.0,0.0,1.0,1.0,0.33,0.4422,0.0,0.0,0.0,0.0,0.0,0.0,0.0,2.0,8.0,6.0,3.62,2.0088000000000004,2.0,0.0,0.0,0.0,0.0,0.0,0.0,2.0,8.0,6.0,3.95,2.418,2.0,10.32,23.195,12.875,13.55755,4.014562,10.32,0.0,0.0,0.0,0.0,0.0,0.0,0.0,0.5953947,0.5953947,0.369144714,0.28054998264,0.5953947,194.0,229.0,35.0,224.77,3.07699999999999,225.0
Nb33 Ni63 Zr4,28.0,41.0,13.0,32.77,6.010200000000001,28.0,44.0,61.0,17.0,55.7,6.678,61.0,58.6934,92.90638,34.21298,71.2849074,15.865299324000002,58.6934,1728.0,2750.0,1022.0,2081.26,445.1076000000001,1728.0,4.0,10.0,6.0,8.11,2.3814,10.0,4.0,5.0,1.0,4.37,0.4662,4.0,124.0,175.0,51.0,139.24,19.2024,124.0,1.33,1.91,0.5799999999999998,1.7845,0.1581299999999999,1.91,1.0,2.0,1.0,1.67,0.4422,2.0,0.0,0.0,0.0,0.0,0.0,0.0,2.0,8.0,6.0,6.44,1.9656,8.0,0.0,0.0,0.0,0.0,0.0,0.0,4.0,10.0,6.0,8.11,2.3814,10.0,0.0,1.0,1.0,0.33,0.4422,0.0,0.0,0.0,0.0,0.0,0.0,0.0,2.0,8.0,6.0,3.56,1.9656,2.0,0.0,0.0,0.0,0.0,0.0,0.0,2.0,8.0,6.0,3.89,2.3814,2.0,10.32,23.195,12.875,13.4288,3.9170879999999992,10.32,0.0,0.0,0.0,0.0,0.0,0.0,0.0,0.5953947,0.5953947,0.375098661,0.27757300914,0.5953947,194.0,229.0,35.0,225.08,2.587200000000004,225.0
Nb33.6 Ni59.5 Sn6.9,28.0,50.0,22.0,33.886,7.004340000000001,28.0,47.0,80.0,33.0,57.607,7.127904000000001,61.0,58.6934,118.71,60.0166,74.33010668,18.6076809492,58.6934,505.08,2750.0,2244.92,1987.01052,512.72893056,1728.0,5.0,14.0,9.0,8.596,2.416512,10.0,4.0,5.0,1.0,4.405,0.4819500000000001,4.0,124.0,164.0,40.0,138.47500000000002,17.225250000000006,124.0,1.6,1.96,0.3599999999999999,1.80929,0.1406428799999999,1.91,1.0,2.0,1.0,1.664,0.4462079999999999,2.0,0.0,2.0,2.0,0.138,0.256956,0.0,4.0,10.0,6.0,6.794,1.877568,8.0,0.0,0.0,0.0,0.0,0.0,0.0,5.0,14.0,9.0,8.596,2.416512,10.0,0.0,1.0,1.0,0.336,0.446208,0.0,0.0,4.0,4.0,0.276,0.513912,0.0,0.0,6.0,6.0,3.2060000000000004,1.877568,2.0,0.0,0.0,0.0,0.0,0.0,0.0,2.0,7.0,5.0,3.818000000000001,2.1634200000000003,2.0,10.32,33.285,22.965,14.545545,5.02839855,10.32,0.0,0.0,0.0,0.0,0.0,0.0,0.0,0.5953947,0.5953947,0.3542598465,0.286950475665,0.5953947,141.0,229.0,88.0,220.54800000000003,10.977623999999974,225.0
Nb34 Ni61 Zr5,28.0,41.0,13.0,33.02,6.1244000000000005,28.0,44.0,61.0,17.0,55.39,6.844200000000001,61.0,58.6934,92.90638,34.21298,71.9523432,16.175910704,58.6934,1728.0,2750.0,1022.0,2095.48,448.32560000000007,1728.0,4.0,10.0,6.0,8.0,2.44,10.0,4.0,5.0,1.0,4.39,0.4757999999999999,4.0,124.0,175.0,51.0,140.15,19.703000000000003,124.0,1.33,1.91,0.5799999999999998,1.7756,0.1639679999999999,1.91,1.0,2.0,1.0,1.66,0.4488000000000001,2.0,0.0,0.0,0.0,0.0,0.0,0.0,2.0,8.0,6.0,6.34,2.0252,8.0,0.0,0.0,0.0,0.0,0.0,0.0,4.0,10.0,6.0,8.0,2.44,10.0,0.0,1.0,1.0,0.34,0.4488,0.0,0.0,0.0,0.0,0.0,0.0,0.0,2.0,8.0,6.0,3.66,2.0252,2.0,0.0,0.0,0.0,0.0,0.0,0.0,2.0,8.0,6.0,4.0,2.44,2.0,10.32,23.195,12.875,13.636149999999995,4.045703,10.32,0.0,0.0,0.0,0.0,0.0,0.0,0.0,0.5953947,0.5953947,0.363190767,0.28328879826,0.5953947,194.0,229.0,35.0,224.81,3.0809999999999977,225.0
Nb34 Ni62 Zr4,28.0,41.0,13.0,32.9,6.075999999999999,28.0,44.0,61.0,17.0,55.56,6.7456,61.0,58.6934,92.90638,34.21298,71.62703719999999,16.037710128,58.6934,1728.0,2750.0,1022.0,2091.48,450.7152,1728.0,4.0,10.0,6.0,8.06,2.4056,10.0,4.0,5.0,1.0,4.38,0.4712,4.0,124.0,175.0,51.0,139.64,19.3936,124.0,1.33,1.91,0.5799999999999998,1.7814,0.1594639999999999,1.91,1.0,2.0,1.0,1.66,0.4488,2.0,0.0,0.0,0.0,0.0,0.0,0.0,2.0,8.0,6.0,6.4,1.984,8.0,0.0,0.0,0.0,0.0,0.0,0.0,4.0,10.0,6.0,8.06,2.4056,10.0,0.0,1.0,1.0,0.34,0.4488,0.0,0.0,0.0,0.0,0.0,0.0,0.0,2.0,8.0,6.0,3.6,1.984,2.0,0.0,0.0,0.0,0.0,0.0,0.0,2.0,8.0,6.0,3.94,2.4056,2.0,10.32,23.195,12.875,13.5074,3.952376000000001,10.32,0.0,0.0,0.0,0.0,0.0,0.0,0.0,0.5953947,0.5953947,0.369144714,0.28054998264,0.5953947,194.0,229.0,35.0,225.12,2.6384000000000016,225.0
Nb34.45 Ni59.35 Sn6.2,28.0,50.0,22.0,33.842499999999994,6.935047499999997,28.0,47.0,80.0,33.0,57.35499999999999,7.134595000000003,61.0,58.6934,118.71,60.0166,74.20080080999999,18.40728476147,58.6934,505.08,2750.0,2244.92,2004.25796,513.81626556,1728.0,5.0,14.0,9.0,8.5255,2.4290695,10.0,4.0,5.0,1.0,4.406499999999999,0.4825154999999998,4.0,124.0,164.0,40.0,138.70999999999998,17.460769999999997,124.0,1.6,1.96,0.3599999999999999,1.806305,0.142144145,1.91,1.0,2.0,1.0,1.6555,0.4516394999999999,2.0,0.0,2.0,2.0,0.1239999999999999,0.2326239999999999,0.0,4.0,10.0,6.0,6.746,1.891994,8.0,0.0,0.0,0.0,0.0,0.0,0.0,5.0,14.0,9.0,8.5255,2.4290695,10.0,0.0,1.0,1.0,0.3445,0.4516394999999999,0.0,0.0,4.0,4.0,0.2479999999999999,0.4652479999999999,0.0,0.0,6.0,6.0,3.254,1.891994,2.0,0.0,0.0,0.0,0.0,0.0,0.0,2.0,7.0,5.0,3.8465,2.1917955,2.0,10.32,33.285,22.965,14.4516,4.904209199999999,10.32,0.0,0.0,0.0,0.0,0.0,0.0,0.0,0.5953947,0.5953947,0.35336675445,0.28728717136785,0.5953947,141.0,229.0,88.0,221.17,9.941079999999983,225.0
Nb35 Ni59 Sn6,28.0,50.0,22.0,33.87,6.9266,28.0,47.0,80.0,33.0,57.24,7.167999999999999,61.0,58.6934,118.71,60.0166,74.268939,18.37913602,58.6934,505.08,2750.0,2244.92,2012.3248,516.37264,1728.0,5.0,14.0,9.0,8.49,2.443,10.0,4.0,5.0,1.0,4.41,0.4838,4.0,124.0,164.0,40.0,138.9,17.582,124.0,1.6,1.96,0.3599999999999999,1.8045,0.1431499999999999,1.91,1.0,2.0,1.0,1.65,0.455,2.0,0.0,2.0,2.0,0.12,0.2256,0.0,4.0,10.0,6.0,6.72,1.904,8.0,0.0,0.0,0.0,0.0,0.0,0.0,5.0,14.0,9.0,8.49,2.443,10.0,0.0,1.0,1.0,0.35,0.455,0.0,0.0,4.0,4.0,0.24,0.4512,0.0,0.0,6.0,6.0,3.28,1.904,2.0,0.0,0.0,0.0,0.0,0.0,0.0,2.0,7.0,5.0,3.87,2.2066,2.0,10.32,33.285,22.965,14.448899999999998,4.872101999999999,10.32,0.0,0.0,0.0,0.0,0.0,0.0,0.0,0.5953947,0.5953947,0.351282873,0.28805195586,0.5953947,141.0,229.0,88.0,221.36,9.643199999999988,225.0
Nb35 Ni60 Sn5,28.0,50.0,22.0,33.65,6.78,28.0,47.0,80.0,33.0,57.05,7.035,61.0,58.6934,118.71,60.0166,73.668773,17.970447600000004,58.6934,505.08,2750.0,2244.92,2024.554,507.8122,1728.0,5.0,14.0,9.0,8.45,2.415,10.0,4.0,5.0,1.0,4.4,0.4800000000000001,4.0,124.0,164.0,40.0,138.75,17.7,124.0,1.6,1.96,0.3599999999999999,1.804,0.1427999999999999,1.91,1.0,2.0,1.0,1.65,0.455,2.0,0.0,2.0,2.0,0.1,0.19,0.0,4.0,10.0,6.0,6.7,1.89,8.0,0.0,0.0,0.0,0.0,0.0,0.0,5.0,14.0,9.0,8.45,2.415,10.0,0.0,1.0,1.0,0.35,0.455,0.0,0.0,4.0,4.0,0.2,0.38,0.0,0.0,6.0,6.0,3.3,1.89,2.0,0.0,0.0,0.0,0.0,0.0,0.0,2.0,7.0,5.0,3.85,2.22,2.0,10.32,33.285,22.965,14.21925,4.6791,10.32,0.0,0.0,0.0,0.0,0.0,0.0,0.0,0.5953947,0.5953947,0.35723682,0.285789456,0.5953947,141.0,229.0,88.0,222.2,8.12000000000001,225.0
Nb35 Ni60 Zr5,28.0,41.0,13.0,33.15,6.18,28.0,44.0,61.0,17.0,55.25,6.9,61.0,58.6934,92.90638,34.21298,72.294473,16.3212876,58.6934,1728.0,2750.0,1022.0,2105.7,453.24,1728.0,4.0,10.0,6.0,7.95,2.46,10.0,4.0,5.0,1.0,4.4,0.4800000000000001,4.0,124.0,175.0,51.0,140.55,19.860000000000003,124.0,1.33,1.91,0.5799999999999998,1.7725,0.1649999999999999,1.91,1.0,2.0,1.0,1.65,0.455,2.0,0.0,0.0,0.0,0.0,0.0,0.0,2.0,8.0,6.0,6.3,2.04,8.0,0.0,0.0,0.0,0.0,0.0,0.0,4.0,10.0,6.0,7.95,2.46,10.0,0.0,1.0,1.0,0.35,0.455,0.0,0.0,0.0,0.0,0.0,0.0,0.0,2.0,8.0,6.0,3.7,2.04,2.0,0.0,0.0,0.0,0.0,0.0,0.0,2.0,8.0,6.0,4.05,2.46,2.0,10.32,23.195,12.875,13.71475,4.073699999999999,10.32,0.0,0.0,0.0,0.0,0.0,0.0,0.0,0.5953947,0.5953947,0.35723682,0.285789456,0.5953947,194.0,229.0,35.0,224.85,3.0850000000000053,225.0
Nb35 Ni62 Sn3,28.0,50.0,22.0,33.21,6.460400000000001,28.0,47.0,80.0,33.0,56.67,6.769,61.0,58.6934,118.71,60.0166,72.468441,17.08105084,58.6934,505.08,2750.0,2244.92,2049.0124,490.6913200000001,1728.0,5.0,14.0,9.0,8.37,2.3590000000000004,10.0,4.0,5.0,1.0,4.38,0.4711999999999999,4.0,124.0,164.0,40.0,138.45,17.917999999999996,124.0,1.6,1.96,0.3599999999999999,1.803,0.1420999999999998,1.91,1.0,2.0,1.0,1.65,0.455,2.0,0.0,2.0,2.0,0.06,0.1164,0.0,4.0,10.0,6.0,6.66,1.862,8.0,0.0,0.0,0.0,0.0,0.0,0.0,5.0,14.0,9.0,8.37,2.3590000000000004,10.0,0.0,1.0,1.0,0.35,0.455,0.0,0.0,4.0,4.0,0.12,0.2328,0.0,0.0,6.0,6.0,3.34,1.862,2.0,0.0,0.0,0.0,0.0,0.0,0.0,2.0,7.0,5.0,3.81,2.2444,2.0,10.32,33.285,22.965,13.759949999999998,4.265537999999999,10.32,0.0,0.0,0.0,0.0,0.0,0.0,0.0,0.5953947,0.5953947,0.369144714,0.28054998264,0.5953947,141.0,229.0,88.0,223.88,4.972800000000004,225.0
Nb37 Ni60 Sn3,28.0,50.0,22.0,33.47,6.564,28.0,47.0,80.0,33.0,56.39,6.9486,61.0,58.6934,118.71,60.0166,73.1527006,17.35116072,58.6934,505.08,2750.0,2244.92,2069.4524,503.605224,1728.0,5.0,14.0,9.0,8.27,2.4198000000000004,10.0,4.0,5.0,1.0,4.4,0.4800000000000001,4.0,124.0,164.0,40.0,139.25,18.315,124.0,1.6,1.96,0.3599999999999999,1.7968000000000002,0.1456319999999998,1.91,1.0,2.0,1.0,1.63,0.4662,2.0,0.0,2.0,2.0,0.06,0.1164,0.0,4.0,10.0,6.0,6.58,1.9092,8.0,0.0,0.0,0.0,0.0,0.0,0.0,5.0,14.0,9.0,8.27,2.4198000000000004,10.0,0.0,1.0,1.0,0.37,0.4661999999999999,0.0,0.0,4.0,4.0,0.12,0.2328,0.0,0.0,6.0,6.0,3.42,1.9092,2.0,0.0,0.0,0.0,0.0,0.0,0.0,2.0,7.0,5.0,3.91,2.2920000000000003,2.0,10.32,33.285,22.965,13.91715,4.316579999999999,10.32,0.0,0.0,0.0,0.0,0.0,0.0,0.0,0.5953947,0.5953947,0.35723682,0.285789456,0.5953947,141.0,229.0,88.0,223.96,4.977599999999993,225.0
Nb40 Ni60,28.0,41.0,13.0,33.2,6.24,28.0,47.0,61.0,14.0,55.4,6.72,61.0,58.6934,92.90638,34.21298,72.378592,16.4222304,58.6934,1728.0,2750.0,1022.0,2136.8,490.56,1728.0,5.0,10.0,5.0,8.0,2.4,10.0,4.0,5.0,1.0,4.4,0.4800000000000001,4.0,124.0,164.0,40.0,140.0,19.2,124.0,1.6,1.91,0.3099999999999998,1.786,0.1487999999999999,1.91,1.0,2.0,1.0,1.6,0.48,2.0,0.0,0.0,0.0,0.0,0.0,0.0,4.0,8.0,4.0,6.4,1.92,8.0,0.0,0.0,0.0,0.0,0.0,0.0,5.0,10.0,5.0,8.0,2.4,10.0,0.0,1.0,1.0,0.4,0.48,0.0,0.0,0.0,0.0,0.0,0.0,0.0,2.0,6.0,4.0,3.6,1.92,2.0,0.0,0.0,0.0,0.0,0.0,0.0,2.0,7.0,5.0,4.0,2.4,2.0,10.32,18.18,7.859999999999999,13.464,3.7728,10.32,0.0,0.0,0.0,0.0,0.0,0.0,0.0,0.5953947,0.5953947,0.35723682,0.285789456,0.5953947,225.0,229.0,4.0,226.6,1.9199999999999988,225.0
Ni16 P20 Pd64,15.0,46.0,31.0,36.92,11.6224,46.0,61.0,83.0,22.0,66.04,6.784000000000003,62.0,30.973762,106.42,75.446238,83.6944964,29.088644608,106.42,317.3,1828.05,1510.75,1509.892,477.0367999999999,1828.05,10.0,15.0,5.0,11.0,1.6,10.0,3.0,5.0,2.0,4.44,0.7167999999999999,5.0,107.0,139.0,32.0,130.2,11.264000000000005,139.0,1.91,2.2,0.2900000000000002,2.1516,0.0773119999999999,2.2,0.0,2.0,2.0,0.72,0.9216,0.0,0.0,3.0,3.0,0.6,0.96,0.0,0.0,10.0,10.0,7.68,3.0720000000000005,10.0,0.0,0.0,0.0,0.0,0.0,0.0,5.0,10.0,5.0,9.0,1.6,10.0,0.0,0.0,0.0,0.0,0.0,0.0,0.0,3.0,3.0,0.6,0.96,0.0,0.0,2.0,2.0,0.32,0.5376000000000001,0.0,0.0,0.0,0.0,0.0,0.0,0.0,0.0,3.0,3.0,0.92,1.1776,0.0,10.32,22.5702380952,12.2502380952,15.38764761904,2.873036190464,14.41,0.0,1.625,1.625,0.325,0.52,0.0,0.0,0.5953947,0.5953947,0.095263152,0.16004209536,0.0,2.0,225.0,223.0,180.4,71.36,225.0
Ni34 Ti21 Zr45,22.0,40.0,18.0,32.14,7.074000000000001,40.0,43.0,61.0,18.0,49.57,7.7724,44.0,47.867,91.224,43.357000000000006,71.058626,18.148836600000003,91.224,1728.0,2128.0,400.0,1952.73,157.74300000000002,2128.0,4.0,10.0,6.0,6.04,2.6928,4.0,4.0,5.0,1.0,4.45,0.495,5.0,124.0,175.0,51.0,154.51,20.746800000000004,175.0,1.33,1.91,0.5799999999999998,1.5713,0.2303159999999999,1.33,2.0,2.0,0.0,2.0,0.0,2.0,0.0,0.0,0.0,0.0,0.0,0.0,2.0,8.0,6.0,4.04,2.6928,2.0,0.0,0.0,0.0,0.0,0.0,0.0,4.0,10.0,6.0,6.04,2.6928,4.0,0.0,0.0,0.0,0.0,0.0,0.0,0.0,0.0,0.0,0.0,0.0,0.0,2.0,8.0,6.0,5.96,2.6928,8.0,0.0,0.0,0.0,0.0,0.0,0.0,2.0,8.0,6.0,5.96,2.6928,8.0,10.32,23.195,12.875,17.45145,5.169194999999999,23.195,0.0,0.0,0.0,0.0,0.0,0.0,0.0,0.5953947,0.5953947,0.20243893,0.2672099236,0.0,194.0,225.0,31.0,204.54,13.912799999999995,194.0
Ni36 Pd36 S28,16.0,46.0,30.0,31.12,10.7136,28.0,61.0,88.0,27.0,68.92,10.6848,61.0,32.065,106.42,74.355,68.419024,27.36070272,58.6934,388.36,1828.05,1439.69,1388.9188,560.3129279999999,1728.0,10.0,16.0,6.0,11.68,2.4192,10.0,3.0,5.0,2.0,4.08,0.6624000000000001,4.0,105.0,139.0,34.0,124.08,10.7424,124.0,1.91,2.58,0.6700000000000002,2.202,0.2116799999999999,1.91,0.0,2.0,2.0,1.28,0.9216,0.0,0.0,4.0,4.0,1.12,1.6128000000000002,0.0,0.0,10.0,10.0,6.48,3.6288,8.0,0.0,0.0,0.0,0.0,0.0,0.0,6.0,10.0,4.0,8.88,1.6127999999999998,10.0,0.0,0.0,0.0,0.0,0.0,0.0,0.0,2.0,2.0,0.56,0.8064000000000001,0.0,0.0,2.0,2.0,0.72,0.9216,0.0,0.0,0.0,0.0,0.0,0.0,0.0,0.0,2.0,2.0,1.28,0.9216,0.0,10.32,25.786875,15.466874999999998,16.123125,5.411700000000001,10.32,0.0,2.202,2.202,0.61656,0.8878463999999999,0.0,0.0,0.5953947,0.5953947,0.214342092,0.27435787776,0.0,70.0,225.0,155.0,181.6,62.496,225.0
Ni37 Pd37 S26,16.0,46.0,30.0,31.54,10.7004,28.0,61.0,88.0,27.0,68.39,10.1972,61.0,32.065,106.42,74.355,69.42885799999999,27.37344508,58.6934,388.36,1828.05,1439.69,1416.7120999999995,534.743092,1728.0,10.0,16.0,6.0,11.56,2.3088,10.0,3.0,5.0,2.0,4.11,0.6586000000000002,4.0,105.0,139.0,34.0,124.61,10.648600000000002,124.0,1.91,2.58,0.6700000000000002,2.1915,0.2083100000000002,1.91,0.0,2.0,2.0,1.26,0.9324,0.0,0.0,4.0,4.0,1.04,1.5392,0.0,0.0,10.0,10.0,6.66,3.4632,8.0,0.0,0.0,0.0,0.0,0.0,0.0,6.0,10.0,4.0,8.96,1.5391999999999997,10.0,0.0,0.0,0.0,0.0,0.0,0.0,0.0,2.0,2.0,0.52,0.7696000000000001,0.0,0.0,2.0,2.0,0.74,0.9324,0.0,0.0,0.0,0.0,0.0,0.0,0.0,0.0,2.0,2.0,1.26,0.9324,0.0,10.32,25.786875,15.466874999999998,15.8546875,5.1647375,10.32,0.0,2.202,2.202,0.5725199999999999,0.8473295999999999,0.0,0.0,0.5953947,0.5953947,0.220296039,0.27757300914,0.0,70.0,225.0,155.0,184.7,59.644000000000005,225.0
Ni38 Pd38 S24,16.0,46.0,30.0,31.96,10.6704,28.0,61.0,88.0,27.0,67.86,9.6672,61.0,32.065,106.42,74.355,70.43869199999999,27.34579408,58.6934,388.36,1828.05,1439.69,1444.5053999999998,506.9497920000002,1728.0,10.0,16.0,6.0,11.44,2.1888,10.0,3.0,5.0,2.0,4.14,0.6535999999999998,4.0,105.0,139.0,34.0,125.14,10.533600000000002,124.0,1.91,2.58,0.6700000000000002,2.181,0.2059600000000001,1.91,0.0,2.0,2.0,1.24,0.9424,0.0,0.0,4.0,4.0,0.96,1.4592,0.0,0.0,10.0,10.0,6.84,3.2832000000000003,8.0,0.0,0.0,0.0,0.0,0.0,0.0,6.0,10.0,4.0,9.04,1.4592000000000005,10.0,0.0,0.0,0.0,0.0,0.0,0.0,0.0,2.0,2.0,0.48,0.7296,0.0,0.0,2.0,2.0,0.76,0.9424,0.0,0.0,0.0,0.0,0.0,0.0,0.0,0.0,2.0,2.0,1.24,0.9424,0.0,10.32,25.786875,15.466874999999998,15.58625,4.896299999999999,10.32,0.0,2.202,2.202,0.52848,0.8032895999999999,0.0,0.0,0.5953947,0.5953947,0.226249986,0.28054998264,0.0,70.0,225.0,155.0,187.8,56.544,225.0
Ni40 P20 Pd40,15.0,46.0,31.0,32.6,10.72,28.0,61.0,83.0,22.0,65.8,6.879999999999999,61.0,30.973762,106.42,75.446238,72.2401124,27.343910080000004,58.6934,317.3,1828.05,1510.75,1485.88,467.4319999999999,1728.0,10.0,15.0,5.0,11.0,1.6,10.0,3.0,5.0,2.0,4.2,0.64,4.0,107.0,139.0,32.0,126.6,9.919999999999998,124.0,1.91,2.2,0.2900000000000002,2.082,0.1376000000000001,1.91,0.0,2.0,2.0,1.2,0.96,0.0,0.0,3.0,3.0,0.6,0.96,0.0,0.0,10.0,10.0,7.2,2.88,8.0,0.0,0.0,0.0,0.0,0.0,0.0,5.0,10.0,5.0,9.0,1.6,10.0,0.0,0.0,0.0,0.0,0.0,0.0,0.0,3.0,3.0,0.6,0.96,0.0,0.0,2.0,2.0,0.8,0.96,0.0,0.0,0.0,0.0,0.0,0.0,0.0,0.0,3.0,3.0,1.4,1.12,0.0,10.32,22.5702380952,12.2502380952,14.40604761904,3.268838095232,10.32,0.0,1.625,1.625,0.325,0.52,0.0,0.0,0.5953947,0.5953947,0.23815788,0.285789456,0.0,2.0,225.0,223.0,180.4,71.36,225.0
Ni42 Pd31 S27,16.0,46.0,30.0,30.34,9.7092,28.0,61.0,88.0,27.0,68.6,10.476,61.0,32.065,106.42,74.355,66.29897799999999,24.87503364,58.6934,388.36,1828.05,1439.69,1397.3127,544.834458,1728.0,10.0,16.0,6.0,11.62,2.3652,10.0,3.0,5.0,2.0,4.04,0.5952,4.0,105.0,139.0,34.0,123.52,10.000800000000002,124.0,1.91,2.58,0.6700000000000002,2.1808,0.2274720000000001,1.91,0.0,2.0,2.0,1.38,0.8556,2.0,0.0,4.0,4.0,1.08,1.5768,0.0,0.0,10.0,10.0,6.46,3.4884000000000004,8.0,0.0,0.0,0.0,0.0,0.0,0.0,6.0,10.0,4.0,8.92,1.5768,10.0,0.0,0.0,0.0,0.0,0.0,0.0,0.0,2.0,2.0,0.54,0.7884,0.0,0.0,2.0,2.0,0.84,0.9744,2.0,0.0,0.0,0.0,0.0,0.0,0.0,0.0,2.0,2.0,1.38,0.8556,2.0,10.32,25.786875,15.466874999999998,15.76395625,5.412376125,10.32,0.0,2.202,2.202,0.59454,0.8680284,0.0,0.0,0.5953947,0.5953947,0.250065774,0.29007629784,0.5953947,70.0,225.0,155.0,183.15,61.101000000000006,225.0
Ni59 Si2 Sn3 Ti16 Zr20,14.0,50.0,36.0,29.82,5.282800000000001,28.0,43.0,80.0,37.0,55.63,8.693599999999998,61.0,28.0855,118.71,90.6245,64.655636,13.870607440000004,58.6934,505.08,2128.0,1622.92,1804.5724,173.027872,1728.0,4.0,14.0,10.0,8.04,2.9088,10.0,3.0,5.0,2.0,4.21,0.3633999999999999,4.0,111.0,175.0,64.0,140.15,20.292,124.0,1.33,1.96,0.6299999999999999,1.7360999999999998,0.2251919999999999,1.91,2.0,2.0,0.0,2.0,0.0,2.0,0.0,2.0,2.0,0.1,0.19,0.0,0.0,10.0,10.0,5.74,2.9224,8.0,0.0,0.0,0.0,0.0,0.0,0.0,4.0,14.0,10.0,7.84,2.9184,10.0,0.0,0.0,0.0,0.0,0.0,0.0,0.0,4.0,4.0,0.2,0.38,0.0,0.0,8.0,8.0,4.06,2.8368,2.0,0.0,0.0,0.0,0.0,0.0,0.0,2.0,8.0,6.0,4.26,2.6928,2.0,10.32,33.285,22.965,14.805549999999998,5.292949000000001,10.32,0.0,0.773,0.773,0.01546,0.0303016,0.0,0.0,0.5953947,0.5953947,0.3512864783333334,0.2880477015666667,0.5953947,141.0,227.0,86.0,211.36,16.720799999999997,225.0
Ni59 Si5 Ti16 Zr20,14.0,40.0,26.0,28.74,4.504,28.0,43.0,78.0,35.0,55.57,8.6504,61.0,28.0855,91.224,63.13850000000001,61.936901,11.714839600000005,58.6934,1687.0,2128.0,441.0,1840.03,147.4984,1728.0,4.0,14.0,10.0,8.04,2.9088,10.0,3.0,5.0,2.0,4.15,0.3400000000000002,4.0,111.0,175.0,64.0,139.31,20.8968,124.0,1.33,1.91,0.5799999999999998,1.7342999999999995,0.223896,1.91,2.0,2.0,0.0,2.0,0.0,2.0,0.0,2.0,2.0,0.1,0.19,0.0,0.0,8.0,8.0,5.44,3.0208,8.0,0.0,0.0,0.0,0.0,0.0,0.0,4.0,10.0,6.0,7.54,2.9028,10.0,0.0,0.0,0.0,0.0,0.0,0.0,0.0,4.0,4.0,0.2,0.38,0.0,0.0,8.0,8.0,4.06,2.8368,2.0,0.0,0.0,0.0,0.0,0.0,0.0,2.0,8.0,6.0,4.26,2.6928,2.0,10.32,23.195,12.875,14.4202,4.838235999999999,10.32,0.0,0.773,0.773,0.03865,0.073435,0.0,0.0,0.5953947,0.5953947,0.3512864783333334,0.2880477015666667,0.5953947,194.0,227.0,33.0,213.94,14.3568,225.0
Ni59 Sn5 Ti16 Zr20,22.0,50.0,28.0,30.54,5.73,28.0,43.0,80.0,37.0,55.67,8.7224,61.0,47.867,118.71,70.84299999999999,66.468126,15.126537000000004,58.6934,505.08,2128.0,1622.92,1780.934,190.04752,1728.0,4.0,14.0,10.0,8.04,2.9088,10.0,4.0,5.0,1.0,4.25,0.375,4.0,124.0,175.0,51.0,140.71,19.8888,124.0,1.33,1.96,0.6299999999999999,1.7372999999999998,0.2260559999999999,1.91,2.0,2.0,0.0,2.0,0.0,2.0,0.0,2.0,2.0,0.1,0.19,0.0,2.0,10.0,8.0,5.94,2.8368,8.0,0.0,0.0,0.0,0.0,0.0,0.0,4.0,14.0,10.0,8.04,2.9088,10.0,0.0,0.0,0.0,0.0,0.0,0.0,0.0,4.0,4.0,0.2,0.38,0.0,0.0,8.0,8.0,4.06,2.8368,2.0,0.0,0.0,0.0,0.0,0.0,0.0,2.0,8.0,6.0,4.26,2.6928,2.0,10.32,33.285,22.965,15.062449999999998,5.596091,10.32,0.0,0.0,0.0,0.0,0.0,0.0,0.0,0.5953947,0.5953947,0.3512864783333334,0.2880477015666667,0.5953947,141.0,225.0,84.0,209.64,18.124800000000004,225.0
Ni64 P20 Pd16,15.0,46.0,31.0,28.28,5.670400000000001,28.0,61.0,83.0,22.0,65.56,6.976000000000002,61.0,30.973762,106.42,75.446238,60.7857284,14.602966912,58.6934,317.3,1828.05,1510.75,1461.868,457.8272,1728.0,10.0,15.0,5.0,11.0,1.6,10.0,3.0,5.0,2.0,3.96,0.384,4.0,107.0,139.0,32.0,123.0,6.4,124.0,1.91,2.2,0.2900000000000002,2.0124,0.131072,1.91,0.0,2.0,2.0,1.68,0.5376000000000001,2.0,0.0,3.0,3.0,0.6,0.96,0.0,0.0,10.0,10.0,6.72,2.688,8.0,0.0,0.0,0.0,0.0,0.0,0.0,5.0,10.0,5.0,9.0,1.6,10.0,0.0,0.0,0.0,0.0,0.0,0.0,0.0,3.0,3.0,0.6,0.96,0.0,0.0,2.0,2.0,1.28,0.9216,2.0,0.0,0.0,0.0,0.0,0.0,0.0,0.0,3.0,3.0,1.88,0.6016000000000001,2.0,10.32,22.5702380952,12.2502380952,13.42444761904,3.9736929523712,10.32,0.0,1.625,1.625,0.325,0.52,0.0,0.0,0.5953947,0.5953947,0.381052608,0.27435787776,0.5953947,2.0,225.0,223.0,180.4,71.36,225.0
Ni80 P20,15.0,28.0,13.0,25.4,4.160000000000001,28.0,61.0,83.0,22.0,65.4,7.040000000000004,61.0,30.973762,58.6934,27.719638,53.14947239999999,8.87028416,58.6934,317.3,1728.0,1410.7,1445.86,451.4240000000001,1728.0,10.0,15.0,5.0,11.0,1.6,10.0,3.0,4.0,1.0,3.8,0.3200000000000001,4.0,107.0,124.0,17.0,120.6,5.440000000000003,124.0,1.91,2.19,0.28,1.966,0.0895999999999999,1.91,2.0,2.0,0.0,2.0,0.0,2.0,0.0,3.0,3.0,0.6,0.96,0.0,0.0,8.0,8.0,6.4,2.56,8.0,0.0,0.0,0.0,0.0,0.0,0.0,5.0,10.0,5.0,9.0,1.6,10.0,0.0,0.0,0.0,0.0,0.0,0.0,0.0,3.0,3.0,0.6,0.96,0.0,0.0,2.0,2.0,1.6,0.6399999999999999,2.0,0.0,0.0,0.0,0.0,0.0,0.0,2.0,3.0,1.0,2.2,0.3200000000000001,2.0,10.32,22.5702380952,12.2502380952,12.77004761904,3.920076190464001,10.32,0.0,1.625,1.625,0.325,0.52,0.0,0.0,0.5953947,0.5953947,0.47631576,0.190526304,0.5953947,2.0,225.0,223.0,180.4,71.36,225.0
